{"type": "FeatureCollection", "features": [{"type": "Feature", "properties": {"OBJECTID": 21437262, "LAYER_ID": 2612672, "GROUP_ID": 254011, "SCENARIO": "", "DEFQ": 0, "PLAN_NAME": "", "DATA_DATE": null, "MAVAT_CODE": 21050, "MAVAT_NAME": "גבול מרחב תכנון", "NAME": "", "LABEL": "", "TYPE_CODE": 0, "TYPE_NAME": "", "SOURCE_COD": 0, "PL_CHANGE": "", "PLACE_NO": 0, "ADDRESS": "", "LENGTH": 0.0, "WIDTH": 0.0, "REMARKS": "", "DATE_DEC": "", "STATUS": "", "STAGE": "", "AGAM_ID": 99000310859.0, "SHAPE_LEN": 1311.04972643}, "geometry": {"type": "LineString", "coordinates": [[34.82762969761778, 32.026722458731896], [34.82746387731558, 32.02681570794161], [34.82738045112194, 32.02687431678262], [34.8275781324343, 32.02713269751033], [34.82795087891321, 32.02767159615768], [34.828278032478174, 32.028148421616194], [34.82849461825587, 32.02856136014901], [34.82877569572513, 32.0292117228125], [34.82885366258782, 32.02942868439499], [34.828912823855696, 32.029669283871975], [34.82904489016764, 32.03028751069039], [34.829091549878676, 32.03086574534045], [34.8291479238878, 32.03242467654715], [34.82920734480806, 32.03345637712245], [34.82925150578874, 32.03410639269917], [34.82927962012231, 32.034443233775235], [34.829317718561484, 32.03474245608915], [34.82940466592883, 32.03534049217967], [34.82949838803152, 32.03609792068216], [34.82972536919618, 32.03697085167791], [34.829898000506184, 32.03806965677483]]}}, {"type": "Feature", "properties": {"OBJECTID": 21437263, "LAYER_ID": 2612672, "GROUP_ID": 254011, "SCENARIO": "", "DEFQ": 0, "PLAN_NAME": "", "DATA_DATE": null, "MAVAT_CODE": 21050, "MAVAT_NAME": "גבול מרחב תכנון", "NAME": "", "LABEL": "", "TYPE_CODE": 0, "TYPE_NAME": "", "SOURCE_COD": 0, "PL_CHANGE": "", "PLACE_NO": 0, "ADDRESS": "", "LENGTH": 0.0, "WIDTH": 0.0, "REMARKS": "", "DATE_DEC": "", "STATUS": "", "STAGE": "", "AGAM_ID": 99000310859.0, "SHAPE_LEN": 7573.07130068}, "geometry": {"type": "LineString", "coordinates": [[34.81478173536457, 32.009947086736545], [34.8144672043937, 32.00959027413933], [34.81398032964504, 32.00905051651637], [34.81336854305501, 32.008370592654686], [34.81271622952961, 32.00765615906324], [34.812620791009074, 32.00754539397396], [34.81176473304868, 32.00659696246575], [34.8111207682196, 32.004953693089554], [34.81097262444533, 32.004528305920374], [34.810973990955, 32.00448042460542], [34.810738592177415, 32.00384392575195], [34.810466670666194, 32.00303822558319], [34.8103957630513, 32.00286549107724], [34.81038793682499, 32.002814785675284], [34.80951124334266, 32.00025167175585], [34.80948897350266, 32.000160699197494], [34.8092854810661, 31.999689957255754], [34.80738573603841, 31.99428052943508], [34.801418666357485, 31.99547860909762], [34.79997058605267, 31.99596890995066], [34.799811974052176, 31.995098708187115], [34.7998038406656, 31.99499894314281], [34.79929330705395, 31.99419408066897], [34.799007967265595, 31.99382117673453], [34.79896217783208, 31.993020682524996], [34.798604538834326, 31.9919813865563], [34.798022006635584, 31.991529163086177], [34.79761037454639, 31.99107586174272], [34.797229389902505, 31.99044049354106], [34.79634141761837, 31.98871466053413], [34.7950776532351, 31.988769746554592], [34.79412079746382, 31.988771799176526], [34.79257781057298, 31.9887548975186], [34.79189896049072, 31.988910507867452], [34.791098783039686, 31.989033615380805], [34.79053893338999, 31.9891507383689], [34.789019596121584, 31.989331725584535], [34.78705207963951, 31.989595810345374], [34.78417302656184, 31.99031063520537], [34.78101893921715, 31.990743656525453], [34.77954826984143, 31.990917478111648], [34.778331238186695, 31.9914555596732], [34.77589698706884, 31.992450615101834], [34.773553988553324, 31.9933354628612], [34.769733453347435, 31.994612546873153], [34.76496841513009, 31.996701292897825], [34.76176714284931, 31.99283822426461], [34.76124032524346, 31.993115492326503], [34.761094567508735, 31.993587345314406], [34.75949170583254, 31.994384877095275], [34.759302655439754, 31.994506497948123], [34.758502063215964, 31.994901742653376]]}}, {"type": "Feature", "properties": {"OBJECTID": 21437264, "LAYER_ID": 2612672, "GROUP_ID": 254011, "SCENARIO": "", "DEFQ": 0, "PLAN_NAME": "", "DATA_DATE": null, "MAVAT_CODE": 21050, "MAVAT_NAME": "גבול מרחב תכנון", "NAME": "", "LABEL": "", "TYPE_CODE": 0, "TYPE_NAME": "", "SOURCE_COD": 0, "PL_CHANGE": "", "PLACE_NO": 0, "ADDRESS": "", "LENGTH": 0.0, "WIDTH": 0.0, "REMARKS": "", "DATE_DEC": "", "STATUS": "", "STAGE": "", "AGAM_ID": 99000310859.0, "SHAPE_LEN": 4002.81272421}, "geometry": {"type": "LineString", "coordinates": [[34.77883644750939, 32.03826476336766], [34.778992433727666, 32.03817985092106], [34.77838754467132, 32.03724839407351], [34.77794331087962, 32.03662783604908], [34.77665224444814, 32.03477726747372], [34.77633020152095, 32.034411569157854], [34.774276217599, 32.030426552629855], [34.774455556339184, 32.02870193852111], [34.77489432110501, 32.02870567977232], [34.775111358489205, 32.02869965119091], [34.77580221119637, 32.02867213851212], [34.77616553611778, 32.02864513968968], [34.77665087991756, 32.02853459443613], [34.77717186503098, 32.028294038501734], [34.77804500247338, 32.02815151743689], [34.778547611305264, 32.028083948396656], [34.7788575899951, 32.02805504928719], [34.78034149545907, 32.02784872941946], [34.78096967098958, 32.02770708227756], [34.781365401977816, 32.027583865085965], [34.78214665229362, 32.027255059107056], [34.78250930175743, 32.027119824431416], [34.78263425221287, 32.02706441893415], [34.782722968578504, 32.027016828635624], [34.78293272835248, 32.02684221697445], [34.783255349410965, 32.02633945592039], [34.783308903612514, 32.026248281866906], [34.783325870317675, 32.026195943908704], [34.783379245562884, 32.02609809603524], [34.78371307916066, 32.025503387757794], [34.78436304278084, 32.02438623382421], [34.78458310575766, 32.023992968006084], [34.784780259998435, 32.02363182016818], [34.784871438716195, 32.023414518506264], [34.78491987341062, 32.02337806585741], [34.785479734229334, 32.02318999818127], [34.786367258792076, 32.022873330205165], [34.786854600577975, 32.02270918545094], [34.78875126929272, 32.02202445943694], [34.78922946135304, 32.02186875238637], [34.78969338012598, 32.02267340956364], [34.78985163976053, 32.02292931556658], [34.79048453002041, 32.02405799603718], [34.79096997553268, 32.024882467958776], [34.79128626011202, 32.025473633627065], [34.79139728876986, 32.02571188894552], [34.79161355892263, 32.02653656351989], [34.79232125423368, 32.02936265647922], [34.79283870366955, 32.03135627161381]]}}, {"type": "Feature", "properties": {"OBJECTID": 21437265, "LAYER_ID": 2612672, "GROUP_ID": 254011, "SCENARIO": "", "DEFQ": 0, "PLAN_NAME": "", "DATA_DATE": null, "MAVAT_CODE": 21050, "MAVAT_NAME": "גבול מרחב תכנון", "NAME": "", "LABEL": "", "TYPE_CODE": 0, "TYPE_NAME": "", "SOURCE_COD": 0, "PL_CHANGE": "", "PLACE_NO": 0, "ADDRESS": "", "LENGTH": 0.0, "WIDTH": 0.0, "REMARKS": "", "DATE_DEC": "", "STATUS": "", "STAGE": "", "AGAM_ID": 99000310859.0, "SHAPE_LEN": 1542.61496554}, "geometry": {"type": "LineString", "coordinates": [[34.821317282673796, 32.001258366059766], [34.82363695658371, 31.99761352275898], [34.823930212103626, 31.99719840154187], [34.82800913942171, 31.99193674027747], [34.828470083929744, 31.991285472445878], [34.82976699956905, 31.989367638775597]]}}, {"type": "Feature", "properties": {"OBJECTID": 21437266, "LAYER_ID": 2612672, "GROUP_ID": 254011, "SCENARIO": "", "DEFQ": 0, "PLAN_NAME": "", "DATA_DATE": null, "MAVAT_CODE": 21050, "MAVAT_NAME": "גבול מרחב תכנון", "NAME": "", "LABEL": "", "TYPE_CODE": 0, "TYPE_NAME": "", "SOURCE_COD": 0, "PL_CHANGE": "", "PLACE_NO": 0, "ADDRESS": "", "LENGTH": 0.0, "WIDTH": 0.0, "REMARKS": "", "DATE_DEC": "", "STATUS": "", "STAGE": "", "AGAM_ID": 99000310859.0, "SHAPE_LEN": 26537.0144176}, "geometry": {"type": "LineString", "coordinates": [[34.800179470940684, 32.08158094737042], [34.80024327311771, 32.08142775720304], [34.80097841451672, 32.0817992017927], [34.801378628942416, 32.081570429197356], [34.80138573912727, 32.081132813764455], [34.801711534744044, 32.08113520251389], [34.80161286940477, 32.080543946818395], [34.80153471716599, 32.080540452055004], [34.80158222716581, 32.08014066022731], [34.80140574217467, 32.08012197300527], [34.80142292323637, 32.07890975360672], [34.80500740475477, 32.079211658639], [34.80500078573654, 32.079296676350374], [34.80504585669647, 32.07930809076698], [34.80498662387998, 32.07972804762941], [34.80797825881932, 32.07994755920335], [34.80852797420967, 32.07994666289569], [34.808897349498324, 32.07978946229107], [34.80905508881526, 32.07973359275735], [34.81136759816905, 32.07945654289279], [34.811425726756006, 32.079460691100984], [34.81187519623792, 32.07954531921321], [34.812064829909275, 32.07993214283353], [34.812239403391125, 32.07990175198788], [34.81257064604592, 32.07986823804985], [34.81319609950701, 32.07802520076207], [34.81353315360893, 32.07806754244995], [34.813975579733814, 32.07823718059514], [34.814936975185674, 32.07858723776064], [34.81568477788225, 32.07887882816632], [34.815931949533535, 32.07896218979943], [34.81654030097309, 32.079195993906644], [34.81747096334117, 32.07952916462064], [34.81765628634825, 32.07961161249528], [34.81791299834493, 32.0796949999771], [34.81846857865203, 32.07991068777248], [34.81867990971124, 32.079980769126706], [34.81997927040884, 32.080469970669576], [34.819673886593286, 32.079463187761064], [34.8195742885303, 32.07893031772626], [34.82065849013256, 32.07888064168531], [34.82060721607388, 32.07807298304181], [34.81931506383732, 32.078149444405106], [34.81903469973162, 32.07733735139132], [34.818969051675126, 32.076929001677065], [34.81871126528443, 32.07591848315681], [34.818248630280245, 32.073500908624446], [34.818256725575566, 32.07341490274672], [34.81832333196453, 32.07303887908951], [34.81835806859872, 32.072913816444206], [34.81816803047153, 32.07163765498636], [34.81745204473955, 32.070215782312395], [34.81706953765114, 32.069028668979584], [34.81688523463766, 32.068482972974124], [34.81621991176998, 32.06661035229636], [34.815492765647186, 32.06561470980865], [34.81502950793356, 32.06500097161431], [34.81490651447258, 32.06471138923997], [34.81502566614198, 32.06468298817131], [34.81638705471305, 32.06429524466531], [34.816864663618944, 32.064144483519215], [34.817222763733284, 32.064005800305296], [34.817521857289876, 32.06387180600399], [34.81788214572003, 32.063690111959886], [34.818199557817685, 32.063506212298485], [34.81839100733125, 32.06338316022273], [34.81863178184511, 32.06321625002441], [34.81886508015195, 32.06303786422701], [34.81922898774904, 32.0627251472601], [34.81943262508388, 32.062523674158754], [34.819646018882274, 32.06229346367761], [34.818999054165246, 32.06040873688561], [34.81881563629607, 32.06036205081173], [34.81895575573147, 32.059962831327866], [34.818832388451085, 32.059928931185325], [34.81878277887028, 32.0597861134352], [34.81863996504713, 32.059751951895635], [34.81880286559408, 32.05931489792741], [34.81860292223784, 32.059267756731046], [34.81854735169475, 32.059110766340346], [34.81768973476224, 32.05890606082523], [34.81696673783376, 32.058720789330266], [34.816466611174846, 32.058618529629726], [34.815900064423595, 32.05852354891391], [34.8152771635042, 32.05845797168564], [34.814658487736686, 32.05841999922691], [34.81434295200505, 32.05841370837656], [34.813716028992474, 32.05842341055647], [34.8130943699323, 32.05846459828867], [34.81277126519515, 32.05849561447951], [34.81172638945676, 32.05861524382791], [34.81155437703982, 32.05776978403326], [34.81118264618084, 32.056567985366705], [34.81096059684491, 32.05597400914939], [34.810821832240386, 32.0557628279138], [34.810531891571905, 32.05527198348977], [34.81032067073892, 32.054943886239116], [34.8107677846877, 32.05463541972935], [34.81100803458846, 32.05445027542417], [34.81153411850712, 32.05401105133392], [34.811898866968825, 32.05367175455248], [34.812165257792486, 32.0534036645018], [34.812467132668736, 32.053057408027996], [34.81287154708751, 32.05255203063411], [34.813126939947445, 32.052189630690165], [34.81350935222562, 32.051543359622016], [34.813684343903844, 32.05120293116274], [34.81375602308337, 32.05102955690923], [34.813815029253384, 32.05084829800941], [34.81385803968525, 32.05066867791057], [34.813883582324, 32.05048779197349], [34.81389674155046, 32.05030684258555], [34.81394996823561, 32.04831945392968], [34.81393037831428, 32.04774585318255], [34.81384387305398, 32.047023610809916], [34.81367852820016, 32.04626622598304], [34.8132581377694, 32.04468570792389], [34.81325628645478, 32.044672464283764], [34.813455775515216, 32.04464339260872], [34.81382910237093, 32.04459085718102], [34.81562161474381, 32.044337039631344], [34.81591797867859, 32.04425859032452], [34.81774093374176, 32.04365969000744], [34.8179163556825, 32.043586908949834], [34.818364529504706, 32.0433592188887], [34.81851468448027, 32.04325263304208], [34.81872284925717, 32.04312295705849], [34.81892364630933, 32.04303392930016], [34.820280842058764, 32.042327524644186], [34.82108813956039, 32.04181711674856], [34.823889205633336, 32.03995649429511], [34.82412844228855, 32.03973392746542], [34.825216242897014, 32.039272618135506], [34.826335102055175, 32.03883635211452], [34.82918425922396, 32.03816534671567], [34.82937197862548, 32.038109629572865], [34.829794691308635, 32.038093007779565], [34.829898000506184, 32.03806965677483], [34.830395605219465, 32.03795718022396], [34.83148299850405, 32.03773397079119], [34.83256192575844, 32.037523190127544], [34.83292549518742, 32.03743580722724], [34.83349663072776, 32.03734113880636], [34.83356766571404, 32.03732503511274], [34.83373281105228, 32.03729795328079], [34.83411628577038, 32.03721263307874], [34.83465839170305, 32.03710651353761], [34.83488065494842, 32.037062392552166], [34.83529005579349, 32.0369889704909], [34.83583440077691, 32.036947983830885], [34.83634966178943, 32.03695081855078], [34.836687936025186, 32.03695179996872], [34.83772659430667, 32.036953841190815], [34.83843738043669, 32.03695799000944], [34.838503718715344, 32.03695761895687], [34.839533588148875, 32.0369645291687], [34.84031863093947, 32.036965682104956], [34.84083292994542, 32.0369682398698], [34.84104775717428, 32.03693621066621], [34.84116120722972, 32.036919040817146], [34.842295937813915, 32.03674814950012], [34.84236193732815, 32.036737606534516], [34.842909696869626, 32.03665629420243], [34.8431590548715, 32.03661985086821], [34.84359177135052, 32.036556784749486], [34.8436402404812, 32.03655126825767], [34.84366908712651, 32.03654798675952], [34.84442382846076, 32.0364368659919], [34.845045419521206, 32.036344481533796], [34.84508864145634, 32.036337840542245], [34.84583575282674, 32.03622786211113], [34.84588332519496, 32.03817362245255], [34.845490007472414, 32.03823112651384], [34.84565199224901, 32.03882785255008], [34.84583475906597, 32.03879175664083], [34.8459010785084, 32.03954043498385], [34.844747987077014, 32.03977046410747], [34.84572849471979, 32.041716340939914], [34.845790778911, 32.041844932747196], [34.84706567888048, 32.041607031552125], [34.847184868656974, 32.04204996894323], [34.847843469975714, 32.04192376765684], [34.848102885963684, 32.04287336618726], [34.848936862282045, 32.04270959645721], [34.849584731893444, 32.04514661990732], [34.849619387260155, 32.04513733844122], [34.84974038656447, 32.04582926389786], [34.85040379216089, 32.04569891444457], [34.85056374555056, 32.04628596831474], [34.850543246415086, 32.04632794554154], [34.85005823315633, 32.048302514206064], [34.85102955283563, 32.04847665666264], [34.850836493429085, 32.04928511886741], [34.850323672737154, 32.049871206667454], [34.853631512201346, 32.051812986478176], [34.8535069869286, 32.05196717159206], [34.85279833070673, 32.05337038442567], [34.85186725229221, 32.05508625768925], [34.846711121025905, 32.06201941086218], [34.84637942818352, 32.06202496700924], [34.8458580657399, 32.06203368356061], [34.84576173788828, 32.061697583432014], [34.84570272692146, 32.06146620926017], [34.8414596890224, 32.062351448393265], [34.84095202875783, 32.060585818624105], [34.8408874002896, 32.060364774914554], [34.84084486411757, 32.0602078381569], [34.8403927799359, 32.06029347746294], [34.83947286861496, 32.0604829069186], [34.83860004752631, 32.060660601464235], [34.838223314260425, 32.06073609782035], [34.837965073799914, 32.06078801589], [34.83788869186662, 32.060800673007336], [34.837616669439434, 32.060859195056096], [34.83733689549108, 32.06091487709601], [34.83726294092267, 32.060929985805025], [34.83700968201019, 32.06098109071447], [34.836646810812994, 32.06105429925969], [34.83683750755239, 32.06149192072514], [34.837128619477646, 32.06222097313727], [34.83746969123305, 32.06264430468746], [34.83795017742366, 32.063252150205116], [34.8380513370649, 32.06337884823479], [34.838203074946705, 32.06357074478729], [34.83856978346, 32.064029304316115], [34.83891084959343, 32.06444877629877], [34.83907550391648, 32.06463012519776], [34.83931116096065, 32.06480112543151], [34.839541436114594, 32.06489898547538], [34.84217102736029, 32.06498384105265], [34.84236641669092, 32.064990118091096], [34.8426596004729, 32.06502640495506], [34.8427746240495, 32.06504173519231], [34.84290208183809, 32.065066425820504], [34.8432451201656, 32.065131841996426], [34.844374760047494, 32.06537701797401], [34.844374415984504, 32.06546484598279], [34.844513372102114, 32.06549852561025], [34.8446718836379, 32.06550740570591], [34.84485945063551, 32.06549021253629], [34.84504714997993, 32.065352040360565], [34.84495710986744, 32.0655764394192], [34.84492269563863, 32.06565732258787], [34.84501047182491, 32.065688412684814], [34.84493751975975, 32.06587654188226], [34.845293031787605, 32.06597502407466], [34.84513395810228, 32.066016463351396], [34.8451185407167, 32.06613618839745], [34.84545457723295, 32.068844230344695], [34.845442634051, 32.06897423531896], [34.84541575982026, 32.06912971830101], [34.84535272777906, 32.06924343609925], [34.84526034178561, 32.06936121856367], [34.84512162669475, 32.06949131498337], [34.84524869666848, 32.069414210968354], [34.84533440542452, 32.06943276047909], [34.84555666226432, 32.071269464692364], [34.84567668452055, 32.07125282380124], [34.84748021248758, 32.07086383308287], [34.84712857004813, 32.07014506462491], [34.84820548670226, 32.06975235941343], [34.848072657891116, 32.06949811322802], [34.85030907466655, 32.06935784035913], [34.85121379954419, 32.073194603399166], [34.84992687898068, 32.0736639999042], [34.849048762073764, 32.07402351975494], [34.847094567762696, 32.074876079326465], [34.846887775714784, 32.075026185014266], [34.84635706787956, 32.074125059670926], [34.84546535787004, 32.074272414715665], [34.84434487252795, 32.072663777355054], [34.84429299201447, 32.07257940240192], [34.84435289951173, 32.072561897873804], [34.84433914326863, 32.07250477521552], [34.84357119244017, 32.07272172612604], [34.84327427460017, 32.07282178362454], [34.843067253203316, 32.072889105828814], [34.842918290238025, 32.072418396617756], [34.842786625144306, 32.0721006806057], [34.84257395368513, 32.07164530021894], [34.84251302870362, 32.07157163002749], [34.842388134090285, 32.071390915025766], [34.84080407875376, 32.06908227962117], [34.83920847867117, 32.06964589258196], [34.83943868515324, 32.06998359645054], [34.835469120555416, 32.07119583347387], [34.83549620263965, 32.071282574307546], [34.83295813062606, 32.07188395974654], [34.832890681334085, 32.07189404258265], [34.8330866412201, 32.073079118990094], [34.8330963233649, 32.07391932084637], [34.83312312676143, 32.07487442060652], [34.83311091282267, 32.07493525568095], [34.832752791485234, 32.07489119087545], [34.83235744863264, 32.07598336140018], [34.82768801170767, 32.07542804097025], [34.827472152203285, 32.07705675335212], [34.827241849135895, 32.07773863286299], [34.82708354351426, 32.078322070476695], [34.82684730400749, 32.07913297752851], [34.82614850947415, 32.08146256023687], [34.825074875131286, 32.084728967017874], [34.82324378457199, 32.08485648547812], [34.82209570896783, 32.08492679269323], [34.82242411155216, 32.08677590853259], [34.82254054168651, 32.087612127133255], [34.82256597370187, 32.08786452395022], [34.822668200133954, 32.0878622170019], [34.82268171760267, 32.08947790106587], [34.82267792833193, 32.08985375477974], [34.822643485331376, 32.090774737255984], [34.82265650504627, 32.09090499469133], [34.82259617995491, 32.09145219814686], [34.82222382078535, 32.09336367627134], [34.822045756335825, 32.09417546917341], [34.82182112691665, 32.095127799608804], [34.821799719087345, 32.09530737081373], [34.8216762802873, 32.096024640208974], [34.82168654732619, 32.09602728623054], [34.82160481029452, 32.096727637544014], [34.82156965126507, 32.096724735797075], [34.821554763488784, 32.096992341060115], [34.82162726049944, 32.09701974036607], [34.821872209384644, 32.0970896653491], [34.82825748221649, 32.098899865551815], [34.828285539147984, 32.09945459842207], [34.82828643164232, 32.09986354686626], [34.82830323084844, 32.100116577013964], [34.828067843890466, 32.10205924609972], [34.82795644873454, 32.10308872219601], [34.827926123047355, 32.10357117468821], [34.82800297711507, 32.10456984617385], [34.82800931693503, 32.10477238105182], [34.82798578066503, 32.10498087609146], [34.8279158843158, 32.105234250523544]]}}, {"type": "Feature", "properties": {"OBJECTID": 21437267, "LAYER_ID": 2612672, "GROUP_ID": 254011, "SCENARIO": "", "DEFQ": 0, "PLAN_NAME": "", "DATA_DATE": null, "MAVAT_CODE": 21050, "MAVAT_NAME": "גבול מרחב תכנון", "NAME": "", "LABEL": "", "TYPE_CODE": 0, "TYPE_NAME": "", "SOURCE_COD": 0, "PL_CHANGE": "", "PLACE_NO": 0, "ADDRESS": "", "LENGTH": 0.0, "WIDTH": 0.0, "REMARKS": "", "DATE_DEC": "", "STATUS": "", "STAGE": "", "AGAM_ID": 99000310859.0, "SHAPE_LEN": 37417.3708938}, "geometry": {"type": "LineString", "coordinates": [[34.81512062974622, 32.00949329053336], [34.8176807879135, 32.00594329337391], [34.81808542755685, 32.00542887716197], [34.81807540193544, 32.005422083135876], [34.81837128175209, 32.00507461848851], [34.81839239823283, 32.00508649631527], [34.81978143627802, 32.00346359737603], [34.82107473568685, 32.001641907063046], [34.821317282673796, 32.001258366059766], [34.82145739284211, 32.00129815801859], [34.82190392857172, 32.0013595773262], [34.82419150010275, 32.00211146825216], [34.824427386760576, 32.002231966749406], [34.824634890470364, 32.002417258399184], [34.8253823182278, 32.003296270831406], [34.8263576268563, 32.00434096042452], [34.82675256616718, 32.004705731518506], [34.82698837929127, 32.00484661626833], [34.82728122246154, 32.00494434032896], [34.827529360708304, 32.00499860113963], [34.83059435348104, 32.00539249272633], [34.83200749109057, 32.005596963307504], [34.83342477351442, 32.00577885119299], [34.833952730392745, 32.00622920414324], [34.83393370060491, 32.00625106227777], [34.83449695162771, 32.00672317482002], [34.8346316801802, 32.006800942219485], [34.83500341985228, 32.007157695180936], [34.835298787409144, 32.007405456810574], [34.83557336791689, 32.007640048615805], [34.83572049630736, 32.00776858595924], [34.83581212523256, 32.007719552597635], [34.83713126514827, 32.006757943447894], [34.83748600898999, 32.006500874681166], [34.83829994064866, 32.00592211132097], [34.83630235912684, 32.00394267418166], [34.83630460846749, 32.003856468060704], [34.835792179408124, 32.00338054306553], [34.83525618463157, 32.002950178503404], [34.834930052053906, 32.00265127442069], [34.83488922181805, 32.0025942518787], [34.83573657319072, 32.00217539521324], [34.83619809002895, 32.00185740789528], [34.83644545447609, 32.00166008982705], [34.837051984018004, 32.001387068840316], [34.83727923783977, 32.00131104266518], [34.83628561861378, 31.999179943601707], [34.83585964519873, 31.999319568370634], [34.83562120862291, 31.998820630313414], [34.83555719208019, 31.99884470269486], [34.835392694407886, 31.99853986641497], [34.83506663582764, 31.998622334374], [34.83498626405786, 31.998503784097743], [34.834928921701774, 31.998499649209734], [34.834908249646844, 31.99853511999017], [34.833430830465915, 31.999064495049936], [34.833178387724296, 31.998473076855007], [34.83029640119574, 31.999068278061525], [34.830409236643696, 31.998175286450948], [34.830438286277726, 31.997536175240462], [34.83056408298797, 31.997281787034083], [34.83071023558936, 31.996835284745753], [34.830846699432215, 31.996219665978423], [34.83100032709316, 31.995677323711284], [34.83105070120354, 31.995206821628354], [34.83114581288333, 31.99474159140793], [34.83129991976362, 31.994341283838427], [34.83198834023236, 31.992308029083436], [34.83206568327633, 31.991838777803196], [34.83202885537824, 31.991787357191455], [34.832035273962106, 31.991743999336887], [34.83217304630652, 31.991245616720576], [34.83216611887001, 31.990944033642577], [34.83220475804424, 31.990598666515112], [34.83220436447057, 31.990434627449197], [34.832096257782524, 31.989037327668672], [34.83202292812133, 31.989063896371533], [34.83184208025959, 31.989197553853764], [34.83090242088295, 31.990147275536952], [34.82976699956905, 31.989367638775597], [34.83196999878334, 31.986136308658885], [34.83294098570041, 31.98480331326704], [34.83688272322512, 31.97899986739689], [34.83670245460716, 31.978889415351816], [34.83673356616174, 31.978834315097785], [34.83777807023531, 31.977415280912044], [34.83953474407335, 31.975416081601608], [34.839727980955914, 31.97505537388519], [34.840171933131934, 31.974137348416292], [34.84057777171518, 31.973438531119843], [34.84122674440669, 31.97246418522205], [34.84152046667054, 31.972481888933785], [34.84330436448578, 31.969968683605483], [34.84404321826791, 31.96923527023743], [34.8440235718574, 31.96921723389807], [34.846414228515954, 31.966826219852145], [34.84690088789797, 31.966270184623813], [34.847330067204254, 31.96572300391226], [34.84984331970744, 31.962204523433236], [34.850537983877096, 31.961268040784816], [34.850807550636524, 31.96095487263633], [34.85122363888641, 31.96107939796157], [34.85150728873408, 31.96076229952602], [34.850975591340834, 31.960442392354818], [34.85249280325169, 31.958776458613883], [34.85284970345561, 31.958191632650575], [34.85455927938585, 31.955207040777957], [34.855137876914306, 31.954168848464654], [34.85608707520984, 31.952349330781445], [34.85773199611991, 31.94909038525735], [34.85798615628671, 31.948610233961944], [34.858411497512776, 31.947919254653694], [34.85879735358648, 31.94734765616092], [34.85928461976003, 31.94678541286876], [34.86201751284802, 31.944031585210983], [34.863915697124924, 31.94168557775361], [34.86409852250944, 31.941693552910788], [34.86439238844537, 31.94173320799729], [34.86784316491588, 31.94235058037219], [34.86784471175972, 31.942361316065078], [34.86956070844603, 31.94266849941864], [34.870100417691255, 31.9427844402438], [34.87057471335298, 31.942909066474417], [34.87074762738639, 31.942968679645585], [34.87081843115807, 31.942984106237585], [34.87140292266396, 31.943260692393796], [34.8715479114457, 31.94338056239996], [34.871569077700464, 31.943376649903325], [34.871887878089446, 31.943571915335422], [34.872304636640415, 31.943849230482133], [34.873135447760525, 31.944452727616348], [34.87408005390832, 31.945237508777602], [34.87446958999998, 31.94582695278976], [34.87480037504704, 31.946727999045226], [34.87477590435456, 31.946767885692076], [34.874497744476905, 31.946886653296815], [34.87519729304702, 31.94818545235821], [34.875328139486655, 31.948508729742702], [34.87516389311081, 31.948506049503642], [34.87485961301402, 31.948592014371734], [34.87444765249879, 31.948680584613793], [34.874146829422564, 31.948804973951752], [34.873587504225405, 31.948960162519697], [34.87319879335486, 31.949053839393034], [34.872231479440664, 31.949250252184967], [34.87197799227582, 31.949327956177324], [34.87174289830032, 31.948900659559726], [34.870724336416096, 31.949062602372436], [34.87078399206281, 31.949237439654546], [34.87024175920833, 31.949314922371894], [34.86988062696727, 31.94865510922744], [34.869050306445516, 31.9487267775827], [34.869149535851825, 31.949420260823505], [34.86923596080596, 31.949737835841223], [34.86940342487945, 31.950224172887065], [34.869392474854315, 31.950357957959447], [34.869936163916414, 31.95151345157186], [34.87013775491443, 31.952070308704805], [34.870597830918484, 31.953218440178716], [34.87069947553251, 31.953423868969676], [34.87116574049434, 31.95426774406837], [34.87126126453427, 31.9544692785887], [34.87143230530764, 31.95473233405878], [34.8714373071884, 31.954781946681347], [34.87158345547667, 31.95499650951082], [34.871726024318434, 31.955235321456126], [34.87177958105884, 31.955371815258225], [34.87203538760763, 31.955800844422782], [34.87209655815132, 31.955879912818556], [34.87210038933938, 31.955961626746912], [34.873625411958706, 31.956328045687517], [34.87435145533161, 31.956446448576095], [34.87476413829985, 31.95767524353256], [34.87503033278565, 31.958548434418503], [34.874367223614286, 31.958603706900785], [34.87512818703505, 31.961836411841404], [34.87528555466211, 31.962410009236606], [34.87541745716248, 31.963035394336657], [34.87516094375393, 31.96309163349341], [34.87525352462463, 31.96350111412928], [34.875365120652695, 31.96385869972161], [34.875370662420316, 31.96396584892793], [34.87553054486816, 31.964487598361355], [34.876089580478066, 31.966044122851383], [34.87624205649354, 31.96639117198116], [34.87611119547522, 31.966480383119645], [34.87532505869506, 31.96678649532077], [34.875883715323255, 31.96814929626961], [34.87595092661549, 31.968312913992502], [34.87640706101074, 31.969222086856945], [34.87713967746306, 31.968496637790057], [34.87722895748381, 31.96839230522607], [34.87732064828922, 31.968290525061597], [34.877391808073284, 31.96821968941456], [34.877540947978204, 31.968068458180877], [34.877731042834334, 31.967879567882854], [34.87782012669742, 31.967789616320825], [34.877899903443875, 31.967713167872525], [34.877958643995434, 31.96764906680549], [34.878107772214214, 31.967499522993553], [34.87827000388819, 31.967337051387236], [34.8784423083826, 31.967157171998654], [34.87857148514346, 31.96701430036471], [34.87878650136178, 31.966788837536864], [34.87889968113456, 31.966660620160667], [34.879051663758446, 31.966498684332805], [34.87914907851511, 31.966387899391627], [34.87925845938413, 31.96626023503958], [34.8793672931977, 31.96614609576657], [34.879476134668, 31.96602970572954], [34.87960305276722, 31.965895321806975], [34.87974386865509, 31.965753560838266], [34.87985582251752, 31.965650225556608], [34.87995134846094, 31.96555972641564], [34.88003989841774, 31.965478223580522], [34.88009379052741, 31.965428761816135], [34.88038549827736, 31.96515502156019], [34.88044638747809, 31.965090358360637], [34.880543079786314, 31.96499760721759], [34.88061805984722, 31.964920578391947], [34.88071245494721, 31.964829920531507], [34.880850874544755, 31.964970630473065], [34.8807079943197, 31.96512928425353], [34.880556540625015, 31.965288972240767], [34.8806562116019, 31.965371179562432], [34.88074390455778, 31.96545074400233], [34.88086735506036, 31.965558568342026], [34.881077419635595, 31.965738826625998], [34.881189733444394, 31.965837348815235], [34.88125934083245, 31.96590011148449], [34.88135379426361, 31.965999615676154], [34.881477323246926, 31.966128967669754], [34.88159264852553, 31.966253376794903], [34.88176746013089, 31.9664287160063], [34.88183285153556, 31.966492758943144], [34.88190891893256, 31.96656910442093], [34.88208316055943, 31.9667425136354], [34.88219651838015, 31.966853900876327], [34.88226237346344, 31.966892026626788], [34.8823267631289, 31.96692693854992], [34.88236525840053, 31.966909000046442], [34.88251763705225, 31.967058881034447], [34.882663760746794, 31.967197489394525], [34.88286129421425, 31.967388276638182], [34.883058927833076, 31.96757295908233], [34.88320060439614, 31.967704707234258], [34.88333401301409, 31.967833415244826], [34.88339526056812, 31.967890589769667], [34.883455564316364, 31.967947180618484], [34.88353916948687, 31.96802515691629], [34.88359735543192, 31.968079185133263], [34.8836518084097, 31.96812995747393], [34.88372016430385, 31.968194125824873], [34.883774410216944, 31.968242466405886], [34.88390897840526, 31.968363661340774], [34.88394011898683, 31.968392173546526], [34.88407511647068, 31.96850867976204], [34.88412977214215, 31.96856092591655], [34.8843547662837, 31.968766965049298], [34.88449635087113, 31.968896323796923], [34.884563168851926, 31.968850914614162], [34.884695399590555, 31.968745559429443], [34.88492089743682, 31.968639602156596], [34.885146792272394, 31.968515608780514], [34.88533080765836, 31.96839372850946], [34.88538300925757, 31.9683211850353], [34.88567671426618, 31.968329251029996], [34.88580576501109, 31.96839044699299], [34.88626396013949, 31.968535320604172], [34.886524992954065, 31.96862277511581], [34.88720941630423, 31.968835283001475], [34.88744066532407, 31.968884334379077], [34.8876337278333, 31.968975690040963], [34.88767004293376, 31.969041664792144], [34.887686336909304, 31.969044699175306], [34.887692011391145, 31.969048412728117], [34.88773100896287, 31.96905301905177], [34.88809294226943, 31.96912043132126], [34.888529569987746, 31.969194788748442], [34.88902554390028, 31.969316640281026], [34.889515650502865, 31.969475154240012], [34.88978973064707, 31.9695560387683], [34.88999694733259, 31.969611204986936], [34.89022059590292, 31.969670744407033], [34.89076691687203, 31.96981413005223], [34.89135641652176, 31.96998764800562], [34.89140804583157, 31.970026509986383], [34.89225182778269, 31.970224009195707], [34.892756026708184, 31.97031912590195], [34.893007005719376, 31.97040099477055], [34.89327443774069, 31.970466580791975], [34.893559937991675, 31.970532024406243], [34.893770387436525, 31.970561763527698], [34.894001052335184, 31.970581807111987], [34.89407796311896, 31.970615858076908], [34.89463184328912, 31.970676392534674], [34.895067483598766, 31.97070338018197], [34.89523521185599, 31.970714323793025], [34.89525618364441, 31.97071569146104], [34.895715268284206, 31.970745644607504], [34.89570468903396, 31.97076534701189], [34.8956998900809, 31.970768446308714], [34.8956129472591, 31.970813002716515], [34.89556068388773, 31.970947421839647], [34.89556064349552, 31.970947526305995], [34.89799217193699, 31.971406557310527], [34.8980417513603, 31.971322988929447], [34.898099031112444, 31.971117965851047], [34.89820316758519, 31.970915851373675], [34.89839640425943, 31.970642709095536], [34.89858801644688, 31.970316806461476], [34.898865173088275, 31.969938173387174], [34.89933389365303, 31.96943933813878], [34.89960857188928, 31.969169455444145], [34.89969293378747, 31.969059186447993], [34.900125712993535, 31.96867695594757], [34.90031612269159, 31.968552331406784], [34.90036057277644, 31.96865904762778], [34.90042631729478, 31.968816884499542], [34.9004132831937, 31.968851805531923], [34.900637182695704, 31.96937708226903], [34.900956524682414, 31.970271808531077], [34.90113930526433, 31.970955906040956], [34.90118086792465, 31.971209939907652], [34.90122250488028, 31.971464419196618], [34.90125452618984, 31.971660132540833], [34.90127653362554, 31.972055378888843], [34.901409371298115, 31.97444086579525], [34.9016549516569, 31.97979419659171], [34.90168964936758, 31.980583596959793], [34.90097487557329, 31.981010203254026], [34.900119053421925, 31.98165624639745], [34.898166419758915, 31.982852887856254], [34.89651078487434, 31.984018606392933], [34.89632503732791, 31.98406557752232], [34.89509446308904, 31.98489154083823], [34.894462285089716, 31.98523775301498], [34.893811912157794, 31.9854732696136], [34.8923993747841, 31.986070473838268], [34.889604877315534, 31.987060573312416], [34.88812153483993, 31.9877385000888], [34.88787256423869, 31.987829683084094], [34.887634554707894, 31.98796408972964], [34.887330484174576, 31.988230715294062], [34.8865378160076, 31.98903747160582], [34.885757898065435, 31.989671288164065], [34.88467150530379, 31.99077170985386], [34.88364895472233, 31.991887962014896], [34.883509855526135, 31.99191876070335], [34.882249387738156, 31.993103355156293], [34.881732532015874, 31.99362905635303], [34.88115413859479, 31.9941088770788], [34.88052975193613, 31.994545291228256], [34.87985326616545, 31.994931338490655], [34.87914727247869, 31.99525075330396], [34.878383911182354, 31.9955125719223], [34.877594527604465, 31.995710651609567], [34.87676917289846, 31.99584550719641], [34.875830656376515, 31.99590277982076], [34.8754101009272, 31.995968513551702], [34.87406457972978, 31.995923460811465], [34.873110630084014, 31.99572112169387], [34.87232132288024, 31.99550100412687], [34.871575960387844, 31.99526853770182], [34.870882150048416, 31.994942750367358], [34.87018970562726, 31.9944593205961], [34.86809158405949, 31.993157773713758], [34.86776093172407, 31.993555621935027], [34.867378043597064, 31.99423368887723], [34.866454771873684, 31.996265221857453], [34.86432597171384, 32.00083231422227], [34.86324832089915, 32.0027931643219], [34.86103352832521, 32.00776288010437], [34.86078790383597, 32.00812762456466], [34.86065915831309, 32.00825452034293], [34.86051409189168, 32.00835828514095], [34.86006577086305, 32.00855781010991], [34.85939981460683, 32.00882257315055], [34.85832563194996, 32.0091753177173], [34.857529925632576, 32.009380017677884], [34.85380637148733, 32.00954654336362], [34.850365196867344, 32.00920389778604], [34.84999066264264, 32.01071472070263], [34.845921067131684, 32.01008147809496], [34.845795615530506, 32.01104338408778], [34.849809653402794, 32.011632025700834], [34.84938784946028, 32.01356109277261], [34.85147317004405, 32.01385559065065], [34.85155157210843, 32.01428899031249], [34.85150679847468, 32.014629357993684], [34.85142739314004, 32.01493261823905], [34.851322075603186, 32.015191396081406], [34.85108612871931, 32.01550902591149], [34.85068465878079, 32.01591501698683], [34.85149013308882, 32.01670927332271], [34.851708214104114, 32.01651742845187], [34.85182205547777, 32.01630308807721], [34.85212740949166, 32.01602265964015], [34.85238057438907, 32.015749487552725], [34.8524858587238, 32.01549811293408], [34.852539832261115, 32.01502453430858], [34.852577886008866, 32.014166005655554], [34.85402992717712, 32.014110808772344], [34.85408940193144, 32.01447367123955], [34.85463714993606, 32.01446037932193], [34.85604045164328, 32.01449371672152], [34.85651842778757, 32.01453944035669], [34.85696140784959, 32.01464428219185], [34.85775981993967, 32.015016567276795], [34.8580808433921, 32.015187691369064], [34.858445140770414, 32.01541074438478], [34.858917672919034, 32.01574062290416], [34.85957642109299, 32.01626795936238], [34.85840224375292, 32.016894856706095], [34.856568491458845, 32.01783396642777], [34.85444929326473, 32.016579646316025], [34.853122710304866, 32.016809906323225], [34.854356597160354, 32.02132849874489], [34.84923678229307, 32.0223933924052], [34.84869437579171, 32.02034271839989], [34.848598559436496, 32.02004747102818], [34.84818342833845, 32.02001762867041], [34.84778763711171, 32.01988701829647], [34.84764830718002, 32.019813670722044], [34.84733956562933, 32.01952036843284], [34.84719947541728, 32.0194598946073], [34.84710861716473, 32.019478485985374], [34.84699577965215, 32.019533899171726], [34.846869231278085, 32.019631658296746], [34.846318165981, 32.02020833718028], [34.84605899908923, 32.02049718592898], [34.84592086783637, 32.02073648069198], [34.84583069141829, 32.02095202614588], [34.84579896246035, 32.02110839888385], [34.845800310223176, 32.02125151810501], [34.84583048251853, 32.0213594587119], [34.845905119103634, 32.021500963239276], [34.84605274747379, 32.02166327154446], [34.846059078946595, 32.021696114497935], [34.8460561181946, 32.021776907471924], [34.846032906604755, 32.021865668829776], [34.84597289122525, 32.02197389561652], [34.84587307305046, 32.02208345251786], [34.84580099125399, 32.02213699611502], [34.84574530449198, 32.02216650765041], [34.84554240131496, 32.022244029794315], [34.845258700301216, 32.02233115213654], [34.844405622188056, 32.02247175877884], [34.84397058354379, 32.022577206130904], [34.84370075947573, 32.02266102779787], [34.843607353041236, 32.02267257568228], [34.8435497837791, 32.022668985025454], [34.84348116650016, 32.02264849931917], [34.84328968643028, 32.022512143449724], [34.843232873920776, 32.02245056925606], [34.84317327746018, 32.02234326583731], [34.84313304003998, 32.02223836229874], [34.84312357399091, 32.02216952806869], [34.84311722143691, 32.022088979416175], [34.84312734980892, 32.021746865918814], [34.843100886625464, 32.02151407047072], [34.842957635019076, 32.021459520278476], [34.84269554094365, 32.02140800180994], [34.84256089606305, 32.02140879014352], [34.84235038987169, 32.021439461770974], [34.84206343119602, 32.0215622989155], [34.841388751997854, 32.021881680544034], [34.84114309798514, 32.02192886266737], [34.841036710436974, 32.0219308124195], [34.84080998030719, 32.021903469247526], [34.84055402677202, 32.02179740524706], [34.84027274583155, 32.02156618867219], [34.84004296068274, 32.02132150212195], [34.839926463479664, 32.021310436006175], [34.83978556177177, 32.02134105289688], [34.839594041419794, 32.02143068202497], [34.83951555080198, 32.02149809112256], [34.83937647184857, 32.02166362535308], [34.839242799322946, 32.021918896889275], [34.83914690176248, 32.02223821812074], [34.839106372834976, 32.02250133630791], [34.839125663319535, 32.02276228204364], [34.8389635715249, 32.02301044091659], [34.83884843632622, 32.02313518848338], [34.83859675688459, 32.023339621911354], [34.83840849257746, 32.023460280486454], [34.838083407040955, 32.02357035326869], [34.837408869416706, 32.023639495220856], [34.83722496428829, 32.02377983312122], [34.83709371475316, 32.024013339878984], [34.837013950970984, 32.024233939229376], [34.837001007420696, 32.02500137498034], [34.8369501714502, 32.02510647120292], [34.836972557771006, 32.02523153938746], [34.83702957732281, 32.02535408573377], [34.83705599704787, 32.02548877915228], [34.83706471891891, 32.02555458325295], [34.837064547988696, 32.02559741427107], [34.83706083719611, 32.02562647031164], [34.837040960493084, 32.02565394665143], [34.83700689991902, 32.02568327197804], [34.83688253954321, 32.02574576119059], [34.83666135377396, 32.02584892253995], [34.836406330429874, 32.02592173902889], [34.836165546632316, 32.02596753687331], [34.83594726266321, 32.02598801014808], [34.83581055768542, 32.025977220556186], [34.835644496973934, 32.02595530913148], [34.83548350945518, 32.025924841743105], [34.835321732729966, 32.025846804015416], [34.83512828711176, 32.025805431055886], [34.834857637308524, 32.02576471130887], [34.834725366108415, 32.025800772563215], [34.83454924676081, 32.025912864917615], [34.83433503528206, 32.02611579008384], [34.83419248267939, 32.02625130914906], [34.834074411609876, 32.02633329142131], [34.83396850700708, 32.02642536740651], [34.83384776419226, 32.02650937268795], [34.83374370951038, 32.02657628291665], [34.833637354613685, 32.02664750815295], [34.83354103504133, 32.02670293059939], [34.83345926630052, 32.02674050594603], [34.83335475555259, 32.02678065119997], [34.83326011049446, 32.02681137958797], [34.83313461964706, 32.026835160567884], [34.833011545708686, 32.026836378272016], [34.83286836216408, 32.02682332141901], [34.83272132164855, 32.026788632825465], [34.832540250746426, 32.02673042532977], [34.83224686717724, 32.02663842726781], [34.83206396039145, 32.02664417007471], [34.83191326893329, 32.02664599144649], [34.83172367290461, 32.02664268897315], [34.83152329628502, 32.0266258138085], [34.831306107211375, 32.026599169162445], [34.83109309063573, 32.02658419080411], [34.83095886796449, 32.02660373109187], [34.830829883838184, 32.026644124723056], [34.83058610829328, 32.02674090170802], [34.83048616675528, 32.026821292735455], [34.83035548026186, 32.02701621657328], [34.830295535795194, 32.02711737471114], [34.83022096252179, 32.02720000840727], [34.83016008855298, 32.02725416725232], [34.83009441753057, 32.02730967254077], [34.82996143609002, 32.027386704409025], [34.82987647157115, 32.027414606051856], [34.82978573015877, 32.02743362892876], [34.82969756395777, 32.02743872509586], [34.82959633201395, 32.0274332570379], [34.829502665882, 32.027421282253734], [34.829410334737936, 32.02738804115559], [34.82931803895801, 32.027346294570144], [34.82922378941482, 32.02726398277584], [34.82904033953602, 32.02706828207497], [34.829000559436615, 32.02701866680486], [34.82894074030437, 32.02692163292306], [34.828902653826034, 32.02684048832221], [34.82884772086586, 32.0267122180728], [34.82871803126758, 32.02650760418306], [34.828638448813706, 32.026449496301545], [34.82855564804068, 32.02638227117675], [34.828341620802405, 32.02632249095455], [34.828186144444146, 32.0263550826908], [34.82803078922967, 32.0264087350764], [34.82785243047621, 32.02649045499962], [34.82759232862959, 32.02662985240758], [34.82745619682465, 32.02629249145659], [34.82558500525986, 32.023663587641664], [34.822916404060265, 32.02005038283886], [34.82144017030701, 32.0179354221421], [34.821439662952564, 32.01793578665013], [34.82143961028409, 32.01793571272403]]}}, {"type": "Feature", "properties": {"OBJECTID": 21437268, "LAYER_ID": 2612672, "GROUP_ID": 254011, "SCENARIO": "", "DEFQ": 0, "PLAN_NAME": "", "DATA_DATE": null, "MAVAT_CODE": 21050, "MAVAT_NAME": "גבול מרחב תכנון", "NAME": "", "LABEL": "", "TYPE_CODE": 0, "TYPE_NAME": "", "SOURCE_COD": 0, "PL_CHANGE": "", "PLACE_NO": 0, "ADDRESS": "", "LENGTH": 0.0, "WIDTH": 0.0, "REMARKS": "", "DATE_DEC": "", "STATUS": "", "STAGE": "", "AGAM_ID": 99000310859.0, "SHAPE_LEN": 8826.82767642}, "geometry": {"type": "LineString", "coordinates": [[34.82143961028409, 32.01793571272403], [34.82067083829078, 32.01848965240978], [34.8202752191537, 32.018771395650425], [34.81967439622208, 32.01920018314978], [34.81942458288309, 32.01937753023692], [34.81895228878985, 32.01971726042269], [34.81713995955683, 32.021020864976286], [34.81699912072631, 32.0211213245941], [34.81657361719102, 32.02142494334158], [34.81552219961904, 32.022175850339735], [34.815311499191615, 32.02232963853035], [34.81517856071401, 32.02242129330671], [34.81490539119582, 32.022619784698456], [34.814680437473385, 32.022781417148906], [34.814523998079764, 32.022893097903705], [34.81412352213617, 32.02317987876081], [34.81372668585256, 32.023465540038956], [34.813454947176425, 32.02365971466735], [34.813438778203164, 32.02366892109488], [34.81283133245691, 32.02410530916838], [34.81263556084156, 32.024247300666964], [34.812292476021064, 32.0244931089559], [34.81208377975125, 32.02464013110564], [34.811927675975696, 32.024750118222826], [34.811428462363196, 32.02510985358175], [34.81127018000865, 32.025224908479565], [34.81117180203499, 32.02529449272569], [34.811132800412025, 32.025325368299164], [34.81105267962794, 32.025380356492015], [34.810920948873985, 32.0254746364966], [34.81067627716781, 32.02565174032858], [34.81066388779649, 32.02565959975397], [34.81057685481119, 32.02572268812054], [34.81055860512586, 32.02573559585547], [34.81043748830944, 32.02582314483452], [34.81038904184688, 32.02585850310863], [34.81015709476834, 32.02602686912232], [34.81002734090497, 32.02612284632084], [34.80990638783706, 32.02621039529152], [34.809784951711855, 32.026295121777444], [34.809669618252016, 32.02638437995344], [34.80942539150602, 32.02656116126275], [34.80918729195565, 32.02673570728185], [34.80894687426984, 32.026911370607145], [34.808702147448095, 32.02708871201747], [34.80846006329993, 32.027265498701134], [34.80829948535566, 32.027379573894414], [34.80821418046218, 32.0274422691685], [34.8079707956933, 32.02761397872916], [34.80772823054306, 32.027787941620815], [34.80754853982382, 32.027917577332914], [34.80712894396763, 32.02821723968735], [34.8063245588914, 32.02879806378366], [34.806317763318695, 32.028800863314906], [34.80622683677732, 32.02886708363596], [34.806081062551776, 32.02896853198665], [34.80614271585946, 32.02892712762632], [34.80612927196402, 32.02893779535876], [34.80609658662777, 32.028961363177324], [34.806010644473076, 32.029022526979745], [34.80482115556641, 32.02987605693772], [34.80454870948738, 32.030071338739866], [34.80379605533582, 32.0306122340483], [34.80354235344474, 32.03079861599818], [34.80296440949568, 32.031217810751095], [34.80269659494847, 32.031411415039194], [34.802561695317586, 32.03150905621177], [34.8023668724598, 32.031647888360055], [34.80215865554398, 32.03179748181086], [34.80175427152058, 32.03208984439313], [34.801552341491835, 32.03223292779331], [34.80134907284516, 32.03237994916878], [34.800945685455474, 32.032670624217616], [34.80054196598837, 32.03296129356291], [34.80013658301475, 32.03325308520549], [34.799915224413525, 32.03341244791179], [34.79986810120952, 32.033445551818176], [34.799731869783784, 32.03354318571559], [34.79932681181891, 32.033834975754026], [34.798873203458484, 32.03415806029942], [34.798649193066126, 32.0339297522872], [34.79860901557224, 32.03388848042097], [34.79844548393856, 32.03372450837789], [34.79813020475587, 32.03340198877678], [34.797968941765674, 32.033234883830076], [34.79785730412101, 32.033119547138405], [34.797717674796424, 32.03297481224907], [34.79758918697079, 32.03284051023637], [34.79743724455162, 32.032688155272666], [34.79729762400813, 32.03254173183092], [34.79719371727708, 32.032436562893324], [34.797169867363166, 32.032412000681305], [34.79708478709833, 32.03230644463981], [34.79682461718767, 32.03245172106903], [34.79631405293507, 32.03266312969875], [34.795998147130234, 32.03276863665289], [34.79571262163013, 32.03284831521347], [34.79547004049693, 32.032905020967135], [34.79397354578139, 32.033949088826795], [34.79383486307336, 32.03399992669646], [34.79378340720448, 32.03400314343848], [34.79379620400697, 32.03384142495047], [34.793820463989526, 32.033780632374274], [34.79374377397395, 32.03376685712464], [34.793476428629965, 32.03384940705223], [34.79317572752982, 32.03395552201936], [34.792606848937204, 32.03418306711343], [34.79217070369848, 32.034319173654374], [34.79176896226226, 32.03445651950782], [34.791650733244616, 32.034483188559044], [34.791586566915036, 32.03448072519715], [34.79130308010574, 32.034031159327654], [34.79120330990124, 32.03381552924434], [34.790953363442384, 32.03337621866138], [34.79059441796497, 32.032824390744146], [34.79129795112094, 32.032446801958294], [34.79192691993306, 32.0321230199161], [34.79224429289642, 32.03192346031991], [34.79256699563165, 32.03170356903877], [34.792870185244524, 32.0314830472263], [34.79283870366955, 32.03135627161381], [34.795096247952806, 32.029978619464416], [34.79600892770393, 32.029296955474884], [34.800058329169936, 32.026066556261085], [34.79881107491371, 32.02594881932436], [34.801337532150555, 32.02394925194256], [34.80260579057964, 32.02288520991016], [34.80297471292821, 32.02256003994934], [34.803908249891315, 32.02169715796835], [34.80444776624736, 32.02213427838427], [34.80445398870813, 32.0221395847439], [34.80460854068982, 32.02203639401888], [34.80471670938678, 32.021967217229495], [34.80499553454245, 32.02176763346545], [34.80515181551988, 32.02163360457333], [34.805366657491284, 32.02143438438285], [34.805591666645604, 32.02125458302146], [34.805560902293955, 32.02123216866114], [34.80591218835747, 32.020854471363755], [34.80703113122486, 32.01961041081596], [34.808096539744255, 32.01844320036015], [34.80810140005272, 32.01846537081333], [34.80937424321635, 32.01704986165821], [34.810247930006646, 32.015937167382866], [34.81172455389578, 32.0137791237829], [34.81176587007236, 32.01382434158388], [34.81190489511908, 32.01362855311315], [34.812812526020586, 32.012350319046334], [34.813695502109226, 32.01113223019627], [34.813849138524496, 32.01090667290107], [34.813879906636856, 32.01093244007336], [34.81399051522615, 32.01078369146413], [34.8140869070804, 32.01089581626239], [34.81411090752051, 32.010860714814115], [34.81419638217831, 32.01074938178658], [34.81470121261708, 32.01005711159588], [34.81478173536457, 32.009947086736545], [34.81512062974622, 32.00949329053336], [34.81515713296071, 32.00969553726134], [34.81522409152704, 32.00982929911609], [34.81536633890481, 32.0099879844941], [34.81699731789577, 32.011807411637385], [34.81747519745103, 32.012408566282836], [34.818314982878206, 32.01357945011605], [34.82143961028409, 32.01793571272403]]}}, {"type": "Feature", "properties": {"OBJECTID": 21437285, "LAYER_ID": 2612672, "GROUP_ID": 254011, "SCENARIO": "", "DEFQ": 0, "PLAN_NAME": "", "DATA_DATE": null, "MAVAT_CODE": 21050, "MAVAT_NAME": "גבול מרחב תכנון", "NAME": "", "LABEL": "", "TYPE_CODE": 0, "TYPE_NAME": "", "SOURCE_COD": 0, "PL_CHANGE": "", "PLACE_NO": 0, "ADDRESS": "", "LENGTH": 0.0, "WIDTH": 0.0, "REMARKS": "", "DATE_DEC": "", "STATUS": "", "STAGE": "", "AGAM_ID": 99000310859.0, "SHAPE_LEN": 12727.9197434}, "geometry": {"type": "LineString", "coordinates": [[34.74227508957416, 32.03303762418309], [34.7422204918049, 32.03296170750914], [34.742234086004956, 32.03223635562705], [34.74141108192799, 32.03093874083061], [34.741156944401304, 32.03065825716766], [34.740990672655, 32.03052571743853], [34.740728910655854, 32.030351706706874], [34.7405983918857, 32.029930272874324], [34.740730231335384, 32.029857980307206], [34.740960059260146, 32.02952064831246], [34.74095850789315, 32.02907145988577], [34.74077698305221, 32.02786969904606], [34.74041078250573, 32.02731096180006], [34.73916728597097, 32.02469346187749], [34.73802146632721, 32.0217601396539], [34.738347708391046, 32.02121404048212], [34.7375025779902, 32.017921640396736], [34.73703200664145, 32.016270797027005], [34.73687716938397, 32.015789389829756], [34.73654490025796, 32.014649108636554], [34.73703172050548, 32.01453421109025], [34.735901486003236, 32.01090482829725], [34.735628572272674, 32.010979931552406], [34.734427893304506, 32.00746525273236], [34.73469383126136, 32.007324204916884], [34.73460187545621, 32.0070933656407], [34.734269205998594, 32.00618808363289], [34.73331980907338, 32.003576118826466], [34.73879665922466, 32.00062600062723], [34.74400745814132, 31.997842411528374], [34.74397806816462, 31.997773137193843], [34.74489229574758, 31.997491753984363], [34.74540330880532, 31.998703003376967], [34.745371513357114, 31.99871271816411], [34.74560831194734, 31.99927223792257], [34.74557513833861, 31.999282397997607], [34.74561109303707, 31.99941509227983], [34.74557537614843, 31.99942596531697], [34.745788223945375, 31.999929125467627], [34.74575356378337, 31.99993982187802], [34.74578235105811, 32.00004597732269], [34.74569999590649, 32.00007147086531], [34.74599996066153, 32.00076251970101], [34.74608570691431, 32.00103354899643], [34.747753376525075, 32.00014588116996], [34.747603597988984, 31.999789853880486], [34.74764345025201, 31.99977773304972], [34.746959110035185, 31.99815203311846], [34.74728755648961, 31.998050952754028], [34.74652855013986, 31.99624949176667], [34.746504101778946, 31.99612288110814], [34.74644344187621, 31.99597882542635], [34.7482215500844, 31.99526367519834], [34.74880828313006, 31.997033784520806], [34.74981295101554, 31.996498022842676], [34.7499312276304, 31.996719386903443], [34.75282955485636, 31.99527441359263], [34.75284300768538, 31.995293669805697], [34.75463344359573, 31.99438921280863], [34.754862133411244, 31.994299212087043], [34.757672958160846, 31.992777795150484], [34.75831289526044, 31.994995133600312], [34.758502063215964, 31.994901742653376], [34.759064741939596, 31.999658897014005], [34.7590488047441, 32.00166425812408], [34.756938303019425, 32.00194195310541], [34.75570628946569, 32.00215404597194], [34.75518935113988, 32.002260447271276], [34.75564041973034, 32.00325347907159], [34.7557224052208, 32.00345550093823], [34.7557916672713, 32.00366261804558], [34.75590111731214, 32.00407052700335], [34.75598409448172, 32.00452622763911], [34.75602883330499, 32.00492317627928], [34.756023970560214, 32.00529172331161], [34.75601061280502, 32.00547041222178], [34.75598506538116, 32.00565293572099], [34.75674276759326, 32.00561435591952], [34.75682542584715, 32.00574996055004], [34.75723388395966, 32.00687251432221], [34.7573556286896, 32.00721337151823], [34.75736921903634, 32.007269781679504], [34.75744168329935, 32.00742947455039], [34.75764326701453, 32.00800282525176], [34.75798302934498, 32.007930254412145], [34.75812694562469, 32.007912093531225], [34.758131894284546, 32.00796062762527], [34.758157494999004, 32.00802889343386], [34.76096364374251, 32.007469067914556], [34.76127823095894, 32.00738660346136], [34.7616993486199, 32.00931084246497], [34.76198072475537, 32.01064218433018], [34.762077689828175, 32.01139210794163], [34.76204733230937, 32.0120066142799], [34.76203062099087, 32.01357348567129], [34.762061857279086, 32.01458960630872], [34.762058477327145, 32.01494021267436], [34.76206514426083, 32.015117168156294], [34.76181627463159, 32.0185368995809], [34.76176608251435, 32.01898203083156], [34.761661083405286, 32.01959768040594], [34.761199566703745, 32.02180122679461], [34.76116502364714, 32.021936272316864], [34.761001508254125, 32.02285879061036], [34.7609642822872, 32.022991096084134], [34.76089113272172, 32.023390432482735], [34.76082688499757, 32.02356566634201], [34.760789955205155, 32.02390305336298], [34.760652806319705, 32.024945164565935], [34.7605598064366, 32.02715817178825], [34.76049225512054, 32.028254768820425], [34.76049120776259, 32.02857278440002], [34.76054532045599, 32.029228150108494], [34.760214502435446, 32.03071631629193], [34.7598880327724, 32.03152113015307], [34.75975562546739, 32.03158207806301], [34.75974714727666, 32.0318249913751], [34.75965493502674, 32.03233021314107], [34.759606367519304, 32.03288823243741], [34.75957235795064, 32.033055092844094]]}}, {"type": "Feature", "properties": {"OBJECTID": 21437286, "LAYER_ID": 2612672, "GROUP_ID": 254011, "SCENARIO": "", "DEFQ": 0, "PLAN_NAME": "", "DATA_DATE": null, "MAVAT_CODE": 21050, "MAVAT_NAME": "גבול מרחב תכנון", "NAME": "", "LABEL": "", "TYPE_CODE": 0, "TYPE_NAME": "", "SOURCE_COD": 0, "PL_CHANGE": "", "PLACE_NO": 0, "ADDRESS": "", "LENGTH": 0.0, "WIDTH": 0.0, "REMARKS": "", "DATE_DEC": "", "STATUS": "", "STAGE": "", "AGAM_ID": 99000310859.0, "SHAPE_LEN": 53285.3606058}, "geometry": {"type": "LineString", "coordinates": [[34.807934787227424, 32.03766155836402], [34.80780264023664, 32.03773272230633], [34.80765352909932, 32.037940234963756], [34.807571784892346, 32.03806115505876], [34.807522227203506, 32.038160763726154], [34.80750795893819, 32.03824751512192], [34.80749616451851, 32.03844981888996], [34.80749078851472, 32.03850728983797], [34.80747981990989, 32.03859574683767], [34.8074748241613, 32.038642509037295], [34.80745741374065, 32.03872812500921], [34.80744947365773, 32.03876642641677], [34.807435950639494, 32.03879512986123], [34.807410201945224, 32.03882097750555], [34.80738895526967, 32.03883781795967], [34.80734765921072, 32.03886192491799], [34.80732975856059, 32.03886975794046], [34.807224395244674, 32.038905499722595], [34.807170234290005, 32.03892167783216], [34.807151366694875, 32.03892387320805], [34.807090070291125, 32.03890677083991], [34.806970792524055, 32.03879310964943], [34.80695182348151, 32.0387806488951], [34.80685775853974, 32.03872906720262], [34.80684438456049, 32.0387233873873], [34.8067697310973, 32.03869553638502], [34.806763786377914, 32.03869326325634], [34.80675600435253, 32.038694930843405], [34.806674208556984, 32.03871271018797], [34.806618537462285, 32.03873338841994], [34.806609902808724, 32.03874125040933], [34.806607743769156, 32.03874293558261], [34.806487090777644, 32.038833865359365], [34.806422152772, 32.038931166945616], [34.80638431049624, 32.038998682742125], [34.806377127520506, 32.03901556721566], [34.80636671681424, 32.03908937003106], [34.80637516574641, 32.039162669013095], [34.80637546425619, 32.03916999590198], [34.80637577008365, 32.03917563145348], [34.80637150548388, 32.03920605524883], [34.80637150304771, 32.039206618321565], [34.80631068102177, 32.039385094297735], [34.80616099826297, 32.0396850372345], [34.80613893951164, 32.039736821120066], [34.80611226838921, 32.03982184142531], [34.80607859598429, 32.0399953310381], [34.806073386729516, 32.040013916929375], [34.80607321950743, 32.040014478898186], [34.806071545922, 32.04001954569193], [34.806053607740196, 32.04007415952892], [34.80604960539872, 32.04008203927729], [34.806048267864426, 32.04008485264094], [34.80602081836696, 32.04012083816707], [34.80596752995937, 32.040164068489815], [34.80593103080704, 32.040188190591586], [34.80590666136543, 32.0402005153427], [34.80585445686282, 32.04022232974348], [34.80584253865997, 32.04022454676629], [34.805776166317884, 32.04023223043902], [34.80570121181043, 32.04023650373945], [34.805575364794976, 32.04022765309287], [34.805545459256805, 32.04021854108084], [34.80554033850671, 32.040216833026186], [34.80553852877639, 32.04021513921965], [34.805472313237516, 32.04014955082759], [34.805439244785454, 32.04010717405195], [34.80543727312492, 32.040103784496644], [34.80542430989089, 32.0400795107386], [34.805335552795306, 32.03987125238556], [34.80524993159166, 32.03962749844013], [34.80522172484728, 32.039570484963306], [34.80517955471654, 32.03949144519935], [34.80511659909239, 32.039398813054206], [34.805095210027275, 32.03937225440891], [34.80501593947184, 32.03930380763586], [34.8050061930148, 32.03930039687563], [34.80480352930911, 32.03922874037559], [34.80467317311683, 32.03919169464005], [34.80448017541441, 32.039142050458715], [34.80413260773967, 32.039069939108664], [34.80411145605864, 32.039064796992434], [34.80404850572971, 32.039047128732534], [34.80404470652747, 32.039045424745225], [34.80400840566674, 32.03902501975019], [34.80397611995381, 32.03899279250237], [34.803822052076825, 32.03881701847297], [34.80381530233381, 32.03880910482572], [34.80380228080699, 32.038798357629915], [34.80379915075418, 32.03879552688328], [34.80374261262986, 32.03874969599095], [34.803472264583874, 32.038608500251776], [34.80342120290728, 32.038596503863324], [34.80332327723038, 32.03859562777639], [34.803318478804236, 32.0385956125982], [34.803299108826906, 32.03859949775811], [34.803256061845524, 32.038608379521634], [34.80324893766686, 32.03861061146858], [34.8031940843281, 32.038632982772405], [34.80319325604917, 32.03863354269085], [34.803184621153726, 32.03864140769139], [34.80315933963227, 32.038672327997226], [34.80315451726295, 32.03867794728288], [34.803153997051176, 32.038683583519145], [34.80315019257392, 32.0387218977359], [34.803228239698335, 32.039222074116076], [34.80322839956077, 32.03922320348785], [34.80323543109517, 32.03928015095178], [34.80318859373639, 32.03928507426583], [34.80306393873516, 32.03930609900081], [34.80290683794604, 32.039332655468804], [34.80273616695079, 32.03935973183467], [34.80252277929622, 32.039396256359055], [34.80244793664496, 32.039412926094805], [34.802261544789374, 32.03944108030726], [34.802077465826954, 32.039470930283535], [34.80179321887006, 32.039519626719446], [34.801740406625136, 32.03953016890265], [34.80171772720576, 32.03953348027422], [34.80159208592362, 32.03955337155981], [34.801225737130196, 32.03961364078797], [34.800774965812685, 32.03968773027591], [34.8003283310844, 32.039760705720084], [34.79972789794753, 32.03986193458569], [34.799484869523496, 32.03990399392198], [34.79949637695387, 32.04010862570145], [34.79952320568378, 32.04051451860785], [34.79952853376783, 32.04058273323806], [34.79941555040594, 32.04050684884792], [34.79938868711547, 32.04048421819641], [34.79933880668565, 32.04042882231467], [34.79931096995543, 32.04040111648761], [34.799295151456626, 32.040386976546955], [34.79926694737325, 32.04036772164428], [34.799251921991136, 32.0403620390907], [34.79921078699325, 32.04034894322979], [34.79919359497014, 32.040346633803956], [34.79912545955356, 32.04034190706879], [34.79908492065501, 32.040344595050634], [34.7990476708533, 32.04035123942373], [34.79902479343511, 32.04036187562621], [34.79900854792453, 32.04036971275871], [34.79899476206721, 32.040382633049155], [34.798967793362536, 32.040420309974174], [34.798946250187484, 32.04046645639539], [34.7989006507442, 32.040566074259836], [34.798867371853575, 32.04061049114278], [34.79884595777601, 32.04062733290683], [34.798799020109534, 32.040654799658135], [34.79872329276879, 32.040684428224814], [34.79865596442966, 32.040721413403176], [34.798591764907115, 32.04076235174269], [34.798570858821925, 32.04077637427448], [34.79848271891204, 32.040844293032094], [34.79832711411152, 32.04098018940721], [34.79824098942244, 32.041041347161546], [34.79821167277075, 32.04104970864434], [34.79814777270428, 32.04106021325961], [34.79811218663031, 32.04106404570805], [34.79795948904095, 32.041066936373525], [34.797872017377735, 32.04105820054811], [34.797835175258534, 32.04104737636766], [34.797769287763806, 32.04102067376218], [34.79768970631548, 32.04098603875702], [34.7976104825598, 32.040945203890885], [34.79760389515153, 32.04090065556634], [34.7976105974083, 32.04088094979175], [34.79774781124635, 32.04075175876843], [34.79779456609823, 32.04069103763807], [34.797841907645775, 32.04064609976098], [34.798033866065516, 32.04059429561608], [34.7981727254079, 32.04054119932634], [34.79844425475619, 32.04041412586104], [34.79850217790278, 32.04037034723102], [34.79852033389321, 32.04034222591886], [34.79851848634675, 32.04031178284058], [34.79848601432686, 32.04028462507511], [34.7982730697243, 32.04014529400409], [34.798141323799875, 32.040085692854134], [34.798073041161395, 32.04007265938134], [34.7979671130363, 32.040052442852925], [34.7978470841048, 32.04003627665586], [34.79762731413964, 32.04001866482703], [34.797295774974664, 32.04002548979556], [34.797206856175976, 32.04004363314485], [34.79720603350496, 32.04004380004012], [34.79720301479502, 32.04004562977943], [34.79717733757821, 32.040061181217354], [34.79712482552424, 32.040115682718756], [34.7969805724499, 32.04034066771468], [34.79697440542005, 32.040354330002785], [34.7969551766895, 32.04039694821634], [34.79691926711114, 32.04062397318668], [34.79689886143797, 32.04067406879717], [34.79689038119857, 32.04068418834409], [34.79680742320737, 32.04073972130074], [34.79668902274154, 32.040804154297504], [34.79654685000199, 32.04085837103845], [34.796387851351504, 32.04090125717666], [34.79628965402739, 32.040922923489276], [34.796141911405776, 32.040938099342235], [34.79614070374258, 32.040938225357046], [34.796136479375946, 32.04093783304662], [34.79587018025201, 32.04091311717482], [34.79582685751263, 32.04093887001198], [34.79567341998737, 32.04103007729272], [34.79567213782795, 32.04103083770012], [34.795573906602804, 32.041098155518334], [34.79547965232139, 32.04117671887063], [34.79545535583316, 32.0411969704968], [34.795361625753465, 32.04129100639384], [34.795328236444945, 32.041324503466655], [34.79519327775395, 32.041484572782714], [34.79519269889162, 32.04148526335659], [34.79519182833559, 32.04148587367632], [34.79495058298509, 32.04165582246959], [34.794933721433694, 32.04168303811488], [34.79490968068602, 32.04172184206371], [34.79487426779462, 32.041779006223074], [34.794723430593415, 32.04210924602395], [34.79472157920491, 32.042113305371366], [34.7947213997061, 32.04211356459803], [34.794667271270406, 32.04219292078252], [34.7946609664617, 32.042202159976654], [34.794659332626864, 32.042202930193845], [34.794629969841274, 32.04221671556741], [34.79453699684868, 32.04221641505348], [34.79434936841071, 32.04218762571505], [34.79417180932105, 32.04212505467596], [34.79413001794375, 32.042104236101004], [34.79412625312045, 32.042102362436786], [34.793987721493906, 32.041970025192036], [34.79395292761097, 32.041948983695946], [34.793935256535065, 32.041938292587325], [34.793932215213104, 32.04193748573645], [34.79386402446846, 32.041919336945476], [34.79384735034776, 32.04191490059979], [34.79383776983506, 32.04191705196214], [34.79382908394168, 32.041919004219], [34.793810257423445, 32.0419232353389], [34.79380494713968, 32.041926078630674], [34.793796660509386, 32.04193051783637], [34.79375584644417, 32.04206847167638], [34.79375119121308, 32.04207440487277], [34.79373639042791, 32.04209326190435], [34.79372540195396, 32.042107265656554], [34.79371113207913, 32.042114451817504], [34.79366923890659, 32.042135554832804], [34.7936575875426, 32.04214142572785], [34.79360245376774, 32.0421564368223], [34.79339986969257, 32.042211605168944], [34.79299072647639, 32.042428486987674], [34.79296658070545, 32.04244128601792], [34.792961230733034, 32.04244244491094], [34.79291789499834, 32.04245183794343], [34.792859977293354, 32.042455675657955], [34.79283681369971, 32.04245720931383], [34.79278267280638, 32.04242904185104], [34.79276915657199, 32.04242201051546], [34.79275395900073, 32.04241410515749], [34.79269659387673, 32.042368266155734], [34.79268876810846, 32.04235027368628], [34.79266957741393, 32.04230617851842], [34.7926697002112, 32.04224192777236], [34.79266970272892, 32.042241365287005], [34.79267004855186, 32.04224062333238], [34.79268579646087, 32.042206994296535], [34.79272398437248, 32.042125433998386], [34.792820588287405, 32.04201640686209], [34.79302911135879, 32.041775287509886], [34.79306128718334, 32.041719596188685], [34.793059782838185, 32.0416119386008], [34.79303614916651, 32.04153295500646], [34.79299229417514, 32.04146348680828], [34.79294499581661, 32.041423315163854], [34.79289877772243, 32.04140297609129], [34.79288952174617, 32.04139890218362], [34.792883671050966, 32.041405978504784], [34.79272834870998, 32.04159395266212], [34.79268768479115, 32.04162425777331], [34.79264861037155, 32.041632507057194], [34.79257548918007, 32.04164794968675], [34.792540479288576, 32.04165534244953], [34.79220225356653, 32.041707149910785], [34.792187382724286, 32.04170942819113], [34.79215600687639, 32.041717860841764], [34.79210241698874, 32.04173226313035], [34.79204739155267, 32.04177125087162], [34.792036697893394, 32.04177882718285], [34.792032973007345, 32.04178982050826], [34.79202563394784, 32.041811482828045], [34.792069158121876, 32.041992546111075], [34.7920582160057, 32.042034782625166], [34.79204159819814, 32.04208770730928], [34.791959633011125, 32.042167473186396], [34.79181877729002, 32.04230457800615], [34.79183048911324, 32.0422408917575], [34.79185795080633, 32.04212994507533], [34.79186302541839, 32.04210516227332], [34.79186425478721, 32.04208882235338], [34.791860349678004, 32.04207471966917], [34.791837866526514, 32.042034065817646], [34.79183639035284, 32.04203180653124], [34.7916668684335, 32.041764096935346], [34.791637678278576, 32.04170707729328], [34.79163297897043, 32.04168507970169], [34.791636826738845, 32.04167607429541], [34.79166423177459, 32.04165136419409], [34.791908616541726, 32.04149265755695], [34.79194036735594, 32.04145837722831], [34.79207094462557, 32.041298171083724], [34.79211074173901, 32.04124024647015], [34.79211818772775, 32.04120307332945], [34.79210288859142, 32.04118385884879], [34.79193256032066, 32.04120754164277], [34.791850409095936, 32.04122981920157], [34.79169899508953, 32.04127779950409], [34.791379229950465, 32.04138722795445], [34.791352413569875, 32.041391083192494], [34.79131405580596, 32.041349251911456], [34.79126742569637, 32.041308519282985], [34.79100763245856, 32.041325145884805], [34.79087198678294, 32.04133492465485], [34.790356964026394, 32.041372055016105], [34.79047695242141, 32.041617622907076], [34.79011375648186, 32.04163560146088], [34.789977252824144, 32.041641918811415], [34.789798231909245, 32.0416480969913], [34.78968421386149, 32.04165674203463], [34.78962446775595, 32.041663310046786], [34.78960491713945, 32.041669443165844], [34.78952949847662, 32.0417030136541], [34.78950798330468, 32.04174183583267], [34.789490223267656, 32.041791376338786], [34.78948383932058, 32.041813333905054], [34.78947432696561, 32.04186797673519], [34.789465232764556, 32.04194065291728], [34.78946361236868, 32.041969393397274], [34.78946450599312, 32.04202857536765], [34.789466654790324, 32.042065779742316], [34.78947436637971, 32.04211653246439], [34.78950207869086, 32.04220680246097], [34.789639402887005, 32.042422553233635], [34.78972615313172, 32.042554725846166], [34.78978569311221, 32.04263157297268], [34.78982316577425, 32.0426858030902], [34.78983137294859, 32.042699919901196], [34.78984694366297, 32.04273209610766], [34.78986297387424, 32.04277329557733], [34.78986475224793, 32.0427817529509], [34.789867943294574, 32.04280769155666], [34.78986715014466, 32.04283699723651], [34.789863603800484, 32.042853330098986], [34.78985239453399, 32.0428814761493], [34.78983075254807, 32.042911839231905], [34.78980832590411, 32.042932056241874], [34.78980284903842, 32.04293598421798], [34.78977549902023, 32.042948292810436], [34.78966841736269, 32.04299528671485], [34.78959301535637, 32.04302491468912], [34.78955856082612, 32.043034945462935], [34.78952409610495, 32.04304723401304], [34.789483872770006, 32.04308937118163], [34.78943340957854, 32.04316417031829], [34.789427412305585, 32.043173731112226], [34.78941629895956, 32.0432170929821], [34.78940492208651, 32.043244672070685], [34.78940042790157, 32.043324693105994], [34.78946031359526, 32.04354469950923], [34.78946910489423, 32.043575728493536], [34.789480641839994, 32.04362254729697], [34.789497874146036, 32.04372574737791], [34.789513262506254, 32.04379850365752], [34.7895789224482, 32.04405854702566], [34.789587558686875, 32.04408844608703], [34.78962852400444, 32.04421145100456], [34.78964214918442, 32.044235732387044], [34.78969872129502, 32.04430974897737], [34.789719326362146, 32.04433574124776], [34.78982011891856, 32.04446288823722], [34.7898534838969, 32.0445114703655], [34.78986742220857, 32.044538569722214], [34.78987705936421, 32.044566217507914], [34.7898866337149, 32.04460795510344], [34.78988758622894, 32.044616413606946], [34.78988313645446, 32.04464909071452], [34.78986727806531, 32.04471723581464], [34.78986258829259, 32.04473074737205], [34.789840372030895, 32.04477745635655], [34.78977985640673, 32.0448443265506], [34.789710646507444, 32.04489426516473], [34.78964180934243, 32.044934620661685], [34.78953047749038, 32.04497032810983], [34.789461643219816, 32.04497348290049], [34.78944543168112, 32.04497342984195], [34.78938923553777, 32.044961410414324], [34.7893677832148, 32.04495474849189], [34.78914341620953, 32.044885078752316], [34.78896644414514, 32.04483940935314], [34.78872364197418, 32.04479183578098], [34.78866791622649, 32.0447854521125], [34.78861595591033, 32.04478922819041], [34.788550845735884, 32.04480986747426], [34.78854388498605, 32.04481322474212], [34.78851881834509, 32.04483174474395], [34.78848674825244, 32.04486320228507], [34.78846429990734, 32.04488905351169], [34.78841981264392, 32.04495879648536], [34.78837529222892, 32.04503586531646], [34.78836261311481, 32.045060060469645], [34.78835775312048, 32.04507357141085], [34.78834527543533, 32.04512538353984], [34.78833612134514, 32.04521102379688], [34.788337487556554, 32.04527415376222], [34.78834227263992, 32.04531362455952], [34.78837683616876, 32.0454997310315], [34.78839355751969, 32.045569674823334], [34.78840611282914, 32.04561029668502], [34.78841036502227, 32.04562158304404], [34.788441047671796, 32.04567692017642], [34.78850535173288, 32.04576167251825], [34.788515144429134, 32.04579044981994], [34.7885202165189, 32.04583950255379], [34.78849849096835, 32.045924535203866], [34.78848796423903, 32.04594761185424], [34.788461125761444, 32.045992613431295], [34.78842682883967, 32.04604153312262], [34.78835076031037, 32.0461438640332], [34.788346538458406, 32.046162449107086], [34.78834622833673, 32.04619457336379], [34.78837580546267, 32.04623976004634], [34.78837162484948, 32.046245366568904], [34.788351500553496, 32.0462723718882], [34.78832099656249, 32.04628692428516], [34.78823139005831, 32.04627366965863], [34.788216136467724, 32.046280945522675], [34.78821026296519, 32.04629391922192], [34.78820594628361, 32.046303456881816], [34.7882023340859, 32.04632482846122], [34.78819404457896, 32.04637386980325], [34.788188721081994, 32.04647307483353], [34.78818175514481, 32.04660292404883], [34.78817959071509, 32.04664323450277], [34.78818014308095, 32.04665312000591], [34.78814316489916, 32.04657660605318], [34.78812299841014, 32.04653708808951], [34.78809201852645, 32.046473294525086], [34.78806954363729, 32.04643095195321], [34.78805069257709, 32.04642919805909], [34.78802175967753, 32.046425157156314], [34.78797148337204, 32.04642161197265], [34.78796038214994, 32.04642551809978], [34.787951272524836, 32.04642830902841], [34.78792242787001, 32.04644117479111], [34.78786055541539, 32.04647704321827], [34.78782808776855, 32.04648652083519], [34.78773572188473, 32.04649805220437], [34.78769252724789, 32.04650185670587], [34.7875891820815, 32.046526878765896], [34.78734671521295, 32.04658582350166], [34.787187291178284, 32.04661009825059], [34.7870558483413, 32.04662995595095], [34.78688267909319, 32.04665643954813], [34.7867633152799, 32.046675211105985], [34.78664779932196, 32.0466849740608], [34.786491929725635, 32.04669122379929], [34.786462475531856, 32.04669281864746], [34.786443444907974, 32.04669331844818], [34.78637378334943, 32.04669647211833], [34.786245746927875, 32.04669435848077], [34.786241079853866, 32.04669434308733], [34.78623978809714, 32.046694338826704], [34.78623730659655, 32.04669433064188], [34.786137196995625, 32.04669963827575], [34.78605843144976, 32.046703320983326], [34.78593449811679, 32.04670798730413], [34.78589396998925, 32.046657762300825], [34.78587248114168, 32.04663113024397], [34.78563506140814, 32.046344027195204], [34.78560363507936, 32.046306159707505], [34.78545802945709, 32.04612982913955], [34.78500244096445, 32.045581609613336], [34.78479183822681, 32.04532897726035], [34.78428295767825, 32.04471519873307], [34.78402596088507, 32.044406611859486], [34.78396771389472, 32.04433765537214], [34.78374064231753, 32.04407031030156], [34.78350057218482, 32.0437877033778], [34.783433601489854, 32.04370857418337], [34.78252968232332, 32.042628490604976], [34.78137504010455, 32.04125053845101], [34.780704826202715, 32.04044006708515], [34.779332207447645, 32.03881337448746], [34.77896481402773, 32.03839566903039], [34.77895946852421, 32.03838959104523], [34.7789509947733, 32.03839499848654], [34.77883644750939, 32.03826476336766], [34.77811803031396, 32.03866261986474], [34.7766905963558, 32.03668414869556], [34.774403302923886, 32.03277128644921], [34.773926701832885, 32.03297636094742], [34.77271030674783, 32.03347885339217], [34.77270021481093, 32.03346366895082], [34.7716271981678, 32.03388773201578], [34.77120758113658, 32.03406160784741], [34.77062229895847, 32.03432229948705], [34.7702526602122, 32.03444782660898], [34.76990068221869, 32.03451082867101], [34.76973744605843, 32.03453119088175], [34.769619390525435, 32.034680745021284], [34.769300674671356, 32.03487923523231], [34.768825425314475, 32.035130406750106], [34.76835211581235, 32.035321148576045], [34.76797078829831, 32.035488327922536], [34.767340090935804, 32.03572698284145], [34.766088629886234, 32.036126076725736], [34.76485629440121, 32.036456413772825], [34.763641291405925, 32.03662943451762], [34.76277419639407, 32.03668372847153], [34.76147858818025, 32.036593243025095], [34.760697222981754, 32.03651279497837], [34.760062780247786, 32.03622357232556], [34.759920202710305, 32.03424649133744], [34.75990910823681, 32.032989845721694], [34.75957235795064, 32.033055092844094], [34.75919552022958, 32.033024694959735], [34.75594679670287, 32.033547041730884], [34.75594385369608, 32.033497950676825], [34.755744247311696, 32.03246631523584], [34.75553225787265, 32.0324993822584], [34.75548406888319, 32.032199996902136], [34.75545958479055, 32.0319890710383], [34.75542228075668, 32.03178044452605], [34.75536490398914, 32.0316285597776], [34.75521579279816, 32.03112475378749], [34.75475099908305, 32.031170602069515], [34.75464621186561, 32.03069218282194], [34.75288300093252, 32.03095227245484], [34.7528086148272, 32.03061178831118], [34.75266475435369, 32.030603370951546], [34.752635319625185, 32.030551396462016], [34.7522267415823, 32.03066042643237], [34.75194629636659, 32.03081552642549], [34.75140181009177, 32.03095390153293], [34.750930425511314, 32.031101643867196], [34.75060122292043, 32.03122554482788], [34.75059844049413, 32.03127459243265], [34.75051483521447, 32.03129097615723], [34.75055309395413, 32.03119642486591], [34.75040273733202, 32.031009756538985], [34.75047811647919, 32.03096601885446], [34.75025615890599, 32.03068016765471], [34.750073158688814, 32.03078087356262], [34.74994336875147, 32.03061087157961], [34.74998242297667, 32.030591081733206], [34.74975561273501, 32.030302777244806], [34.7499482761323, 32.03019543323781], [34.7497359809525, 32.029926298678376], [34.749573683485, 32.030015445160316], [34.74950582815542, 32.0299296217381], [34.74837929314254, 32.030566299321386], [34.748344979528326, 32.03056933251455], [34.748157221790706, 32.03066839540276], [34.74741148688924, 32.030892240461306], [34.74716252121877, 32.03086771611408], [34.7469459754173, 32.030901293395225], [34.746935952362726, 32.03089449379518], [34.7440411337144, 32.03251118974388], [34.74404203414519, 32.03251150345466], [34.744147967860236, 32.03254877484089], [34.74418296585875, 32.03256242874165], [34.74417078848132, 32.0325697358202], [34.74413819334706, 32.03258930016643], [34.74409055375349, 32.03261789278885], [34.74404459344603, 32.03264647110893], [34.74401489383348, 32.03266496220596], [34.74398865447248, 32.03268571979826], [34.74397046174809, 32.032700356290086], [34.7439580214247, 32.03271036105079], [34.74395726494621, 32.03271097147749], [34.74399892751857, 32.032748319999754], [34.743967491750226, 32.03276240367601], [34.743880392023534, 32.03280143402101], [34.74387210253557, 32.03280535038371], [34.74385950209895, 32.03281093915392], [34.74382021243956, 32.03282826921719], [34.743729393506676, 32.032869079207224], [34.74369206307121, 32.032885856019384], [34.74356391354637, 32.03294344214897], [34.74349262809347, 32.03297502867935], [34.74342134258906, 32.03300661575516], [34.74339415627847, 32.033018633084076], [34.74336697001085, 32.03303065099341], [34.74335371145396, 32.033011141938594], [34.74334072557518, 32.032992283344306], [34.74333281243382, 32.03299549371925], [34.74333000963577, 32.032996628939415], [34.74319630883574, 32.033052012669444], [34.74307729146467, 32.033078633501574], [34.74233792304766, 32.033124999070616], [34.7422204918049, 32.03296170750914], [34.74131671032226, 32.03335353750692], [34.74164639496082, 32.03413567266581], [34.74200965985316, 32.0348753325563], [34.74224019660585, 32.0354725206368], [34.742434878721696, 32.036566532793046], [34.74227400657413, 32.038087598781054], [34.74217425856291, 32.0387641718592], [34.742121429924396, 32.03931773147541], [34.74205299074016, 32.039658250381876], [34.74171799979855, 32.03992680442955], [34.740774860368795, 32.04016735913735], [34.74023088544992, 32.04040412655443], [34.73984555516206, 32.04072928641632], [34.73959310124899, 32.041168521306226], [34.73954126266004, 32.04152329955175], [34.73955579330771, 32.041949315636145], [34.739769934735385, 32.042489652370044], [34.7403169317153, 32.043141419236456], [34.741064563167555, 32.04375469995254], [34.74147955125991, 32.04416797851947], [34.74189468782741, 32.044552859070556], [34.74217586510098, 32.04503664164571], [34.743034236386144, 32.04639743130542], [34.74353466826275, 32.04687322344761], [34.74393356854352, 32.04717284593106], [34.744349368117305, 32.0474299339705], [34.74480954284665, 32.047739497380746], [34.745544620130666, 32.04798264746139], [34.7458510627875, 32.04810495684982], [34.74700096699713, 32.04841544917721], [34.74718089897423, 32.04869059926436], [34.747311416101965, 32.04915581482601], [34.74767931831294, 32.049879798954244], [34.747765376650264, 32.050361879008705], [34.747760517076514, 32.05134046014646], [34.74782888584337, 32.05182247854463], [34.74793293631172, 32.05224440408787], [34.748373206405944, 32.052950343798855], [34.74891677185969, 32.0539308963748], [34.74935531851493, 32.05468523807971], [34.74965323649485, 32.05525841107683], [34.74986389394894, 32.05559038479762], [34.75008188594107, 32.05576552188988], [34.750485590826315, 32.055929699705906], [34.75092631919694, 32.05604393753238], [34.75210440064117, 32.05632427104387], [34.75364671868285, 32.056774144896], [34.75421160643377, 32.05695355069368], [34.75480520100168, 32.05716185313388], [34.7551943144171, 32.057435196111435], [34.7554139881087, 32.05770965672817], [34.7558340836113, 32.058087454983486], [34.7564121696643, 32.059030278309], [34.757047800863944, 32.06053776764833], [34.75750518970315, 32.06151436979851], [34.75761233953442, 32.06226946383485], [34.75761802843967, 32.0623675027603], [34.75875318617035, 32.064781483661676], [34.75986904594626, 32.06666787808284], [34.76066907943395, 32.0676888798985], [34.76091851663399, 32.06805581592524], [34.761002793978875, 32.06842246711221], [34.76099664244405, 32.06876804158585], [34.760812279419184, 32.069244773742234], [34.760684370468866, 32.06991615451712], [34.76073643898215, 32.07108404162276], [34.7607394929621, 32.07120485022073], [34.7610138306388, 32.071845516961076], [34.761354505954756, 32.07300224401466], [34.76162375814038, 32.07408430542587], [34.76178486639481, 32.07452232359879], [34.762387014672065, 32.075815735516514], [34.76273232567654, 32.07665524248828], [34.763146768807914, 32.077534627866896], [34.763316416303574, 32.07812260669622], [34.76404020612315, 32.08025084429161], [34.76412458568717, 32.080434831355475], [34.764323932087315, 32.0813511958404], [34.76441350986964, 32.08167128767622], [34.76458753531038, 32.08222726364202], [34.76478473007046, 32.08267431065207], [34.765139892239866, 32.08313653710946], [34.765605376174896, 32.08353596789557], [34.765677197567186, 32.083659259447444], [34.76600934684141, 32.08446047777837], [34.76610488569835, 32.085143333679646], [34.76615183494017, 32.08557083987187], [34.766164740624426, 32.08607422337058], [34.76619853507614, 32.08649500693777], [34.76649531527463, 32.087735660161904], [34.76650260561827, 32.08788569195723], [34.767265379366606, 32.08881697576174], [34.7674896473334, 32.089129362886766], [34.767727751405715, 32.08957851376127], [34.76779037459042, 32.08964122327123], [34.767861819440974, 32.09000957824883], [34.76800410292329, 32.09036176467172], [34.76808440841839, 32.09042624833362], [34.76811383418669, 32.09054249964651], [34.76806808481593, 32.090584004511776], [34.76831730870753, 32.091147937310225], [34.768413038362034, 32.091864731209014], [34.768880113877515, 32.093563024272065], [34.769193355914, 32.09487219713986], [34.76957489852721, 32.09556484107901], [34.77047634356468, 32.096979751035484], [34.76981284000666, 32.09738081404309], [34.76931400054729, 32.097675305044525], [34.76893549491923, 32.09787342507209], [34.76858057598169, 32.09845789182292], [34.7684820815481, 32.098975135342805], [34.76863675499005, 32.09962842555218], [34.77341026357777, 32.109415536023896], [34.77470379092794, 32.108385523643506], [34.775650894292895, 32.10863699073476], [34.776087011821, 32.10896947811311], [34.776715335088596, 32.10979912824884], [34.77726027146253, 32.110744612867265], [34.778696617181524, 32.114330689009954], [34.779983443136295, 32.11740455398584], [34.781225552334476, 32.12139699040895], [34.78293919982634, 32.12514217833587], [34.78447714248115, 32.12893159915086], [34.78747265091792, 32.13765769405276], [34.79063872311725, 32.14618973326756], [34.79163729870017, 32.14603553811465], [34.797081208553365, 32.14498659778259], [34.80234563907068, 32.14403960994017], [34.802694771638976, 32.14397362442578], [34.802030398585856, 32.14187830379399], [34.80190197410969, 32.141537588712104], [34.80168527811471, 32.14101429331841], [34.80143996922417, 32.14052215991454], [34.801079920888085, 32.13989870536139], [34.80091841834733, 32.13965124588565], [34.800601641556185, 32.139214585908825], [34.80015338167268, 32.13864846063482], [34.798923046697304, 32.13717001568139], [34.79855071759881, 32.13658051058254], [34.79740566535872, 32.13450084580257], [34.79711526377374, 32.133890849510735], [34.79693189392632, 32.13332439216721], [34.796529555078976, 32.131547670752354], [34.796247561673034, 32.130378955736866], [34.79587543198022, 32.12867780797334], [34.79681034177767, 32.12865160364699], [34.79712033523192, 32.129000416141125], [34.797429935314014, 32.12925218106709], [34.79779772594897, 32.12951007983217], [34.79866634125512, 32.12992929467424], [34.79938581051524, 32.13024391936259], [34.80011945104412, 32.13043134238026], [34.800581172772176, 32.130594759542355], [34.80139682989151, 32.130689897420446], [34.80214463268925, 32.13075011429185], [34.80316098488373, 32.13064507736593], [34.80340403604981, 32.130707184392705], [34.804152651124795, 32.130582312154104], [34.80513298638015, 32.130342491419086], [34.806222727712786, 32.129964199272926], [34.806972134733016, 32.129654232905764], [34.80744927132904, 32.1294012467889], [34.807940553311376, 32.129021060221], [34.80835012681096, 32.12866375232955], [34.80881479953144, 32.128144671599436], [34.809252665505554, 32.12753296429921], [34.80949708032304, 32.12705110953528], [34.80999704860236, 32.12653585667845], [34.81018364372798, 32.1260520667489], [34.81036327358787, 32.125651935482274], [34.810506193397075, 32.12533807132155], [34.8107084223489, 32.12532914145385], [34.81092912427354, 32.12486712298124], [34.81115521598273, 32.12443379745761], [34.81638851098754, 32.123951167193056], [34.823719194258096, 32.123259838792784], [34.824027619883864, 32.1239861601268], [34.82341856247938, 32.124637039585856], [34.82277186612938, 32.12513891811399], [34.82178060705432, 32.125879897269414], [34.82173336887865, 32.12595018374059], [34.820953035213066, 32.12751304699951], [34.8199230950079, 32.12953325243808], [34.81963602247767, 32.13031296289974], [34.81943532518436, 32.13095358836404], [34.82569308770209, 32.13069031625486], [34.827703874407526, 32.13061953164237], [34.827394381329135, 32.129877567523316], [34.82728549698815, 32.129657388619755], [34.82666174182695, 32.12862542249144], [34.82618348641282, 32.12785387264943], [34.82714107705155, 32.12784888420736], [34.82779562140934, 32.1278610230981], [34.828831208922416, 32.1288947124642], [34.8289607489595, 32.12903828001352], [34.82929737287719, 32.12900113037361], [34.8334747717896, 32.12883990116805], [34.83338194908606, 32.12839216400378], [34.83579468780486, 32.128118486974934], [34.835795990093814, 32.1277149428187], [34.83730691542246, 32.127714282726636], [34.83717136248269, 32.12719815978217], [34.83674396735003, 32.12643212579788], [34.836435954079626, 32.12587533910991], [34.83619361731559, 32.12515160830579], [34.83709612157173, 32.12516153414056], [34.837649737118944, 32.12518063357476], [34.83854464223401, 32.12526266976375], [34.8389876436845, 32.12530398826656], [34.83942990150882, 32.12534584414744], [34.839653518725285, 32.125366778677474], [34.839936467101936, 32.125391851509825], [34.839898459167465, 32.12434341849952], [34.83992139660593, 32.124255082301936], [34.8410220113676, 32.124258218792704], [34.84116095828962, 32.123870109051104], [34.84127350040626, 32.12386374279379], [34.84131484055161, 32.12366528996404], [34.841757125051224, 32.12351912482657], [34.84186861461415, 32.12202123469935], [34.841897577991375, 32.121504250801465], [34.842101637014636, 32.12146848386833], [34.84353334722257, 32.12101831109077], [34.84351713799328, 32.120963616756484], [34.84341025033973, 32.1207936864603], [34.844390676679865, 32.12043296844055], [34.84426088792014, 32.119996857004104], [34.84426495267617, 32.11968972071555], [34.84522553616719, 32.11968397231386], [34.84625291075046, 32.119641793094154], [34.84689930804631, 32.11947345298177], [34.84687429835027, 32.11933757357563], [34.847778698873924, 32.11918351806425], [34.84854066985493, 32.119066050843564], [34.848530285490924, 32.11876509606394], [34.84888798814748, 32.11869053121583], [34.850381995785774, 32.120325865595746], [34.850315413902884, 32.11981391651109], [34.85068222193616, 32.1197962747085], [34.850972126429085, 32.11979933867183], [34.85104285833961, 32.11975787365667], [34.85117468226327, 32.11975652801899], [34.85125754423956, 32.119783812688645], [34.85154321400599, 32.11967639487492], [34.851715686949255, 32.11954782998984], [34.85188750887747, 32.119490918710575], [34.851641253998416, 32.1180370384467], [34.85138793504476, 32.116924521601895], [34.85137211568802, 32.11685504160542], [34.850778146800444, 32.11424635831373], [34.850720067465375, 32.11399127211234], [34.85062483394007, 32.11357299998673], [34.85072292923731, 32.11358819994151], [34.850675525773916, 32.113383391198454], [34.85066178584233, 32.11332403001014], [34.85063427551927, 32.11320516943405], [34.85006476901211, 32.11067151409056], [34.85000815654739, 32.11041963987158], [34.84928237003637, 32.10719050982826], [34.849065094052044, 32.10727306688136], [34.848893850603204, 32.10730748541756], [34.84877614854745, 32.10730226021284], [34.848684668973554, 32.107289944442336], [34.848575439396896, 32.107234899116804], [34.848506556724985, 32.107211619835276], [34.84823132773039, 32.107013715712604], [34.8481233860367, 32.106953894420535], [34.84802690126827, 32.1069177314985], [34.847620541595425, 32.10683159083699], [34.84737825030613, 32.10678947453393], [34.84720712369342, 32.1067951241293], [34.84701891008676, 32.10675320089886], [34.846923483573704, 32.10674418453255], [34.84680256893774, 32.10675177895898], [34.846751972080035, 32.10676696601171], [34.846567127587775, 32.10686654257285], [34.84614967805889, 32.10724943302316], [34.845770583340524, 32.107549917528125], [34.84535984727958, 32.107785292783156], [34.845297128204976, 32.10783922214854], [34.84496017276822, 32.10803756085553], [34.844531338445975, 32.10818594964073], [34.84434760632216, 32.108270645792224], [34.8439810850528, 32.108416053854604], [34.84373121166312, 32.10848072201413], [34.843582418855696, 32.10851682040108], [34.842944494999884, 32.10854322731576], [34.84271764057485, 32.10849244039939], [34.84238446370975, 32.108429806027516], [34.84220850346276, 32.10831594836635], [34.84209301656186, 32.10818269484726], [34.84199510302598, 32.10797202780158], [34.84195259754319, 32.1077350073249], [34.84187741539971, 32.107590866831615], [34.8416802814697, 32.10736684003143], [34.84151678083504, 32.10721144433113], [34.84139521437674, 32.10711514629887], [34.84130336778844, 32.10708557496103], [34.841186047563035, 32.107067563368396], [34.840856979066814, 32.10709213991574], [34.84042416681118, 32.10717503307271], [34.840410494586244, 32.10714956390305], [34.8403114693487, 32.10716686365128], [34.840184936520195, 32.10717434533427], [34.84012941546467, 32.10730873257246], [34.839925528585404, 32.10722084929626], [34.83965503517117, 32.10708047754509], [34.83932086239336, 32.106843336892744], [34.83914219248538, 32.10674651101345], [34.83916913765344, 32.106658574287536], [34.83897347452087, 32.10653778239428], [34.83868138942609, 32.10638266306407], [34.838653319077515, 32.106381770713654], [34.83862144515372, 32.106404223321896], [34.83857704081246, 32.10656668682472], [34.838443690450006, 32.10655647242955], [34.83845784080834, 32.106462547320376], [34.837295961616135, 32.105918743956494], [34.837233581460055, 32.105992960503045], [34.83656776381649, 32.10566016311912], [34.83657499355553, 32.10557397338816], [34.83645371022476, 32.1055151855292], [34.836354605070056, 32.10547350585573], [34.83611562290847, 32.10541212059074], [34.83584184217753, 32.10532438690186], [34.83568588130189, 32.105285522326604], [34.83561311165449, 32.10528531046063], [34.83530386227335, 32.105331392333], [34.83490578867182, 32.10536549180403], [34.83490324735463, 32.105418328931], [34.83439677940746, 32.105506938725505], [34.83436270682358, 32.1053913203639], [34.8334631941913, 32.10542394874565], [34.833101930856806, 32.105472398700556], [34.8325071732506, 32.10558142525534], [34.83199431280821, 32.105719211892506], [34.8314854723907, 32.105817542513876], [34.83143939389142, 32.1058409433146], [34.83142112537353, 32.10593034651381], [34.83087990739342, 32.10596635641893], [34.830528311260956, 32.105981010005976], [34.8304453873156, 32.10599952247707], [34.83037553259589, 32.10598209182268], [34.829990947714556, 32.10598095550677], [34.82981782010595, 32.106008669539], [34.82981797361657, 32.10597106565338], [34.82960072632312, 32.10598449081063], [34.8293243429213, 32.105949274941814], [34.82914090188095, 32.10593614596493], [34.828917019772724, 32.10593981082255], [34.82844144510858, 32.105882399471724], [34.82784698972721, 32.10572309122472], [34.827773732122836, 32.10569044179885], [34.82785669910486, 32.10546436902936], [34.8279158843158, 32.105234250523544], [34.8272424053552, 32.1044983804705], [34.82711915546903, 32.1044810597738], [34.82621507611578, 32.104748809030056], [34.826179214766434, 32.104709384212086], [34.82596044102902, 32.1047857430158], [34.825972574061204, 32.10482383495119], [34.825763259245804, 32.10489183515324], [34.825740082596745, 32.10486056438657], [34.825636765819766, 32.1048652151926], [34.825331635344675, 32.10484022424293], [34.82517422032754, 32.104784474035554], [34.82510328861454, 32.104720505325474], [34.82500350886563, 32.10453597165247], [34.824743094772394, 32.104458990316246], [34.824420516850445, 32.10432455873689], [34.824214872202376, 32.104351084926925], [34.82395928470637, 32.10413181491707], [34.82399566986573, 32.10409576249461], [34.82393455551198, 32.10404020913398], [34.82389281665303, 32.10401438307298], [34.823760395709314, 32.10396068990079], [34.823234951731784, 32.10369497623824], [34.82321301176233, 32.10362078367162], [34.82320609024931, 32.103424624381965], [34.823473357586, 32.10322838785815], [34.82408060324799, 32.10310720951777], [34.824243542845736, 32.10303104685014], [34.82433235361071, 32.10299830768779], [34.82438825026766, 32.10293165327643], [34.82464986811948, 32.10274225099646], [34.82473023604136, 32.102624808918996], [34.824752622106345, 32.1025140467188], [34.824740358625576, 32.102456566177], [34.8247172575541, 32.102407259221344], [34.82458206305294, 32.10228123515142], [34.82437961563202, 32.1022282341303], [34.824263787636426, 32.102260981979626], [34.82417156231429, 32.10232581385444], [34.82398043249385, 32.10220007251729], [34.823569605659806, 32.101990254755144], [34.82350497809625, 32.10196580237449], [34.823211089785154, 32.101889438793954], [34.822528831005584, 32.10188738369872], [34.8221708166858, 32.101818669854715], [34.82161612038107, 32.10158532580729], [34.821369258349776, 32.10141152675507], [34.82122906552511, 32.101266816934235], [34.82118023571708, 32.10118839420762], [34.821135394897404, 32.10104280036455], [34.82113976165166, 32.10093577159114], [34.82117354913846, 32.10086147645161], [34.821259435805146, 32.1007422495891], [34.82139931189981, 32.100581974245365], [34.82147515753554, 32.10050780618533], [34.821613657882764, 32.100397214911666], [34.82203184146834, 32.10013470545805], [34.82213991064047, 32.10005666639981], [34.822386629546266, 32.09978074267347], [34.82246961810547, 32.099669892787084], [34.82254751646289, 32.099534318592134], [34.82260170975555, 32.09936819250975], [34.82260313064286, 32.0990514893833], [34.82256265549789, 32.09895162977728], [34.82246892003461, 32.09881941574912], [34.82239180318385, 32.09876624837131], [34.822226475534244, 32.098680079934624], [34.821963150366, 32.09851750465315], [34.82189833037017, 32.09846374275989], [34.82180161553474, 32.098359745206196], [34.821689897554606, 32.09822188524833], [34.82142267507351, 32.09777523424715], [34.82089719918143, 32.097198214291716], [34.82053271529613, 32.09678174731705], [34.82014920164342, 32.09640688402261], [34.81999613389053, 32.09627791498375], [34.81992585453895, 32.096238293652505], [34.81976745225011, 32.0961684653665], [34.81944946773002, 32.09608462517983], [34.81931512596543, 32.0960881847645], [34.819202246203226, 32.09612670853348], [34.819027096449126, 32.09621130453248], [34.818948116595124, 32.09627590270662], [34.818901031113754, 32.096338253205886], [34.81886084189657, 32.096423259570535], [34.818842626318784, 32.0964976015413], [34.81885491636286, 32.09695132787711], [34.818819052403384, 32.097090995659144], [34.81867907274239, 32.09740168590412], [34.818628098672434, 32.097482150403266], [34.818506749145556, 32.09759450411123], [34.81824651247233, 32.097758287110636], [34.81819907564847, 32.09777843268983], [34.81745036830299, 32.0978640719622], [34.81719035848523, 32.09794786504561], [34.816122231957195, 32.09813676615336], [34.81573574087587, 32.098168856781406], [34.81563605448077, 32.09816791957598], [34.81555100243831, 32.0981395228216], [34.81548568756651, 32.098077910646516], [34.815413491329814, 32.097990305856634], [34.81536921428411, 32.0979140590593], [34.81525282347264, 32.09753044229567], [34.815220962820725, 32.09744972469911], [34.81484891505486, 32.09694926193602], [34.81463203424201, 32.096680854306506], [34.8144732716905, 32.09652309411855], [34.81427500836929, 32.09636187547281], [34.813810919523945, 32.09608314595311], [34.81354376262592, 32.095956071787086], [34.81325226827034, 32.095846957644284], [34.8125652713794, 32.09567349500432], [34.812388515354684, 32.095661675801296], [34.812191629350686, 32.0956757655271], [34.81203850619534, 32.09571136280208], [34.81156442745531, 32.0959127954858], [34.811090205222065, 32.096074186612434], [34.810503249322736, 32.09623865224064], [34.810262709003524, 32.09627848443296], [34.80979479220153, 32.096302367872624], [34.80979445025698, 32.0949846037261], [34.809275720903216, 32.0950433884516], [34.80904467767342, 32.09484643927225], [34.80831832294865, 32.094911172946915], [34.80846883025235, 32.094376793828076], [34.80850407336432, 32.09431071261155], [34.80857623236991, 32.09401172533567], [34.808679091012515, 32.09366837591014], [34.80876906995692, 32.09340364153121], [34.80893168963863, 32.09282518935493], [34.80903794066944, 32.09254893597336], [34.80918590743477, 32.09208614976772], [34.80934303213513, 32.09087274440878], [34.80902122633032, 32.090797252767075], [34.80874498114482, 32.090669689358414], [34.80757225436528, 32.08998236163641], [34.807399143727274, 32.09020421464789], [34.80715528183603, 32.090329069075864], [34.80695998647045, 32.09034513992357], [34.8070463363888, 32.090977563354436], [34.80647990206449, 32.09103241734642], [34.80605599627658, 32.09100132630333], [34.8059266044972, 32.09101363489367], [34.80549866274244, 32.09103429172813], [34.80539325202694, 32.091061013378486], [34.80505630485612, 32.09093096706533], [34.804724969825806, 32.090834812423786], [34.804407363163754, 32.09079277880337], [34.80397871907287, 32.09087754524856], [34.803908047981956, 32.09090491648838], [34.803816513152036, 32.090980828211464], [34.803595611315025, 32.091232088763135], [34.803551835305036, 32.09128677907633], [34.80342199490256, 32.0914975664637], [34.80332841891939, 32.091628300132214], [34.803300704419314, 32.091691517456624], [34.80323828438232, 32.091795115554014], [34.8031623376656, 32.09196350924115], [34.80312052698333, 32.09210153062093], [34.80301561819, 32.09230373919316], [34.80288555711925, 32.092467542562375], [34.8024861300903, 32.092877665448306], [34.802244341936806, 32.093175568088135], [34.80211858612587, 32.09331166311536], [34.801825503146546, 32.092949429648556], [34.80175781957287, 32.092513020440705], [34.80165581067701, 32.09215053891022], [34.801563105491645, 32.09196568062432], [34.80154410768565, 32.09163404408105], [34.80153373908669, 32.091584805839524], [34.80152954251354, 32.09156487049303], [34.80152141151723, 32.09152626277381], [34.80088810990926, 32.090032594239624], [34.80069071635224, 32.08959646731452], [34.799710097287175, 32.08618181316933], [34.79935696519918, 32.08485695056143], [34.799344473738564, 32.08482494239383], [34.79933198482846, 32.08479293427815], [34.79931949338742, 32.084760925566854], [34.79930700449469, 32.08472891740343], [34.79929943968155, 32.0847087147278], [34.799291876821464, 32.08468851426735], [34.799284312014876, 32.08466831159073], [34.79927674911078, 32.08464811058803], [34.79926704233805, 32.084621341864384], [34.79925733684453, 32.08459457255782], [34.79923792460042, 32.08454103456943], [34.79920413147273, 32.08444049419211], [34.799187236571896, 32.084390225380126], [34.79917878656212, 32.08436509042393], [34.799170339096605, 32.084339956016294], [34.799409732036146, 32.08401241493836], [34.7995680453986, 32.083901279523076], [34.79965400381196, 32.083768450195215], [34.79971294257267, 32.083637788975224], [34.79972501021174, 32.083591385812106], [34.79973230813148, 32.08349771324008], [34.79969665623302, 32.083439704729095], [34.79969691222807, 32.08335755227653], [34.79963464701115, 32.08328178405786], [34.79959141636975, 32.083189032159396], [34.799611501904444, 32.083125880916825], [34.7995900835489, 32.08303482187336], [34.79959294736697, 32.08298586399049], [34.79962139350756, 32.08292427290066], [34.79963457550741, 32.08286542799755], [34.799679855838086, 32.082805513843844], [34.799731270532114, 32.082771590214406], [34.80005521852292, 32.082040192570716], [34.80006335529657, 32.0818755519623], [34.800179470940684, 32.08158094737042], [34.80007060120779, 32.08148122336578], [34.79993484044692, 32.08137879783813], [34.79960301537358, 32.081254283377426], [34.79952276104335, 32.08121673793054], [34.79942730707315, 32.0811767886534], [34.79903992840545, 32.08101465967393], [34.79887910351524, 32.08093072966293], [34.79863388391563, 32.08094389526619], [34.79839346223196, 32.080956801625], [34.7982485139438, 32.08096458330236], [34.798229396293216, 32.08096021120276], [34.79821851190057, 32.080956342179], [34.798194056353886, 32.08094318776301], [34.79806214385256, 32.08083342462218], [34.79804324462606, 32.08082076080313], [34.797811167531485, 32.080665226234515], [34.7977487990232, 32.080618212238484], [34.797731656723805, 32.08060691733479], [34.797709547084544, 32.08059106508061], [34.79768992002477, 32.08057634640312], [34.79763682613204, 32.08053221542417], [34.79761805525175, 32.080510736073656], [34.797592354101106, 32.0804841662859], [34.797574084074334, 32.08046156292498], [34.79756257182594, 32.08044461576686], [34.79755139873366, 32.080426544129935], [34.797540399270154, 32.080406781114704], [34.7975200539615, 32.08036670168857], [34.797513358684995, 32.080346952447215], [34.79750308167218, 32.0803131023919], [34.7974919529197, 32.08027657683571], [34.79749194457986, 32.08027655863789], [34.797639792452145, 32.080158004939676], [34.79889596946453, 32.079391002382124], [34.799357198892594, 32.07918389391521], [34.80187711434334, 32.07786575380861], [34.801950263080634, 32.07770537764042], [34.80201066571846, 32.07745640520813], [34.8021506665831, 32.07678330364116], [34.80214497695982, 32.07675235431352], [34.80096836112637, 32.073766487712874], [34.80061377349793, 32.072899099663246], [34.80182296078129, 32.071298302586946], [34.8018326621319, 32.07128426553285], [34.80180315918629, 32.0712498136259], [34.80217951068618, 32.07075105651904], [34.802389132723285, 32.070434343855865], [34.802209525600055, 32.07025255189034], [34.80227675827917, 32.070044001230045], [34.802405310042076, 32.069902918252005], [34.80245124552667, 32.06983660209008], [34.802826967739904, 32.066038461340774], [34.803737432281146, 32.066109595854655], [34.80381519566568, 32.06556246740217], [34.80451094271552, 32.06561651749651], [34.80453651825717, 32.06548250198486], [34.804625267892696, 32.06516490078799], [34.80483447577659, 32.06451852573628], [34.805023459233674, 32.06409131186732], [34.80516319270543, 32.06381048351432], [34.80551509995991, 32.06324797223978], [34.805773729851964, 32.062900514314386], [34.805893869142906, 32.062351340672194], [34.80561319902789, 32.06215711385385], [34.80586706949973, 32.061888547408856], [34.806157549900185, 32.061618291798275], [34.80660713242024, 32.06126349606857], [34.807045853815175, 32.06097070794474], [34.80792331732074, 32.06050172866321], [34.80885463344521, 32.060164212137494], [34.80957568544418, 32.05994303236769], [34.81016097195864, 32.05981315646685], [34.81073000278544, 32.05969994662836], [34.81061719599339, 32.058989976335475], [34.8105705941819, 32.058801284749244], [34.81144738431781, 32.05864664313409], [34.81172638945676, 32.05861524382791], [34.81155437703982, 32.05776978403326], [34.81118264618084, 32.056567985366705], [34.81096059684491, 32.05597400914939], [34.810821832240386, 32.0557628279138], [34.810531891571905, 32.05527198348977], [34.81032067073892, 32.054943886239116], [34.8107677846877, 32.05463541972935], [34.81100803458846, 32.05445027542417], [34.81153411850712, 32.05401105133392], [34.811898866968825, 32.05367175455248], [34.812165257792486, 32.0534036645018], [34.812467132668736, 32.053057408027996], [34.81287154708751, 32.05255203063411], [34.813126939947445, 32.052189630690165], [34.81350935222562, 32.051543359622016], [34.813684343903844, 32.05120293116274], [34.81375602308337, 32.05102955690923], [34.813815029253384, 32.05084829800941], [34.81385803968525, 32.05066867791057], [34.813883582324, 32.05048779197349], [34.81389674155046, 32.05030684258555], [34.81394996823561, 32.04831945392968], [34.81393037831428, 32.04774585318255], [34.81384387305398, 32.047023610809916], [34.81367852820016, 32.04626622598304], [34.8132581377694, 32.04468570792389], [34.81325628645478, 32.044672464283764], [34.813455775515216, 32.04464339260872], [34.81382910237093, 32.04459085718102], [34.813764002315466, 32.044414926240236], [34.813748129658514, 32.04436248314985], [34.81370375617142, 32.04426594459689], [34.813497060394965, 32.043698890709756], [34.81347062243571, 32.04364127468874], [34.813335746437126, 32.04326607312598], [34.813244151887375, 32.04302005168056], [34.81315445439472, 32.04280108984064], [34.81300386044688, 32.04238751317521], [34.81290969801843, 32.04214824699249], [34.81264997828685, 32.041454776600126], [34.81262881552133, 32.04140222673602], [34.812591554700994, 32.04130129103652], [34.81241747692138, 32.040859414820446], [34.81238038075056, 32.040819260414416], [34.81234107625149, 32.04080056196606], [34.8122967451125, 32.040793661422455], [34.81222685837234, 32.04079569976558], [34.81202574466663, 32.04086045764732], [34.811645929772254, 32.040971464911685], [34.81127373976909, 32.04108186337243], [34.810842705671206, 32.04121128636065], [34.81040712013443, 32.04134123480831], [34.80986879381933, 32.04150476960367], [34.809765900076954, 32.0415299807618], [34.809282515211976, 32.04011354948452], [34.80895104001323, 32.03922542099184], [34.80878470607735, 32.03880953558134], [34.808437310265504, 32.03805545275066], [34.80831416810498, 32.03749370098111], [34.808127964579484, 32.03756300828319], [34.80793812526448, 32.037659777746754], [34.807934787227424, 32.03766155836402]]}}, {"type": "Feature", "properties": {"OBJECTID": 21437287, "LAYER_ID": 2612672, "GROUP_ID": 254011, "SCENARIO": "", "DEFQ": 0, "PLAN_NAME": "", "DATA_DATE": null, "MAVAT_CODE": 21060, "MAVAT_NAME": "גבול שטח שיפוט", "NAME": "", "LABEL": "", "TYPE_CODE": 0, "TYPE_NAME": "", "SOURCE_COD": 0, "PL_CHANGE": "", "PLACE_NO": 0, "ADDRESS": "", "LENGTH": 0.0, "WIDTH": 0.0, "REMARKS": "", "DATE_DEC": "", "STATUS": "", "STAGE": "", "AGAM_ID": 99000310859.0, "SHAPE_LEN": 22802.4064927}, "geometry": {"type": "LineString", "coordinates": [[34.90122481920651, 31.971462617726097], [34.901537916973204, 31.971492066180744], [34.90179305293856, 31.971501375138832], [34.902108798396924, 31.97170223699521], [34.90223204783285, 31.971827618279896], [34.90284208516758, 31.97166884446366], [34.90305413863087, 31.97211870479988], [34.90314952429135, 31.972320145973832], [34.90333493342523, 31.97269258161269], [34.90357612470073, 31.97314518299403], [34.903717045663704, 31.973425077301467], [34.90381874658691, 31.973564535824316], [34.904179427838436, 31.97397571191886], [34.90441415112901, 31.97418255703638], [34.9046564339364, 31.97435278083406], [34.90492516727577, 31.974523067160344], [34.90526523644084, 31.97471719457911], [34.905341806975464, 31.97475795634623], [34.90888623828801, 31.97421953481761], [34.91084075586929, 31.97304721044896], [34.911281904360266, 31.972750070634216], [34.9121352126398, 31.97217899305609], [34.912603746522834, 31.971861238388815], [34.9127814167053, 31.97174062195339], [34.91311482406046, 31.971516391601895], [34.91368267495035, 31.971135871273624], [34.9141035956227, 31.970855218037066], [34.914396506281115, 31.970659779961885], [34.914456289815845, 31.970620020419606], [34.91484020849515, 31.970362763325188], [34.91488080027639, 31.970335303533847], [34.91504870529286, 31.970219042905438], [34.915309100212966, 31.97004380163816], [34.915758088920214, 31.96974466145469], [34.916156955123896, 31.969475270614048], [34.91624809004317, 31.969419017016865], [34.91654347586829, 31.969238380331554], [34.91676635197112, 31.969100948475063], [34.917008959646935, 31.96895133606085], [34.91721954441348, 31.968821327714796], [34.9173797290097, 31.96873391168152], [34.917879670961185, 31.9684588240435], [34.91805839610076, 31.96836200154638], [34.91816847229253, 31.968302113590426], [34.91837623866293, 31.968199833212086], [34.918782561124694, 31.968003645149317], [34.91902855570346, 31.967885554632005], [34.91917958361405, 31.967820110529175], [34.9193257131181, 31.967756774316967], [34.9194441671112, 31.967705561649648], [34.91998391610767, 31.967472301626028], [34.920141457724704, 31.967412911235797], [34.920760873639686, 31.967179262070047], [34.92104138697611, 31.96706885213044], [34.92108077686008, 31.967052595830342], [34.92107473672929, 31.967028345142396], [34.921051288548945, 31.966966858130792], [34.92103471649106, 31.96692736865156], [34.92097222416628, 31.966769412512217], [34.920831611406385, 31.966429227970032], [34.91996505618563, 31.96673392668727], [34.91919107183581, 31.966485860980697], [34.91905567618056, 31.96643933900629], [34.91516245390999, 31.968310237700777], [34.912782798970746, 31.969397962753465], [34.90958830069561, 31.966719249909342], [34.90802756721233, 31.964998640140237], [34.90964047461027, 31.963777667724372], [34.90862858495513, 31.96275582060771], [34.909122935635324, 31.962657208066098], [34.909080430053656, 31.962614837422418], [34.908631328703706, 31.96215724928845], [34.908411559769114, 31.961932976709086], [34.908137249412974, 31.961655593007627], [34.9079201119776, 31.961434707495336], [34.90770000700926, 31.961213814132112], [34.90748072403568, 31.96099179396152], [34.9072640962053, 31.960769216532107], [34.90704746382933, 31.960547765980742], [34.90734327580595, 31.960458277440942], [34.907231927995554, 31.960185219414065], [34.90833706037939, 31.959422306903033], [34.908810292540636, 31.959070524017022], [34.909290025752064, 31.95873770490155], [34.91066095596391, 31.957731810847786], [34.91091617571087, 31.95753563312953], [34.91108829714346, 31.95740485000107], [34.91124286069015, 31.957208439007466], [34.91137969565517, 31.95700189384386], [34.911469177709826, 31.956826757519938], [34.91126407802341, 31.95682182248295], [34.91085651577056, 31.956819753663037], [34.91079961451425, 31.956833149261147], [34.910494384899785, 31.956926568500133], [34.91003081840543, 31.95712445764196], [34.90976506688519, 31.95722473021195], [34.909460261967105, 31.957287149288764], [34.909389653983055, 31.957297695337925], [34.9090912236081, 31.957331382051525], [34.9087414239991, 31.957303513716685], [34.90849880154086, 31.95725053189858], [34.90833528592202, 31.9572168953991], [34.907716636918856, 31.95706890722316], [34.907415391670376, 31.95700113193118], [34.907255211965776, 31.956957921192895], [34.90634669376163, 31.95670103043767], [34.90608069193104, 31.9566226246271], [34.905934625454314, 31.956559154650762], [34.90583398230391, 31.956505371973638], [34.90572476391231, 31.95644593489612], [34.905647049382836, 31.956404607516767], [34.905608157571024, 31.95638045931332], [34.90559125586147, 31.95637082238472], [34.905669852249815, 31.95625417102952], [34.905830006423884, 31.95599753176671], [34.905912861108014, 31.956033235886355], [34.905928877991265, 31.95603778258845], [34.90593467763116, 31.956032720787135], [34.90627852687647, 31.95570042509245], [34.906389518671816, 31.95556935673896], [34.90649905342503, 31.95543096261616], [34.90676064760764, 31.955080432522347], [34.90726748890583, 31.954530952546143], [34.907295544742894, 31.954492128151422], [34.90738302667874, 31.95426969776427], [34.907562710933874, 31.95415569962019], [34.90771289611382, 31.95406756152011], [34.9077346201269, 31.954045067008053], [34.90788710167226, 31.953857734342208], [34.908527513672986, 31.95350075835793], [34.9089263827177, 31.95322043430943], [34.90958808753841, 31.95281503011435], [34.90970626603544, 31.952760631057195], [34.90973497301507, 31.952724625236154], [34.910005287132485, 31.95238256402917], [34.910209314931016, 31.952303002766484], [34.91035200850608, 31.952230059498643], [34.910553872226956, 31.952155001722296], [34.910758136418885, 31.952104745732445], [34.910897342258416, 31.951985577585432], [34.91051805992435, 31.952034862495484], [34.91048199461551, 31.951994197525174], [34.91045261797953, 31.951929877695555], [34.91053584763735, 31.951847215350565], [34.910552275762896, 31.95182583697572], [34.91054778385376, 31.95173113641239], [34.91052199071279, 31.951630748609972], [34.910249675066325, 31.951306028596434], [34.91023969575149, 31.951222587944688], [34.91010638474451, 31.951151263642824], [34.90995195112161, 31.951124413862033], [34.90965523199467, 31.95104256249895], [34.90956826860884, 31.951001216568503], [34.909515008533965, 31.950963890979693], [34.90924972573101, 31.951024713313245], [34.90913766846808, 31.951079124577113], [34.909071776181996, 31.951063752206032], [34.908948300594005, 31.951018939140322], [34.90871822781886, 31.950923148751922], [34.90850679104142, 31.95083923872598], [34.90843042531801, 31.95079227818118], [34.90831666529984, 31.950707470400665], [34.908258510592155, 31.950650408503673], [34.90805073965832, 31.95030047195377], [34.907876354531545, 31.94995061301136], [34.90766243469535, 31.949662659346785], [34.9076302618867, 31.94964623991663], [34.907499046382085, 31.949388353881805], [34.90749206121146, 31.949351700922787], [34.90750260245996, 31.94925816263808], [34.907499889239716, 31.94922884742482], [34.90746957381914, 31.949200594939338], [34.9074297723309, 31.94918187946445], [34.90747602227823, 31.94909380831313], [34.90737292652226, 31.949065593164903], [34.9072916364398, 31.94898577287822], [34.907211565493455, 31.9488230789221], [34.9071877973126, 31.94848547536042], [34.90711244013294, 31.94833722166279], [34.90706476785307, 31.948105048792215], [34.90705245937558, 31.948045074621984], [34.90730189700903, 31.947637859495124], [34.90732786908163, 31.947422206507945], [34.907436573819616, 31.947264643709044], [34.9074203629939, 31.947109314101947], [34.90740281248301, 31.947041546911176], [34.90743624742896, 31.946872986220075], [34.907480154309795, 31.946675079974682], [34.90750353754964, 31.946569684216254], [34.90739729095253, 31.94652227067061], [34.90733746561577, 31.946214793650714], [34.907323854997834, 31.946072996725395], [34.90707899384289, 31.945782852061093], [34.90693712075834, 31.945698020112324], [34.906906363308934, 31.94562625393343], [34.90679980378037, 31.94547927930155], [34.90672960812915, 31.945436910040065], [34.906611240182556, 31.94531164155221], [34.90645415600381, 31.94515571056988], [34.90640208943541, 31.945067030433293], [34.906253731009116, 31.944960448516948], [34.906112383341636, 31.944844684771965], [34.90607664626727, 31.94474305671413], [34.90585464001858, 31.944615650583255], [34.90568038778723, 31.944765301949], [34.905365146547425, 31.944492844089595], [34.90503282865986, 31.944562041885707], [34.90455432161251, 31.944280719984512], [34.90443103638248, 31.94423542135743], [34.904188361699504, 31.94415006310236], [34.90421463077771, 31.943954370803773], [34.90423205269774, 31.94382905271548], [34.90418927908525, 31.94366756720924], [34.90418766575299, 31.943661466920723], [34.90418702229575, 31.943659045206694], [34.904125900379015, 31.943689020917652], [34.904050084666416, 31.943684422855046], [34.90397149385299, 31.94372012945136], [34.90376018988478, 31.943847866875902], [34.90370102772823, 31.94386053236439], [34.90363732663313, 31.943838197311717], [34.903519059170286, 31.94378128311654], [34.903288029607516, 31.943654189619423], [34.9032390273524, 31.943600119956283], [34.90313749344494, 31.94348305143086], [34.9030743605367, 31.943448542665553], [34.90301326413666, 31.943341081836312], [34.90295939018314, 31.943253510539716], [34.9028976466939, 31.943153140327595], [34.90274513973607, 31.943056013936456], [34.90262490118549, 31.942972415242398], [34.90256945563914, 31.94293984877765], [34.90258259202409, 31.94278433720239], [34.90262687712838, 31.942590976632594], [34.902651498011096, 31.94238337836143], [34.90248848327649, 31.942256173078192], [34.90251403392391, 31.94222410567146], [34.902715837072705, 31.942265166732714], [34.902806361905256, 31.942325128409426], [34.9027964645719, 31.942420920827722], [34.90284978690688, 31.942538847738934], [34.90305504254463, 31.94258442552034], [34.903148492081954, 31.942559282663172], [34.90326946821577, 31.942523767837063], [34.90328742441128, 31.942420395954002], [34.903271398967604, 31.94226761405789], [34.903308541043934, 31.942204351790668], [34.90331423152939, 31.942125646046], [34.90319010186262, 31.941870672906138], [34.9031469696079, 31.941768700043237], [34.903076460842684, 31.941731488226992], [34.90298411499279, 31.941726638974572], [34.902908036522106, 31.941731088531157], [34.902864859239436, 31.94164300486202], [34.9028651616289, 31.941550394777835], [34.902973853958095, 31.941541393018582], [34.903060826219196, 31.94152770616848], [34.90309935734192, 31.94137499093899], [34.90312157196251, 31.941226867120303], [34.90303567485373, 31.941025301167098], [34.90295454296603, 31.940913976624316], [34.90295476968341, 31.940844519345806], [34.902993072103165, 31.94076125919787], [34.9030205088669, 31.94067797546403], [34.90301539441944, 31.94058072238066], [34.902977558709175, 31.940520435034838], [34.90295602417526, 31.940460188080742], [34.90296163927043, 31.940404635150177], [34.90302143063657, 31.940395515607353], [34.903113701531055, 31.94042351710791], [34.903173298504726, 31.940474595134134], [34.90326013389013, 31.940502583637056], [34.90333612081329, 31.940525917317565], [34.90340114976284, 31.940577005903137], [34.9034553729793, 31.940609548780508], [34.90350390861365, 31.940720795745985], [34.90347087254551, 31.94085500298427], [34.9034814966815, 31.940929117231672], [34.903546573198035, 31.94096631649962], [34.90374744207178, 31.941013096429256], [34.903991912856405, 31.941018306742365], [34.90422036773148, 31.940935495838023], [34.90434577782643, 31.940796877030703], [34.904390960155084, 31.940691888296698], [34.9044255634018, 31.940491495081115], [34.904406744516955, 31.94042657780294], [34.90440716567768, 31.94029692345202], [34.90440215527159, 31.940198387018988], [34.90427235136311, 31.940017488875803], [34.904202340163785, 31.939827472166815], [34.90426240386374, 31.939735003281918], [34.9043116445885, 31.939628615606036], [34.904344543639766, 31.93953608249448], [34.90440444155401, 31.939494549282518], [34.90448611529237, 31.939439175895494], [34.904486325809344, 31.93937434868726], [34.904459341851194, 31.939318719238486], [34.9043022085671, 31.939188692658412], [34.90415876866548, 31.939057583702517], [34.904061112296034, 31.93901567811557], [34.90398511135956, 31.938996976634368], [34.90384412755493, 31.938913292563036], [34.90379551967534, 31.938825198531664], [34.90370353660718, 31.938709216409237], [34.90359503060213, 31.93866265514158], [34.90348637384483, 31.938662397765746], [34.90335586386585, 31.93869913140788], [34.90317070818133, 31.938832977972606], [34.90299669187909, 31.938883501291144], [34.90283904735391, 31.9389109102384], [34.90272497185128, 31.938906009212857], [34.902551348644415, 31.938836139418846], [34.90243202124559, 31.938775657665627], [34.90239966759386, 31.938701493313598], [34.90235511253522, 31.938587060694395], [34.9023176585949, 31.938411010240692], [34.90223115684647, 31.938281149106746], [34.902117582268275, 31.938123441970315], [34.9019930828146, 31.93798422879783], [34.90183061467926, 31.937826403314038], [34.901613893279, 31.937645297008007], [34.90138631012577, 31.937464162750352], [34.90118034916592, 31.937315494102304], [34.900804263350516, 31.93709446345106], [34.900750195304575, 31.93701561491706], [34.900773065195594, 31.936787961834707], [34.90072011273691, 31.936681626755142], [34.900642819728965, 31.936626391940003], [34.900458669981965, 31.93645462126193], [34.90038839495899, 31.93634795064273], [34.900372706109096, 31.93616269193698], [34.90039987659846, 31.936044897090184], [34.90051432737177, 31.935934038375983], [34.900585122022584, 31.93588327156913], [34.900596306805596, 31.93578605785127], [34.900591238877595, 31.9356749114758], [34.900575062396335, 31.935637828197336], [34.900515302341844, 31.935637685241325], [34.90036331143048, 31.935600278609044], [34.90020593163568, 31.93554896564804], [34.900075882458744, 31.935446781860314], [34.89996751948192, 31.935358541489798], [34.899946154019716, 31.935247357646023], [34.89995732608817, 31.935154774125504], [34.90001748053603, 31.935034524253492], [34.900104723603654, 31.934937492216807], [34.900295293353004, 31.93480829316819], [34.90044697349554, 31.93471279563888], [34.90048937995646, 31.934612476239508], [34.90044787036953, 31.934440228261856], [34.900406101923366, 31.93434687892653], [34.900297079376955, 31.93423185307819], [34.90012097296101, 31.934044934787714], [34.90002010709258, 31.93400882977441], [34.89985154067642, 31.934087327228323], [34.89980112057081, 31.934065686994586], [34.89910048515568, 31.932975186518412], [34.899140152126485, 31.932902092613627], [34.89914053135733, 31.932787326993335], [34.89907354381325, 31.93268674510601], [34.89894755231001, 31.932614713815706], [34.89880002721378, 31.932594010379926], [34.89866757730452, 31.93242460164753], [34.89862604348993, 31.93244253794519], [34.89837971531647, 31.9325326891931], [34.895265916444785, 31.933866596751972], [34.89522504920595, 31.933883406284274], [34.89509897800368, 31.933931008728752], [34.8937953611305, 31.934448060602623], [34.893347611037335, 31.934635813415696], [34.89293785684573, 31.934672555678098], [34.89209754544805, 31.934349652615705], [34.89157837116256, 31.93284528386555], [34.89150805102232, 31.932775782707132], [34.891485752715816, 31.93272899244229], [34.89116081806086, 31.932846509426536], [34.891013580168995, 31.932901946488208], [34.89056759287897, 31.93305508439288], [34.89022152033895, 31.93317391401756], [34.89010901896659, 31.93321647183116], [34.889424504620216, 31.93344417609525], [34.88838023676761, 31.933925743732487], [34.888117068314145, 31.934044059890915], [34.88798633294126, 31.934114143829767], [34.88801242551028, 31.934166626150535], [34.888054069382456, 31.934242160917393], [34.88806874932389, 31.93426878291689], [34.888107403819426, 31.934340273932325], [34.888162426604794, 31.934442037697174], [34.88816217677305, 31.9344420519551], [34.888193629131955, 31.934504405656234], [34.888194343337176, 31.934505821476538], [34.8883608242269, 31.934770582406212], [34.88859958872589, 31.935156701169944], [34.888683770049916, 31.935327688455406], [34.88886670352939, 31.93571028773685], [34.88888951091145, 31.93575768955245], [34.88893065656478, 31.93583833840321], [34.88894219949713, 31.93586096635903], [34.8878875098212, 31.936150201491184], [34.887975650791, 31.936316232081637], [34.88827816150636, 31.93685919839303], [34.88829319408659, 31.936885525080015], [34.88835678990849, 31.937011576571205], [34.888284286224675, 31.93704972317454], [34.888054202704105, 31.937070003627895], [34.88797082587445, 31.93709741340745], [34.88745356587976, 31.937307486548747], [34.88726465012828, 31.937416358123762], [34.88706002972239, 31.937528011047096], [34.88706239276451, 31.937609742605567], [34.88688336642375, 31.937727097174893], [34.88658533360979, 31.937900513154524], [34.886428413061516, 31.93797959207382], [34.88614440190002, 31.938112460604724], [34.885855857112325, 31.938217700210323], [34.88568921985999, 31.93833451776171], [34.885563808906106, 31.93842720513579], [34.885526037301425, 31.938455290273815], [34.885556494050626, 31.93848862159451], [34.88564984534633, 31.93858692633966], [34.88565906643129, 31.938597096489293], [34.88563254806686, 31.93862013833194], [34.88536270562166, 31.938763750747647], [34.88524431743096, 31.938836952894647], [34.88464189749859, 31.939209507479127], [34.88459917919994, 31.93923807750192], [34.88459912815163, 31.93923809883652], [34.88409678179039, 31.939524850258298], [34.88408139987667, 31.939528757434754], [34.88400285114409, 31.93949755898982], [34.88399279214986, 31.939492461464173], [34.88395301169052, 31.93947883392756], [34.88389932960551, 31.939425152856874], [34.88370006484784, 31.939181160668248], [34.88364944748097, 31.939101561218497], [34.88337848087976, 31.938806658882292], [34.88317715480741, 31.93858689792954], [34.883097104850826, 31.938608115157773], [34.88155924425792, 31.939334203186636], [34.8816941900308, 31.939561568311536], [34.88171290224001, 31.93966274493487], [34.88109825026681, 31.93992719872835], [34.88090168221017, 31.93998745106387], [34.88068184822251, 31.939844855613448], [34.88054784347913, 31.939669475865596], [34.880409695499374, 31.93950669670081], [34.88018840632761, 31.939275358179586], [34.88011907375504, 31.939202884872753], [34.88004181012279, 31.93913008082531], [34.879757352793504, 31.93928875142129], [34.87912021957841, 31.93964404751531], [34.878749713964005, 31.93986907392468], [34.878582117814524, 31.939947299978638], [34.878637650353234, 31.94000443696058], [34.878789273482546, 31.940103574263382], [34.87885666475413, 31.940147639851187], [34.878805842140466, 31.940182597351498], [34.878485516900106, 31.940316686975073], [34.8782893396567, 31.940381816860178], [34.87798521950669, 31.940481696288963], [34.87778266995488, 31.94052436332788], [34.87734191980398, 31.94067237039587], [34.877143810957485, 31.940697246089076], [34.876893473557246, 31.94086198225154], [34.87677947119744, 31.940937000305638], [34.87629784587243, 31.941182032876405], [34.87629358920247, 31.941126876207075], [34.87602520396729, 31.94119782604558], [34.87578122695384, 31.94126231986257], [34.87563578157682, 31.941299819620493], [34.87539493139552, 31.941399657854642], [34.87509622178949, 31.941446333371825], [34.87491203955334, 31.941475113921488], [34.87486753727078, 31.941482068664225], [34.874794911580736, 31.941058660231292], [34.87450529369226, 31.941153655317468], [34.8738437276695, 31.941447253057405], [34.872281168547964, 31.942140688250937], [34.87200117056917, 31.941785183015885], [34.871505210869614, 31.940973381301042], [34.87147478403088, 31.940935272350814], [34.87067579155091, 31.9396042049193], [34.870467922465444, 31.93966222070983], [34.869807235554795, 31.939784953275616], [34.869465711840576, 31.939848393565967], [34.86950195100377, 31.939973642984494], [34.86957432536909, 31.940197021026567], [34.8696584978551, 31.940405763059356], [34.86969320181647, 31.94049773866082], [34.86975028342037, 31.940614561433563], [34.869850012308916, 31.940816040232935], [34.8699693157914, 31.941018179802192], [34.870099581141524, 31.941230448347504], [34.870012472003765, 31.94131528123721], [34.870124946552956, 31.941468885190186], [34.870239076881326, 31.94162080358437], [34.870265703923764, 31.941660890420298], [34.870405419218784, 31.941821894079727], [34.87042826636742, 31.94184788122597], [34.870590109390314, 31.942014600691092], [34.870674312807274, 31.942126375947264], [34.87027344099776, 31.9422262346147], [34.870194366952795, 31.942158390741856], [34.86963659719424, 31.94139435209939], [34.8683415228855, 31.941669905526112], [34.86800047565978, 31.941743180263586], [34.867768818253936, 31.94179295204081], [34.86780916030841, 31.942033931204666], [34.86783932539357, 31.942214216445066], [34.86784294001724, 31.942351364126196], [34.86853256588441, 31.942479387100576], [34.869574715967296, 31.942663150462774], [34.86990369659235, 31.94273397648357], [34.87016974894415, 31.942797524068627], [34.870572729254576, 31.942907935664067], [34.87074528817328, 31.942967569323034], [34.87081846944132, 31.942984062870842], [34.87140295703394, 31.943260649016636], [34.87143720697431, 31.943294556720012], [34.871481193770194, 31.943332432609854], [34.871547945815664, 31.94338051902275], [34.87156911199321, 31.943376627943916], [34.871653858759636, 31.943429829769777], [34.871887840015866, 31.94357191523575], [34.872029780252724, 31.943665851316652], [34.872304598723034, 31.943849186915692], [34.87247271742821, 31.943970241938647], [34.8727413843624, 31.944163707552978], [34.87313546899437, 31.944452749134822], [34.87330473348654, 31.94459349405873], [34.87336052175461, 31.944642716208385], [34.87359857451892, 31.944848498430762], [34.873749017938856, 31.944969509010612], [34.87388578878635, 31.94507864540018], [34.87408005642271, 31.945237530247237], [34.874321518156194, 31.945600574286644], [34.87446960282632, 31.94582697428618], [34.87452478133467, 31.945970281677898], [34.87458293057396, 31.946114722398196], [34.874626650192155, 31.946228125342166], [34.87480036684688, 31.946727955556675], [34.8747759320409, 31.946767907227027], [34.87449771018562, 31.94688667467083], [34.87491614096049, 31.947675156921846], [34.87503022479096, 31.947890758410317], [34.87519724481437, 31.948185408765926], [34.875223633316395, 31.948240666246225], [34.87522365446718, 31.948240711436657], [34.87523086634364, 31.94825651181025], [34.875328131209756, 31.948508707671994], [34.875163872565146, 31.94850602740112], [34.875051060040775, 31.94853616934943], [34.87485965106597, 31.948592035933572], [34.874447662810965, 31.948680584640588], [34.87425700098717, 31.948762379296138], [34.87414678309985, 31.948804928695683], [34.873587493913206, 31.948960162492835], [34.87319878690311, 31.94905383937621], [34.87262009354594, 31.94917520040786], [34.872367401606894, 31.949220757730707], [34.872231458738995, 31.949250273593904], [34.87211225712135, 31.949281882300745], [34.87202514162621, 31.949304993299968], [34.87197799227582, 31.949327956177324], [34.87195585818825, 31.949277216557995], [34.87190734078083, 31.949189611665915], [34.87187984845565, 31.949140010561592], [34.87174912964615, 31.94891198322808], [34.87172337043891, 31.948910310167253], [34.87169410536359, 31.948908433621206], [34.87151467402022, 31.94893647683065], [34.87093864535048, 31.949026551813503], [34.870724336416096, 31.949062602372436], [34.87078398370139, 31.94923744125584], [34.870592813370415, 31.949271905489088], [34.870241805615024, 31.949314943957084], [34.870079292856715, 31.949024833449947], [34.86988062247224, 31.9486551092156], [34.869144141806395, 31.948721930069496], [34.869076565350646, 31.948725393249816], [34.86905055455068, 31.94872672593289], [34.869073570113116, 31.948895459394024], [34.86915539426497, 31.94944799053003], [34.86919443048853, 31.949590359267784], [34.869194442593766, 31.949590404390225], [34.869210684228925, 31.949646386570947], [34.869234836796544, 31.949737504255108], [34.869402278235164, 31.95022545728585], [34.86939579322746, 31.95031502947707], [34.86939978310881, 31.95033238045148], [34.86941435439523, 31.95040452020306], [34.86944071211352, 31.950473351054523], [34.869454306905986, 31.95050664168814], [34.86947346752047, 31.950554600325887], [34.86971344268286, 31.95105348288596], [34.86993620212605, 31.951513429623258], [34.87003828171475, 31.95180227751621], [34.87007198393301, 31.95189705625683], [34.87008540233769, 31.951933727056556], [34.870137793201806, 31.952070265338357], [34.870315423659946, 31.95253572719465], [34.87035554992041, 31.952637286323473], [34.870402579774336, 31.952747319187626], [34.87056887166925, 31.95315018725873], [34.87059787732722, 31.95321846176378], [34.87063907540839, 31.953297478377593], [34.87069943737727, 31.95342389033247], [34.87078868089248, 31.953607307604884], [34.87096987873377, 31.95391045215764], [34.87098646505788, 31.953939242008545], [34.871050044742894, 31.95404424259739], [34.87108914120731, 31.95411028895019], [34.87116575339856, 31.954267744102243], [34.87123268672454, 31.95440600819941], [34.87126130906561, 31.954469293044284], [34.87127152889664, 31.954495728483224], [34.871367374523196, 31.954636889258047], [34.87142625517738, 31.9547159519798], [34.87143231443075, 31.954732312033464], [34.87143725887688, 31.95478192450544], [34.87150149158881, 31.954873888213893], [34.87150154615205, 31.9548739660027], [34.87154642467264, 31.95493945764959], [34.87158341164637, 31.954996491224502], [34.87169545704436, 31.955182214944486], [34.871726003855315, 31.955235276266954], [34.871740142591165, 31.955302384282206], [34.87177955778867, 31.95537181519727], [34.871915098501546, 31.955595930484638], [34.87203533917696, 31.955800840463343], [34.87209653752538, 31.955879912764576], [34.87210037635764, 31.955961648175993], [34.87218210568432, 31.955983844715508], [34.872393308262644, 31.956035125554983], [34.87279886279454, 31.95613425538778], [34.872918601527054, 31.956158804692606], [34.873049723523245, 31.956187326840844], [34.873285378815574, 31.956240360312993], [34.87362536547077, 31.95632804556642], [34.87378887922218, 31.956358342762957], [34.87435147674956, 31.95644641945824], [34.874414515947834, 31.956615295998603], [34.874469843840544, 31.95681101853109], [34.87465206779989, 31.95734130468577], [34.87476408787373, 31.95767526486471], [34.87478628751315, 31.957753105138945], [34.87503037084172, 31.958548455980278], [34.87436724508982, 31.95860366182108], [34.87440556607465, 31.958793705436324], [34.87457210303612, 31.959459785174825], [34.87460862939414, 31.959644750829735], [34.874683281824936, 31.959938032516742], [34.87472014105008, 31.960075654040978], [34.87488000486365, 31.960760316274026], [34.87498376435201, 31.961207864128298], [34.875111751781084, 31.961830756045703], [34.875170855605965, 31.96203437157788], [34.87518025238834, 31.962066734745978], [34.87523774737216, 31.962264798414775], [34.87527640934669, 31.962397994590667], [34.87532635299465, 31.962665099291435], [34.87535276247678, 31.962806345503832], [34.87538010843098, 31.962952605212475], [34.87540966930394, 31.963015853525967], [34.8753525087332, 31.96302994142889], [34.87514685172498, 31.963073206825364], [34.87520938812052, 31.963334893356556], [34.87522045053022, 31.963461258325566], [34.875223191451944, 31.96349235973131], [34.87522864210314, 31.96351061590871], [34.87533137517402, 31.963852808043164], [34.8753473537376, 31.963945173050874], [34.87541934256022, 31.9641325657203], [34.875455180738065, 31.96428969063903], [34.875533200176584, 31.964490046884762], [34.87576361225591, 31.965139945258013], [34.87608304665562, 31.96604257959963], [34.87621434148027, 31.966331306606417], [34.87624504269754, 31.966398624664166], [34.876105238844175, 31.966494984080793], [34.876081653158636, 31.966493479879276], [34.875710105932285, 31.966643473861343], [34.87532501229206, 31.966786469904772], [34.875340650442475, 31.96683067940058], [34.875362456071066, 31.966880335339564], [34.87595092661549, 31.968312913992502], [34.87640688260734, 31.96922177103398], [34.87640706101074, 31.969222086856945], [34.87706957607484, 31.96856605486163], [34.87714040821534, 31.96849578485052], [34.87717409394153, 31.968456417605815], [34.87722895748381, 31.96839230522607], [34.87732064633214, 31.96829052505656], [34.877540946021114, 31.968068458175825], [34.877731040877265, 31.96787956787781], [34.87782012669742, 31.967789616320825], [34.877899903443875, 31.967713167872525], [34.877958644001346, 31.96764906513715], [34.878107772214214, 31.967499522993553], [34.87827000388819, 31.967337051387236], [34.8784121873666, 31.967188618293555], [34.8784759025708, 31.96712001742257], [34.87857148514346, 31.96701430036471], [34.87878650136178, 31.966788837536864], [34.87889968113456, 31.966660620160667], [34.879051663758446, 31.966498684332805], [34.87914907851511, 31.966387899391627], [34.8792584574271, 31.96626023503457], [34.87936729124066, 31.966146095761562], [34.87947613271683, 31.966029704056222], [34.87960305276722, 31.965895321806975], [34.87970357560249, 31.96579412554476], [34.87974073342704, 31.96575645682272], [34.87985582251752, 31.965650225556608], [34.87995134846681, 31.96555972474729], [34.8799978053189, 31.9655157124515], [34.88003989841774, 31.965478223580522], [34.88009379052741, 31.965428761816135], [34.88038549828322, 31.965155019891874], [34.88044638552107, 31.965090358355635], [34.88054307979217, 31.964997605549275], [34.8806180579431, 31.96492057838708], [34.88071245494721, 31.964829920531507], [34.880851998505385, 31.96496938167284], [34.880765675395146, 31.96506523523815], [34.88055720309485, 31.965289518848152], [34.8806562116019, 31.965371179562432], [34.88074390455778, 31.96545074400233], [34.88086735506036, 31.965558568342026], [34.881077419635595, 31.965738826625998], [34.881189733444394, 31.965837348815235], [34.88125934083245, 31.96590011148449], [34.88135379426361, 31.965999615676154], [34.881477323246926, 31.966128967669754], [34.881576912236106, 31.966236399248906], [34.881604738476824, 31.966265266310604], [34.88162627663908, 31.966287105055564], [34.88176746013089, 31.9664287160063], [34.88183285349261, 31.966492758948103], [34.88190891893256, 31.96656910442093], [34.88208320494375, 31.96674255721523], [34.8821965203372, 31.9668539008813], [34.88226237346344, 31.966892026626788], [34.88232676572067, 31.966926938556508], [34.88236525840053, 31.966909000046442], [34.88251763705225, 31.967058881034447], [34.88266376333276, 31.967197491069417], [34.88286129421425, 31.967388276638182], [34.883058927833076, 31.96757295908233], [34.88320060698795, 31.967704707240813], [34.88333401560591, 31.967833415251377], [34.883395263159926, 31.967890589776225], [34.883455564316364, 31.967947180618484], [34.88353916948687, 31.96802515691629], [34.88359735543192, 31.968079185133263], [34.88365181100151, 31.968129957480475], [34.88372016430385, 31.968194125824873], [34.883774410216944, 31.968242466405886], [34.88383660571932, 31.968298481717287], [34.88387307163799, 31.968330786006312], [34.88394011898683, 31.968392173546526], [34.88407511646489, 31.96850868143038], [34.88412977214215, 31.96856092591655], [34.8843547662837, 31.968766965049298], [34.88449635087113, 31.968896323796923], [34.884553678701, 31.968857365864014], [34.884612187582086, 31.968811859787735], [34.884695399590555, 31.968745559429443], [34.88492090002865, 31.968639602163123], [34.885146792272394, 31.968515608780514], [34.88530617181727, 31.96841004707095], [34.885350622206225, 31.968366194036353], [34.88538301184939, 31.96832118504182], [34.88567671426618, 31.968329251029996], [34.88580576501109, 31.96839044699299], [34.88626396013949, 31.968535320604172], [34.886524992954065, 31.96862277511581], [34.88720941630423, 31.968835283001475], [34.88744066532407, 31.968884334379077], [34.887543643272885, 31.968933061996506], [34.88764932604724, 31.96896432645788], [34.88764919057759, 31.969003780212745], [34.887663480387324, 31.969029742841908], [34.887692013982985, 31.969048412734587], [34.88773100896287, 31.96905301905177], [34.88809294486128, 31.969120431327728], [34.888529569987746, 31.969194788748442], [34.88902554390028, 31.969316640281026], [34.889515604162284, 31.969475108989602], [34.88978971970532, 31.969556036531753], [34.89022059590292, 31.969670744407033], [34.89076691687203, 31.96981413005223], [34.89135641652176, 31.96998764800562], [34.891408048423436, 31.970026509992774], [34.89225182778269, 31.970224009195707], [34.892756026708184, 31.97031912590195], [34.89301070579369, 31.970401902137464], [34.89327443774069, 31.970466580791975], [34.89354325949073, 31.970528201654265], [34.89362361793474, 31.970541023355796], [34.893770387436525, 31.970561763527698], [34.894001052335184, 31.970581807111987], [34.89407796311896, 31.970615858076908], [34.89463184328912, 31.970676392534674], [34.895067483598766, 31.97070338018197], [34.895605911776705, 31.970738508851543], [34.89570127619104, 31.970743814542274], [34.89571688422899, 31.970742634965468], [34.895704215986115, 31.970766231482], [34.89569422269576, 31.97077135086732], [34.89566806873697, 31.970789002512426], [34.8956069238894, 31.970828497221458], [34.89556064350278, 31.970947524141685], [34.89799212353707, 31.971406557193706], [34.898041742986365, 31.971322977907178], [34.898099040194175, 31.971117954870902], [34.89820318886566, 31.970915862427045], [34.89839642115338, 31.97064268708705], [34.89858800613227, 31.970316806436628], [34.89886514988739, 31.969938151282122], [34.899333931790295, 31.969439338230423], [34.89960855898294, 31.969169455413155], [34.89969289570326, 31.969059186356557], [34.90012574531208, 31.96867695602502], [34.900316084756355, 31.96855228618043], [34.90036724994744, 31.96867528011761], [34.90038299570741, 31.96871251908969], [34.90042629208796, 31.968816893231814], [34.9004132831937, 31.968851805531923], [34.900637182695704, 31.96937708226903], [34.90072163564774, 31.969613657284732], [34.900956571325985, 31.970271763507068], [34.90107126796543, 31.97070119350032], [34.90113929243023, 31.9709558839611], [34.90117993363732, 31.97116395998523], [34.90122481920651, 31.971462617726097], [34.901225125728914, 31.971464649510146], [34.90122481920651, 31.971462617726097]]}}, {"type": "Feature", "properties": {"OBJECTID": 21437288, "LAYER_ID": 2612672, "GROUP_ID": 254011, "SCENARIO": "", "DEFQ": 0, "PLAN_NAME": "", "DATA_DATE": null, "MAVAT_CODE": 21060, "MAVAT_NAME": "גבול שטח שיפוט", "NAME": "", "LABEL": "", "TYPE_CODE": 0, "TYPE_NAME": "", "SOURCE_COD": 0, "PL_CHANGE": "", "PLACE_NO": 0, "ADDRESS": "", "LENGTH": 0.0, "WIDTH": 0.0, "REMARKS": "", "DATE_DEC": "", "STATUS": "", "STAGE": "", "AGAM_ID": 99000310859.0, "SHAPE_LEN": 18636.9978497}, "geometry": {"type": "LineString", "coordinates": [[34.81437142960643, 32.0105093417396], [34.81478380069888, 32.00994124928763], [34.814467206993726, 32.009590272478995], [34.81398032965441, 32.00905051430699], [34.81336854306189, 32.008370591031465], [34.81271622953652, 32.00765615744001], [34.81262079101599, 32.00754539235076], [34.8117647330581, 32.006596960256374], [34.81137170197701, 32.005549678100664], [34.811332501090526, 32.005446675910214], [34.811229756405716, 32.00517668295888], [34.81113147696, 32.004952562693056], [34.81105135829833, 32.004740449254044], [34.81097321662888, 32.004530001381255], [34.81097257803451, 32.004528282104225], [34.81097394273094, 32.00448037932081], [34.81097351847816, 32.00447913519023], [34.81079414682891, 32.00395388107561], [34.8107473811864, 32.00383143054349], [34.810641259998356, 32.003545984712446], [34.81056287202675, 32.00331578250292], [34.810515400975476, 32.00318261251902], [34.810481010839915, 32.00308613199753], [34.81046667263345, 32.003038223379896], [34.81046666054102, 32.00303818041669], [34.81027887139561, 32.002495924048915], [34.80999184018097, 32.001667094678375], [34.809827062620464, 32.001185800371466], [34.80972662006268, 32.000892414043015], [34.80968844884757, 32.00076976796737], [34.80968681840093, 32.00076452677408], [34.809669205928664, 32.000707928943726], [34.809648749039404, 32.00065370008191], [34.80928503875582, 31.999689467102733], [34.80919944941083, 31.999449249302597], [34.80918295747978, 31.99940591161823], [34.80892559690033, 31.99868085971534], [34.808609382067424, 31.997772362909522], [34.808470839054976, 31.997374316219734], [34.80845335241403, 31.997324081963974], [34.808220540857064, 31.99666305722459], [34.808057988333374, 31.996208002323968], [34.80804271258517, 31.996164469561908], [34.80788062326566, 31.99570243271609], [34.8077969181299, 31.995451403502035], [34.80763796937042, 31.99497471085982], [34.80761911884835, 31.99491817764132], [34.80760012993674, 31.994874153811075], [34.80751190188457, 31.99463618481756], [34.80749423953333, 31.99458094270523], [34.80738575082999, 31.99428054706647], [34.80738249937064, 31.994281177577793], [34.80716467383477, 31.994323259299914], [34.807051088479476, 31.994345711789425], [34.80610784054798, 31.994531689105923], [34.805914116260254, 31.994569760787606], [34.80565380624358, 31.994623440803366], [34.80541235881832, 31.994669745105316], [34.80538489946811, 31.99467501153402], [34.805310120570155, 31.99469025514279], [34.80513730055305, 31.994725480231597], [34.804899212463525, 31.99477400903618], [34.8048178416533, 31.994790594941886], [34.804580570989806, 31.994838956181976], [34.80454405268736, 31.99484539877972], [34.804519696865995, 31.994851360619574], [34.80445884722299, 31.994863765105023], [34.80443995687026, 31.99486761572609], [34.80425070170994, 31.99490544296966], [34.80409646492196, 31.994936270747644], [34.80309355710753, 31.99513672186711], [34.80249215759955, 31.99526107049631], [34.8017557584574, 31.995410840950132], [34.80166556455591, 31.995429041532777], [34.801665240678815, 31.995429105434447], [34.801636648422765, 31.995434876609874], [34.80163544295108, 31.99543508745712], [34.801546055505156, 31.995450832341934], [34.80139893875822, 31.995480236237743], [34.80047629051909, 31.995787861090818], [34.80008271329215, 31.995914547761508], [34.799984344742, 31.995949743204864], [34.79994119779736, 31.995759102603916], [34.799919263064936, 31.99563390569882], [34.79989699562327, 31.995508145770348], [34.79987391090338, 31.995380694564272], [34.799850298059084, 31.995260568208867], [34.799827040709935, 31.995134804564586], [34.799803836803235, 31.994998943130483], [34.79973109799129, 31.99488086563021], [34.79959432556796, 31.994662871718226], [34.799489913414114, 31.994504032745407], [34.799426139199035, 31.994407013925446], [34.79929331603848, 31.99419409499119], [34.79900792067207, 31.993821196380196], [34.79900712046614, 31.993806367819115], [34.79898269895409, 31.993353308487777], [34.79896216943395, 31.993020691290713], [34.798961701519595, 31.993019293943757], [34.79891680699613, 31.992884161686295], [34.798863758241296, 31.992728431567283], [34.798818884770704, 31.99259358056424], [34.79877447385341, 31.99246606148818], [34.79873479441934, 31.99235208011077], [34.79869608255345, 31.992245432279578], [34.79866214429083, 31.99214274228054], [34.79862751919102, 31.992045124912966], [34.798605420840985, 31.99198393944361], [34.798604490528376, 31.99198136272956], [34.79860438119893, 31.991981259439395], [34.79857666106322, 31.99195534529542], [34.79846476277462, 31.99187269974823], [34.79831860703975, 31.99175894449638], [34.79802201309998, 31.99152916089747], [34.797945653408526, 31.991448883738485], [34.79761037646078, 31.991075859539436], [34.79761034310734, 31.991075816506804], [34.79755273880188, 31.99097812188119], [34.79722940077645, 31.990440511161037], [34.797229090237735, 31.990439906363935], [34.79680605320901, 31.989619969210125], [34.79657321256369, 31.989165176687614], [34.79657317287198, 31.989165095668504], [34.796369199428995, 31.98871474765373], [34.796341944603334, 31.988715679415055], [34.796230797026624, 31.98871948089902], [34.7961734169245, 31.988721444601335], [34.796138231149264, 31.98872270909181], [34.79602955728403, 31.988726619674875], [34.7958724542352, 31.988734569494845], [34.79570593185223, 31.988741921868385], [34.795573954085704, 31.988748112783405], [34.795573822954424, 31.988748119485187], [34.79554850508689, 31.98874930774612], [34.79539620035827, 31.988756705517687], [34.795220256642345, 31.988764031307547], [34.7950990394474, 31.98877040391297], [34.79507791549816, 31.988769733061876], [34.79505936537917, 31.98876914648616], [34.79490990945814, 31.988768664314055], [34.79474837364774, 31.988769272432638], [34.794586186672824, 31.98876874878222], [34.79441985453275, 31.988770466035334], [34.794232370244615, 31.988769860203824], [34.79412076343488, 31.988771753931374], [34.79407447628893, 31.988771037900985], [34.79391246270438, 31.98876769636344], [34.793861482657604, 31.98876660458059], [34.79375723340663, 31.98876437715843], [34.7935963025317, 31.988766054627384], [34.79359222200272, 31.988766097600333], [34.79356002942987, 31.988765658184516], [34.79349572311708, 31.988764778997464], [34.79343004260058, 31.988763880492954], [34.793267368540285, 31.988761662161938], [34.79311477251248, 31.988760042119846], [34.79298813518836, 31.98875850271617], [34.79284265280987, 31.988756342865173], [34.79270461091678, 31.98875420315303], [34.79265686305363, 31.988754470375824], [34.792579053123276, 31.988754910343385], [34.792577797575625, 31.98875491727095], [34.79257436417486, 31.988755687178667], [34.792456322335426, 31.98878214340766], [34.79243215112727, 31.988787601594115], [34.79233087542406, 31.988810478281252], [34.792194838363336, 31.988839911384105], [34.79215941122273, 31.988850502439476], [34.792052667170985, 31.988874392078504], [34.792021651048756, 31.988882384054296], [34.792009462476415, 31.98888552419597], [34.79189896502585, 31.988910511173767], [34.79189891006816, 31.98891052032876], [34.79189670502926, 31.98891085386158], [34.791753488782724, 31.988932036656067], [34.79159961972637, 31.98895577325579], [34.7914460851148, 31.988979510711655], [34.79140244633096, 31.988986445941965], [34.79131441719227, 31.989000438314356], [34.79131434937095, 31.98900044909556], [34.791286261598195, 31.989004915093666], [34.79109880627514, 31.989033613247063], [34.790938629281726, 31.989065217586848], [34.790790187371485, 31.989096296887542], [34.790683728222234, 31.98912044610815], [34.790643219933635, 31.989129635322985], [34.790598594424445, 31.989138255184592], [34.79055489969042, 31.989146698066413], [34.790502396047394, 31.989155090199002], [34.79048503467621, 31.989157864911665], [34.79033715239834, 31.989175418496167], [34.79018463501643, 31.98919295348737], [34.79003377280852, 31.989210500282564], [34.78988324311513, 31.989227482194497], [34.78977382834364, 31.989240702399044], [34.78973336899356, 31.9892455910659], [34.78958052589832, 31.989263127556896], [34.78942899640009, 31.989281231243183], [34.78916481743052, 31.989313596246433], [34.78912428593346, 31.98931856100041], [34.78902218793057, 31.989331414785596], [34.78902214785595, 31.989331420200497], [34.78901957275386, 31.98933174530258], [34.78901440825671, 31.98933242080039], [34.788868369991235, 31.989351540804602], [34.78875637094501, 31.989367056264417], [34.78875622943871, 31.989367075595453], [34.78871732735224, 31.989372465569563], [34.788564631304624, 31.9893928183155], [34.78841607104466, 31.989413185020553], [34.788264198380894, 31.98943410652407], [34.78811200199122, 31.989454460362573], [34.787959141671756, 31.989474812425552], [34.787855857115154, 31.989488487019873], [34.78780959303743, 31.989494612091264], [34.78765689721678, 31.989514967620888], [34.78750171634922, 31.989536436552093], [34.787353634589614, 31.9895555766829], [34.787305622426935, 31.989561780053442], [34.787297575807884, 31.9895628197596], [34.78720512982889, 31.989575267332103], [34.78712490656951, 31.989586070239394], [34.787081021935876, 31.989591982693963], [34.78705207119076, 31.989595830112105], [34.78704264763578, 31.989598151060683], [34.786907575901594, 31.989631426838425], [34.786745039051176, 31.98967147302491], [34.78666112297657, 31.989691487324105], [34.78658150934782, 31.989710952649116], [34.78638950362886, 31.98975879431233], [34.786196014209764, 31.989806063877303], [34.78600252267449, 31.989853896177895], [34.78590089026904, 31.989880051977863], [34.785757552761346, 31.98991508870863], [34.78561685784081, 31.989950696495395], [34.78547699333179, 31.98998517794805], [34.78533596623398, 31.990020221241195], [34.78519510822171, 31.99005526552157], [34.78505143754131, 31.990090862848195], [34.78491008400907, 31.990125905128114], [34.78476045281807, 31.99016260746109], [34.78460668246231, 31.990200988468008], [34.78445456724233, 31.990239378056515], [34.784302449929, 31.990277201079255], [34.78417300613417, 31.99031059000262], [34.784133298176236, 31.99031608925475], [34.78402990137434, 31.99033040653842], [34.7838750521775, 31.9903518721188], [34.78370580423374, 31.990376110652445], [34.7835966168555, 31.990390967050576], [34.783406255238546, 31.990417277935922], [34.7832005495355, 31.990446578657036], [34.78302122242743, 31.990469094696103], [34.78285297123374, 31.99049276902369], [34.78269299169049, 31.9905142194072], [34.78253896275, 31.99053681553854], [34.78238493567936, 31.990558848404707], [34.782236369717786, 31.990579773669584], [34.782088300907986, 31.990600133993972], [34.78198555902884, 31.990615011038635], [34.78173310586688, 31.990648550437875], [34.78148147981368, 31.990681529592482], [34.78131279601183, 31.990703315804527], [34.78127303256536, 31.9907084518116], [34.781139701063736, 31.990727078478738], [34.78103264558555, 31.990742033924064], [34.78101891584737, 31.99074367624199], [34.78101649146372, 31.99074394392381], [34.78076251473311, 31.99077212903669], [34.78065515287398, 31.990784734492294], [34.780400566277436, 31.99081432207258], [34.78014680493858, 31.99084390748127], [34.78003713142823, 31.99085650527073], [34.779809013369025, 31.990882796213363], [34.77954828295868, 31.990917433020478], [34.779457422820784, 31.990952973487484], [34.7792094924668, 31.99106452890849], [34.77915671977929, 31.99108570268208], [34.77897821175171, 31.991166897653372], [34.77887914393356, 31.991209964066915], [34.778651996475794, 31.99131178357317], [34.778424355823525, 31.991413034592544], [34.778365039900564, 31.99144045253988], [34.77834532417239, 31.991448841259928], [34.77833124078935, 31.991455557472534], [34.778158137072126, 31.99152655762382], [34.77809392618655, 31.991552568065277], [34.77802429161816, 31.991580778452242], [34.777991923950786, 31.991594265495134], [34.777890113329434, 31.991636690021142], [34.77775743009741, 31.99169035197425], [34.777623582183345, 31.991745139329247], [34.77748940351566, 31.991799921010212], [34.77740116315919, 31.991835756117933], [34.77735589244151, 31.991854142838186], [34.777223703959955, 31.991907805893014], [34.77708919476884, 31.991962589911935], [34.777029374532184, 31.99198773448337], [34.77695617011826, 31.992018504368644], [34.776823318492085, 31.99207272726617], [34.77672379571059, 31.99211264483525], [34.77668815138119, 31.992126942805015], [34.776555797425594, 31.992180604599834], [34.77645325736283, 31.992222531226385], [34.77635784097931, 31.992261665343825], [34.776176947093816, 31.99233601602793], [34.776042939167354, 31.992390234198744], [34.775911739856525, 31.99244389921321], [34.77589699353382, 31.992450612914272], [34.775888560029614, 31.99245379502197], [34.77577558877985, 31.992496422325033], [34.77563845151865, 31.992547246123557], [34.77550031745533, 31.992599199153723], [34.77536433720061, 31.992650592939253], [34.77522504091863, 31.992703100402448], [34.77508789715597, 31.992755053037616], [34.77495158572001, 31.992806445256647], [34.77481394626257, 31.992858399207222], [34.77467498008467, 31.992910907179013], [34.77454048821749, 31.99296230511458], [34.77440201903925, 31.993014252512282], [34.774263058812735, 31.993066201384664], [34.774125916606316, 31.993117589893142], [34.773988773491496, 31.993170103288723], [34.77385311968403, 31.993220934051106], [34.773553982108886, 31.9933354606299], [34.76973345789758, 31.99461254688873], [34.769733404842675, 31.994612566501477], [34.768936956332155, 31.99496097418177], [34.768636069330235, 31.99509360768808], [34.76863579362363, 31.99509372947606], [34.76811100167283, 31.99532505742418], [34.76747756861746, 31.995601443596005], [34.76743814944891, 31.99561864367034], [34.767165432877796, 31.995736630040533], [34.76666372825456, 31.995956403387247], [34.76604155949947, 31.996229304025388], [34.765850400544196, 31.99631469687114], [34.76498142406018, 31.996702869202988], [34.76497701299956, 31.996697522044833], [34.764764054140386, 31.99643933209696], [34.76414822410514, 31.99569835362665], [34.76351589031073, 31.99493630270998], [34.763510844720535, 31.99493024655616], [34.76288481447147, 31.99417903274268], [34.76275109616329, 31.994016874481733], [34.76257855102132, 31.99380904070015], [34.76223072717733, 31.993390025704507], [34.76219969050721, 31.993352583495966], [34.7617657983869, 31.992832265765035], [34.761759901185286, 31.992835477195474], [34.76176142966262, 31.992837679263534], [34.76175556516486, 31.992840801123958], [34.76175545443755, 31.992840865126137], [34.761752200031125, 31.992842596364394], [34.761512630169925, 31.992970338844543], [34.76141947988281, 31.99302001279222], [34.76141733268361, 31.993021160049526], [34.76124678793537, 31.993112089639986], [34.76124674974643, 31.99311210934619], [34.761240363278915, 31.99311551554538], [34.76119186814199, 31.993273384926297], [34.761191730352934, 31.993273828084813], [34.76115889959726, 31.993380695213027], [34.76114457526731, 31.993426716485104], [34.76113641930757, 31.99345291247603], [34.76113634645517, 31.993453153858457], [34.76109536523102, 31.99358477928318], [34.7610945760085, 31.993587327172857], [34.76100692893747, 31.993630940108428], [34.760949330100985, 31.99365960531065], [34.76092582459415, 31.993671300922653], [34.7609255805473, 31.99367141730353], [34.760872788683194, 31.993697689574574], [34.76080720002449, 31.99373032549411], [34.76067366416402, 31.993796770248487], [34.760673396757305, 31.993796903095195], [34.760588208253935, 31.993839292523614], [34.76041648757236, 31.9939247358201], [34.760414839206426, 31.993925556235244], [34.76016653408403, 31.99404910664832], [34.76016639815116, 31.994049174438565], [34.76014008778205, 31.994062264724793], [34.76011503339556, 31.9940747336001], [34.76006009233493, 31.994102067987555], [34.7599070927061, 31.994178197663032], [34.759906596133646, 31.994178443061408], [34.759543972058786, 31.994358873832223], [34.75954303463103, 31.994359341149227], [34.7594917207183, 31.994384873314843], [34.75930264891588, 31.994506512218727], [34.75919397805551, 31.99456024438193], [34.75918587826161, 31.994564252141366], [34.75910499172467, 31.994604239376923], [34.759102764622234, 31.994605342261174], [34.75910162324073, 31.994605904630102], [34.758644730489856, 31.994831791471416], [34.75864413230048, 31.994832085520546], [34.758643330121394, 31.994832482830393], [34.75861264580509, 31.99484765176649], [34.75857025033751, 31.994868611747705], [34.758512713227766, 31.994896877542022], [34.75904770049752, 31.998941029691487], [34.75905847294946, 31.99966408356737], [34.759305486697045, 32.00141668300143], [34.75936671192394, 32.00140646744834], [34.75973892967947, 32.00299307953039], [34.76031404412142, 32.00486537590693], [34.76070507215142, 32.006216962915694], [34.761040179629866, 32.007434527872185], [34.7610419671322, 32.007439997518084], [34.761153992998544, 32.007413407176216], [34.76136625405609, 32.00814984699989], [34.761672525237245, 32.009282239152824], [34.76169434626091, 32.00928798232758], [34.761699348638324, 32.00931083863241], [34.76198072285833, 32.010642182655225], [34.762077689828175, 32.01139210794163], [34.762047330361995, 32.01200661206369], [34.762030621001486, 32.01357348346191], [34.762061857289716, 32.014589604099356], [34.76205847993086, 32.01494021047404], [34.76206514427144, 32.01511716594691], [34.76181627723539, 32.01853689738059], [34.761766082524964, 32.01898202862219], [34.76166108600914, 32.01959767820562], [34.76119956671176, 32.0218012251263], [34.76116502365515, 32.021936270648574], [34.76100150826476, 32.022858788400995], [34.760964282297834, 32.02299109387478], [34.76089113272954, 32.023390430859514], [34.760826885005386, 32.02356566471881], [34.76078995521297, 32.023903051739765], [34.76065280633557, 32.024945161274445], [34.76055980644725, 32.02715816957887], [34.76049225512859, 32.02825476715213], [34.76049120777042, 32.02857278277682], [34.76054532046405, 32.02922814844021], [34.76021450244589, 32.03071631412765], [34.75988803537664, 32.03152112795281], [34.759755625478064, 32.031582075853656], [34.75974714728734, 32.03182498916575], [34.759654935037396, 32.03233021093172], [34.75960636752736, 32.03288823076913], [34.75957236049915, 32.03305509122979], [34.759909108244656, 32.03298984409849], [34.75992020531985, 32.03424648805504], [34.76006278025585, 32.03622357065725], [34.76069722298981, 32.03651279331009], [34.76147858818807, 32.03659324140189], [34.762774196412686, 32.03668372459389], [34.763641291413926, 32.03662943284933], [34.764856292450446, 32.036456412142854], [34.766088629896764, 32.03612607451637], [34.76734009094353, 32.03572698121826], [34.767970788308794, 32.03548832571317], [34.768352115820036, 32.03532114695283], [34.768825425324934, 32.035130404540745], [34.76930067468968, 32.03487923135468], [34.76961939053311, 32.03468074339808], [34.769737448662525, 32.03453118868127], [34.76990068222913, 32.03451082646164], [34.770252662816254, 32.03444782440852], [34.770622298968874, 32.03432229727771], [34.771207581146975, 32.03406160563805], [34.77162719817818, 32.03388772980642], [34.7727002148213, 32.033463666741454], [34.772710306758206, 32.033478851182814], [34.77392670184322, 32.03297635873807], [34.77440330293146, 32.032771284826026], [34.776690596366066, 32.03668414648619], [34.77811803032169, 32.03866261819644], [34.7788364475196, 32.0382647611583], [34.778992436331635, 32.03817984872041], [34.77838754272031, 32.03724839244373], [34.77794331088987, 32.03662783383971], [34.77665224445841, 32.03477726526437], [34.77633020152871, 32.03441156748956], [34.77427621760933, 32.03042655042049], [34.77445555634951, 32.02870193631174], [34.774894321115326, 32.028705677562975], [34.775111358499494, 32.02869964898155], [34.775802211206646, 32.02867213630276], [34.77616553612806, 32.028645137480304], [34.77665087992783, 32.02853459222677], [34.777171865041225, 32.028294036292394], [34.77804500507708, 32.02815151523624], [34.778547611315496, 32.02808394618729], [34.7788575900053, 32.02805504707783], [34.780341498062725, 32.02784872721878], [34.78096967099974, 32.02770708006821], [34.78136540198796, 32.0275838628766], [34.782146652303766, 32.02725505689769], [34.78250930176756, 32.02711982222205], [34.78263425481643, 32.027064416733396], [34.78272296858864, 32.027016826426284], [34.782932728362574, 32.02684221476509], [34.78325534942107, 32.02633945371104], [34.78330890621604, 32.02624827966615], [34.783325870327765, 32.02619594169932], [34.78337924557298, 32.02609809382587], [34.78371307917077, 32.02550338554841], [34.78436304279092, 32.02438623161485], [34.78458310576774, 32.02399296579674], [34.784780262601856, 32.0236318179674], [34.78487143872625, 32.02341451629691], [34.78491987342068, 32.02337806364804], [34.78547973423939, 32.02318999597192], [34.78636725880211, 32.0228733279958], [34.786854603181325, 32.02270918325012], [34.78875126930269, 32.022024457227566], [34.789229463956296, 32.02186875018549], [34.789693380135944, 32.022673407354276], [34.78985163977047, 32.02292931335722], [34.79048453262372, 32.02405799383627], [34.79096997554262, 32.02488246574939], [34.79128626012192, 32.025473631417704], [34.79139729137318, 32.02571188674462], [34.79161355893254, 32.02653656131052], [34.792321254243575, 32.02936265426985], [34.79283870367702, 32.031356269945505]]}}, {"type": "Feature", "properties": {"OBJECTID": 21437289, "LAYER_ID": 2612672, "GROUP_ID": 254011, "SCENARIO": "", "DEFQ": 0, "PLAN_NAME": "", "DATA_DATE": null, "MAVAT_CODE": 21060, "MAVAT_NAME": "גבול שטח שיפוט", "NAME": "", "LABEL": "", "TYPE_CODE": 0, "TYPE_NAME": "", "SOURCE_COD": 0, "PL_CHANGE": "", "PLACE_NO": 0, "ADDRESS": "", "LENGTH": 0.0, "WIDTH": 0.0, "REMARKS": "", "DATE_DEC": "", "STATUS": "", "STAGE": "", "AGAM_ID": 99000310859.0, "SHAPE_LEN": 3405.42275256}, "geometry": {"type": "LineString", "coordinates": [[34.79283870367702, 32.031356269945505], [34.79509624796003, 32.02997861784122], [34.79600893030724, 32.029296953273864], [34.80005832918677, 32.026066552428524], [34.79881107492345, 32.025948817115], [34.80133753215786, 32.02394925027426], [34.802605793180064, 32.02288520829516], [34.80297471484314, 32.022560037746004], [34.8039082518495, 32.02169715797453], [34.80444776884772, 32.02213427676924], [34.804453988717725, 32.02213958253453], [34.80460854069706, 32.02203639235059], [34.80471670939402, 32.02196721556119], [34.804968796427616, 32.021786770248845], [34.805053413292335, 32.02171799509722], [34.80511330996085, 32.02166662425512], [34.80517735419347, 32.02160992085821], [34.805318265178, 32.021479257037036], [34.805363799766624, 32.02143666455821], [34.805591666652845, 32.02125458135315], [34.805560902300975, 32.02123216703793], [34.80591218836469, 32.020854469695465], [34.807031131234396, 32.01961040860659], [34.808096539751254, 32.01844319873695], [34.80810123593358, 32.01846462171856], [34.80811542023065, 32.01844977902886], [34.80937424322583, 32.017049859448825], [34.81024793001378, 32.01593716571456], [34.8117245539052, 32.01377912157351], [34.8117658719869, 32.0138243393804], [34.81281252602749, 32.012350317423135], [34.8136955021163, 32.011132228527956], [34.81385321570491, 32.01091008316035], [34.81387990664394, 32.01093243840505], [34.81399051523322, 32.010783689795815], [34.81408690708728, 32.010895814639184], [34.81411090752758, 32.0108607131458], [34.814196382185195, 32.01074938016337], [34.81437142960643, 32.0105093417396]]}}, {"type": "Feature", "properties": {"OBJECTID": 21437290, "LAYER_ID": 2612672, "GROUP_ID": 254011, "SCENARIO": "", "DEFQ": 0, "PLAN_NAME": "", "DATA_DATE": null, "MAVAT_CODE": 21060, "MAVAT_NAME": "גבול שטח שיפוט", "NAME": "", "LABEL": "", "TYPE_CODE": 0, "TYPE_NAME": "", "SOURCE_COD": 0, "PL_CHANGE": "", "PLACE_NO": 0, "ADDRESS": "", "LENGTH": 0.0, "WIDTH": 0.0, "REMARKS": "", "DATE_DEC": "", "STATUS": "", "STAGE": "", "AGAM_ID": 99000310859.0, "SHAPE_LEN": 20757.9726718}, "geometry": {"type": "LineString", "coordinates": [[34.901225125728914, 31.971464649510146], [34.9012545055603, 31.97166013249158], [34.90128380020382, 31.97205192581302], [34.9012812410386, 31.972076155248796], [34.901330577505036, 31.972958917484885], [34.901376829893884, 31.973873799659756], [34.90140935059746, 31.97444088720887], [34.90142616648411, 31.974907612754357], [34.901448897240094, 31.975334899928022], [34.90146474708151, 31.975693406210375], [34.90147507977079, 31.975920008353746], [34.90149863009939, 31.976451005248776], [34.901502297341345, 31.976591357218773], [34.90152475805294, 31.977000605856414], [34.901546327072914, 31.977480869651064], [34.90156416376543, 31.977838253284524], [34.901588608124406, 31.978247506565523], [34.90159110507732, 31.978343329520893], [34.90159293098723, 31.978391806004968], [34.901599947373064, 31.97857049380002], [34.90161121375538, 31.978864171035124], [34.90162731156958, 31.97929933128158], [34.901651763943214, 31.979706329960887], [34.901654913497296, 31.979794202001724], [34.9016681959935, 31.980164881556465], [34.90168962618549, 31.98058358423412], [34.90097487816547, 31.981010203260237], [34.900119053421925, 31.98165624639745], [34.898166419758915, 31.982852887856254], [34.89690142001056, 31.983750832955327], [34.89651078487434, 31.984018606392933], [34.89632503732791, 31.98406557752232], [34.89509446308904, 31.98489154083823], [34.89446228313226, 31.985237753010203], [34.893811912157794, 31.9854732696136], [34.8923993747841, 31.986070473838268], [34.89091279630664, 31.986604250604774], [34.889604877315534, 31.987060573312416], [34.88812153290688, 31.98773849295971], [34.88809131605161, 31.98774566112957], [34.88807008892106, 31.98775213012088], [34.88804900080442, 31.987758913193186], [34.88802805499477, 31.98776600652208], [34.888007256672964, 31.987773411202692], [34.88798661420172, 31.987781126128723], [34.88796613088551, 31.987789144184223], [34.887945816337904, 31.987797469766978], [34.88792326646712, 31.98780714933361], [34.88789779976429, 31.98781822135866], [34.88787256041252, 31.98782967261364], [34.88784756060443, 31.987841495959668], [34.88782280949212, 31.98785369150992], [34.88779831096247, 31.98786625201473], [34.88777406947232, 31.987879173697767], [34.8877501018436, 31.98789245714223], [34.887726408166834, 31.987906091346442], [34.88770299287665, 31.987920079027084], [34.88767987219403, 31.987934410891057], [34.88765704675729, 31.987949085903107], [34.88763452950023, 31.987964096836077], [34.88761231979902, 31.987979440442093], [34.8875710724961, 31.988009439818924], [34.887330490490875, 31.988230755485244], [34.8865378160076, 31.98903747160582], [34.885757898065435, 31.989671288164065], [34.884671503399126, 31.99077170984906], [34.88364895472233, 31.991887962014896], [34.883509855526135, 31.99191876070335], [34.8822493748285, 31.993103355123516], [34.88173249786112, 31.99362903421707], [34.881282281461026, 31.994004391809046], [34.88115410428737, 31.994108898454343], [34.880529728814686, 31.994545246033933], [34.87985327537193, 31.994931293378933], [34.87914728343098, 31.995250753332027], [34.878383957690076, 31.99551257204179], [34.877594560010614, 31.99571062964395], [34.876769175651525, 31.99584546206825], [34.875941921540594, 31.99590025028751], [34.875830707460246, 31.9959027727837], [34.87583688400016, 31.995907304964224], [34.8754101009272, 31.995968513551702], [34.87406458232237, 31.995923460818215], [34.873110628179255, 31.99572112168891], [34.87232132483791, 31.995501004131995], [34.871575962927494, 31.995268537708473], [34.870882150048416, 31.994942750367358], [34.87018970562726, 31.9944593205961], [34.86809158405949, 31.993157773713758], [34.86776093172407, 31.993555621935027], [34.867378043597064, 31.99423368887723], [34.86712138473544, 31.99477296556349], [34.86645476996892, 31.996265221852394], [34.86432597171384, 32.00083231422227], [34.86324826989014, 32.00279316418474], [34.863194383742055, 32.002912688051396], [34.86306689925457, 32.00319792419761], [34.86296469783455, 32.003424225324466], [34.862904500540274, 32.00355933360287], [34.86285618584685, 32.00366582904665], [34.86277395707365, 32.00384699622987], [34.86273713009167, 32.0039264861282], [34.86263922350857, 32.004150428410284], [34.86258024400248, 32.00428209861018], [34.862527039490764, 32.00440111208667], [34.86238967215754, 32.004713382058846], [34.8622678255982, 32.00499514784645], [34.86219896737522, 32.00514798715339], [34.86217995688867, 32.00519085072396], [34.8621345879206, 32.00529491934555], [34.862076050872595, 32.00542462053425], [34.86194842042022, 32.00571075330502], [34.861829081036035, 32.005980253848044], [34.86174551543753, 32.006168035984935], [34.86172055582441, 32.006219277243154], [34.861625829110714, 32.00643150390152], [34.86137385915848, 32.006996014154375], [34.86129716730171, 32.007167841431965], [34.86120601594833, 32.007376438096856], [34.861174360034475, 32.00744888569061], [34.861125706079214, 32.00756022426733], [34.86103350504183, 32.007762880041355], [34.86099157609624, 32.00783153056521], [34.86094169212738, 32.00790466520736], [34.860894128024896, 32.00797668052697], [34.860836760011246, 32.00806219629597], [34.8607878613591, 32.00812759193968], [34.860770757798754, 32.00814706446889], [34.86075779345836, 32.00816121301681], [34.860744537211964, 32.00817516539737], [34.86073100266762, 32.008188919392865], [34.86071718529275, 32.008202470076114], [34.86070309282344, 32.00821581471748], [34.86068872661158, 32.008228945565065], [34.86067409831082, 32.008241859448944], [34.860659204693725, 32.008254556225005], [34.86064405351244, 32.00826702888014], [34.86062864868502, 32.008279276838664], [34.86061299988159, 32.00829128962073], [34.86059710126868, 32.00830307059219], [34.860580967156814, 32.00831461365949], [34.86056459687644, 32.00832591390593], [34.86054799880084, 32.008336968062494], [34.86053117689676, 32.008347776680964], [34.86051414083847, 32.00835832819934], [34.86044246366576, 32.00839482677563], [34.86038196359895, 32.0084256302206], [34.86016405548986, 32.00851671252961], [34.86006578385728, 32.00855778809614], [34.859911829262835, 32.00862176986979], [34.85957189066081, 32.00876273196608], [34.85948595372657, 32.00879180688297], [34.85939984884436, 32.008822573243656], [34.85934300874574, 32.00884117241881], [34.85926015185339, 32.00886828616106], [34.85898464056846, 32.008958444612034], [34.8587473319284, 32.00903610370648], [34.85844713450665, 32.009135186929896], [34.858325611394974, 32.009175295612216], [34.85803622775327, 32.00926017693788], [34.85778812214786, 32.009317553862054], [34.85752991288436, 32.00937997417621], [34.85380637148733, 32.00954654336362], [34.850365196867344, 32.00920389778604], [34.84999066068466, 32.010714720697166], [34.845921067131684, 32.01008147809496], [34.845795615530506, 32.01104338408778], [34.849809653402794, 32.011632025700834], [34.84938784946028, 32.01356109277261], [34.85147317005044, 32.01385558898234], [34.85155157015038, 32.01428899030705], [34.85150679847468, 32.014629357993684], [34.85142739314004, 32.01493261823905], [34.851322078196304, 32.01519139608861], [34.85108612871931, 32.01550902591149], [34.85068465682271, 32.015915016981396], [34.85149013308882, 32.01670927332271], [34.851708214104114, 32.01651742845187], [34.851822053519655, 32.01630308807175], [34.85212740949166, 32.01602265964015], [34.85238057438907, 32.015749487552725], [34.8524858587238, 32.01549811293408], [34.85253983226748, 32.01502453264027], [34.852577886008866, 32.014166005655554], [34.85402992717712, 32.014110808772344], [34.85408940193144, 32.01447367123955], [34.85463714993606, 32.01446037932193], [34.85521464907738, 32.014469240209365], [34.85564926976075, 32.01448523981785], [34.85604044973813, 32.014493716716295], [34.85651842582949, 32.014539440351314], [34.856961405944446, 32.014644282186644], [34.857360613080296, 32.014830426171166], [34.85775981993967, 32.015016567276795], [34.8580808433921, 32.015187691369064], [34.858445140770414, 32.01541074438478], [34.858917670960935, 32.01574062289883], [34.85957642109907, 32.01626795773916], [34.859006118778446, 32.01656333241222], [34.858402246346095, 32.01689485671318], [34.8571711311432, 32.017524518142935], [34.856568486954124, 32.01783396808374], [34.85631511036268, 32.017682811618634], [34.85599239174784, 32.01748995025815], [34.85579418953256, 32.017373037504285], [34.855338872593606, 32.017104140068184], [34.854809870215746, 32.01679431658567], [34.85479983070555, 32.01678843799415], [34.85444933605781, 32.01657961009155], [34.85312267209823, 32.01680993318123], [34.85315740305126, 32.01693561199288], [34.85315903185426, 32.016941492764836], [34.85372980290412, 32.01900321876442], [34.853764983256944, 32.01913464109389], [34.85390066649768, 32.01964150434029], [34.85412386878085, 32.02047598248503], [34.854352964295806, 32.021315089968624], [34.85435668255196, 32.02132881271645], [34.84923678229307, 32.0223933924052], [34.8492334172859, 32.022380907273735], [34.84906437870244, 32.02175361709112], [34.84869438881785, 32.020342689263224], [34.848660631057015, 32.02023760358988], [34.84864087288196, 32.02020751479496], [34.84861585289613, 32.02011818833975], [34.84859858915209, 32.02004747823573], [34.84844127206667, 32.020045392225214], [34.848183430791096, 32.02001766501981], [34.8481085219883, 32.019996157419854], [34.84790378062106, 32.019930814880816], [34.847787601547026, 32.01988701819648], [34.847706855588335, 32.01984342895601], [34.84764834804461, 32.01981362791136], [34.84744663508183, 32.01962240562081], [34.847417112000514, 32.01959410334771], [34.847297250577896, 32.01950214672748], [34.847267309678344, 32.01948530889609], [34.84726547263446, 32.01948473568041], [34.847234560113655, 32.019475060439795], [34.8471898478926, 32.01947175311496], [34.84714214061995, 32.01947161875011], [34.84710857699707, 32.019478512835995], [34.84707200414653, 32.019491738623586], [34.84704153597905, 32.0195077282094], [34.84699576950728, 32.01953385400811], [34.84686927387664, 32.01963167329653], [34.846318193877366, 32.02020830862689], [34.84627652950298, 32.02025730449412], [34.8462706569496, 32.02026376846494], [34.846247053264406, 32.02028973147435], [34.846102705266404, 32.0204485129764], [34.846069662823496, 32.02049170200706], [34.84603891581994, 32.02053189335178], [34.84599889264239, 32.0205943524769], [34.84599363998238, 32.02060254927898], [34.84598837190967, 32.02061255689438], [34.845951788617796, 32.020682054478904], [34.845920817326174, 32.020736513013965], [34.84590880571018, 32.020757629853264], [34.84589938146663, 32.02077926473828], [34.84586689104681, 32.02085385423785], [34.845830735854065, 32.02095205873624], [34.845820483017306, 32.020999976901805], [34.845816703239805, 32.02101765211232], [34.845798953931094, 32.02110844178535], [34.845796144582884, 32.02115031373571], [34.845795069042815, 32.02117050377164], [34.84579451619836, 32.02118090887555], [34.845795421018444, 32.0211997229549], [34.84579626279171, 32.02121731766914], [34.845800291663735, 32.021251472917506], [34.845809951945654, 32.021295309339926], [34.845817268172645, 32.02132144440113], [34.845818529229774, 32.02132593883366], [34.84583049347115, 32.02135947303636], [34.845849240123776, 32.02140011414316], [34.84586689204823, 32.02143205502563], [34.84587776033692, 32.02145054777579], [34.845885672607, 32.02146399747253], [34.845906723342026, 32.02149562930583], [34.84592966069103, 32.0215279060233], [34.84595149312497, 32.021553416665], [34.84601025629299, 32.02161027704666], [34.846018164894765, 32.02161802943118], [34.846025320835835, 32.021625458738406], [34.846030590718186, 32.02163127444842], [34.84603548199533, 32.02163708471477], [34.84603973697996, 32.021642561772126], [34.8460456395473, 32.02165064422667], [34.84605277543492, 32.02166322648842], [34.84605464628836, 32.02166774076745], [34.846057258113305, 32.021677090870874], [34.846059107039814, 32.021687727894935], [34.846059074450885, 32.02169610014664], [34.84605611348881, 32.02177694709267], [34.84605184204019, 32.02180624898112], [34.84604772492183, 32.02181962892324], [34.8460430312982, 32.02183489573793], [34.84603778929023, 32.02185079393035], [34.84603288335567, 32.02186567264183], [34.8459939938559, 32.021937477676715], [34.845987046557845, 32.021950308539786], [34.8459729191651, 32.021973856061415], [34.845951266469314, 32.021999887826155], [34.84593303153179, 32.0220214196675], [34.845928174931665, 32.022026924948676], [34.84591290309848, 32.02204423577133], [34.845901551686644, 32.02205504357629], [34.84589468832052, 32.02206157849382], [34.84588187623772, 32.02207451388483], [34.84587305183325, 32.022083423825805], [34.84585067011701, 32.02210204217042], [34.84582639736412, 32.02212033425977], [34.845801000233365, 32.02213701431167], [34.84577409636305, 32.02215240210418], [34.845745279370504, 32.02216648940813], [34.8457175470063, 32.022177294295176], [34.84554241416009, 32.02224404741573], [34.845385968203125, 32.022295137185594], [34.84525867883292, 32.02233118783206], [34.84509390727972, 32.022358136190384], [34.84480202651784, 32.022409638497955], [34.84471002142953, 32.0224229298824], [34.844559667223926, 32.02244275039547], [34.84440567511018, 32.02247177322258], [34.8443245910055, 32.02249068313769], [34.84422030809344, 32.02251730396188], [34.84422026343661, 32.022517314295925], [34.84397056025672, 32.022577206064746], [34.84370080617384, 32.02266098279567], [34.84365909317008, 32.02266931743834], [34.84360731502148, 32.02267255352517], [34.84354977078123, 32.02266900645126], [34.84348121293726, 32.02264852091411], [34.84341951105281, 32.022609456343204], [34.84335733124444, 32.022564751977434], [34.8432897245893, 32.02251214355838], [34.843249703252226, 32.02246919418046], [34.84323290634451, 32.02245054729942], [34.843214712869944, 32.02240878569014], [34.84317328833144, 32.02234328733108], [34.843145622741666, 32.02227162936595], [34.84313301683953, 32.02223834018369], [34.84312352738566, 32.02216954939873], [34.84311723066419, 32.02208893430744], [34.84312380882866, 32.02184546745444], [34.84312733698181, 32.02174684383329], [34.84311344190166, 32.02161998829537], [34.84310879235887, 32.021583903109644], [34.84310127666355, 32.021560209489074], [34.843081069658005, 32.02152520723241], [34.84305306529508, 32.02149581899916], [34.843028139638285, 32.02148447550242], [34.842957614555715, 32.02145947508514], [34.842784758272266, 32.0214234745987], [34.8426955067015, 32.02140800171228], [34.84262935773767, 32.021406121098025], [34.842560875599894, 32.02140874495011], [34.84246142773709, 32.02142142347344], [34.84239820415896, 32.021432515522555], [34.84230266476529, 32.021459861466624], [34.84223872516573, 32.021485605617634], [34.84216963813049, 32.02151584402805], [34.84206344016165, 32.021562320403916], [34.84181754637201, 32.02167659700785], [34.84169838832365, 32.02173825657962], [34.84160095672853, 32.02178363092599], [34.841491254243174, 32.02183855223604], [34.84138870556394, 32.021881658362176], [34.8412536273873, 32.02191170575465], [34.84114307734448, 32.02192886260826], [34.8410367213924, 32.02193081245089], [34.84090741893886, 32.02192255121189], [34.84080997837377, 32.0219034763662], [34.84055401188128, 32.021797423375574], [34.840415118851624, 32.02169568977294], [34.84035364672257, 32.02164084073623], [34.84027273283305, 32.02156621009767], [34.840208808377675, 32.02150402954325], [34.840124824970395, 32.021411354027386], [34.84004298201129, 32.02132150218323], [34.83999540803414, 32.02130671128417], [34.839926425289114, 32.02131045735924], [34.839785551451506, 32.02134105286722], [34.83968019962414, 32.02138358539076], [34.839594007177645, 32.0214306819265], [34.83951551269632, 32.021498091012944], [34.83943142674032, 32.02159817415119], [34.83934942366851, 32.02171517194536], [34.839308604987345, 32.02179058006665], [34.83924276508063, 32.0219188967907], [34.83919389339492, 32.022064735220084], [34.8391468915296, 32.022238196042316], [34.839121134328494, 32.02239480768803], [34.839106322629384, 32.0225012910283], [34.839111736905366, 32.02259599543558], [34.83912988723691, 32.02269017181522], [34.839132543886414, 32.02272907059588], [34.83912562899172, 32.02276230340756], [34.839047085905776, 32.02288325739226], [34.838963551063166, 32.02301039572263], [34.83892533767143, 32.02305424827278], [34.83884843891958, 32.02313518849084], [34.838801798718514, 32.0231756349714], [34.83870836759967, 32.023255400197556], [34.83859672264173, 32.02333962181259], [34.83848294529953, 32.023419328184815], [34.838408520451075, 32.02346025851791], [34.83827600234871, 32.023511165266264], [34.83815128222823, 32.02355589507327], [34.83808341609126, 32.02357035329483], [34.83796097056249, 32.02358296346952], [34.83776871483004, 32.023600443814814], [34.837617811400726, 32.023616352050574], [34.83749469807765, 32.02363065017339], [34.83737580887309, 32.02366468777255], [34.83731245534056, 32.02370733982599], [34.83724491493578, 32.023764632320585], [34.83720068462571, 32.023823121139166], [34.83713577163959, 32.02392607740717], [34.83709374262726, 32.02401331791075], [34.83703033751017, 32.024189244669294], [34.837013315574964, 32.02427319454469], [34.83701809298962, 32.02456303314151], [34.837012120576055, 32.02472962497472], [34.83699964594384, 32.02499284345613], [34.83696801753604, 32.02506957417779], [34.83695783810145, 32.02514929963557], [34.83697255581272, 32.025231539381785], [34.837029575371, 32.02535408410487], [34.83705599704787, 32.02548877915228], [34.83706471891891, 32.02555458325295], [34.837064547988696, 32.02559741427107], [34.83706083978953, 32.02562647031914], [34.837040960493084, 32.02565394665143], [34.837006898022466, 32.02568326976313], [34.83688253758491, 32.025745761184915], [34.83666135377396, 32.02584892253995], [34.836406330429874, 32.02592173902889], [34.836165546632316, 32.02596753687331], [34.83605474003966, 32.02597792998704], [34.83595148548921, 32.02598834332091], [34.83581055768542, 32.025977220556186], [34.835644496973934, 32.02595530913148], [34.83548350754981, 32.025924841737556], [34.835321732729966, 32.025846804015416], [34.83512828711176, 32.025805431055886], [34.8349663484534, 32.0257810670808], [34.834848805306756, 32.0257671183983], [34.834725366108415, 32.025800772563215], [34.83454924676081, 32.025912864917615], [34.83433503337668, 32.02611579007829], [34.83419248267939, 32.02625130914906], [34.834074411609876, 32.02633329142131], [34.83396850700708, 32.02642536740651], [34.83384776419226, 32.02650937268795], [34.83374370951038, 32.02657628291665], [34.833637354613685, 32.02664750815295], [34.83354103313592, 32.02670293059382], [34.833459264404034, 32.02674050373108], [34.83335475814604, 32.02678065120757], [34.83326011049446, 32.02681137958797], [34.83313461965361, 32.02683515894468], [34.833011545708686, 32.026836378272016], [34.83286836475753, 32.026823321426605], [34.83272131969024, 32.02678863281973], [34.832540250746426, 32.02673042532977], [34.83224686717724, 32.02663842726781], [34.83206396039145, 32.02664417007471], [34.83191326893329, 32.02664599144649], [34.831723675498054, 32.02664268898076], [34.83152329628502, 32.0266258138085], [34.83130610917864, 32.026599166958825], [34.83109309063573, 32.02658419080411], [34.83095886797345, 32.02660372888249], [34.83082988384476, 32.02664412309983], [34.83069601824948, 32.026697268507995], [34.83057313881402, 32.02675133343564], [34.83048616675528, 32.026821292735455], [34.83040993510721, 32.02693499745575], [34.83034385609047, 32.027035832585014], [34.83029553580198, 32.02711737304284], [34.83022096252179, 32.02720000840727], [34.83016008855298, 32.02725416725232], [34.83009441753057, 32.02730967254077], [34.83003841871997, 32.02734211041951], [34.82996961048232, 32.02738402161913], [34.82987646961282, 32.027414606046094], [34.82978573015877, 32.02743362892876], [34.82969756655123, 32.02743872510353], [34.82959633201395, 32.0274332570379], [34.829502665882, 32.027421282253734], [34.829410334737936, 32.02738804115559], [34.82931803896461, 32.02734629294694], [34.82922378941482, 32.02726398277584], [34.8290900725677, 32.027121276647655], [34.82904033953602, 32.02706828207497], [34.829000559436615, 32.02701866680486], [34.82894074030437, 32.02692163292306], [34.828902653826034, 32.02684048832221], [34.82886790634459, 32.026759353596255], [34.82881983789787, 32.02666822681696], [34.828757938065344, 32.026570566923525], [34.828737884235096, 32.02654263076327], [34.828706911534276, 32.0264994840161], [34.828638448813706, 32.026449496301545], [34.82859028715936, 32.02641039424311], [34.828539554773435, 32.02637777559371], [34.828445564446085, 32.026351523531694], [34.828318503223244, 32.026327337604584], [34.828186144444146, 32.0263550826908], [34.82803078922967, 32.0264087350764], [34.82785243047621, 32.02649045499962], [34.82768311082981, 32.026581199696565], [34.82745851516874, 32.02629197489895], [34.827328342071546, 32.0261069292278], [34.82724888029425, 32.02600327795752], [34.82716943926632, 32.025889234928336], [34.82712581225714, 32.025826773067266], [34.82709686814988, 32.02578626128632], [34.826761565271596, 32.02531976996676], [34.82670273917133, 32.02523838235569], [34.826516267915565, 32.02498114327985], [34.82648129380568, 32.02493055627463], [34.826397045952326, 32.024807996192294], [34.82604611598074, 32.024315347438154], [34.82590625988788, 32.02411820525011], [34.82558521616515, 32.02366335763691], [34.8255755879338, 32.02364996428568], [34.82554913532672, 32.02361333339209], [34.825458364593, 32.02348795378295], [34.82534363885851, 32.02333327390625], [34.82528827650674, 32.02325872831104], [34.825051282492524, 32.02293995552208], [34.82501685691731, 32.02289335582523], [34.82496047711048, 32.022817039652864], [34.82459734605984, 32.022325594831116], [34.82426111664516, 32.021870373585855], [34.82416645631171, 32.02174229812243], [34.82413013623704, 32.02169315673597], [34.8240302092524, 32.021557987619474], [34.82402801507758, 32.02155505556245], [34.82397932561352, 32.02148905697601], [34.82386695749433, 32.02133693999233], [34.82381956468667, 32.021272867280196], [34.823818655137316, 32.021271595270704], [34.82359021541109, 32.02096218424994], [34.82325329124161, 32.02050629109148], [34.82321309436605, 32.02045188188446], [34.822997688945286, 32.02016037428407], [34.821563049017996, 32.0183574035056], [34.82130424722996, 32.01806296254161], [34.82114267860452, 32.018149735996914], [34.81942458288987, 32.0193775286137], [34.81713995956365, 32.02102086335307], [34.81192767598511, 32.02475011601344], [34.809784951719, 32.02629512010914], [34.80846006330713, 32.02726549703282], [34.80383423582078, 32.030584793846664], [34.80256169532723, 32.03150905400239], [34.79887331349449, 32.03415817071535], [34.79707451210385, 32.032312181049086], [34.796824617195064, 32.03245171940075], [34.79631405294227, 32.032663128075555], [34.79599814714004, 32.03276863444352], [34.79571262354283, 32.03284831359642], [34.79547004309796, 32.032905019307215], [34.79397354578884, 32.03394908715851], [34.79383486567443, 32.03399992503656], [34.79378340911724, 32.03400314182145], [34.793796204016836, 32.0338414227411], [34.79382046399939, 32.03378063016489], [34.793743773983806, 32.03376685491526], [34.79347642863983, 32.03384940484286], [34.793175727537275, 32.03395552035107], [34.792606848944665, 32.03418306544513], [34.79217070370595, 32.03431917198608], [34.79176896226955, 32.034456517884614], [34.79165073515743, 32.03448318694204], [34.79158656692231, 32.03448072357392], [34.79130308011302, 32.03403115770445], [34.791203312502354, 32.0338155275845], [34.790953363449674, 32.033376217038175], [34.79059441797248, 32.03282438907584], [34.79129795113087, 32.032446799748946], [34.79184738821383, 32.0321639606353], [34.79198568843522, 32.03208606595529], [34.792244292903895, 32.03192345865161], [34.792566995639106, 32.031703567370464], [34.79287018784555, 32.03148304556644], [34.79283870367702, 32.031356269945505]]}}, {"type": "Feature", "properties": {"OBJECTID": 21437291, "LAYER_ID": 2612672, "GROUP_ID": 254011, "SCENARIO": "", "DEFQ": 0, "PLAN_NAME": "", "DATA_DATE": null, "MAVAT_CODE": 21060, "MAVAT_NAME": "גבול שטח שיפוט", "NAME": "", "LABEL": "", "TYPE_CODE": 0, "TYPE_NAME": "", "SOURCE_COD": 0, "PL_CHANGE": "", "PLACE_NO": 0, "ADDRESS": "", "LENGTH": 0.0, "WIDTH": 0.0, "REMARKS": "", "DATE_DEC": "", "STATUS": "", "STAGE": "", "AGAM_ID": 99000310859.0, "SHAPE_LEN": 6158.21325554}, "geometry": {"type": "LineString", "coordinates": [[34.80017947094784, 32.081580945747234], [34.80006335789891, 32.081875550302286], [34.80005521853026, 32.082040190902426], [34.79973127053946, 32.08277158854613], [34.79967985584544, 32.082805512175554], [34.79963457551457, 32.082865426374354], [34.79962139351492, 32.08292427123239], [34.79959294737412, 32.082985862367295], [34.79959008355626, 32.08303482020508], [34.7996115019116, 32.08312587929362], [34.799591416377105, 32.083189030491106], [34.799634647020895, 32.083281781848505], [34.79969691223542, 32.08335755060826], [34.79969665624275, 32.083439702519726], [34.799732308138836, 32.083497711571795], [34.79972501022148, 32.083591383602766], [34.79971294257982, 32.08363778735203], [34.79965400381911, 32.08376844857202], [34.799568045405756, 32.08390127789988], [34.79940973204352, 32.084012413270074], [34.79917059437513, 32.084340710907554], [34.799356965206535, 32.084856948893155], [34.79971009989204, 32.086181810968284], [34.8006907163691, 32.08959646348199], [34.800888112511814, 32.09003259257961], [34.80152136886871, 32.09152625330471], [34.80154409496031, 32.09163399890615], [34.80156308429657, 32.09196564642428], [34.80165581068671, 32.09215053670088], [34.801757822175496, 32.09251301878069], [34.80182550511358, 32.09294942798649], [34.80211862148266, 32.09331170502544], [34.80224392198142, 32.09317608469603], [34.80248613009761, 32.09287766378002], [34.80288555972165, 32.092467540947425], [34.803015618197286, 32.09230373752489], [34.80312052699298, 32.09210152841158], [34.80316233767287, 32.09196350757286], [34.8032382843896, 32.09179511388572], [34.80330070702188, 32.09169151579656], [34.803328418929055, 32.09162829792287], [34.80342199750492, 32.09149756484872], [34.80355183531469, 32.09128677686698], [34.80359561132211, 32.09123208713995], [34.80381651315931, 32.09098082654317], [34.80390804994871, 32.09090491487138], [34.80397871908015, 32.09087754358026], [34.80440736317083, 32.09079277718017], [34.804724969833075, 32.09083481075552], [34.805056304863186, 32.090930965442126], [34.805393252036545, 32.091061011169124], [34.805498662752036, 32.091034289518795], [34.805926604506794, 32.09101363268433], [34.806055998879074, 32.09100132464321], [34.80647990207151, 32.09103241572322], [34.807046336396034, 32.09097756168616], [34.80695998647982, 32.09034513775931], [34.80715528443829, 32.09032906746081], [34.807399143734486, 32.09020421297961], [34.807572254372296, 32.08998236001321], [34.80874498115434, 32.09066968714906], [34.80902122633751, 32.09079725109879], [34.80934303473988, 32.09087274220751], [34.809185907441965, 32.09208614809943], [34.809037940676625, 32.09254893430507], [34.80893168964563, 32.09282518773173], [34.808769069964114, 32.09340363986291], [34.8086790910197, 32.09366837424185], [34.80857623237691, 32.09401172371246], [34.80850407337152, 32.09431071094326], [34.80846883026187, 32.094376791618735], [34.808318322958186, 32.09491117073756], [34.80904467768293, 32.09484643706289], [34.80927572091041, 32.09504338678332], [34.80979444835716, 32.09498460209695], [34.80979479221102, 32.09630236566328], [34.81026270901301, 32.096278482223624], [34.810503249332214, 32.09623865003129], [34.81109020523153, 32.0960741844031], [34.811564430060166, 32.09591279328451], [34.8120385062048, 32.095711360592745], [34.81219162936012, 32.095675763317736], [34.81238851795949, 32.09566167359997], [34.812564803387986, 32.09567346271561], [34.812901054788554, 32.09573477251705], [34.81321033157034, 32.09583576277162], [34.813252259901525, 32.09584695761845], [34.81354378397173, 32.09595607185296], [34.813810896218314, 32.096083145881224], [34.81427500000041, 32.09636187544704], [34.81447328065679, 32.09652311560868], [34.814632010936236, 32.096680854234776], [34.81478033589483, 32.096864423759996], [34.8148488685897, 32.096949239744426], [34.81522100091973, 32.0974497462787], [34.81525277500677, 32.09753044214679], [34.815305266013354, 32.09768221516523], [34.81536916772489, 32.097914058916295], [34.81541353798251, 32.09799028395122], [34.815485667092965, 32.09807786711754], [34.81555095597238, 32.09813950063027], [34.81563608219837, 32.09816794112356], [34.815751229893564, 32.098167688472294], [34.816049252128046, 32.098151529984555], [34.81666457085087, 32.09805257715691], [34.816995118967924, 32.0980034745403], [34.81724727677433, 32.09794148091524], [34.81744518276316, 32.0978789171129], [34.817757601298084, 32.097845156384494], [34.8182318539246, 32.09778524538618], [34.818373056496476, 32.097699627389524], [34.81838011853811, 32.09770808936299], [34.81857034513885, 32.097567968428464], [34.81866014106233, 32.09746541158086], [34.81871527837149, 32.09734020010365], [34.81880720517046, 32.09714927629505], [34.81883981860658, 32.0970601347978], [34.81886526493809, 32.096959195495046], [34.81885540868686, 32.09681641084941], [34.818850008268825, 32.09655305661927], [34.818862914907456, 32.09648267185309], [34.81888595986703, 32.09641154023878], [34.81892081419679, 32.0963386700658], [34.81895816077523, 32.096289730337595], [34.81900907141435, 32.09624093642782], [34.8191989932643, 32.096142577350186], [34.819341700578924, 32.096102044400375], [34.81947054376753, 32.0961031289646], [34.81968413809085, 32.096155352612605], [34.81979563575442, 32.096195257764535], [34.81997082601773, 32.09626477647519], [34.81999608542528, 32.09627791483669], [34.8201491512183, 32.096406883869655], [34.82021493729885, 32.09647116785559], [34.82035452165959, 32.096589180613], [34.82040040557366, 32.09664369002312], [34.820488301962236, 32.09673827969723], [34.820532761947, 32.09678172540973], [34.820598720630436, 32.09685711310393], [34.82086628410713, 32.09714505044769], [34.82095276743319, 32.09724798795766], [34.82124831369534, 32.09757172179607], [34.82142980241897, 32.09777881582447], [34.82153316367933, 32.09793028212187], [34.821659397111915, 32.098157481362655], [34.82175176392702, 32.09828425548456], [34.82194591849574, 32.098503218509414], [34.821963127151605, 32.09851748253438], [34.82222646734613, 32.09868003644378], [34.82239180596022, 32.09876620491355], [34.822424413537, 32.09878871413393], [34.822478034955914, 32.09881745186175], [34.822582754406376, 32.09895880325043], [34.8226379244674, 32.09913883647177], [34.822634378826336, 32.09928627867137], [34.82259693512524, 32.09948447959318], [34.82250772896716, 32.09965518191841], [34.82240094491165, 32.099807121168716], [34.822330820564005, 32.099889516919326], [34.82212901650145, 32.10008896770699], [34.82169791110758, 32.10037530350024], [34.82147785846288, 32.100535848724306], [34.8213307483784, 32.100698418427484], [34.821184469353405, 32.100885904613584], [34.82116260786232, 32.10094165908749], [34.82115451085545, 32.10100377438199], [34.821159138399764, 32.10109148908249], [34.821184421054646, 32.10118876352675], [34.82125963871554, 32.10130373818791], [34.8212781955454, 32.101326169483976], [34.821369211699164, 32.101411548076506], [34.82143273048311, 32.101461903083774], [34.82161612943904, 32.10158532583467], [34.82212506688052, 32.10180329155479], [34.822170854969485, 32.10181864792156], [34.822433332799015, 32.10187410997987], [34.822547496339965, 32.10188741792251], [34.82321111768637, 32.10188941682926], [34.8233235560317, 32.10192018882532], [34.823504957348575, 32.10196582377461], [34.82356958235265, 32.10199025468508], [34.82377112847125, 32.10208836506481], [34.82398039840875, 32.102200027280524], [34.824029272957354, 32.10223060934857], [34.824095967600556, 32.1022742069994], [34.824159516431465, 32.102318289395264], [34.82417152852733, 32.102325850049915], [34.8242599249131, 32.10252240195605], [34.824187634704636, 32.10268059972586], [34.82396473538806, 32.10288099613741], [34.82369908337386, 32.103026426669054], [34.82323290411578, 32.10315906785532], [34.823017469349566, 32.103286370160056], [34.822973855022, 32.10343856108176], [34.82298043655483, 32.10357871659861], [34.82322991780881, 32.10387802021631], [34.82383931102886, 32.10420419070102], [34.82429651429716, 32.10451020864121], [34.82480421883816, 32.104731074292694], [34.82516186796445, 32.10486009648326], [34.82537818570727, 32.10495379244293], [34.82577228103124, 32.104930597526895], [34.8260447238879, 32.10487657579278], [34.82646792671875, 32.104743796037816], [34.82687664981817, 32.104647530287316], [34.8270630029361, 32.104623713627454], [34.827170030403295, 32.10472761176544], [34.827139998967326, 32.105062629602365], [34.82713897192196, 32.105312435682904], [34.82721734373711, 32.10541624846005], [34.827474658738, 32.10555715017994], [34.827647332699094, 32.10563326390421], [34.82773509223092, 32.105667908267456], [34.827775521414054, 32.10568556282162], [34.82779226934997, 32.10569287741042]]}}, {"type": "Feature", "properties": {"OBJECTID": 21437292, "LAYER_ID": 2612672, "GROUP_ID": 254011, "SCENARIO": "", "DEFQ": 0, "PLAN_NAME": "", "DATA_DATE": null, "MAVAT_CODE": 21060, "MAVAT_NAME": "גבול שטח שיפוט", "NAME": "", "LABEL": "", "TYPE_CODE": 0, "TYPE_NAME": "", "SOURCE_COD": 0, "PL_CHANGE": "", "PLACE_NO": 0, "ADDRESS": "", "LENGTH": 0.0, "WIDTH": 0.0, "REMARKS": "", "DATE_DEC": "", "STATUS": "", "STAGE": "", "AGAM_ID": 99000310859.0, "SHAPE_LEN": 6215.72211339}, "geometry": {"type": "LineString", "coordinates": [[34.811726389473144, 32.05861523999535], [34.81277126520456, 32.058495612270164], [34.81309436993921, 32.05846459666547], [34.81371602899957, 32.05842340888819], [34.81434295460876, 32.058413706175195], [34.81465848774357, 32.05841999760371], [34.81527716351106, 32.05845797006245], [34.81590006443064, 32.058523547245606], [34.81646661377851, 32.05861852742832], [34.8169667378408, 32.05872078766197], [34.81768973736343, 32.05890605920993], [34.81854735429838, 32.05911076413889], [34.81860292483921, 32.05926775507067], [34.81880286560109, 32.059314896259124], [34.818639967650604, 32.05975194973924], [34.81878278147392, 32.059786111233734], [34.81883238845789, 32.05992892956211], [34.81895575573827, 32.059962829704645], [34.81881563630533, 32.060362048602364], [34.81899905417223, 32.06040873521731], [34.819646018891525, 32.06229346146826], [34.819432625090876, 32.062523672490435], [34.819228987758116, 32.062725145095854], [34.81886508275567, 32.06303786202553], [34.81863178185212, 32.06321624835611], [34.81839100993481, 32.06338315806635], [34.818199557824684, 32.06350621063021], [34.81788214832153, 32.0636901102995], [34.81752185729689, 32.0638718043357], [34.81722276374031, 32.06400579863701], [34.816864663625964, 32.064144481850924], [34.81638705731458, 32.06429524300496], [34.81502566614885, 32.064682986548114], [34.81490651447966, 32.06471138757166], [34.815029507940636, 32.06500096994601], [34.81549276565424, 32.06561470814035], [34.816219911777, 32.06661035062806], [34.8168852346445, 32.06848297135094], [34.81706953765817, 32.06902866731129], [34.81745204474885, 32.07021578010304], [34.818168030478546, 32.07163765331807], [34.81835806860799, 32.07291381423485], [34.81832333456839, 32.07303887693314], [34.818256725582586, 32.073414901078436], [34.818248632881826, 32.07350090700914], [34.818711265291434, 32.07591848148852], [34.81896905364151, 32.076929000014744], [34.81903470233349, 32.07733734973092], [34.81931506385113, 32.078149441113595], [34.82060721608311, 32.078072980832445], [34.820658490139344, 32.07888064006211], [34.81957429107907, 32.07893031611079], [34.81967388919521, 32.07946318610065], [34.81997927041583, 32.080469969001285], [34.81867990971825, 32.07998076745843], [34.818468581253974, 32.07991068611209], [34.81791299835423, 32.07969499776773], [34.8176562889502, 32.0796116108349], [34.81747096335028, 32.07952916245635], [34.816540300982425, 32.07919599169729], [34.815931952135315, 32.07896218818419], [34.815684777891605, 32.07887882595697], [34.81493697519273, 32.07858723609235], [34.81397558233581, 32.078237178934835], [34.81353315361584, 32.07806754082674], [34.813196099516404, 32.078025198552695], [34.812570646052855, 32.079868236426655], [34.81223940599318, 32.079901750327636], [34.81206482991622, 32.079932141210335], [34.81187519624504, 32.079545317544934], [34.811425729358085, 32.07946068944075], [34.81136759817599, 32.079456541269586], [34.809055088824785, 32.079733590547995], [34.80889734950783, 32.079789460081706], [34.80852797421918, 32.079946660686346], [34.80797825882633, 32.079947557580155], [34.804986623887245, 32.079728045961126], [34.80504585670352, 32.0793080891438], [34.80500078574359, 32.07929667472717], [34.80500740476202, 32.07921165697072], [34.80142292584097, 32.07890975140562], [34.80140574477693, 32.08012197134524], [34.80158222717548, 32.08014065801795], [34.801534717173126, 32.080540450431805], [34.801612869411905, 32.08054394519518], [34.80171153475137, 32.08113520084561], [34.80138573913439, 32.08113281214125], [34.801378628949756, 32.08157042752907], [34.80097841452642, 32.08179919958336], [34.800243273127236, 32.08142775503877], [34.80017947094784, 32.081580945747234]]}}, {"type": "Feature", "properties": {"OBJECTID": 21437293, "LAYER_ID": 2612672, "GROUP_ID": 254011, "SCENARIO": "", "DEFQ": 0, "PLAN_NAME": "", "DATA_DATE": null, "MAVAT_CODE": 21060, "MAVAT_NAME": "גבול שטח שיפוט", "NAME": "", "LABEL": "", "TYPE_CODE": 0, "TYPE_NAME": "", "SOURCE_COD": 0, "PL_CHANGE": "", "PLACE_NO": 0, "ADDRESS": "", "LENGTH": 0.0, "WIDTH": 0.0, "REMARKS": "", "DATE_DEC": "", "STATUS": "", "STAGE": "", "AGAM_ID": 99000310859.0, "SHAPE_LEN": 7403.57202269}, "geometry": {"type": "LineString", "coordinates": [[34.7788364475196, 32.0382647611583], [34.77895099946823, 32.03839496766096], [34.778959493746164, 32.03838958562893], [34.77933220725703, 32.038813415743874], [34.78070483457664, 32.04044006490372], [34.78137508644514, 32.04125057986264], [34.78428293635451, 32.044715196453026], [34.78545807589953, 32.04612984913244], [34.78591964205796, 32.04670737572922], [34.786237314970904, 32.04669432846009], [34.78646252657479, 32.04669281660633], [34.78676330227277, 32.04667523090257], [34.78734667715153, 32.0465857997044], [34.787692539977975, 32.04650189800473], [34.78799694461947, 32.046408112578746], [34.78812298917091, 32.04653712931617], [34.788186251892434, 32.04666584243817], [34.788181772113276, 32.04660288280244], [34.78820548526827, 32.04629950727599], [34.78824920321625, 32.04627827835008], [34.78835150882803, 32.04627239175479], [34.78833290259028, 32.04616782205635], [34.78846108740635, 32.04599265456246], [34.78852022469658, 32.04583954383764], [34.7883935446128, 32.04556967257158], [34.788342293099085, 32.04531366588367], [34.78833608710435, 32.04521102147512], [34.78837531298172, 32.04503584171251], [34.78851756789252, 32.04483203620469], [34.78872369281957, 32.04479187720471], [34.788966464897726, 32.044839385749064], [34.78938921024991, 32.044961430171], [34.78953051541945, 32.044970369490976], [34.789710637269096, 32.04489430639151], [34.78984033367693, 32.04477749748816], [34.78988662476926, 32.04460793140212], [34.78982015317905, 32.04446288613986], [34.7896421399461, 32.04423577361386], [34.789587537459944, 32.044088422345524], [34.78951324950012, 32.043798523454406], [34.789460292368496, 32.043544675767706], [34.78940040647854, 32.04332471287531], [34.78943342230897, 32.04316421161699], [34.789558514304815, 32.04303494310133], [34.789668379302164, 32.0429952629183], [34.789808312997565, 32.04293205399027], [34.78986478660448, 32.04278172939116], [34.789502112851046, 32.04220682241219], [34.78946448457041, 32.042028595137005], [34.78947431386315, 32.04186801794934], [34.78952947725025, 32.04170298991257], [34.78960490432985, 32.04166941945186], [34.78997727852387, 32.04164196015246], [34.79047700346145, 32.0416176208643], [34.790356990018466, 32.0413720314289], [34.79086738973387, 32.04133723241047], [34.79177831141629, 32.040879683355485], [34.7942364173742, 32.04025824465737], [34.7954751551944, 32.040059634495506], [34.796821636805156, 32.03971952968687], [34.79804294192561, 32.039203664906985], [34.798854253446684, 32.03876051614706], [34.80069197759575, 32.03767227539929], [34.80158587337933, 32.03709086351281], [34.802553828963184, 32.036610899521975], [34.80297532782828, 32.036428321124866], [34.80379822804032, 32.03604596172951], [34.805491350122395, 32.03534215650542], [34.80737721738445, 32.0344878533287], [34.80813835216272, 32.036755317463985], [34.80766005879541, 32.03689250143622], [34.80793812527167, 32.03765977607846], [34.808127964589005, 32.03756300607383], [34.80831416811449, 32.03749369877174], [34.808437310275, 32.03805545054129], [34.80878470608687, 32.038809533371996], [34.80895104002273, 32.0392254187825], [34.8092825178153, 32.04011354728325], [34.80976590008391, 32.04152997913859], [34.80986879642267, 32.041504767402365], [34.81040712014389, 32.04134123259894], [34.81084270827451, 32.04121128415933], [34.81127373977854, 32.04108186116306], [34.81164592978168, 32.04097146270232], [34.812025744676056, 32.040860455437944], [34.81222686097559, 32.040795697564235], [34.812296745121905, 32.04079365921308], [34.812341076260914, 32.04080055975668], [34.812380380759976, 32.04081925820503], [34.812417476930804, 32.04085941261106], [34.81259155471041, 32.04130128882716], [34.81262881553074, 32.04140222452665], [34.81264997829627, 32.04145477439075], [34.81290969802783, 32.04214824478313], [34.81300386045628, 32.04238751096584], [34.81315445440411, 32.042801087631275], [34.81324415189677, 32.043020049471195], [34.81333574644651, 32.04326607091661], [34.81347062503901, 32.04364127248738], [34.81349706040436, 32.0436988885004], [34.81370375618081, 32.04426594238752], [34.81374813226185, 32.04436248094848], [34.813764002324845, 32.044414924030875], [34.81382910237801, 32.04459085551274], [34.81345577811855, 32.044643390407366], [34.81325628646417, 32.0446724620744], [34.8132581377763, 32.044685706300704], [34.81367853080333, 32.046266223826755], [34.81384387306337, 32.047023608600554], [34.81393038091769, 32.04774585098115], [34.81394996824268, 32.048319452261396], [34.81389674155984, 32.05030684037618], [34.8138835849275, 32.05048778977211], [34.81385803969463, 32.05066867570122], [34.81381502926276, 32.050848295800044], [34.81375602309276, 32.05102955469987], [34.813684343913245, 32.05120292895337], [34.81350935223501, 32.05154335741265], [34.81312693995435, 32.052189629066966], [34.81287154969109, 32.05255202843274], [34.812467134637025, 32.053057405824696], [34.812165257801915, 32.05340366229243], [34.81189886697825, 32.05367175234311], [34.811534118516555, 32.054011049124554], [34.81100803460486, 32.05445027159159], [34.81076778469715, 32.05463541751998], [34.8103206733403, 32.05494388457888], [34.810531891579046, 32.05527198182148], [34.81082183224984, 32.05576282570444], [34.81096059685205, 32.055974007481105], [34.81118264878227, 32.05656798370644], [34.81155437704926, 32.0577697818239], [34.811726389473144, 32.05861523999535]]}}, {"type": "Feature", "properties": {"OBJECTID": 21437294, "LAYER_ID": 2612672, "GROUP_ID": 254011, "SCENARIO": "", "DEFQ": 0, "PLAN_NAME": "", "DATA_DATE": null, "MAVAT_CODE": 21060, "MAVAT_NAME": "גבול שטח שיפוט", "NAME": "", "LABEL": "", "TYPE_CODE": 0, "TYPE_NAME": "", "SOURCE_COD": 0, "PL_CHANGE": "", "PLACE_NO": 0, "ADDRESS": "", "LENGTH": 0.0, "WIDTH": 0.0, "REMARKS": "", "DATE_DEC": "", "STATUS": "", "STAGE": "", "AGAM_ID": 99000310859.0, "SHAPE_LEN": 1710.63819472}, "geometry": {"type": "LineString", "coordinates": [[34.829898000506184, 32.03806965677483], [34.82979469131763, 32.03809300557021], [34.82937198059065, 32.038109627955414], [34.82918425923277, 32.03816534455139], [34.826335102064256, 32.03883634990517], [34.8252162429039, 32.03927261646721], [34.82412844229766, 32.03973392525604], [34.82388920564248, 32.03995649208576], [34.8210881415258, 32.04181711513128], [34.82028084206779, 32.042327522479916], [34.81892364631633, 32.04303392763186], [34.81872285185808, 32.04312295539807], [34.818514686448204, 32.043252630838666], [34.81836453210789, 32.043359216687236], [34.817916358283426, 32.04358690728945], [34.81774093374877, 32.04365968833914], [34.81591797868793, 32.04425858811516], [34.81562161734481, 32.044337037971], [34.81382910237801, 32.04459085551274]]}}, {"type": "Feature", "properties": {"OBJECTID": 21437295, "LAYER_ID": 2612672, "GROUP_ID": 254011, "SCENARIO": "", "DEFQ": 0, "PLAN_NAME": "", "DATA_DATE": null, "MAVAT_CODE": 21060, "MAVAT_NAME": "גבול שטח שיפוט", "NAME": "", "LABEL": "", "TYPE_CODE": 0, "TYPE_NAME": "", "SOURCE_COD": 0, "PL_CHANGE": "", "PLACE_NO": 0, "ADDRESS": "", "LENGTH": 0.0, "WIDTH": 0.0, "REMARKS": "", "DATE_DEC": "", "STATUS": "", "STAGE": "", "AGAM_ID": 99000310859.0, "SHAPE_LEN": 16953.1990335}, "geometry": {"type": "LineString", "coordinates": [[34.827775521414054, 32.10568556282162], [34.82785669910486, 32.10546436902936], [34.827887363303915, 32.10533763666449], [34.82798578066503, 32.10498087609146], [34.827991689750256, 32.10491844289596], [34.82800931693503, 32.10477238105182], [34.82800297711507, 32.10456984617385], [34.827970795622065, 32.10421234018727], [34.82795395872947, 32.10398085958058], [34.827926123047355, 32.10357117468821], [34.827945786282584, 32.103263398973105], [34.82795646820329, 32.103088702459644], [34.82796226120589, 32.10287230363216], [34.828206350798276, 32.10096627001321], [34.8283150546706, 32.100116283509706], [34.82830030797125, 32.099922379245434], [34.82828645920819, 32.09986345117836], [34.82826029552134, 32.099803154015156], [34.82828557110666, 32.09945454238075], [34.82825748221649, 32.098899865551815], [34.82825730674352, 32.09889456243357], [34.82295776318548, 32.097389417286145], [34.82164199251305, 32.09701568323948], [34.82161715170143, 32.09686748814936], [34.821590775344184, 32.09671448332948], [34.82167031269178, 32.09605898026382], [34.82180294358081, 32.09516976774675], [34.82181034806972, 32.095118449790036], [34.82181422705517, 32.095091566380006], [34.821966018191425, 32.0944855585413], [34.82207304420159, 32.094040384123126], [34.822219140759174, 32.0933438447426], [34.82254609004603, 32.09169603128797], [34.82259257767176, 32.091463470097146], [34.822658797063404, 32.09090514579377], [34.82263494821224, 32.09071398121629], [34.82263786287678, 32.09065504242977], [34.82268646838709, 32.08956732247306], [34.82267084726077, 32.08851423585942], [34.82266195579353, 32.08785837451488], [34.82256330103291, 32.087866366364516], [34.822560934828616, 32.087812865066006], [34.82253750129459, 32.087611767895055], [34.82251763153736, 32.08745432435598], [34.82247573590523, 32.087129233426005], [34.82242330054477, 32.08677628808499], [34.82238081660525, 32.0865389969083], [34.82232738860571, 32.08623428404111], [34.8223026849212, 32.086091275757056], [34.82226951177469, 32.08590529577779], [34.822237633725805, 32.08572491731817], [34.82220851528473, 32.08555644757776], [34.822179922386646, 32.08539592948975], [34.82214706670916, 32.08520820451041], [34.822098274997806, 32.08493423807284], [34.82218842639047, 32.08492857999407], [34.82222694640149, 32.08492609164615], [34.82244545054838, 32.08491146735752], [34.8226632753306, 32.084896183466334], [34.82295743861363, 32.08487638289222], [34.82324372229836, 32.08485715955817], [34.82351559445707, 32.08483846957814], [34.823618121482106, 32.084831913611744], [34.82377072409572, 32.084822398236994], [34.8240144631115, 32.08480472676913], [34.82426784478224, 32.0847870072913], [34.82450526113275, 32.084771599056914], [34.82467737753973, 32.08475928112015], [34.82476140632134, 32.08475157185016], [34.82477552830503, 32.084750532063], [34.82504466731979, 32.08473162143917], [34.82507411618142, 32.08473004684706], [34.82513107544037, 32.08456338644095], [34.8251381890099, 32.08454285384907], [34.82518266796138, 32.08441362014977], [34.82520127967105, 32.084356404779015], [34.825264109399214, 32.0841623223295], [34.825294692739625, 32.08405831129133], [34.82532230785173, 32.08397436915159], [34.82535086246492, 32.083887572632335], [34.82536211299573, 32.083853370370235], [34.82538454475336, 32.08378517250542], [34.82544972878009, 32.08358702788827], [34.82551728969555, 32.08337854149768], [34.82552521461605, 32.08335859584529], [34.82560000172918, 32.083130973539035], [34.825662088039756, 32.082940062876666], [34.825733642940726, 32.08272553930798], [34.825741004618855, 32.08270027829929], [34.8257708567736, 32.08260903110967], [34.82583039668433, 32.08242702218756], [34.82588916558003, 32.08224927823926], [34.82594707180306, 32.08207297098158], [34.82600612572814, 32.08189372742145], [34.826058543399185, 32.08173532447123], [34.82611096470358, 32.08157694630458], [34.8261469584913, 32.0814621119715], [34.826151838494894, 32.08144490921791], [34.826154697295564, 32.0814348430524], [34.826201617674265, 32.08128093973416], [34.8262338617686, 32.0811733045244], [34.826245433507005, 32.08113300729949], [34.826295438739045, 32.08096759860192], [34.82631047345026, 32.08091853603024], [34.8263448507056, 32.08080319148532], [34.8263844215864, 32.08066932857683], [34.8263926885516, 32.080640301553174], [34.82644370690865, 32.080474589240914], [34.82645237746858, 32.08044628831965], [34.82649166100815, 32.08031431457215], [34.82651405417493, 32.08024484274905], [34.82654186705744, 32.08015140300009], [34.82656088166543, 32.08009154111113], [34.826590327336355, 32.079990426397885], [34.82659252175341, 32.0799832765198], [34.82663029028451, 32.07985599868828], [34.826636696148555, 32.079834306391895], [34.82666920421677, 32.07972306444544], [34.82668463305798, 32.079673010573416], [34.826708713843594, 32.079590652025], [34.82673100717838, 32.079514412602], [34.82674898611266, 32.079452920581936], [34.82677744611222, 32.07935558362834], [34.82678822183838, 32.0793189953732], [34.82684391461254, 32.07913203998368], [34.82684601722912, 32.07912346869622], [34.8268805130165, 32.0790026989733], [34.82688327772311, 32.07899284884573], [34.82692261598981, 32.078852431274136], [34.82692475986525, 32.07884514416616], [34.82696578729248, 32.07870596841393], [34.82697156893452, 32.07868574600248], [34.82700638326593, 32.07856667295477], [34.82701866343902, 32.0785248014211], [34.82707125453731, 32.078349094744965], [34.82711531327063, 32.078197043411016], [34.827115857044184, 32.07818520628864], [34.82712079803764, 32.07816739103789], [34.82714038149319, 32.07809679226541], [34.827180545445245, 32.07794811651852], [34.82719143592044, 32.077915460725464], [34.827241811006985, 32.077738632749515], [34.8273017955304, 32.077558453301776], [34.82732825986888, 32.07748131683764], [34.827410523410414, 32.07724252947412], [34.82745337431667, 32.077118156148096], [34.82747216117077, 32.07705677484138], [34.827480982643785, 32.07700382254388], [34.82751616544986, 32.0767378991426], [34.82751893119312, 32.07670916227069], [34.82753422734472, 32.07658989341319], [34.82755021472706, 32.076465208923], [34.827576345505115, 32.0762680184311], [34.82760254286438, 32.07607095081368], [34.827628670665554, 32.075874416341186], [34.82768465927849, 32.075453258990876], [34.82768802094129, 32.075427997531406], [34.828001795068644, 32.07546556403974], [34.82802511999439, 32.07546788779642], [34.828329136258475, 32.075504862020615], [34.82837197806248, 32.07550949810923], [34.82859643495903, 32.07553665518687], [34.8286801246211, 32.075547609363234], [34.82886455541179, 32.075569575208554], [34.82897922472962, 32.075582969616114], [34.829196199763096, 32.07560832121315], [34.82929429328229, 32.07561931763246], [34.829622957591866, 32.075658616191696], [34.83058646793496, 32.07577136895155], [34.831127693177855, 32.07583327216235], [34.83165848588316, 32.075897959930764], [34.831937758004855, 32.07593430835412], [34.83203511779075, 32.075945650031414], [34.83235744029465, 32.075983354206464], [34.832508167821004, 32.0755667257726], [34.832551333177584, 32.075447411974054], [34.8326815881961, 32.07508735592714], [34.83271727677491, 32.074988724877606], [34.832726684832316, 32.07496288213171], [34.832752286211104, 32.074892570891556], [34.83311148855467, 32.07493963312601], [34.833123122391434, 32.07487438812923], [34.8330963233649, 32.07391932084637], [34.83309669638836, 32.073814378709706], [34.8330866412201, 32.073079118990094], [34.83299595100077, 32.0725366966287], [34.83289343493434, 32.07191086179679], [34.83296021638073, 32.0718956967174], [34.832977165382694, 32.07189168107588], [34.835497898632866, 32.07128212843919], [34.83547102862435, 32.07119538822326], [34.83588362257609, 32.07106880506282], [34.83596336287195, 32.071044417611695], [34.836273840181015, 32.07094927947868], [34.83628849024471, 32.070944791029106], [34.83655547510054, 32.07086298392243], [34.83684813713507, 32.07077329340831], [34.8370412673782, 32.07071445042202], [34.837150128360484, 32.070681284547554], [34.83738606161332, 32.07060856209491], [34.83741596418506, 32.07059935996968], [34.83748492604358, 32.070578241710635], [34.83764669947951, 32.07052869645732], [34.83793490578625, 32.07044043316478], [34.83806437581249, 32.07040067768245], [34.83833010185821, 32.070319292474494], [34.83850347938727, 32.070266133156395], [34.83857398441064, 32.07024451681966], [34.838673869218944, 32.0702142342491], [34.83895038741031, 32.0701308264001], [34.83906269385986, 32.070096950486935], [34.839418328822255, 32.06998976023267], [34.8394386877479, 32.069983596458016], [34.83923697212693, 32.069688916015764], [34.83920784331142, 32.06964636685192], [34.83920233671598, 32.06963822029594], [34.83914003305879, 32.069542290363245], [34.8392420527141, 32.06952221478183], [34.839262092440606, 32.069516320922965], [34.839805076389254, 32.06935465960873], [34.84016515812454, 32.06924792365845], [34.84022997015483, 32.0692286727434], [34.84027131092527, 32.06921644970092], [34.84033193898507, 32.06919845097871], [34.84052168510581, 32.06914219360378], [34.84073951676991, 32.06907760850312], [34.84078555635394, 32.069063981474315], [34.84079051676604, 32.06906251455861], [34.84101303946663, 32.06901119026064], [34.84105061369421, 32.06899319335273], [34.84209480735294, 32.07046922514017], [34.842635384519454, 32.071322583764314], [34.84278288948537, 32.07159680663039], [34.84295668570191, 32.07198946613954], [34.84327427202705, 32.07282177811629], [34.84335856590103, 32.072793606734756], [34.84339747189605, 32.0727821132778], [34.843435581422455, 32.072769304261534], [34.84346572494362, 32.07275917120085], [34.84357123070768, 32.0727216904339], [34.84360267034651, 32.07271319467096], [34.84404340264259, 32.07258905269017], [34.84416066999635, 32.072553267687475], [34.84426661973438, 32.072525732374864], [34.84433918156061, 32.07250474669246], [34.84435291636937, 32.0725618797506], [34.84429302424516, 32.0725794206646], [34.844344875066696, 32.07266379165567], [34.844433303599125, 32.072791713169], [34.844515149563684, 32.07290600983326], [34.84459263810213, 32.07302100405185], [34.84467378130885, 32.07313675383659], [34.84475662040173, 32.073254624208936], [34.84483743127515, 32.07337115231639], [34.84491967913665, 32.073488409397456], [34.8449997875833, 32.07360481984175], [34.84508889453596, 32.07373146749763], [34.845169216988666, 32.07385013620863], [34.8452514130561, 32.073965809377114], [34.845330944048314, 32.07408280580302], [34.84541305640135, 32.07419833772219], [34.845465395992605, 32.0742724296581], [34.845623999336006, 32.074245482157686], [34.84577584733405, 32.0742207015981], [34.845932897651295, 32.074194943692284], [34.84608742470456, 32.07416922855114], [34.84624170263703, 32.07414206992157], [34.84635709958732, 32.07412504929972], [34.846364343504646, 32.07413599208167], [34.84650773817895, 32.07437760483122], [34.84655644377451, 32.074462016163565], [34.84667813110676, 32.07467220672209], [34.846746645528754, 32.07479234537232], [34.84682280973034, 32.07492152735941], [34.84683529293052, 32.07494164754646], [34.8468877420518, 32.075026194252835], [34.847094591232235, 32.07487603588121], [34.84904871538609, 32.07402355592111], [34.84992687447956, 32.073663999891615], [34.85115318689129, 32.073214003736226], [34.85121384620114, 32.07319457489732], [34.85090114793263, 32.071888109167155], [34.85085528532918, 32.07169766154963], [34.850725338267274, 32.07116117980837], [34.85062730697972, 32.0707400218858], [34.850413347991214, 32.06979962776124], [34.850363740662274, 32.06958558384802], [34.85030911933282, 32.0693578333147], [34.850240652643386, 32.06936801612472], [34.84807266222348, 32.069498156706565], [34.84820548670226, 32.06975235941343], [34.84712854676564, 32.07014507389281], [34.84748017447265, 32.070863804343915], [34.84734418165302, 32.070894251353764], [34.84567668824423, 32.071252860153976], [34.84559123869166, 32.07126465513498], [34.845554571304596, 32.07125221115056], [34.84533443340078, 32.06943271542368], [34.84531061358412, 32.06941852384392], [34.84529057757654, 32.069412811077605], [34.8452695166222, 32.069411351680834], [34.8452486584869, 32.06941422519864], [34.84522921451348, 32.06942126926976], [34.845212318175875, 32.06943207160677], [34.84512162234878, 32.069491275337285], [34.8452603313016, 32.06936124549753], [34.845352744561964, 32.06924345044019], [34.84541578316211, 32.069129707365256], [34.84544267596799, 32.0689742679022], [34.845454596585306, 32.068844237568754], [34.84542063566255, 32.06859145963235], [34.845340109237156, 32.067992073730906], [34.84532806874794, 32.06790247687696], [34.84531105126357, 32.06772270542301], [34.84530264428525, 32.06763390540126], [34.84527656737335, 32.06740991634847], [34.845271607467964, 32.06735224571763], [34.845118561900705, 32.066136228091274], [34.84511798878521, 32.066101291348225], [34.84512137816273, 32.066083319037425], [34.84512924455241, 32.06605305558875], [34.845144886259, 32.06602755206131], [34.845174304818414, 32.066005983414335], [34.8452101587751, 32.065989362466496], [34.84523485763862, 32.06598595167988], [34.84526956970564, 32.065981156875324], [34.84530204201866, 32.06598251098898], [34.845342281861, 32.065988629400806], [34.84494753150231, 32.0658793206991], [34.84497976852143, 32.06576760781942], [34.845010457076484, 32.06568839280355], [34.84492269564499, 32.06565732096467], [34.84495711183524, 32.06557643721543], [34.84507726028757, 32.0652769935711], [34.845008819697846, 32.0653596577815], [34.84497404070225, 32.06539847866716], [34.844942357888726, 32.065429179883246], [34.84490213948683, 32.065458786858514], [34.84484381667963, 32.06548614249293], [34.844785558509436, 32.06549698430087], [34.844692378904874, 32.06550552700667], [34.84461476303534, 32.06550420475174], [34.844531985354756, 32.065499567007286], [34.84447167184525, 32.065488417272064], [34.84437441599087, 32.06546484435958], [34.84437476005598, 32.06537701580972], [34.843245122766675, 32.06513184033553], [34.84290208184465, 32.065066424152214], [34.84277462405607, 32.065041733524026], [34.842659602385645, 32.06502640329222], [34.84236641669749, 32.06499011642279], [34.84217102736901, 32.0649838388433], [34.83954143612766, 32.06489898218388], [34.83931116096726, 32.06480112376319], [34.83911252998845, 32.06465698958167], [34.839011524130505, 32.0645596550306], [34.838910849602215, 32.06444877408942], [34.83856978150735, 32.06402930268725], [34.83820307495337, 32.063570743118994], [34.838051335165396, 32.06337884656098], [34.837950179974, 32.06325214800309], [34.837469691241864, 32.06264430247808], [34.837128619486464, 32.06222097092792], [34.83683750755888, 32.06149191910194], [34.83664681081967, 32.06105429759138], [34.837009684611104, 32.060981089098796], [34.83726294092933, 32.06092998413672], [34.8373368954999, 32.06091487488665], [34.837616669445914, 32.06085919343289], [34.83788869446983, 32.06080067080547], [34.83796507380657, 32.06078801422171], [34.838223314269236, 32.060736095610984], [34.83860004753277, 32.06066059984105], [34.83947286862158, 32.06048290525032], [34.84039277994464, 32.06029347525357], [34.84084486671856, 32.060207836496055], [34.840887400296204, 32.06036477324625], [34.840952028766566, 32.06058581641472], [34.841459689028994, 32.06235144672496], [34.84570272692797, 32.061466207591856], [34.84576174048923, 32.06169758177105], [34.845858065746405, 32.0620336818923], [34.846379430148914, 32.062024965391565], [34.8467111210345, 32.06201940865282], [34.851867252298426, 32.055086256066026], [34.852798330713114, 32.053370382757365], [34.85350698693479, 32.05196716996883], [34.8536315103018, 32.051812984804606], [34.85032367274358, 32.04987120499915], [34.850836493435494, 32.04928511719911], [34.85102955284204, 32.04847665499435], [34.85005823316276, 32.04830251253775], [34.85054324901551, 32.04632794388048], [34.850596502006994, 32.04621888521999], [34.85054818300808, 32.04622885043189], [34.85040379216714, 32.04569891282135], [34.8497403865709, 32.045829262229546], [34.84961938986056, 32.04513733678017], [34.84958473189972, 32.04514661828411], [34.84893686228849, 32.0427095947889], [34.84810288856387, 32.04287336457133], [34.847843469984284, 32.041923765447464], [34.84718486866539, 32.04204996677897], [34.84706568148082, 32.041607029891125], [34.84579077891751, 32.04184493107891], [34.84572849732019, 32.04171633927894], [34.844747987085654, 32.03977046189809], [34.84590108111082, 32.03954043278181], [34.845834759074584, 32.038791754431465], [34.84565199225763, 32.038827850340695], [34.84549001007482, 32.03823112431181], [34.845883327797345, 32.03817362025051], [34.84583575283534, 32.03622785990176], [34.845088650424074, 32.036337862030415], [34.845045447227264, 32.03634450307507], [34.84442378002693, 32.03643686585441], [34.84366903860848, 32.03654800808426], [34.8435917506224, 32.03655680615325], [34.84315910148639, 32.0366198289521], [34.843113749264276, 32.036627026296394], [34.84307419197061, 32.03663255147859], [34.84290967349467, 32.03665631559854], [34.84236198385652, 32.036737606667366], [34.842295940494424, 32.03674812745885], [34.84116115879565, 32.03691904067842], [34.84104777859353, 32.03693618867868], [34.84083293891222, 32.03696826135826], [34.84031865881678, 32.0369656601361], [34.839533588148875, 32.0369645291687], [34.838503718715344, 32.03695761895687], [34.83843738043669, 32.03695799000944], [34.83809729193652, 32.03695531660885], [34.837897803371966, 32.03695417708775], [34.837726594940655, 32.03695368211581], [34.836687936025186, 32.03695179996872], [34.83634966178943, 32.03695081855078], [34.83583440077691, 32.036947983830885], [34.83529005579349, 32.0369889704909], [34.83488065494842, 32.037062392552166], [34.83465838974451, 32.037106513531896], [34.83411628836412, 32.03721263308631], [34.83373281104557, 32.037297954949096], [34.83356766767259, 32.03732503511848], [34.83349663072776, 32.03734113880636], [34.83292549518742, 32.03743580722724], [34.832561928352206, 32.037523190135154], [34.8314829965455, 32.037733970785425], [34.829898000506184, 32.03806965677483]]}}, {"type": "Feature", "properties": {"OBJECTID": 21437296, "LAYER_ID": 2612672, "GROUP_ID": 254011, "SCENARIO": "", "DEFQ": 0, "PLAN_NAME": "", "DATA_DATE": null, "MAVAT_CODE": 21060, "MAVAT_NAME": "גבול שטח שיפוט", "NAME": "", "LABEL": "", "TYPE_CODE": 0, "TYPE_NAME": "", "SOURCE_COD": 0, "PL_CHANGE": "", "PLACE_NO": 0, "ADDRESS": "", "LENGTH": 0.0, "WIDTH": 0.0, "REMARKS": "", "DATE_DEC": "", "STATUS": "", "STAGE": "", "AGAM_ID": 99000310859.0, "SHAPE_LEN": 6688.09981939}, "geometry": {"type": "LineString", "coordinates": [[34.83637923308716, 31.999375454806938], [34.836286685198075, 31.999177962417384], [34.835965512347734, 31.99928263138551], [34.835857853572215, 31.999317759428653], [34.835703491210545, 31.999017840723035], [34.835604049118835, 31.99882463809456], [34.83554639438207, 31.998846204233136], [34.83546992592781, 31.9987087004559], [34.83537797082199, 31.99854334021432], [34.83507029821512, 31.998633256471095], [34.83498625760268, 31.998503784078956], [34.834946532982485, 31.998507005037236], [34.83492887141863, 31.998499627014272], [34.83490822654688, 31.998535074787757], [34.8334940888218, 31.99904441091774], [34.83343084133219, 31.999064516544575], [34.83339959010208, 31.998982700509792], [34.83317841996661, 31.9984730984122], [34.832875578876745, 31.998534775584275], [34.83256479969126, 31.998598118563756], [34.83223301437971, 31.998662526418748], [34.8319071441069, 31.998735968781066], [34.83173403465349, 31.99877322230835], [34.831553797149994, 31.998815528367164], [34.83118774444876, 31.998889415500052], [34.83089102576314, 31.99894997813428], [34.83056702613883, 31.99901045861529], [34.83028011981659, 31.99909059454425], [34.83029457863894, 31.998995857784067], [34.83029544661894, 31.998990629761234], [34.830329275259366, 31.998764648392132], [34.83034860881307, 31.998642330919694], [34.83036183606602, 31.99853830169062], [34.8303909153829, 31.998309059441716], [34.83040906358553, 31.9981657268472], [34.83041013270985, 31.99808483815174], [34.830411233445886, 31.998074470455734], [34.83042989546845, 31.997882802951217], [34.830429635001614, 31.997790547546078], [34.8304372865784, 31.997704357888434], [34.83043984213303, 31.99767433584086], [34.830446892323295, 31.997553785280186], [34.83049167120496, 31.997471673001897], [34.83057559163293, 31.997262161714744], [34.83067850385762, 31.996936102921048], [34.83071743462955, 31.996834494100334], [34.83072084105441, 31.99682954431416], [34.830762201567005, 31.996650838738862], [34.83076241071702, 31.996599256578133], [34.83089028854992, 31.9960397944704], [34.83099233550686, 31.99569154825462], [34.831041996755054, 31.995370382399166], [34.83104177509738, 31.995320512427607], [34.83105575284199, 31.99526590436994], [34.83106747294471, 31.995220127189597], [34.831188114965485, 31.99474793826572], [34.831187293225405, 31.994742881926044], [34.83117634475745, 31.99467566923137], [34.83120351627418, 31.994603154190628], [34.831266604952084, 31.994441375930716], [34.83129991140402, 31.994341283813842], [34.83138660729181, 31.994082833194334], [34.83150339390745, 31.993741620582988], [34.83157918430931, 31.993522027424838], [34.83164058469345, 31.993344101908786], [34.831692448511724, 31.993193202408808], [34.83175505626333, 31.99300231971792], [34.83176527012162, 31.99297078663888], [34.8318236640263, 31.99280017820172], [34.83188236559598, 31.99263520915316], [34.83192084910359, 31.99252203047432], [34.83197994412548, 31.992341280943357], [34.83198834919285, 31.992308050572618], [34.83200175921221, 31.99222185617408], [34.83201820309926, 31.992080433125455], [34.83206563677071, 31.991838777666736], [34.8320333870764, 31.99180035644189], [34.83202880878592, 31.99178737851766], [34.83203526560275, 31.991743999312373], [34.832039636190856, 31.991726538635945], [34.83208957522546, 31.991561543701298], [34.83211689611904, 31.991428608014722], [34.832134215107025, 31.991356514636056], [34.83216380033339, 31.991277130632593], [34.83217302311645, 31.991245594603495], [34.83217332958198, 31.99121064903805], [34.832164254965996, 31.991082681959828], [34.83216336047329, 31.991059005355343], [34.83216614019151, 31.990944033705134], [34.83216738206217, 31.99092262120938], [34.832178309418104, 31.990836982033684], [34.83218797440982, 31.990777826848706], [34.8321968913606, 31.99069838274643], [34.832204734854315, 31.99059864439804], [34.83220614518956, 31.990535522363153], [34.83220440261625, 31.990434627561076], [34.83220270096858, 31.990406442911407], [34.83219531427407, 31.99031116560915], [34.832186688721826, 31.990153891250475], [34.83217856383992, 31.990037195591867], [34.832171643010746, 31.98994924954548], [34.8321566224016, 31.989738407517425], [34.83215299756635, 31.989684295854907], [34.83213275437747, 31.989459810184652], [34.832096232715, 31.989037298962902], [34.8320945953393, 31.989008894319298], [34.832094033226625, 31.988983530597505], [34.832022949355675, 31.989063917896726], [34.83184202998226, 31.98919753165708], [34.83164646548386, 31.98939591703495], [34.83141288864902, 31.989631390820033], [34.83129684593082, 31.98974828402803], [34.831092153850406, 31.989954532459066], [34.83090239751714, 31.99014729693108], [34.83063266224704, 31.989961633255664], [34.829768556144224, 31.989368404627356], [34.82976841774525, 31.98936861172356], [34.82961151860809, 31.989605228799523], [34.82926569520677, 31.99010896370185], [34.829233252937016, 31.990156219588957], [34.8290910415298, 31.990365504424656], [34.8287118547247, 31.990923709000953], [34.82846750942963, 31.99128313988286], [34.82801100834631, 31.991934097724204], [34.828009167310626, 31.99193671281015], [34.82800914586978, 31.991936741919833], [34.827897643342304, 31.992080674175376], [34.82696789667063, 31.993291430756404], [34.82673689138591, 31.993592252086522], [34.82580956953402, 31.994782121467352], [34.82527123308363, 31.99546924907926], [34.825086231810424, 31.995707256883954], [34.82479479370308, 31.99608219279883], [34.824544932312456, 31.996401865743067], [34.8240434038321, 31.99704350989908], [34.823930223065204, 31.997198399365335], [34.82368617061816, 31.997543865619928], [34.82363699683946, 31.997613473911976], [34.82363696303192, 31.99761352444664], [34.82339797819408, 31.997996588238145], [34.82321250692483, 31.998288651388023], [34.82305013032886, 31.99854564183319], [34.82287028193514, 31.9988182135006], [34.82249154127422, 31.9993922170158], [34.821381769348186, 32.00112652990431], [34.821300564936664, 32.00125359357517], [34.821376701245306, 32.00127497647842], [34.82145739284211, 32.00129815801859], [34.82159195418223, 32.00131895369935], [34.821792343329, 32.0013399477181], [34.82190392857172, 32.0013595773262], [34.822101156177766, 32.00142134268182], [34.82258816743884, 32.001593577767885], [34.82314398738247, 32.001768564502655], [34.82400324584571, 32.002049732998174], [34.82419150010965, 32.002111466583855], [34.82430202051861, 32.00215767597335], [34.824427386760576, 32.002231966749406], [34.82450973595752, 32.00229199342649], [34.82463489047705, 32.002417256775956], [34.8253823182278, 32.003296270831406], [34.82596140692776, 32.00391413320221], [34.8263576268563, 32.00434096042452], [34.82651702559625, 32.00449857934607], [34.82663627575732, 32.00460598361665], [34.82675256616718, 32.004705731518506], [34.82687194221537, 32.00478255048619], [34.82698837929127, 32.00484661626833], [34.82711983968976, 32.00489543389286], [34.82728122246154, 32.00494434032896], [34.82741575915738, 32.00497277555646], [34.827529360708304, 32.00499860113963], [34.82770462661085, 32.00502061921647], [34.828877008986964, 32.00516682627253], [34.8292511597663, 32.00521501621402], [34.83059435348104, 32.00539249272633], [34.83200749109057, 32.005596963307504], [34.833424695393695, 32.005778842171985], [34.833527489855, 32.00587040869476], [34.833559043320335, 32.005897958947806], [34.833952698910714, 32.006229163876114], [34.83393371739479, 32.00625105844907], [34.834164715337664, 32.0064503776524], [34.83440405323269, 32.00664254607877], [34.83449698129802, 32.00672317878426], [34.834631694877295, 32.00680098518799], [34.83500343268656, 32.007157727683115], [34.835298787409144, 32.007405456810574], [34.83557336791689, 32.007640048615805], [34.83572049630736, 32.00776858595924], [34.83581212264614, 32.0077195509669], [34.83713126514827, 32.006757943447894], [34.83748600708503, 32.006500874675666], [34.83821654217198, 32.005981412914196], [34.838299242766276, 32.00592137172444], [34.836760501961194, 32.00439663403829], [34.83659362380176, 32.00423127228826], [34.83641797622396, 32.00405721366263], [34.83630234253313, 32.00394262904347], [34.8363039009663, 32.003884166215755], [34.836304640051, 32.00385648298697], [34.836059590903375, 32.003628914743885], [34.835795996100074, 32.003384125240274], [34.835792166409036, 32.003380565031705], [34.8354781813058, 32.00312839267585], [34.83533946851779, 32.00301698253188], [34.8352562351864, 32.00295013351536], [34.83525214662483, 32.002946388164084], [34.834930096788234, 32.00265122941585], [34.83492917970375, 32.0026503917227], [34.834889225594665, 32.002594273352564], [34.83489125640878, 32.002593464084214], [34.83492589657954, 32.00257965928592], [34.835029858700395, 32.00252366770451], [34.83518965778123, 32.002445881893934], [34.83553071742225, 32.00228416004918], [34.83573657789988, 32.00217535559279], [34.83593276672022, 32.00204081385246], [34.8359778472281, 32.002009558979296], [34.83619809018735, 32.00185736826159], [34.836332152648005, 32.00175463413361], [34.83641490762062, 32.00168306912552], [34.836445460757886, 32.001660133312086], [34.836908262601426, 32.00145498342112], [34.83695936986572, 32.001432395410184], [34.83705202225616, 32.00138704690198], [34.837279252629415, 32.001311062502495], [34.83725394997069, 32.00124237281479], [34.83724823685296, 32.00123020915621], [34.83722624649471, 32.001183405345785], [34.83712948657741, 32.00097691916572], [34.83703603201589, 32.00077759403169], [34.83694243127524, 32.00057795304119], [34.8369139626168, 32.00051724231122], [34.83684900957008, 32.000378537630546], [34.83675562007446, 32.000179239429116], [34.8366615175758, 31.999978252629408], [34.836567585217146, 31.999777122591716], [34.83647329262193, 31.999576387777118], [34.83637923308716, 31.999375454806938], [34.83647329262193, 31.999576387777118]]}}, {"type": "Feature", "properties": {"OBJECTID": 21437297, "LAYER_ID": 2612672, "GROUP_ID": 254011, "SCENARIO": "", "DEFQ": 0, "PLAN_NAME": "", "DATA_DATE": null, "MAVAT_CODE": 21060, "MAVAT_NAME": "גבול שטח שיפוט", "NAME": "", "LABEL": "", "TYPE_CODE": 0, "TYPE_NAME": "", "SOURCE_COD": 0, "PL_CHANGE": "", "PLACE_NO": 0, "ADDRESS": "", "LENGTH": 0.0, "WIDTH": 0.0, "REMARKS": "", "DATE_DEC": "", "STATUS": "", "STAGE": "", "AGAM_ID": 99000310859.0, "SHAPE_LEN": 1077.70739593}, "geometry": {"type": "LineString", "coordinates": [[34.81437142960643, 32.0105093417396], [34.8146527598772, 32.01099510760267], [34.815459010576575, 32.012065880054784], [34.816016030754035, 32.012733220149634], [34.81660262097192, 32.013252729903954], [34.81765031096537, 32.014045375907045], [34.81871616814166, 32.015002397294126], [34.81931569684262, 32.015616413493916], [34.81970083494271, 32.016048830947796], [34.81997774915447, 32.016380022845965], [34.820286529820095, 32.016784326934555], [34.8209980182825, 32.01777451154591], [34.821082602231584, 32.017904169484325], [34.821151175008275, 32.01800389921766], [34.82122021705314, 32.018098336460554], [34.821299865250985, 32.01805797634141], [34.82130424722996, 32.01806296254161]]}}, {"type": "Feature", "properties": {"OBJECTID": 21437298, "LAYER_ID": 2612672, "GROUP_ID": 254011, "SCENARIO": "", "DEFQ": 0, "PLAN_NAME": "", "DATA_DATE": null, "MAVAT_CODE": 21060, "MAVAT_NAME": "גבול שטח שיפוט", "NAME": "", "LABEL": "", "TYPE_CODE": 0, "TYPE_NAME": "", "SOURCE_COD": 0, "PL_CHANGE": "", "PLACE_NO": 0, "ADDRESS": "", "LENGTH": 0.0, "WIDTH": 0.0, "REMARKS": "", "DATE_DEC": "", "STATUS": "", "STAGE": "", "AGAM_ID": 99000310859.0, "SHAPE_LEN": 1148.54975395}, "geometry": {"type": "LineString", "coordinates": [[34.821300564936664, 32.00125359357517], [34.82103386529805, 32.00167090767066], [34.820876294659016, 32.00191746005014], [34.820123169715814, 32.003001493251844], [34.81925627866583, 32.004052513706505], [34.81838533143138, 32.00508593373403], [34.81835448350987, 32.005067803876734], [34.81806112716017, 32.00542425069974], [34.81806869416975, 32.00543385423693], [34.818046921790135, 32.00545915051031], [34.81788812420126, 32.00566889778738], [34.817397047588344, 32.006325714428854], [34.81684482683068, 32.00708999568164], [34.816647919415146, 32.00736705784753], [34.816639380958385, 32.00737907261998], [34.81652900014114, 32.00754091099648], [34.816520067518496, 32.00755400833769], [34.816499578607335, 32.00758217038742], [34.81617382388971, 32.008029880708094], [34.81512151742389, 32.009475993145735], [34.81478380069888, 32.00994124928763]]}}, {"type": "Feature", "properties": {"OBJECTID": 21437299, "LAYER_ID": 2612672, "GROUP_ID": 254011, "SCENARIO": "", "DEFQ": 0, "PLAN_NAME": "", "DATA_DATE": null, "MAVAT_CODE": 21060, "MAVAT_NAME": "גבול שטח שיפוט", "NAME": "", "LABEL": "", "TYPE_CODE": 0, "TYPE_NAME": "", "SOURCE_COD": 0, "PL_CHANGE": "", "PLACE_NO": 0, "ADDRESS": "", "LENGTH": 0.0, "WIDTH": 0.0, "REMARKS": "", "DATE_DEC": "", "STATUS": "", "STAGE": "", "AGAM_ID": 99000310859.0, "SHAPE_LEN": 6650.9482575}, "geometry": {"type": "LineString", "coordinates": [[34.86784294001724, 31.942351364126196], [34.8677584949009, 31.942338646862037], [34.86752226961746, 31.942300627593717], [34.86742318240726, 31.942285315130796], [34.867250635963615, 31.9422532613176], [34.866718208189724, 31.942154119477248], [34.86645091483826, 31.942101352393582], [34.86610461654607, 31.94203772972029], [34.865428025120046, 31.941920024568827], [34.8643912061535, 31.941733125563037], [34.86421820213198, 31.94171284378891], [34.86414914767529, 31.94170445589535], [34.86409606016716, 31.94169997081302], [34.863953511917, 31.941688016751836], [34.86391803131718, 31.941684691218526], [34.8637309601353, 31.941914261379747], [34.863584956669996, 31.94208302744351], [34.8633940001883, 31.94232650516127], [34.86335654687929, 31.942370492268054], [34.863308738362505, 31.942425670257855], [34.863002344494305, 31.942806691479845], [34.86240192867067, 31.94355342742575], [34.862184199845856, 31.94382420307415], [34.86201747879569, 31.944031541651917], [34.86160233851295, 31.944451307488396], [34.861154378070715, 31.94489502566426], [34.860940342874194, 31.945110357988504], [34.8602382342552, 31.945824487543987], [34.85994924088637, 31.9461150892694], [34.859488486365805, 31.946578411753404], [34.85930012659207, 31.94676905852713], [34.85928337486581, 31.946787900690303], [34.8592145343856, 31.9468628086517], [34.85880082837558, 31.947346842715774], [34.85869403418898, 31.94750629523657], [34.85841389213458, 31.947915902477924], [34.85825091601928, 31.948185424395753], [34.85799023420653, 31.9486121280641], [34.85776251787141, 31.949031392479853], [34.85772975626422, 31.9490942783414], [34.85730631834333, 31.949929538838802], [34.85717185545128, 31.950203375466266], [34.85713978059266, 31.950263330399657], [34.857016042165306, 31.950502310447355], [34.85680508597752, 31.950923090672692], [34.85673144070466, 31.95106909780202], [34.856697606721305, 31.951137802243995], [34.85649355241954, 31.951541845408606], [34.856399893768575, 31.951732988722064], [34.856302281228174, 31.95192909910601], [34.856036471456186, 31.952448144391408], [34.85576578302041, 31.952964332673208], [34.855558334498085, 31.95336528419568], [34.85541393685846, 31.953643358835045], [34.855323426181094, 31.953814201057444], [34.855192265167105, 31.95407002640202], [34.855136850881976, 31.9541711216271], [34.85455597321404, 31.9552051954517], [34.85444041989018, 31.955416571417494], [34.854306525645434, 31.95565098236443], [34.8541970912936, 31.95584386980773], [34.85416062177776, 31.9559080786588], [34.85400480694132, 31.956181016001356], [34.85398693880932, 31.9562112387276], [34.85378346997169, 31.95655971985873], [34.85356492190982, 31.956929827936275], [34.85352116468103, 31.957005545573463], [34.85317037893871, 31.95763311788055], [34.85284973109829, 31.958191665192192], [34.8526752262409, 31.958488497296962], [34.852492056137564, 31.958781577098325], [34.85213004906417, 31.959177287202504], [34.85168827812106, 31.959649077170734], [34.85134143611881, 31.960028334856894], [34.8512568294979, 31.960122376558797], [34.85109875887665, 31.96030619034362], [34.85097952185632, 31.960443597153727], [34.850930474292525, 31.960498781098106], [34.85077660543124, 31.960672318252588], [34.850605483357626, 31.960871794117654], [34.85054235805488, 31.96094664150191], [34.850687316059094, 31.961028305535677], [34.85072819483731, 31.961050780180422], [34.85072635226403, 31.96105295417527], [34.85057587535541, 31.961224347268622], [34.85057052690748, 31.961230912085657], [34.85054014432436, 31.96126901331827], [34.85052125986403, 31.961294496307993], [34.850390517305776, 31.961470294718765], [34.849846336489755, 31.96220678637605], [34.84974460109987, 31.962345048318156], [34.84904978772819, 31.96331755150132], [34.84871312741352, 31.963788949985336], [34.84857526241626, 31.963985089228068], [34.84828610260867, 31.96438981030528], [34.84826476091546, 31.964416927382327], [34.84823798994293, 31.964449544449906], [34.84800583996303, 31.964765802319988], [34.84783890468786, 31.96499958321993], [34.84773756836237, 31.965144597676304], [34.84733307062846, 31.96571622676062], [34.84690058526063, 31.96627131269812], [34.84666288222609, 31.96654195673658], [34.84641785445878, 31.966824278251927], [34.84605392388025, 31.967192462100513], [34.845800338336566, 31.967445928962235], [34.84552333801752, 31.967725543357822], [34.84515262810894, 31.96809876590422], [34.84454132029349, 31.968710583606985], [34.844327905079886, 31.96892287327632], [34.844029992418236, 31.969225062035058], [34.84373763483994, 31.969528030405048], [34.84327334444769, 31.969984376967844], [34.84251634229477, 31.971063825046294], [34.84212620458332, 31.97161788579994], [34.84208131621918, 31.97168313859079], [34.84159173023288, 31.972422663429356], [34.84155145085799, 31.972478892968358], [34.84130295686472, 31.972469431303125], [34.84091784108358, 31.973004340830343], [34.840608195574966, 31.973431811309005], [34.840496732623485, 31.97361128648595], [34.84027999670773, 31.973993932167794], [34.840220548232814, 31.97410310712225], [34.84020368019682, 31.974147020103988], [34.83999601587784, 31.97457534791689], [34.83993207773644, 31.97469183262629], [34.83984679319156, 31.974855604592367], [34.8397559758897, 31.97503908817204], [34.8397156777081, 31.975113371311963], [34.839558081576634, 31.975420657706792], [34.83936956173925, 31.975604985713783], [34.83803344850188, 31.977125186307685], [34.83747285811697, 31.977794848294607], [34.83673356884176, 31.97883429305642], [34.836703435420546, 31.978884418184283], [34.8368732526133, 31.9789847651429], [34.83569711945714, 31.98072555133296], [34.83538081729648, 31.981184639089655], [34.835284169378106, 31.98133428461936], [34.83524111828642, 31.981392776661885], [34.83510704843721, 31.98159754701689], [34.83498599018997, 31.981774172055687], [34.83478095885249, 31.982071732918914], [34.83465873273103, 31.98225004952635], [34.83429084566676, 31.982797948582146], [34.833983641010796, 31.98325922670155], [34.83387489566853, 31.983414470384538], [34.833711105628524, 31.983650715524313], [34.83353816958406, 31.98389933518042], [34.83336620960872, 31.984151337534847], [34.83300068756325, 31.98468289488659], [34.83277469823337, 31.985008574540903], [34.83251480253024, 31.98537811507022], [34.832458567652374, 31.985465060945703], [34.831992400135576, 31.98614170901182], [34.8319377995716, 31.986220957994263], [34.830723676657946, 31.987983207449634], [34.8301173109873, 31.988863298646027], [34.829768556144224, 31.989368404627356]]}}, {"type": "Feature", "properties": {"OBJECTID": 21437300, "LAYER_ID": 2612672, "GROUP_ID": 254011, "SCENARIO": "", "DEFQ": 0, "PLAN_NAME": "", "DATA_DATE": null, "MAVAT_CODE": 21060, "MAVAT_NAME": "גבול שטח שיפוט", "NAME": "", "LABEL": "", "TYPE_CODE": 0, "TYPE_NAME": "", "SOURCE_COD": 0, "PL_CHANGE": "", "PLACE_NO": 0, "ADDRESS": "", "LENGTH": 0.0, "WIDTH": 0.0, "REMARKS": "", "DATE_DEC": "", "STATUS": "", "STAGE": "", "AGAM_ID": 99000310859.0, "SHAPE_LEN": 2231.84969838}, "geometry": {"type": "LineString", "coordinates": [[34.74222049440959, 32.032961705309226], [34.74233792305875, 32.03312499686127], [34.74307729147574, 32.03307863129222], [34.7431963088468, 32.033052010460096], [34.743340687854044, 32.032992205607975], [34.74336399412428, 32.03303124780141], [34.74400111933011, 32.03274778471799], [34.74395674348052, 32.032709297436206], [34.744183121240305, 32.032562624137725], [34.74404112720187, 32.032511200722105], [34.746935952373704, 32.03089449158582], [34.746945975428275, 32.03090129118588], [34.747028963659915, 32.03084128261354], [34.747199973791346, 32.03074608549384], [34.74765910956048, 32.030486220161414], [34.74789942543394, 32.030352873355845], [34.74793394355617, 32.030333342453346], [34.74799116611924, 32.030301985672864], [34.7481809155017, 32.0301955783676], [34.7481948422348, 32.03018886502431], [34.748299812095574, 32.03013048905556], [34.748393214850665, 32.03007854641182], [34.748525082557435, 32.03000406008996], [34.748575336961544, 32.02997662058491], [34.74874269344504, 32.029883100164255], [34.74876558232357, 32.02987078054533], [34.748832758651425, 32.02983269569699], [34.74887604732471, 32.029808614979274], [34.748927004906655, 32.0297805751455], [34.74895847750233, 32.02976325833022], [34.74895864290445, 32.02976325892424], [34.74911854545189, 32.0296725287911], [34.74915479614611, 32.029652299786896], [34.74917675938026, 32.02964004557654], [34.749373149773234, 32.029528589383446], [34.74957451071811, 32.02941546205647], [34.74967337172076, 32.02935945453351], [34.749767056189555, 32.02930679575922], [34.74983010968889, 32.02927209165578], [34.749853113019, 32.029294740391926], [34.74991760829713, 32.02937496052399], [34.7499997451308, 32.029484101296454], [34.75014755897561, 32.02967003944958], [34.75022835040569, 32.029773043151984], [34.75032849903859, 32.029900644606535], [34.750449794223904, 32.03005492465606], [34.750611909023796, 32.03026066271393], [34.75079516618523, 32.030494071045545], [34.75083207229696, 32.030544974025496], [34.75085616300264, 32.03057824444525], [34.75093204694476, 32.03071424815381], [34.75135110385242, 32.030643218332465], [34.75159263935373, 32.03059270790195], [34.75192058438921, 32.03053317148366], [34.75192344410325, 32.03053291142002], [34.75210329053025, 32.0305133523844], [34.75222820265751, 32.03049233566596], [34.752372108460335, 32.03046227779013], [34.75257303858392, 32.030417633398876], [34.7525897384353, 32.030412574637616], [34.75263175970447, 32.03054517570308], [34.75263528989673, 32.03055140352535], [34.75266475436453, 32.03060336874219], [34.752808614835374, 32.030611786642886], [34.75288300095154, 32.030952268577195], [34.75464621187376, 32.03069218115364], [34.75475099909119, 32.03117060040122], [34.755215792808954, 32.03112475157815], [34.75536490399991, 32.03162855756824], [34.755422280767455, 32.03178044231669], [34.75545958480134, 32.031989068828956], [34.75548406889398, 32.032199994692775], [34.75553225788342, 32.03249938004904], [34.755744249916056, 32.03246631303566], [34.75594385370685, 32.03349794846747], [34.755946796718916, 32.03354703843941], [34.759195520240276, 32.03302469275038], [34.75957236049915, 32.03305509122979]]}}, {"type": "Feature", "properties": {"OBJECTID": 21437274, "LAYER_ID": 2612672, "GROUP_ID": 254011, "SCENARIO": "", "DEFQ": 0, "PLAN_NAME": "", "DATA_DATE": null, "MAVAT_CODE": 21060, "MAVAT_NAME": "גבול שטח שיפוט", "NAME": "", "LABEL": "", "TYPE_CODE": 0, "TYPE_NAME": "", "SOURCE_COD": 0, "PL_CHANGE": "", "PLACE_NO": 0, "ADDRESS": "", "LENGTH": 0.0, "WIDTH": 0.0, "REMARKS": "", "DATE_DEC": "", "STATUS": "", "STAGE": "", "AGAM_ID": 99000310859.0, "SHAPE_LEN": 3615.44884262}, "geometry": {"type": "LineString", "coordinates": [[34.811726389473144, 32.05861523999535], [34.81144738432493, 32.0586466414658], [34.81057059418905, 32.05880128308094], [34.81061719600285, 32.05898997412612], [34.810730002794905, 32.059699944418995], [34.8101609719681, 32.05981315425748], [34.80957568545366, 32.05994303015833], [34.80885463345471, 32.06016420992815], [34.807923317330285, 32.060501726453836], [34.80704585641912, 32.060970705743514], [34.806607135024215, 32.06126349386737], [34.80615755250418, 32.06161828959705], [34.80586707210376, 32.061888545207644], [34.80561319903747, 32.062157111644474], [34.8058938691525, 32.06235133846285], [34.805773729861556, 32.06290051210504], [34.80551510256397, 32.06324797003859], [34.805163195309504, 32.06381048131312], [34.80502345924326, 32.06409130965796], [34.8048344783807, 32.06451852353509], [34.804625267902296, 32.06516489857862], [34.804536518266794, 32.06548249977553], [34.804510942725145, 32.065616515287154], [34.80381519826983, 32.065562465201], [34.80373743488532, 32.06610959365351], [34.8028269703441, 32.066038459139655], [34.80245124553633, 32.069836599880716], [34.802405310051746, 32.06990291604264], [34.80227675828884, 32.07004399902069], [34.80220952560736, 32.07025255022204], [34.80238913274026, 32.070434339978235], [34.80217951329053, 32.07075105431793], [34.80180315919598, 32.07124981141654], [34.80183266214158, 32.07128426332349], [34.80182296338564, 32.07129830038583], [34.80061377350763, 32.072899097453885], [34.800968361136064, 32.07376648550353], [34.80214497696949, 32.07675235210415], [34.802150666592766, 32.0767833014318], [34.80201066572815, 32.07745640299879], [34.80195026309032, 32.07770537543108], [34.80187711435302, 32.07786575159926], [34.799357198902335, 32.07918389170586], [34.798895972069225, 32.0793910001811], [34.797639792461936, 32.080158002730336], [34.797491936135145, 32.080276564111685], [34.79752050528994, 32.08034419969268], [34.7977165165776, 32.08049399774622], [34.79786833539238, 32.08066136965682], [34.79798414700499, 32.08075754515761], [34.79819094485368, 32.08081383635861], [34.79836517350003, 32.08084220909929], [34.79863033415667, 32.08084305853769], [34.79888317997536, 32.08089694549632], [34.798960762349935, 32.080957523392634], [34.79903470804216, 32.081002218091776], [34.79924881219167, 32.08108857275125], [34.79960301538332, 32.08125428116808], [34.79993484045665, 32.08137879562878], [34.80007060121751, 32.081481221156444], [34.80017947094784, 32.081580945747234]]}}, {"type": "Feature", "properties": {"OBJECTID": 21437275, "LAYER_ID": 2612672, "GROUP_ID": 254011, "SCENARIO": "", "DEFQ": 0, "PLAN_NAME": "", "DATA_DATE": null, "MAVAT_CODE": 21060, "MAVAT_NAME": "גבול שטח שיפוט", "NAME": "", "LABEL": "", "TYPE_CODE": 0, "TYPE_NAME": "", "SOURCE_COD": 0, "PL_CHANGE": "", "PLACE_NO": 0, "ADDRESS": "", "LENGTH": 0.0, "WIDTH": 0.0, "REMARKS": "", "DATE_DEC": "", "STATUS": "", "STAGE": "", "AGAM_ID": 99000310859.0, "SHAPE_LEN": 1334.27165191}, "geometry": {"type": "LineString", "coordinates": [[34.829898000506184, 32.03806965677483], [34.829862590872764, 32.03776773575375], [34.82972536919618, 32.03697085167791], [34.82949838803152, 32.03609792068216], [34.82940466592883, 32.03534049217967], [34.829317718561484, 32.03474245608915], [34.829279622715966, 32.034443233782916], [34.82925150578874, 32.03410639269917], [34.82920734480806, 32.03345637712245], [34.8291479238878, 32.03242467654715], [34.829091549878676, 32.03086574534045], [34.82904489016764, 32.03028751069039], [34.828912823855696, 32.029669283871975], [34.82885366258782, 32.02942868439499], [34.828775698318644, 32.029211722820186], [34.82849461825587, 32.02856136014901], [34.828278032478174, 32.028148421616194], [34.82795087891321, 32.02767159615768], [34.82757813244334, 32.02713269530094], [34.82738045112194, 32.02687431678262], [34.82731895867216, 32.026800576177564], [34.82733446259097, 32.02678870416908], [34.82740806513048, 32.02674721486497], [34.82759416038337, 32.02663488969755], [34.82768311082981, 32.026581199696565]]}}, {"type": "Feature", "properties": {"OBJECTID": 21437276, "LAYER_ID": 2612672, "GROUP_ID": 254011, "SCENARIO": "", "DEFQ": 0, "PLAN_NAME": "", "DATA_DATE": null, "MAVAT_CODE": 21060, "MAVAT_NAME": "גבול שטח שיפוט", "NAME": "", "LABEL": "", "TYPE_CODE": 0, "TYPE_NAME": "", "SOURCE_COD": 0, "PL_CHANGE": "", "PLACE_NO": 0, "ADDRESS": "", "LENGTH": 0.0, "WIDTH": 0.0, "REMARKS": "", "DATE_DEC": "", "STATUS": "", "STAGE": "", "AGAM_ID": 99000310859.0, "SHAPE_LEN": 45.5114672253}, "geometry": {"type": "LineString", "coordinates": [[34.80097841452642, 32.08179919958336], [34.801378628949756, 32.08157042752907]]}}, {"type": "Feature", "properties": {"OBJECTID": 21437277, "LAYER_ID": 2612672, "GROUP_ID": 254011, "SCENARIO": "", "DEFQ": 0, "PLAN_NAME": "", "DATA_DATE": null, "MAVAT_CODE": 21060, "MAVAT_NAME": "גבול שטח שיפוט", "NAME": "", "LABEL": "", "TYPE_CODE": 0, "TYPE_NAME": "", "SOURCE_COD": 0, "PL_CHANGE": "", "PLACE_NO": 0, "ADDRESS": "", "LENGTH": 0.0, "WIDTH": 0.0, "REMARKS": "", "DATE_DEC": "", "STATUS": "", "STAGE": "", "AGAM_ID": 99000310859.0, "SHAPE_LEN": 5.45074012754}, "geometry": {"type": "LineString", "coordinates": [[34.75594385370685, 32.03349794846747], [34.755946796718916, 32.03354703843941]]}}, {"type": "Feature", "properties": {"OBJECTID": 21437278, "LAYER_ID": 2612672, "GROUP_ID": 254011, "SCENARIO": "", "DEFQ": 0, "PLAN_NAME": "", "DATA_DATE": null, "MAVAT_CODE": 21060, "MAVAT_NAME": "גבול שטח שיפוט", "NAME": "", "LABEL": "", "TYPE_CODE": 0, "TYPE_NAME": "", "SOURCE_COD": 0, "PL_CHANGE": "", "PLACE_NO": 0, "ADDRESS": "", "LENGTH": 0.0, "WIDTH": 0.0, "REMARKS": "", "DATE_DEC": "", "STATUS": "", "STAGE": "", "AGAM_ID": 99000310859.0, "SHAPE_LEN": 30.7455604983}, "geometry": {"type": "LineString", "coordinates": [[34.793175727537275, 32.03395552035107], [34.79347642863983, 32.03384940484286]]}}, {"type": "Feature", "properties": {"OBJECTID": 21437279, "LAYER_ID": 2612672, "GROUP_ID": 254011, "SCENARIO": "", "DEFQ": 0, "PLAN_NAME": "", "DATA_DATE": null, "MAVAT_CODE": 21060, "MAVAT_NAME": "גבול שטח שיפוט", "NAME": "", "LABEL": "", "TYPE_CODE": 0, "TYPE_NAME": "", "SOURCE_COD": 0, "PL_CHANGE": "", "PLACE_NO": 0, "ADDRESS": "", "LENGTH": 0.0, "WIDTH": 0.0, "REMARKS": "", "DATE_DEC": "", "STATUS": "", "STAGE": "", "AGAM_ID": 99000310859.0, "SHAPE_LEN": 50.6943148812}, "geometry": {"type": "LineString", "coordinates": [[34.77665224445841, 32.03477726526437], [34.77633020152871, 32.03441156748956]]}}, {"type": "Feature", "properties": {"OBJECTID": 21437280, "LAYER_ID": 2612672, "GROUP_ID": 254011, "SCENARIO": "", "DEFQ": 0, "PLAN_NAME": "", "DATA_DATE": null, "MAVAT_CODE": 21060, "MAVAT_NAME": "גבול שטח שיפוט", "NAME": "", "LABEL": "", "TYPE_CODE": 0, "TYPE_NAME": "", "SOURCE_COD": 0, "PL_CHANGE": "", "PLACE_NO": 0, "ADDRESS": "", "LENGTH": 0.0, "WIDTH": 0.0, "REMARKS": "", "DATE_DEC": "", "STATUS": "", "STAGE": "", "AGAM_ID": 99000310859.0, "SHAPE_LEN": 37872.9298497}, "geometry": {"type": "LineString", "coordinates": [[34.82779226934997, 32.10569287741042], [34.82785910782534, 32.105740773804925], [34.82843492561051, 32.105885857044846], [34.82853315661021, 32.105903203492105], [34.82869985987832, 32.10591846218879], [34.82887552683372, 32.105941837706396], [34.828921805843166, 32.10594372081692], [34.829159810447244, 32.10593746462299], [34.82929424261434, 32.10594735296328], [34.829374138610646, 32.105954916033724], [34.82957702989463, 32.1059855638787], [34.82963007755476, 32.10598616444759], [34.82974374751249, 32.10597141576319], [34.82981706675974, 32.105968444139755], [34.82982389206571, 32.10600632130073], [34.82994207829016, 32.105987758254706], [34.830304994939034, 32.10598054542559], [34.83037552023224, 32.10598210991206], [34.83045021750336, 32.105997693442866], [34.83052796163597, 32.105981113536], [34.83064806788217, 32.10597074394044], [34.83075899249169, 32.10596825422957], [34.83086942340072, 32.10596519993537], [34.831204439399336, 32.10593462502249], [34.83134948832248, 32.105926596967755], [34.83143545709423, 32.10591444897339], [34.83143997220809, 32.10590262740945], [34.83143743979342, 32.10583329406669], [34.83145359575099, 32.105809107222456], [34.83169711925234, 32.10576586200015], [34.831770342795465, 32.1057531131961], [34.831955220195965, 32.10572096886841], [34.831997449087986, 32.10571601995389], [34.83203855607359, 32.10570374125583], [34.83207965555632, 32.105693152289085], [34.832199986934754, 32.105656308911925], [34.83228269158297, 32.1056317528118], [34.832305260251296, 32.10561885540118], [34.832432334880096, 32.10559330010683], [34.83248087572417, 32.10558386230551], [34.83251315317496, 32.10558452178241], [34.83253306337731, 32.10557387207251], [34.83270686787639, 32.10553605634562], [34.83281686226958, 32.10551834337583], [34.832976546720204, 32.10549288378758], [34.83310194182218, 32.10547239873269], [34.833325241120484, 32.105435856144126], [34.833426424193554, 32.10542769717893], [34.834023806403444, 32.1054007005374], [34.834082749408346, 32.105398055349916], [34.83421752177845, 32.105392811543375], [34.83438592111858, 32.10538259599469], [34.8343859048346, 32.105427686928266], [34.83439320028755, 32.10546603415703], [34.83441130354656, 32.10549257426298], [34.834467619981815, 32.10548428726908], [34.8346330927186, 32.105459969683686], [34.83472012924097, 32.105446605025335], [34.83491402592531, 32.10541682747411], [34.83491687201434, 32.105367800065615], [34.834942593267506, 32.10535265632746], [34.83513105944967, 32.10533291796931], [34.835226618465285, 32.10532248836964], [34.83532813400415, 32.10531263750738], [34.83552089854349, 32.10529460081567], [34.835730068305686, 32.105272102111215], [34.83588238990047, 32.10530805269704], [34.8359752710517, 32.10534608413292], [34.836042030932795, 32.10537558636853], [34.83615945164688, 32.10540354610525], [34.83626563730786, 32.10542752668057], [34.836277626444094, 32.1054506687204], [34.8363072891534, 32.10544286592463], [34.83643637101191, 32.10549453123148], [34.836446879715126, 32.10551597751869], [34.83647934080891, 32.10551212542236], [34.836594665570324, 32.10556825949072], [34.83657247440043, 32.105653301670934], [34.836788603123516, 32.10575255929415], [34.8368143716625, 32.10576672724605], [34.836924571958356, 32.10582115420988], [34.83701457963245, 32.10587439365047], [34.83707687998106, 32.105902194306594], [34.837254870952016, 32.105976541398206], [34.837307643565964, 32.10590286336163], [34.83780481988465, 32.106138763966875], [34.83794592249097, 32.106206243791355], [34.83823160187904, 32.10634290435891], [34.83835206127263, 32.10639904784137], [34.838434347623256, 32.106437611554135], [34.83847878695442, 32.10646085097922], [34.838453779178245, 32.10654588205475], [34.83849150355615, 32.10655162883666], [34.83857126507176, 32.106559185721586], [34.838595037842985, 32.10649274931563], [34.83861787926455, 32.10640996254231], [34.838628781040846, 32.10637448565014], [34.83877890958296, 32.10642113734764], [34.83881926078483, 32.106431397255], [34.83910066615253, 32.106612649035924], [34.839174993415206, 32.106662075811386], [34.83916345265561, 32.10669632132147], [34.8391454669818, 32.10675175428918], [34.83931470268815, 32.106839665504765], [34.83947894665632, 32.10695193139772], [34.83964299133596, 32.10707180036521], [34.839800001751335, 32.1071608332558], [34.8398868397809, 32.107208242621475], [34.8399720615646, 32.10724433585657], [34.840137242029854, 32.10731214945137], [34.84016812311462, 32.1072164322688], [34.84018211151591, 32.10717722301649], [34.84031118788697, 32.10716412898688], [34.84041477358296, 32.1071477653687], [34.840427851115, 32.10717577239429], [34.84054963425502, 32.10715082563566], [34.84071157763015, 32.10711917288748], [34.84081209638191, 32.107101425769244], [34.84085952704184, 32.10709406266871], [34.84097943227448, 32.107082117290446], [34.84104488817435, 32.10707765138348], [34.84116488693054, 32.10706657194786], [34.841204044659406, 32.10706367241505], [34.84130331021465, 32.10708411345123], [34.84139888070038, 32.10711291997127], [34.84151595950138, 32.10720901080701], [34.84155176119884, 32.107243522076104], [34.84168028988309, 32.10736682905371], [34.84174539379317, 32.10744719876654], [34.8418122514999, 32.107534134818266], [34.841877428482, 32.10759082723557], [34.84195254895886, 32.107735035772485], [34.84196438200059, 32.107768172766605], [34.841995149731666, 32.10797199217941], [34.84202052980856, 32.10803675186647], [34.84206265457862, 32.10812380800871], [34.84209306699358, 32.10818269499153], [34.842162937289956, 32.108274491305245], [34.84220854427192, 32.108315930312045], [34.84234722109653, 32.10841347467461], [34.842384429942776, 32.108429838395296], [34.842477421862654, 32.108450960728405], [34.84271768540401, 32.10849239701623], [34.84280878764567, 32.108509145683], [34.842944486492364, 32.108543248753996], [34.84310344790571, 32.10853636156777], [34.84331259392948, 32.108526746347124], [34.84358241696369, 32.10851681656308], [34.843731160642164, 32.10848069652866], [34.84398108125702, 32.108416035672796], [34.84412014900877, 32.1083766661019], [34.8441728948676, 32.10835207098794], [34.84424960773005, 32.1083173796152], [34.84434760430059, 32.10827067495925], [34.844446778481434, 32.10822410018443], [34.84453133192704, 32.10818596391553], [34.8447118423136, 32.10812196628998], [34.844839329764454, 32.108077729956285], [34.84496012184113, 32.10803752491007], [34.84499989902691, 32.10801506067142], [34.84515099975423, 32.107924289729915], [34.845297106980446, 32.10783920391737], [34.845359862137464, 32.10778529994939], [34.84577061696394, 32.107549921501025], [34.84614969109633, 32.10724940442831], [34.846165959271815, 32.10723447718089], [34.84618317175339, 32.10721768067374], [34.846567178806254, 32.10686651737736], [34.84669082458962, 32.10680463986535], [34.84675192174558, 32.106766941115545], [34.846802526793, 32.106751800302504], [34.84683149601143, 32.106749930356095], [34.846864204396745, 32.10674767137706], [34.84692343904066, 32.10674416623585], [34.84701891001598, 32.106753219069674], [34.847051410564674, 32.10675983254018], [34.84711649552235, 32.10677442305891], [34.84720715738756, 32.10679510988593], [34.84737823169485, 32.106789438139465], [34.847674232781024, 32.10684229446599], [34.84771572863096, 32.10685052380858], [34.84779460547158, 32.106866844752275], [34.847893587474196, 32.106887366808024], [34.84802688899131, 32.106917728127335], [34.84812342422055, 32.106953883526145], [34.848185461427434, 32.106980732918544], [34.84823130255754, 32.107013704640025], [34.84834318158157, 32.10709411991867], [34.848506603148124, 32.10721165630774], [34.84857540110193, 32.10723493864274], [34.84861871103489, 32.10725618051764], [34.84868471818884, 32.10728993028725], [34.848722558550676, 32.10729986955236], [34.848893810567596, 32.10730748201366], [34.848954117349095, 32.107295372237], [34.84906504348006, 32.107273103081475], [34.84920799304932, 32.10721855252258], [34.84928237461989, 32.10719050267193], [34.85063427551927, 32.11320516943405], [34.85072292727714, 32.11358819993603], [34.85062483653598, 32.11357299999398], [34.851641253998416, 32.1180370384467], [34.851887503168086, 32.11949088785363], [34.851715699961446, 32.11954780797743], [34.85154317972717, 32.119676394779404], [34.85137354735784, 32.11974299275918], [34.85125749576173, 32.11978381255343], [34.85117464798441, 32.11975652792338], [34.8510852502295, 32.11975402404939], [34.85104285005353, 32.119757851584886], [34.850972160625254, 32.119799360229756], [34.850682260052864, 32.11979629627746], [34.85064531917556, 32.119801268370345], [34.85058372694925, 32.119801658771124], [34.85044944280557, 32.11980466354999], [34.85031546064123, 32.119813873175744], [34.850382030232616, 32.12032582222601], [34.84888797977654, 32.118690531192314], [34.848797675100236, 32.11870887585735], [34.8485302371823, 32.11876505246215], [34.84854065692761, 32.11906605080725], [34.84809818316742, 32.11912906038212], [34.84687432633471, 32.119337530188595], [34.84689929520489, 32.11947343089686], [34.84625292359402, 32.11964181459296], [34.84522557428254, 32.11968399388445], [34.84428997987064, 32.119689571722795], [34.84426492936447, 32.11968972064924], [34.844260909187334, 32.119996878527054], [34.84426704790446, 32.120017529044006], [34.84435452207129, 32.12031148854965], [34.844393826625804, 32.12043175439611], [34.84440430010374, 32.12045978273528], [34.84391309531352, 32.12065297953724], [34.843553930666, 32.12079632841343], [34.84346173159105, 32.120832137010474], [34.843484567996676, 32.120862523975504], [34.8435831210729, 32.12099367532487], [34.843523934579764, 32.12101379680497], [34.84345596530982, 32.12103502207528], [34.84342960468658, 32.12104340061758], [34.843015325246874, 32.121175796274514], [34.84287426025975, 32.121217664189636], [34.84263485335998, 32.12129983077042], [34.842563899629326, 32.1213221726394], [34.84225967672794, 32.12141897675534], [34.842058172591805, 32.12148338664984], [34.84192384364476, 32.12150130866967], [34.84189351661344, 32.12150663232922], [34.84186620922442, 32.122023864268684], [34.841757125051224, 32.12351912482657], [34.84122347617703, 32.123695482981375], [34.84102201137402, 32.12425821716951], [34.839916837513066, 32.124255069177835], [34.83990040058736, 32.12433485700704], [34.83991280163398, 32.12469680554961], [34.839922683996164, 32.124985251221936], [34.83993668096179, 32.12539403444191], [34.83994949041298, 32.12576784259702], [34.83996480405783, 32.126422927515044], [34.83674080507994, 32.12643213478602], [34.83717745338168, 32.127212064731], [34.83721027072416, 32.12734225851739], [34.83729772841242, 32.12768918628989], [34.837302816657946, 32.12771427084235], [34.837217751043475, 32.12771402033352], [34.837190247208554, 32.127713940564696], [34.835796009468694, 32.12771496050496], [34.835794698954416, 32.128118441873134], [34.835576436884494, 32.128143128163735], [34.835494698640495, 32.12815237511073], [34.834654838190666, 32.12824737320983], [34.83464988901519, 32.12824796696352], [34.833624732255835, 32.12836333337892], [34.83345437010824, 32.12838411628699], [34.833430897191825, 32.12838672413791], [34.83339933671429, 32.12839023130511], [34.83338194908606, 32.12839216400378], [34.83340917841145, 32.128524535759546], [34.83342348641167, 32.12859330062338], [34.833426210184776, 32.12860639888537], [34.83345464722468, 32.12874308766444], [34.833477004195, 32.128842399920785], [34.829307532115934, 32.12899835232169], [34.828974716102145, 32.129036737901366], [34.828435607382644, 32.1285031688912], [34.82838135369216, 32.12844777195472], [34.828295248719265, 32.12836804767355], [34.828153299650644, 32.12821770453037], [34.82779561116769, 32.12786100101904], [34.82748152504214, 32.12785612050769], [34.82714111516595, 32.12784890578334], [34.826751178435, 32.12784661765559], [34.82618105131939, 32.12785337110787], [34.826604905081496, 32.1285331487923], [34.82665905965788, 32.12862413039555], [34.827057550677694, 32.12928418307148], [34.82728361078182, 32.12965740446367], [34.82737180498367, 32.129834081089164], [34.827393316232644, 32.129877823568954], [34.82754153962287, 32.13023503201368], [34.82758350652152, 32.13033801756985], [34.82759457668971, 32.13036341260783], [34.82760392890538, 32.130384859443055], [34.827613774310606, 32.13040686694061], [34.827701420158505, 32.130615947825824], [34.82569311570692, 32.130690271204436], [34.82136920706041, 32.13086945587912], [34.81952839266392, 32.13094221651868], [34.81943128890758, 32.13095376704279], [34.81951725433551, 32.130676155306816], [34.8196360120551, 32.13031298433048], [34.819923104068614, 32.12953325246559], [34.82095304636982, 32.12751300189908], [34.82173333450802, 32.12595020509914], [34.821775838728804, 32.125879788758354], [34.8218889537996, 32.12579387335522], [34.82251203481339, 32.125320615814104], [34.82275060680149, 32.125139405518844], [34.8234293434793, 32.12462386067872], [34.82387385885789, 32.12414985853018], [34.82402763435399, 32.12398531583071], [34.82371920322909, 32.12325986028219], [34.82371476529834, 32.123252639932645], [34.82351470317051, 32.12327910605733], [34.82325491330738, 32.12330355267238], [34.822882684364494, 32.12333896471352], [34.82273232021956, 32.12335326846538], [34.82267833384038, 32.12335592270939], [34.82234602812642, 32.12338634194704], [34.822262091267824, 32.1233940243833], [34.8222303102092, 32.12339693311269], [34.8218489948581, 32.12343274785599], [34.82149182871262, 32.12346620616132], [34.82121199455509, 32.12349242408032], [34.82113574412319, 32.12349956649835], [34.82091226347874, 32.12352048938187], [34.8207812704675, 32.123532749680344], [34.82056696908195, 32.12355312618526], [34.820428520059124, 32.12356629095408], [34.82022065520228, 32.123586051806306], [34.82007682083318, 32.12359972603997], [34.8197713376957, 32.12362877017227], [34.819726707838285, 32.12363301360242], [34.81955018380902, 32.123649795108825], [34.81936734982376, 32.123667177472015], [34.81930970999229, 32.12367265482467], [34.819219677590155, 32.12368121442685], [34.81909050214816, 32.123693493337136], [34.819033370858534, 32.123698924812864], [34.8188612994429, 32.12371528244636], [34.81874901739719, 32.12372595681794], [34.81861969750031, 32.12373824914555], [34.818464680572774, 32.1237529877382], [34.8183874878035, 32.12376032379321], [34.81809606901504, 32.123788025223455], [34.81804620638629, 32.12379276453316], [34.817959928747875, 32.12379738551763], [34.817907262999825, 32.12380228516619], [34.81704978423349, 32.123882095065554], [34.816910813837474, 32.12389503092542], [34.81673376877845, 32.12391151075944], [34.81626510691521, 32.12395514263282], [34.81544692116741, 32.12403126925363], [34.814852903476634, 32.12408654535026], [34.814722077931734, 32.12409874979208], [34.81466309423017, 32.12410422089033], [34.814002741947505, 32.12416584519916], [34.81313767368105, 32.1242465678172], [34.81265443349598, 32.124291652643095], [34.81260822134006, 32.124295964639884], [34.812095031660036, 32.12436457030481], [34.81208199301613, 32.124365521730276], [34.81155326873816, 32.12440410699384], [34.81114958539696, 32.1244445921162], [34.81092912687924, 32.12486712077998], [34.810708422358395, 32.12532913924449], [34.81050619340656, 32.1253380691122], [34.81036327359483, 32.12565193385909], [34.81018364177473, 32.12605206507451], [34.80999704861186, 32.12653585446912], [34.809497082928836, 32.12705110733404], [34.80925266551254, 32.12753296267603], [34.808814799538624, 32.12814466993116], [34.80835012681797, 32.128663750706366], [34.80794055331858, 32.12902105855272], [34.80744926937576, 32.12940124511449], [34.80697213474006, 32.129654231282586], [34.80622272772001, 32.12996419760464], [34.80513298638957, 32.13034248925482], [34.80415265113208, 32.13058231048582], [34.8034040360571, 32.13070718272443], [34.803160984893395, 32.13064507515661], [34.802144635300074, 32.13075011100865], [34.801396829898835, 32.13068989575216], [34.80058117277954, 32.130594757874064], [34.80011944909095, 32.13043134070573], [34.79938581052978, 32.130243916071144], [34.798666339301995, 32.12992929299966], [34.79779772595637, 32.1295100781639], [34.797429935321226, 32.129252179443895], [34.79712033523933, 32.129000414472856], [34.796810341787484, 32.12865160143766], [34.79587543198764, 32.128677806305056], [34.79624756168286, 32.13037895352753], [34.79652955508882, 32.131547668543], [34.79693189393614, 32.133324389957856], [34.79711526378356, 32.13389084730141], [34.797405663468304, 32.13450084191882], [34.798550717608585, 32.136580508373214], [34.79892304930861, 32.13717001235316], [34.80015338168243, 32.13864845842549], [34.80060164156592, 32.1392145836995], [34.80091841835705, 32.13965124367631], [34.801079920895425, 32.13989870369313], [34.801439969233876, 32.1405221577052], [34.80168528072109, 32.141014291117344], [34.80190197411682, 32.14153758708893], [34.80203039859557, 32.14187830158465], [34.802694771648675, 32.14397362221648], [34.80234563907779, 32.14403960831699], [34.79708120856301, 32.14498659561836], [34.791637298707684, 32.14603553644639], [34.790638723124786, 32.146189731599286], [34.78747265092531, 32.13765769242957], [34.78447714249127, 32.12893159694153], [34.782939199834, 32.1251421766676], [34.78122555234216, 32.12139698874066], [34.77998344574, 32.117404552326285], [34.77869661718904, 32.11433068738678], [34.77726026951273, 32.11074461065133], [34.776715335098686, 32.109799126084596], [34.77608701182858, 32.108969476489925], [34.77565089430301, 32.10863698857051], [34.774703788978236, 32.10838552142753], [34.773410263585404, 32.10941553440072], [34.768636754997964, 32.09962842388389], [34.76848207959619, 32.098975133667786], [34.76858057599196, 32.09845788965866], [34.76893549493485, 32.097873421780626], [34.76931400055498, 32.09767530342133], [34.76981284001434, 32.09738081241991], [34.77047634162065, 32.09697974769222], [34.76957489853767, 32.09556483886968], [34.76919335850936, 32.09487219714878], [34.76888011388544, 32.0935630226038], [34.76841303838024, 32.0918647273765], [34.768317308718025, 32.09114793510088], [34.76806808742165, 32.09058400231139], [34.76811383419717, 32.09054249743718], [34.76808440842888, 32.090426246124274], [34.768004102933794, 32.09036176246238], [34.76786181945149, 32.090009576039506], [34.76779037460093, 32.089641221061925], [34.76772775141623, 32.08957851155195], [34.76748964734134, 32.08912936121848], [34.767265379377136, 32.088816973552404], [34.76650260822396, 32.08788568975687], [34.7664953133333, 32.08773565632262], [34.76619853508389, 32.08649500531456], [34.766164740632384, 32.086074221702304], [34.76615183495071, 32.08557083766254], [34.76610488570609, 32.08514333205646], [34.76600934685992, 32.084460473900755], [34.765677194980135, 32.08365925777017], [34.76560537878822, 32.08353596407203], [34.765139892247845, 32.08313653544118], [34.76478473007823, 32.082674309028896], [34.76458753791314, 32.082227262027835], [34.764413507920764, 32.08167128546008], [34.7643239320979, 32.081351193631065], [34.7641245882927, 32.08043482915515], [34.76404020613374, 32.08025084208227], [34.76331641440753, 32.07812260452531], [34.763146766856536, 32.07753462619179], [34.76273232568433, 32.076655240865094], [34.7623870146801, 32.07581573384822], [34.76178486640284, 32.074522321930516], [34.76162376074318, 32.074084303766654], [34.7613545059628, 32.073002242346384], [34.76101383324154, 32.07184551530188], [34.76073949296993, 32.07120484859754], [34.760736438989994, 32.07108403999957], [34.760684368517694, 32.06991615284198], [34.76081227746803, 32.0692447720671], [34.760996640545635, 32.06876803995599], [34.76100279652836, 32.068422465497896], [34.760918516644445, 32.068055813760964], [34.760669079452676, 32.06768887602089], [34.759869045954105, 32.06666787645966], [34.758753186178446, 32.06478148199343], [34.75761802844777, 32.06236750109203], [34.75761233954254, 32.062269462166576], [34.75750518971127, 32.06151436813022], [34.75704779896577, 32.06053776601842], [34.756412172266764, 32.05903027664989], [34.755834083619206, 32.058087453360294], [34.75541398811662, 32.05770965510499], [34.75519431442525, 32.05743519444316], [34.75480519905067, 32.05716185150374], [34.754211606441935, 32.0569535490254], [34.75364671869102, 32.056774143227734], [34.75210440064915, 32.05632426942068], [34.75092631920517, 32.05604393586409], [34.75048559083434, 32.05592969808272], [34.75008188594107, 32.05576552188988], [34.7498638939572, 32.055590383129335], [34.74965323650289, 32.05525840945363], [34.749355318522966, 32.054685236456514], [34.74891676996202, 32.05393089469968], [34.748373206414215, 32.052950342130565], [34.747932936322684, 32.05224440187852], [34.74782888585143, 32.051822476921444], [34.74776051708458, 32.051340458523285], [34.74776537665833, 32.05036187738552], [34.74767931832392, 32.04987979674491], [34.747311418071725, 32.049155812623724], [34.74718089898253, 32.04869059759608], [34.747000967008134, 32.048415446967866], [34.74585106279582, 32.04810495518152], [34.745544620138766, 32.047982645838196], [34.74480954285499, 32.04773949571246], [34.744349366169395, 32.04742993179913], [34.74393356855185, 32.04717284426277], [34.7435346682711, 32.04687322177933], [34.74303423639452, 32.04639742963714], [34.742175865109125, 32.045036640022495], [34.74189468783581, 32.04455285740229], [34.74147955126806, 32.04416797689628], [34.74106456317595, 32.043754698284246], [34.740316931723484, 32.043141417613256], [34.739769934743826, 32.04248965070175], [34.739555793318885, 32.041949313426805], [34.73954126266845, 32.04152329788348], [34.739593103851256, 32.041168519647435], [34.73984555517047, 32.040729284748025], [34.74023088805215, 32.04040412489565], [34.74077486037992, 32.040167356928016], [34.7417179998067, 32.039926802806335], [34.742052990748554, 32.03965824871358], [34.742121429935494, 32.03931772926606], [34.74217425857107, 32.03876417023602], [34.742274006582285, 32.038087597157855], [34.74243487873005, 32.036566531124755], [34.74224019661672, 32.03547251847255], [34.742009659861324, 32.034875330933104], [34.741646394969194, 32.03413567099755], [34.74131671033337, 32.03335353529757], [34.74222049440959, 32.032961705309226], [34.742234088609614, 32.03223635342714], [34.7414110819391, 32.03093873862126], [34.741156947005955, 32.0306582549678], [34.740990672666115, 32.030525715229174], [34.74072891066698, 32.03035170449752], [34.74059839189683, 32.02993027066498], [34.740730233940035, 32.02985797810734], [34.740960059271245, 32.0295206461031], [34.740958510497755, 32.0290714576859], [34.74077698306334, 32.027869696836696], [34.740410782516854, 32.02731095959071], [34.73916728598215, 32.02469345966814], [34.73802146633841, 32.02176013744454], [34.73834770840223, 32.02121403827278], [34.73750258059457, 32.017921638196924], [34.737032009245794, 32.016270794827186], [34.736877169395186, 32.01578938762039], [34.73654490026919, 32.01464910642718], [34.73703172051668, 32.01453420888088], [34.73590148601446, 32.010904826087916], [34.73562857228391, 32.010979929343065], [34.73534424270383, 32.01014021151188], [34.7351970635514, 32.00971864072884], [34.73484759500318, 32.00868930159029], [34.73470399378772, 32.008280145253835], [34.73461993087034, 32.00803127729394], [34.734427855205155, 32.00746525259121], [34.734693818349946, 32.00732420486906], [34.73467788235443, 32.00731792347953], [34.73328974100858, 32.00353722951965], [34.73330338788836, 32.00352996135655], [34.73347427995856, 32.003438987932064], [34.73397512430066, 32.00317815289106], [34.736473263725266, 32.00185445762076], [34.73861079208968, 32.00071757198816], [34.73879181827321, 32.00062111280176], [34.739925723871046, 32.000023139807695], [34.74218750612084, 31.998816228568966], [34.74330877419612, 31.998214978806033], [34.743528277367304, 31.998097976322253], [34.74400742827935, 31.99784243671544], [34.743978059912045, 31.997773115701122], [34.74435321529575, 31.997659028420006], [34.744376014673605, 31.99764877648877], [34.744892016697776, 31.99749176397572], [34.74503933911617, 31.997840516867388], [34.745403275438214, 31.99870296745493], [34.74537145093948, 31.99871254456786], [34.745466973481314, 31.998939010268984], [34.74548441921333, 31.998980368677195], [34.74549820845597, 31.999013052550158], [34.74548868123191, 31.999044999280468], [34.74558901743068, 31.999282527995383], [34.74556794725062, 31.999289074372502], [34.74561116074516, 31.999415106818137], [34.74557542738324, 31.9994257921318], [34.74566284351907, 31.99964672752734], [34.74567281642835, 31.999689248853816], [34.74576912419634, 31.999939445488316], [34.7457499310925, 31.999945558872977], [34.7457822586507, 32.00004585420904], [34.745699997864214, 32.000071470872385], [34.74574336743128, 32.00017482566667], [34.745815151503294, 32.00034468776002], [34.74599918114275, 32.00076172316834], [34.74600440373644, 32.00077812619421], [34.74608531631173, 32.00103299550559], [34.7461692008303, 32.00098910694116], [34.746975612499334, 32.00055987215574], [34.747753376525075, 32.00014588116996], [34.747684772017806, 31.99998280940874], [34.74761705857778, 31.999821915994698], [34.74761071243358, 31.999806833320246], [34.74760359994671, 31.999789853887535], [34.74764345025201, 31.99977773304972], [34.74746229223184, 31.99934734568732], [34.74745811659124, 31.999337428693703], [34.74723249260325, 31.998801392550654], [34.74722813317806, 31.998791031247695], [34.746959152913384, 31.99815198646977], [34.746976068678364, 31.99814668311382], [34.74698571295017, 31.998143720353493], [34.74728755648961, 31.998050952754028], [34.747202002766514, 31.997847560159176], [34.74711634343944, 31.997644166625726], [34.74703079046466, 31.997440773368382], [34.746945131883905, 31.997237379668267], [34.74692379693702, 31.99718653206194], [34.7468324602891, 31.99696998768586], [34.74681715997875, 31.996933824323335], [34.746528552097494, 31.996249491773728], [34.74650357270056, 31.996123813235435], [34.74650125529394, 31.99611822094356], [34.74644380886987, 31.99597905792664], [34.746541191248966, 31.99593947407246], [34.7477406258264, 31.995457096058228], [34.74822253981275, 31.995266753886128], [34.74876515812912, 31.996900026140356], [34.748802774726144, 31.997016601735613], [34.74880831101676, 31.997033762572023], [34.74955880074946, 31.99663352159529], [34.74981295384167, 31.996497975508447], [34.74987726215724, 31.996618322059074], [34.749885432034525, 31.996633617041656], [34.74992385031913, 31.996705512072648], [34.74992505028397, 31.996707753234087], [34.74992593539265, 31.996709412059314], [34.749931240754734, 31.996719343483804], [34.75028669518134, 31.996542172043927], [34.75028710243555, 31.996541967666186], [34.75028790073363, 31.996541573642126], [34.75029122746892, 31.996539912307956], [34.75049148350568, 31.996440099654286], [34.75055940730517, 31.996404983498472], [34.750823013654816, 31.9962687063524], [34.75082885239907, 31.99626569001468], [34.750844393044844, 31.996257655043593], [34.750900765371526, 31.996228511815026], [34.750932758630356, 31.996212693332], [34.75093312768952, 31.996212508610117], [34.75093715028773, 31.99621052275383], [34.75094047692915, 31.996208875695586], [34.75103883279709, 31.996160244756318], [34.75149865766897, 31.995932783273176], [34.75149996879405, 31.995932135141675], [34.75210895402856, 31.995630885231932], [34.75217187090598, 31.995599759025644], [34.75217377568325, 31.99559881743865], [34.752360535688915, 31.99550643162951], [34.75254456251949, 31.99541539585543], [34.7528295574489, 31.995274413601866], [34.752843020808136, 31.995293626385738], [34.75289672535573, 31.9952653495382], [34.75300995193753, 31.99520572866817], [34.7531643637026, 31.995127096414087], [34.75316679111456, 31.99512586056523], [34.75323792637022, 31.995089637590834], [34.753450209980194, 31.994981234706025], [34.753470918898486, 31.994971247843974], [34.753542024866405, 31.99493595533838], [34.75358843319046, 31.994912446407326], [34.75365068591383, 31.9948785072321], [34.7536726530292, 31.994866530074276], [34.753694705321635, 31.99485364451852], [34.75376529557004, 31.994822332303745], [34.75376846009027, 31.994820925690334], [34.753877309645475, 31.99477256808975], [34.75393963073956, 31.994741789499763], [34.754021172787105, 31.99470149804003], [34.754073886258645, 31.99467406810652], [34.75407933508934, 31.994671230818568], [34.754113554890665, 31.994653424152187], [34.7541750013854, 31.994621444663597], [34.754250574126566, 31.994585640864372], [34.75437736808735, 31.99452296474808], [34.7544501287933, 31.994486588313954], [34.75457064913853, 31.99442219780248], [34.75463347158477, 31.99438916944117], [34.754712825605914, 31.994357321381834], [34.75471712162722, 31.994355651777077], [34.754862080345305, 31.994299233361847], [34.7549462907969, 31.99425500813763], [34.75552335816004, 31.993951431301237], [34.75557205764186, 31.993925808395456], [34.755565677228056, 31.99391226273292], [34.75597913032765, 31.993687708577472], [34.7563287398944, 31.99350013064468], [34.756398870427525, 31.99346148713103], [34.757100568561356, 31.99308689922344], [34.757672985937276, 31.992777795248262], [34.75822014245708, 31.992482891358712], [34.758512713227766, 31.994896877542022]]}}, {"type": "Feature", "properties": {"OBJECTID": 21437281, "LAYER_ID": 2612672, "GROUP_ID": 254011, "SCENARIO": "", "DEFQ": 0, "PLAN_NAME": "", "DATA_DATE": null, "MAVAT_CODE": 23500, "MAVAT_NAME": "מידות - קו", "NAME": "", "LABEL": "", "TYPE_CODE": 0, "TYPE_NAME": "", "SOURCE_COD": 0, "PL_CHANGE": "", "PLACE_NO": 0, "ADDRESS": "", "LENGTH": 0.0, "WIDTH": 0.0, "REMARKS": "", "DATE_DEC": "", "STATUS": "", "STAGE": "", "AGAM_ID": 99000310859.0, "SHAPE_LEN": 39.9998179958}, "geometry": {"type": "LineString", "coordinates": [[34.82374323315906, 32.01529763058875], [34.82387594922906, 32.01543813947012], [34.82374323315906, 32.01529763058875]]}}, {"type": "Feature", "properties": {"OBJECTID": 21437282, "LAYER_ID": 2612672, "GROUP_ID": 254011, "SCENARIO": "", "DEFQ": 0, "PLAN_NAME": "", "DATA_DATE": null, "MAVAT_CODE": 23500, "MAVAT_NAME": "מידות - קו", "NAME": "", "LABEL": "", "TYPE_CODE": 0, "TYPE_NAME": "", "SOURCE_COD": 0, "PL_CHANGE": "", "PLACE_NO": 0, "ADDRESS": "", "LENGTH": 0.0, "WIDTH": 0.0, "REMARKS": "", "DATE_DEC": "", "STATUS": "", "STAGE": "", "AGAM_ID": 99000310859.0, "SHAPE_LEN": 39.999728982}, "geometry": {"type": "LineString", "coordinates": [[34.8276475083292, 32.012631373364364], [34.827782663790664, 32.01277018084615], [34.8276475083292, 32.012631373364364]]}}, {"type": "Feature", "properties": {"OBJECTID": 21437283, "LAYER_ID": 2612672, "GROUP_ID": 254011, "SCENARIO": "", "DEFQ": 0, "PLAN_NAME": "", "DATA_DATE": null, "MAVAT_CODE": 23500, "MAVAT_NAME": "מידות - קו", "NAME": "", "LABEL": "", "TYPE_CODE": 0, "TYPE_NAME": "", "SOURCE_COD": 0, "PL_CHANGE": "", "PLACE_NO": 0, "ADDRESS": "", "LENGTH": 0.0, "WIDTH": 0.0, "REMARKS": "", "DATE_DEC": "", "STATUS": "", "STAGE": "", "AGAM_ID": 99000310859.0, "SHAPE_LEN": 202.000124258}, "geometry": {"type": "LineString", "coordinates": [[34.887471939026376, 31.958344827818], [34.888525011176434, 31.95849833555775], [34.887471939026376, 31.958344827818]]}}, {"type": "Feature", "properties": {"OBJECTID": 21437284, "LAYER_ID": 2612672, "GROUP_ID": 254011, "SCENARIO": "", "DEFQ": 0, "PLAN_NAME": "", "DATA_DATE": null, "MAVAT_CODE": 23500, "MAVAT_NAME": "מידות - קו", "NAME": "", "LABEL": "", "TYPE_CODE": 0, "TYPE_NAME": "", "SOURCE_COD": 0, "PL_CHANGE": "", "PLACE_NO": 0, "ADDRESS": "", "LENGTH": 0.0, "WIDTH": 0.0, "REMARKS": "", "DATE_DEC": "", "STATUS": "", "STAGE": "", "AGAM_ID": 99000310859.0, "SHAPE_LEN": 39.9999192385}, "geometry": {"type": "LineString", "coordinates": [[34.88792628865364, 31.959620861474548], [34.88812868894181, 31.95967335140524], [34.88792628865364, 31.959620861474548]]}}, {"type": "Feature", "properties": {"OBJECTID": 21437461, "LAYER_ID": 2612672, "GROUP_ID": 254011, "SCENARIO": "", "DEFQ": 0, "PLAN_NAME": "", "DATA_DATE": null, "MAVAT_CODE": 23500, "MAVAT_NAME": "מידות - קו", "NAME": "", "LABEL": "", "TYPE_CODE": 0, "TYPE_NAME": "", "SOURCE_COD": 0, "PL_CHANGE": "", "PLACE_NO": 0, "ADDRESS": "", "LENGTH": 0.0, "WIDTH": 0.0, "REMARKS": "", "DATE_DEC": "", "STATUS": "", "STAGE": "", "AGAM_ID": 99000310859.0, "SHAPE_LEN": 39.9999756768}, "geometry": {"type": "LineString", "coordinates": [[34.88713030894569, 31.961145599568788], [34.886961811281495, 31.961036534234662], [34.88713030894569, 31.961145599568788]]}}, {"type": "Feature", "properties": {"OBJECTID": 21437462, "LAYER_ID": 2612672, "GROUP_ID": 254011, "SCENARIO": "", "DEFQ": 0, "PLAN_NAME": "", "DATA_DATE": null, "MAVAT_CODE": 23500, "MAVAT_NAME": "מידות - קו", "NAME": "", "LABEL": "", "TYPE_CODE": 0, "TYPE_NAME": "", "SOURCE_COD": 0, "PL_CHANGE": "", "PLACE_NO": 0, "ADDRESS": "", "LENGTH": 0.0, "WIDTH": 0.0, "REMARKS": "", "DATE_DEC": "", "STATUS": "", "STAGE": "", "AGAM_ID": 99000310859.0, "SHAPE_LEN": 286.000322824}, "geometry": {"type": "LineString", "coordinates": [[34.88572620116247, 31.960561740134324], [34.886843265974846, 31.96143128059483], [34.88572620116247, 31.960561740134324]]}}, {"type": "Feature", "properties": {"OBJECTID": 21437463, "LAYER_ID": 2612672, "GROUP_ID": 254011, "SCENARIO": "", "DEFQ": 0, "PLAN_NAME": "", "DATA_DATE": null, "MAVAT_CODE": 23500, "MAVAT_NAME": "מידות - קו", "NAME": "", "LABEL": "", "TYPE_CODE": 0, "TYPE_NAME": "", "SOURCE_COD": 0, "PL_CHANGE": "", "PLACE_NO": 0, "ADDRESS": "", "LENGTH": 0.0, "WIDTH": 0.0, "REMARKS": "", "DATE_DEC": "", "STATUS": "", "STAGE": "", "AGAM_ID": 99000310859.0, "SHAPE_LEN": 159.999927528}, "geometry": {"type": "LineString", "coordinates": [[34.88196435744278, 31.96366083463752], [34.88255262243208, 31.964179471214557], [34.88196435744278, 31.96366083463752]]}}, {"type": "Feature", "properties": {"OBJECTID": 21437464, "LAYER_ID": 2612672, "GROUP_ID": 254011, "SCENARIO": "", "DEFQ": 0, "PLAN_NAME": "", "DATA_DATE": null, "MAVAT_CODE": 23500, "MAVAT_NAME": "מידות - קו", "NAME": "", "LABEL": "", "TYPE_CODE": 0, "TYPE_NAME": "", "SOURCE_COD": 0, "PL_CHANGE": "", "PLACE_NO": 0, "ADDRESS": "", "LENGTH": 0.0, "WIDTH": 0.0, "REMARKS": "", "DATE_DEC": "", "STATUS": "", "STAGE": "", "AGAM_ID": 99000310859.0, "SHAPE_LEN": 119.999801021}, "geometry": {"type": "LineString", "coordinates": [[34.87554558617342, 31.968965182345677], [34.876032920465626, 31.96931186513357], [34.87554558617342, 31.968965182345677]]}}, {"type": "Feature", "properties": {"OBJECTID": 21437465, "LAYER_ID": 2612672, "GROUP_ID": 254011, "SCENARIO": "", "DEFQ": 0, "PLAN_NAME": "", "DATA_DATE": null, "MAVAT_CODE": 23500, "MAVAT_NAME": "מידות - קו", "NAME": "", "LABEL": "", "TYPE_CODE": 0, "TYPE_NAME": "", "SOURCE_COD": 0, "PL_CHANGE": "", "PLACE_NO": 0, "ADDRESS": "", "LENGTH": 0.0, "WIDTH": 0.0, "REMARKS": "", "DATE_DEC": "", "STATUS": "", "STAGE": "", "AGAM_ID": 99000310859.0, "SHAPE_LEN": 120.000078118}, "geometry": {"type": "LineString", "coordinates": [[34.872562189928836, 31.97202458382222], [34.87304953086363, 31.972371277934904], [34.872562189928836, 31.97202458382222]]}}, {"type": "Feature", "properties": {"OBJECTID": 21437466, "LAYER_ID": 2612672, "GROUP_ID": 254011, "SCENARIO": "", "DEFQ": 0, "PLAN_NAME": "", "DATA_DATE": null, "MAVAT_CODE": 23500, "MAVAT_NAME": "מידות - קו", "NAME": "", "LABEL": "", "TYPE_CODE": 0, "TYPE_NAME": "", "SOURCE_COD": 0, "PL_CHANGE": "", "PLACE_NO": 0, "ADDRESS": "", "LENGTH": 0.0, "WIDTH": 0.0, "REMARKS": "", "DATE_DEC": "", "STATUS": "", "STAGE": "", "AGAM_ID": 99000310859.0, "SHAPE_LEN": 440.000339547}, "geometry": {"type": "LineString", "coordinates": [[34.86874159444947, 31.97571403175087], [34.870530278106834, 31.976983517863676], [34.86874159444947, 31.97571403175087]]}}, {"type": "Feature", "properties": {"OBJECTID": 21437467, "LAYER_ID": 2612672, "GROUP_ID": 254011, "SCENARIO": "", "DEFQ": 0, "PLAN_NAME": "", "DATA_DATE": null, "MAVAT_CODE": 23500, "MAVAT_NAME": "מידות - קו", "NAME": "", "LABEL": "", "TYPE_CODE": 0, "TYPE_NAME": "", "SOURCE_COD": 0, "PL_CHANGE": "", "PLACE_NO": 0, "ADDRESS": "", "LENGTH": 0.0, "WIDTH": 0.0, "REMARKS": "", "DATE_DEC": "", "STATUS": "", "STAGE": "", "AGAM_ID": 99000310859.0, "SHAPE_LEN": 120.000009209}, "geometry": {"type": "LineString", "coordinates": [[34.86758126195855, 31.976869723216616], [34.86806860947687, 31.977216435694565], [34.86758126195855, 31.976869723216616]]}}, {"type": "Feature", "properties": {"OBJECTID": 21437468, "LAYER_ID": 2612672, "GROUP_ID": 254011, "SCENARIO": "", "DEFQ": 0, "PLAN_NAME": "", "DATA_DATE": null, "MAVAT_CODE": 23500, "MAVAT_NAME": "מידות - קו", "NAME": "", "LABEL": "", "TYPE_CODE": 0, "TYPE_NAME": "", "SOURCE_COD": 0, "PL_CHANGE": "", "PLACE_NO": 0, "ADDRESS": "", "LENGTH": 0.0, "WIDTH": 0.0, "REMARKS": "", "DATE_DEC": "", "STATUS": "", "STAGE": "", "AGAM_ID": 99000310859.0, "SHAPE_LEN": 120.000079431}, "geometry": {"type": "LineString", "coordinates": [[34.86056474648573, 31.984023383247177], [34.86105210491553, 31.9843701228523], [34.86056474648573, 31.984023383247177]]}}, {"type": "Feature", "properties": {"OBJECTID": 21437469, "LAYER_ID": 2612672, "GROUP_ID": 254011, "SCENARIO": "", "DEFQ": 0, "PLAN_NAME": "", "DATA_DATE": null, "MAVAT_CODE": 23500, "MAVAT_NAME": "מידות - קו", "NAME": "", "LABEL": "", "TYPE_CODE": 0, "TYPE_NAME": "", "SOURCE_COD": 0, "PL_CHANGE": "", "PLACE_NO": 0, "ADDRESS": "", "LENGTH": 0.0, "WIDTH": 0.0, "REMARKS": "", "DATE_DEC": "", "STATUS": "", "STAGE": "", "AGAM_ID": 99000310859.0, "SHAPE_LEN": 39.9999844071}, "geometry": {"type": "LineString", "coordinates": [[34.831680995472446, 32.009711697235474], [34.83181849612077, 32.00984882087872], [34.831680995472446, 32.009711697235474]]}}, {"type": "Feature", "properties": {"OBJECTID": 21437470, "LAYER_ID": 2612672, "GROUP_ID": 254011, "SCENARIO": "", "DEFQ": 0, "PLAN_NAME": "", "DATA_DATE": null, "MAVAT_CODE": 23500, "MAVAT_NAME": "מידות - קו", "NAME": "", "LABEL": "", "TYPE_CODE": 0, "TYPE_NAME": "", "SOURCE_COD": 0, "PL_CHANGE": "", "PLACE_NO": 0, "ADDRESS": "", "LENGTH": 0.0, "WIDTH": 0.0, "REMARKS": "", "DATE_DEC": "", "STATUS": "", "STAGE": "", "AGAM_ID": 99000310859.0, "SHAPE_LEN": 442.222710157}, "geometry": {"type": "LineString", "coordinates": [[34.83000463834389, 32.013517378998515], [34.82824548276336, 32.01220234787369], [34.83000463834389, 32.013517378998515]]}}, {"type": "Feature", "properties": {"OBJECTID": 21437471, "LAYER_ID": 2612672, "GROUP_ID": 254011, "SCENARIO": "", "DEFQ": 0, "PLAN_NAME": "", "DATA_DATE": null, "MAVAT_CODE": 23500, "MAVAT_NAME": "מידות - קו", "NAME": "", "LABEL": "", "TYPE_CODE": 0, "TYPE_NAME": "", "SOURCE_COD": 0, "PL_CHANGE": "", "PLACE_NO": 0, "ADDRESS": "", "LENGTH": 0.0, "WIDTH": 0.0, "REMARKS": "", "DATE_DEC": "", "STATUS": "", "STAGE": "", "AGAM_ID": 99000310859.0, "SHAPE_LEN": 361.212292963}, "geometry": {"type": "LineString", "coordinates": [[34.82638166144368, 32.01354166202346], [34.828033519729004, 32.01436128952327], [34.82638166144368, 32.01354166202346]]}}, {"type": "Feature", "properties": {"OBJECTID": 21437472, "LAYER_ID": 2612672, "GROUP_ID": 254011, "SCENARIO": "", "DEFQ": 0, "PLAN_NAME": "", "DATA_DATE": null, "MAVAT_CODE": 23500, "MAVAT_NAME": "מידות - קו", "NAME": "", "LABEL": "", "TYPE_CODE": 0, "TYPE_NAME": "", "SOURCE_COD": 0, "PL_CHANGE": "", "PLACE_NO": 0, "ADDRESS": "", "LENGTH": 0.0, "WIDTH": 0.0, "REMARKS": "", "DATE_DEC": "", "STATUS": "", "STAGE": "", "AGAM_ID": 99000310859.0, "SHAPE_LEN": 20.0000628585}, "geometry": {"type": "LineString", "coordinates": [[34.824772058072675, 32.016398238518775], [34.824838771040646, 32.016468249942896], [34.824772058072675, 32.016398238518775]]}}, {"type": "Feature", "properties": {"OBJECTID": 21437473, "LAYER_ID": 2612672, "GROUP_ID": 254011, "SCENARIO": "", "DEFQ": 0, "PLAN_NAME": "", "DATA_DATE": null, "MAVAT_CODE": 23500, "MAVAT_NAME": "מידות - קו", "NAME": "", "LABEL": "", "TYPE_CODE": 0, "TYPE_NAME": "", "SOURCE_COD": 0, "PL_CHANGE": "", "PLACE_NO": 0, "ADDRESS": "", "LENGTH": 0.0, "WIDTH": 0.0, "REMARKS": "", "DATE_DEC": "", "STATUS": "", "STAGE": "", "AGAM_ID": 99000310859.0, "SHAPE_LEN": 157.220469211}, "geometry": {"type": "LineString", "coordinates": [[34.87715995134786, 31.96777001335171], [34.878460563000516, 31.96865373463054]]}}, {"type": "Feature", "properties": {"OBJECTID": 21437474, "LAYER_ID": 2612672, "GROUP_ID": 254011, "SCENARIO": "", "DEFQ": 0, "PLAN_NAME": "", "DATA_DATE": null, "MAVAT_CODE": 23500, "MAVAT_NAME": "מידות - קו", "NAME": "", "LABEL": "", "TYPE_CODE": 0, "TYPE_NAME": "", "SOURCE_COD": 0, "PL_CHANGE": "", "PLACE_NO": 0, "ADDRESS": "", "LENGTH": 0.0, "WIDTH": 0.0, "REMARKS": "", "DATE_DEC": "", "STATUS": "", "STAGE": "", "AGAM_ID": 99000310859.0, "SHAPE_LEN": 239.73723648}, "geometry": {"type": "LineString", "coordinates": [[34.85999824802251, 31.984333842763817], [34.861945566438706, 31.985719278768983]]}}, {"type": "Feature", "properties": {"OBJECTID": 21437475, "LAYER_ID": 2612672, "GROUP_ID": 254011, "SCENARIO": "", "DEFQ": 0, "PLAN_NAME": "", "DATA_DATE": null, "MAVAT_CODE": 23500, "MAVAT_NAME": "מידות - קו", "NAME": "", "LABEL": "", "TYPE_CODE": 0, "TYPE_NAME": "", "SOURCE_COD": 0, "PL_CHANGE": "", "PLACE_NO": 0, "ADDRESS": "", "LENGTH": 0.0, "WIDTH": 0.0, "REMARKS": "", "DATE_DEC": "", "STATUS": "", "STAGE": "", "AGAM_ID": 99000310859.0, "SHAPE_LEN": 219.922616571}, "geometry": {"type": "LineString", "coordinates": [[34.859479100320094, 31.984863894842597], [34.86126547063068, 31.986134831219534]]}}, {"type": "Feature", "properties": {"OBJECTID": 21437476, "LAYER_ID": 2612672, "GROUP_ID": 254011, "SCENARIO": "", "DEFQ": 0, "PLAN_NAME": "", "DATA_DATE": null, "MAVAT_CODE": 23500, "MAVAT_NAME": "מידות - קו", "NAME": "", "LABEL": "", "TYPE_CODE": 0, "TYPE_NAME": "", "SOURCE_COD": 0, "PL_CHANGE": "", "PLACE_NO": 0, "ADDRESS": "", "LENGTH": 0.0, "WIDTH": 0.0, "REMARKS": "", "DATE_DEC": "", "STATUS": "", "STAGE": "", "AGAM_ID": 99000310859.0, "SHAPE_LEN": 153.890394938}, "geometry": {"type": "LineString", "coordinates": [[34.850165023457, 31.995390119326153], [34.851363334525935, 31.99632984746134]]}}, {"type": "Feature", "properties": {"OBJECTID": 21437477, "LAYER_ID": 2612672, "GROUP_ID": 254011, "SCENARIO": "", "DEFQ": 0, "PLAN_NAME": "", "DATA_DATE": null, "MAVAT_CODE": 23500, "MAVAT_NAME": "מידות - קו", "NAME": "", "LABEL": "", "TYPE_CODE": 0, "TYPE_NAME": "", "SOURCE_COD": 0, "PL_CHANGE": "", "PLACE_NO": 0, "ADDRESS": "", "LENGTH": 0.0, "WIDTH": 0.0, "REMARKS": "", "DATE_DEC": "", "STATUS": "", "STAGE": "", "AGAM_ID": 99000310859.0, "SHAPE_LEN": 191.392542637}, "geometry": {"type": "LineString", "coordinates": [[34.848119510469445, 31.996784929427026], [34.84960984241614, 31.99795368569202]]}}, {"type": "Feature", "properties": {"OBJECTID": 21437478, "LAYER_ID": 2612672, "GROUP_ID": 254011, "SCENARIO": "", "DEFQ": 0, "PLAN_NAME": "", "DATA_DATE": null, "MAVAT_CODE": 23500, "MAVAT_NAME": "מידות - קו", "NAME": "", "LABEL": "", "TYPE_CODE": 0, "TYPE_NAME": "", "SOURCE_COD": 0, "PL_CHANGE": "", "PLACE_NO": 0, "ADDRESS": "", "LENGTH": 0.0, "WIDTH": 0.0, "REMARKS": "", "DATE_DEC": "", "STATUS": "", "STAGE": "", "AGAM_ID": 99000310859.0, "SHAPE_LEN": 145.242965421}, "geometry": {"type": "LineString", "coordinates": [[34.846118956842695, 31.999244560236548], [34.84724993859685, 32.00013151952912]]}}, {"type": "Feature", "properties": {"OBJECTID": 21437479, "LAYER_ID": 2612672, "GROUP_ID": 254011, "SCENARIO": "", "DEFQ": 0, "PLAN_NAME": "", "DATA_DATE": null, "MAVAT_CODE": 23500, "MAVAT_NAME": "מידות - קו", "NAME": "", "LABEL": "", "TYPE_CODE": 0, "TYPE_NAME": "", "SOURCE_COD": 0, "PL_CHANGE": "", "PLACE_NO": 0, "ADDRESS": "", "LENGTH": 0.0, "WIDTH": 0.0, "REMARKS": "", "DATE_DEC": "", "STATUS": "", "STAGE": "", "AGAM_ID": 99000310859.0, "SHAPE_LEN": 269.506675611}, "geometry": {"type": "LineString", "coordinates": [[34.82134016569312, 32.01644220054927], [34.82316734331433, 32.01830857127592]]}}, {"type": "Feature", "properties": {"OBJECTID": 21437480, "LAYER_ID": 2612672, "GROUP_ID": 254011, "SCENARIO": "", "DEFQ": 0, "PLAN_NAME": "", "DATA_DATE": null, "MAVAT_CODE": 23500, "MAVAT_NAME": "מידות - קו", "NAME": "", "LABEL": "", "TYPE_CODE": 0, "TYPE_NAME": "", "SOURCE_COD": 0, "PL_CHANGE": "", "PLACE_NO": 0, "ADDRESS": "", "LENGTH": 0.0, "WIDTH": 0.0, "REMARKS": "", "DATE_DEC": "", "STATUS": "", "STAGE": "", "AGAM_ID": 99000310859.0, "SHAPE_LEN": 171.402130185}, "geometry": {"type": "LineString", "coordinates": [[34.814485553236125, 32.022496665110744], [34.81565684248804, 32.02367709311285]]}}, {"type": "Feature", "properties": {"OBJECTID": 21437481, "LAYER_ID": 2612672, "GROUP_ID": 254011, "SCENARIO": "", "DEFQ": 0, "PLAN_NAME": "", "DATA_DATE": null, "MAVAT_CODE": 23500, "MAVAT_NAME": "מידות - קו", "NAME": "", "LABEL": "", "TYPE_CODE": 0, "TYPE_NAME": "", "SOURCE_COD": 0, "PL_CHANGE": "", "PLACE_NO": 0, "ADDRESS": "", "LENGTH": 0.0, "WIDTH": 0.0, "REMARKS": "", "DATE_DEC": "", "STATUS": "", "STAGE": "", "AGAM_ID": 99000310859.0, "SHAPE_LEN": 168.466008813}, "geometry": {"type": "LineString", "coordinates": [[34.80369223810938, 32.03031270961556], [34.80484417445786, 32.03147247145499]]}}, {"type": "Feature", "properties": {"OBJECTID": 21437482, "LAYER_ID": 2612672, "GROUP_ID": 254011, "SCENARIO": "", "DEFQ": 0, "PLAN_NAME": "", "DATA_DATE": null, "MAVAT_CODE": 23500, "MAVAT_NAME": "מידות - קו", "NAME": "", "LABEL": "", "TYPE_CODE": 0, "TYPE_NAME": "", "SOURCE_COD": 0, "PL_CHANGE": "", "PLACE_NO": 0, "ADDRESS": "", "LENGTH": 0.0, "WIDTH": 0.0, "REMARKS": "", "DATE_DEC": "", "STATUS": "", "STAGE": "", "AGAM_ID": 99000310859.0, "SHAPE_LEN": 155.676509391}, "geometry": {"type": "LineString", "coordinates": [[34.80674144267168, 32.028265827618675], [34.807805937911226, 32.02933751892336]]}}, {"type": "Feature", "properties": {"OBJECTID": 21437483, "LAYER_ID": 2612672, "GROUP_ID": 254011, "SCENARIO": "", "DEFQ": 0, "PLAN_NAME": "", "DATA_DATE": null, "MAVAT_CODE": 23500, "MAVAT_NAME": "מידות - קו", "NAME": "", "LABEL": "", "TYPE_CODE": 0, "TYPE_NAME": "", "SOURCE_COD": 0, "PL_CHANGE": "", "PLACE_NO": 0, "ADDRESS": "", "LENGTH": 0.0, "WIDTH": 0.0, "REMARKS": "", "DATE_DEC": "", "STATUS": "", "STAGE": "", "AGAM_ID": 99000310859.0, "SHAPE_LEN": 139.653940717}, "geometry": {"type": "LineString", "coordinates": [[34.80726392708054, 32.028078542353484], [34.80821886510833, 32.029039928975884]]}}, {"type": "Feature", "properties": {"OBJECTID": 21437484, "LAYER_ID": 2612672, "GROUP_ID": 254011, "SCENARIO": "", "DEFQ": 0, "PLAN_NAME": "", "DATA_DATE": null, "MAVAT_CODE": 23500, "MAVAT_NAME": "מידות - קו", "NAME": "", "LABEL": "", "TYPE_CODE": 0, "TYPE_NAME": "", "SOURCE_COD": 0, "PL_CHANGE": "", "PLACE_NO": 0, "ADDRESS": "", "LENGTH": 0.0, "WIDTH": 0.0, "REMARKS": "", "DATE_DEC": "", "STATUS": "", "STAGE": "", "AGAM_ID": 99000310859.0, "SHAPE_LEN": 131.422006019}, "geometry": {"type": "LineString", "coordinates": [[34.79926452359672, 32.088088561791736], [34.800566781887625, 32.0876697106583]]}}, {"type": "Feature", "properties": {"OBJECTID": 21437485, "LAYER_ID": 2612672, "GROUP_ID": 254011, "SCENARIO": "", "DEFQ": 0, "PLAN_NAME": "", "DATA_DATE": null, "MAVAT_CODE": 23500, "MAVAT_NAME": "מידות - קו", "NAME": "", "LABEL": "", "TYPE_CODE": 0, "TYPE_NAME": "", "SOURCE_COD": 0, "PL_CHANGE": "", "PLACE_NO": 0, "ADDRESS": "", "LENGTH": 0.0, "WIDTH": 0.0, "REMARKS": "", "DATE_DEC": "", "STATUS": "", "STAGE": "", "AGAM_ID": 99000310859.0, "SHAPE_LEN": 107.17048814}, "geometry": {"type": "LineString", "coordinates": [[34.79251923141078, 32.07074909911022], [34.79365097222138, 32.07067592764005]]}}, {"type": "Feature", "properties": {"OBJECTID": 21437486, "LAYER_ID": 2612672, "GROUP_ID": 254011, "SCENARIO": "", "DEFQ": 0, "PLAN_NAME": "", "DATA_DATE": null, "MAVAT_CODE": 23500, "MAVAT_NAME": "מידות - קו", "NAME": "", "LABEL": "", "TYPE_CODE": 0, "TYPE_NAME": "", "SOURCE_COD": 0, "PL_CHANGE": "", "PLACE_NO": 0, "ADDRESS": "", "LENGTH": 0.0, "WIDTH": 0.0, "REMARKS": "", "DATE_DEC": "", "STATUS": "", "STAGE": "", "AGAM_ID": 99000310859.0, "SHAPE_LEN": 113.654872798}, "geometry": {"type": "LineString", "coordinates": [[34.78525732187164, 32.05819531991667], [34.78642164461783, 32.05793592258404]]}}, {"type": "Feature", "properties": {"OBJECTID": 21437487, "LAYER_ID": 2612672, "GROUP_ID": 254011, "SCENARIO": "", "DEFQ": 0, "PLAN_NAME": "", "DATA_DATE": null, "MAVAT_CODE": 23500, "MAVAT_NAME": "מידות - קו", "NAME": "", "LABEL": "", "TYPE_CODE": 0, "TYPE_NAME": "", "SOURCE_COD": 0, "PL_CHANGE": "", "PLACE_NO": 0, "ADDRESS": "", "LENGTH": 0.0, "WIDTH": 0.0, "REMARKS": "", "DATE_DEC": "", "STATUS": "", "STAGE": "", "AGAM_ID": 99000310859.0, "SHAPE_LEN": 147.68632455}, "geometry": {"type": "LineString", "coordinates": [[34.7877530986499, 32.044034671696444], [34.789220364241324, 32.04449499496521]]}}, {"type": "Feature", "properties": {"OBJECTID": 21437488, "LAYER_ID": 2612672, "GROUP_ID": 254011, "SCENARIO": "", "DEFQ": 0, "PLAN_NAME": "", "DATA_DATE": null, "MAVAT_CODE": 23500, "MAVAT_NAME": "מידות - קו", "NAME": "", "LABEL": "", "TYPE_CODE": 0, "TYPE_NAME": "", "SOURCE_COD": 0, "PL_CHANGE": "", "PLACE_NO": 0, "ADDRESS": "", "LENGTH": 0.0, "WIDTH": 0.0, "REMARKS": "", "DATE_DEC": "", "STATUS": "", "STAGE": "", "AGAM_ID": 99000310859.0, "SHAPE_LEN": 252.139934995}, "geometry": {"type": "LineString", "coordinates": [[34.79242153828874, 32.03756097215785], [34.794139733159064, 32.039301092663614]]}}, {"type": "Feature", "properties": {"OBJECTID": 21437489, "LAYER_ID": 2612672, "GROUP_ID": 254011, "SCENARIO": "", "DEFQ": 0, "PLAN_NAME": "", "DATA_DATE": null, "MAVAT_CODE": 23500, "MAVAT_NAME": "מידות - קו", "NAME": "", "LABEL": "", "TYPE_CODE": 0, "TYPE_NAME": "", "SOURCE_COD": 0, "PL_CHANGE": "", "PLACE_NO": 0, "ADDRESS": "", "LENGTH": 0.0, "WIDTH": 0.0, "REMARKS": "", "DATE_DEC": "", "STATUS": "", "STAGE": "", "AGAM_ID": 99000310859.0, "SHAPE_LEN": 56.8877793599}, "geometry": {"type": "LineString", "coordinates": [[34.79950983959973, 32.03326497856767], [34.79989790026995, 32.03365728189144]]}}, {"type": "Feature", "properties": {"OBJECTID": 21437490, "LAYER_ID": 2612672, "GROUP_ID": 254011, "SCENARIO": "", "DEFQ": 0, "PLAN_NAME": "", "DATA_DATE": null, "MAVAT_CODE": 23500, "MAVAT_NAME": "מידות - קו", "NAME": "", "LABEL": "", "TYPE_CODE": 0, "TYPE_NAME": "", "SOURCE_COD": 0, "PL_CHANGE": "", "PLACE_NO": 0, "ADDRESS": "", "LENGTH": 0.0, "WIDTH": 0.0, "REMARKS": "", "DATE_DEC": "", "STATUS": "", "STAGE": "", "AGAM_ID": 99000310859.0, "SHAPE_LEN": 37.4355540876}, "geometry": {"type": "LineString", "coordinates": [[34.800192907452654, 32.03344523303062], [34.80044800385949, 32.03370358638865]]}}, {"type": "Feature", "properties": {"OBJECTID": 21437491, "LAYER_ID": 2612672, "GROUP_ID": 254011, "SCENARIO": "", "DEFQ": 0, "PLAN_NAME": "", "DATA_DATE": null, "MAVAT_CODE": 23500, "MAVAT_NAME": "מידות - קו", "NAME": "", "LABEL": "", "TYPE_CODE": 0, "TYPE_NAME": "", "SOURCE_COD": 0, "PL_CHANGE": "", "PLACE_NO": 0, "ADDRESS": "", "LENGTH": 0.0, "WIDTH": 0.0, "REMARKS": "", "DATE_DEC": "", "STATUS": "", "STAGE": "", "AGAM_ID": 99000310859.0, "SHAPE_LEN": 42.910514188}, "geometry": {"type": "LineString", "coordinates": [[34.8006999483999, 32.03352189028645], [34.80099287953868, 32.033817650095116]]}}, {"type": "Feature", "properties": {"OBJECTID": 21437492, "LAYER_ID": 2612672, "GROUP_ID": 254011, "SCENARIO": "", "DEFQ": 0, "PLAN_NAME": "", "DATA_DATE": null, "MAVAT_CODE": 23500, "MAVAT_NAME": "מידות - קו", "NAME": "", "LABEL": "", "TYPE_CODE": 0, "TYPE_NAME": "", "SOURCE_COD": 0, "PL_CHANGE": "", "PLACE_NO": 0, "ADDRESS": "", "LENGTH": 0.0, "WIDTH": 0.0, "REMARKS": "", "DATE_DEC": "", "STATUS": "", "STAGE": "", "AGAM_ID": 99000310859.0, "SHAPE_LEN": 265.542142339}, "geometry": {"type": "LineString", "coordinates": [[34.81694892635896, 32.019610873431574], [34.81876353423384, 32.02143959447798]]}}, {"type": "Feature", "properties": {"OBJECTID": 21437493, "LAYER_ID": 2612672, "GROUP_ID": 254011, "SCENARIO": "", "DEFQ": 0, "PLAN_NAME": "", "DATA_DATE": null, "MAVAT_CODE": 23500, "MAVAT_NAME": "מידות - קו", "NAME": "", "LABEL": "", "TYPE_CODE": 0, "TYPE_NAME": "", "SOURCE_COD": 0, "PL_CHANGE": "", "PLACE_NO": 0, "ADDRESS": "", "LENGTH": 0.0, "WIDTH": 0.0, "REMARKS": "", "DATE_DEC": "", "STATUS": "", "STAGE": "", "AGAM_ID": 99000310859.0, "SHAPE_LEN": 42.1829564275}, "geometry": {"type": "LineString", "coordinates": [[34.829402263090266, 32.01217352612006], [34.829690191735075, 32.0124642511648]]}}, {"type": "Feature", "properties": {"OBJECTID": 21437494, "LAYER_ID": 2612672, "GROUP_ID": 254011, "SCENARIO": "", "DEFQ": 0, "PLAN_NAME": "", "DATA_DATE": null, "MAVAT_CODE": 23500, "MAVAT_NAME": "מידות - קו", "NAME": "", "LABEL": "", "TYPE_CODE": 0, "TYPE_NAME": "", "SOURCE_COD": 0, "PL_CHANGE": "", "PLACE_NO": 0, "ADDRESS": "", "LENGTH": 0.0, "WIDTH": 0.0, "REMARKS": "", "DATE_DEC": "", "STATUS": "", "STAGE": "", "AGAM_ID": 99000310859.0, "SHAPE_LEN": 30.0026344077}, "geometry": {"type": "LineString", "coordinates": [[34.82906603688838, 32.012061247823375], [34.829270825542885, 32.01226802626439]]}}, {"type": "Feature", "properties": {"OBJECTID": 21437495, "LAYER_ID": 2612672, "GROUP_ID": 254011, "SCENARIO": "", "DEFQ": 0, "PLAN_NAME": "", "DATA_DATE": null, "MAVAT_CODE": 23500, "MAVAT_NAME": "מידות - קו", "NAME": "", "LABEL": "", "TYPE_CODE": 0, "TYPE_NAME": "", "SOURCE_COD": 0, "PL_CHANGE": "", "PLACE_NO": 0, "ADDRESS": "", "LENGTH": 0.0, "WIDTH": 0.0, "REMARKS": "", "DATE_DEC": "", "STATUS": "", "STAGE": "", "AGAM_ID": 99000310859.0, "SHAPE_LEN": 176.289177546}, "geometry": {"type": "LineString", "coordinates": [[34.83269553293083, 32.00940959326926], [34.83389427241733, 32.01062782599814]]}}, {"type": "Feature", "properties": {"OBJECTID": 21437496, "LAYER_ID": 2612672, "GROUP_ID": 254011, "SCENARIO": "", "DEFQ": 0, "PLAN_NAME": "", "DATA_DATE": null, "MAVAT_CODE": 23500, "MAVAT_NAME": "מידות - קו", "NAME": "", "LABEL": "", "TYPE_CODE": 0, "TYPE_NAME": "", "SOURCE_COD": 0, "PL_CHANGE": "", "PLACE_NO": 0, "ADDRESS": "", "LENGTH": 0.0, "WIDTH": 0.0, "REMARKS": "", "DATE_DEC": "", "STATUS": "", "STAGE": "", "AGAM_ID": 99000310859.0, "SHAPE_LEN": 178.411796355}, "geometry": {"type": "LineString", "coordinates": [[34.843106030324876, 32.00160581901109], [34.84451669788427, 32.00267520596905]]}}, {"type": "Feature", "properties": {"OBJECTID": 21437497, "LAYER_ID": 2612672, "GROUP_ID": 254011, "SCENARIO": "", "DEFQ": 0, "PLAN_NAME": "", "DATA_DATE": null, "MAVAT_CODE": 23500, "MAVAT_NAME": "מידות - קו", "NAME": "", "LABEL": "", "TYPE_CODE": 0, "TYPE_NAME": "", "SOURCE_COD": 0, "PL_CHANGE": "", "PLACE_NO": 0, "ADDRESS": "", "LENGTH": 0.0, "WIDTH": 0.0, "REMARKS": "", "DATE_DEC": "", "STATUS": "", "STAGE": "", "AGAM_ID": 99000310859.0, "SHAPE_LEN": 268.306707307}, "geometry": {"type": "LineString", "coordinates": [[34.85341146841314, 31.990650300133755], [34.855593525521634, 31.99219825285669]]}}, {"type": "Feature", "properties": {"OBJECTID": 21437498, "LAYER_ID": 2612672, "GROUP_ID": 254011, "SCENARIO": "", "DEFQ": 0, "PLAN_NAME": "", "DATA_DATE": null, "MAVAT_CODE": 23500, "MAVAT_NAME": "מידות - קו", "NAME": "", "LABEL": "", "TYPE_CODE": 0, "TYPE_NAME": "", "SOURCE_COD": 0, "PL_CHANGE": "", "PLACE_NO": 0, "ADDRESS": "", "LENGTH": 0.0, "WIDTH": 0.0, "REMARKS": "", "DATE_DEC": "", "STATUS": "", "STAGE": "", "AGAM_ID": 99000310859.0, "SHAPE_LEN": 246.232653661}, "geometry": {"type": "LineString", "coordinates": [[34.88758360699157, 31.957041497582427], [34.89018508043495, 31.957149451320838]]}}, {"type": "Feature", "properties": {"OBJECTID": 21437499, "LAYER_ID": 2612672, "GROUP_ID": 254011, "SCENARIO": "", "DEFQ": 0, "PLAN_NAME": "", "DATA_DATE": null, "MAVAT_CODE": 23500, "MAVAT_NAME": "מידות - קו", "NAME": "", "LABEL": "", "TYPE_CODE": 0, "TYPE_NAME": "", "SOURCE_COD": 0, "PL_CHANGE": "", "PLACE_NO": 0, "ADDRESS": "", "LENGTH": 0.0, "WIDTH": 0.0, "REMARKS": "", "DATE_DEC": "", "STATUS": "", "STAGE": "", "AGAM_ID": 99000310859.0, "SHAPE_LEN": 171.253258041}, "geometry": {"type": "LineString", "coordinates": [[34.85877594117884, 31.98653852656313], [34.86016838866078, 31.987526789105676]]}}, {"type": "Feature", "properties": {"OBJECTID": 21437500, "LAYER_ID": 2612672, "GROUP_ID": 254011, "SCENARIO": "", "DEFQ": 0, "PLAN_NAME": "", "DATA_DATE": null, "MAVAT_CODE": 23500, "MAVAT_NAME": "מידות - קו", "NAME": "", "LABEL": "", "TYPE_CODE": 0, "TYPE_NAME": "", "SOURCE_COD": 0, "PL_CHANGE": "", "PLACE_NO": 0, "ADDRESS": "", "LENGTH": 0.0, "WIDTH": 0.0, "REMARKS": "", "DATE_DEC": "", "STATUS": "", "STAGE": "", "AGAM_ID": 99000310859.0, "SHAPE_LEN": 47.6301885341}, "geometry": {"type": "LineString", "coordinates": [[34.865868202913994, 31.980401231911763], [34.86625578974883, 31.980675750329585]]}}, {"type": "Feature", "properties": {"OBJECTID": 21437501, "LAYER_ID": 2612672, "GROUP_ID": 254011, "SCENARIO": "", "DEFQ": 0, "PLAN_NAME": "", "DATA_DATE": null, "MAVAT_CODE": 23500, "MAVAT_NAME": "מידות - קו", "NAME": "", "LABEL": "", "TYPE_CODE": 0, "TYPE_NAME": "", "SOURCE_COD": 0, "PL_CHANGE": "", "PLACE_NO": 0, "ADDRESS": "", "LENGTH": 0.0, "WIDTH": 0.0, "REMARKS": "", "DATE_DEC": "", "STATUS": "", "STAGE": "", "AGAM_ID": 99000310859.0, "SHAPE_LEN": 71.1046163818}, "geometry": {"type": "LineString", "coordinates": [[34.865525001678975, 31.979752019034933], [34.86610360406897, 31.98016183535699]]}}, {"type": "Feature", "properties": {"OBJECTID": 21437502, "LAYER_ID": 2612672, "GROUP_ID": 254011, "SCENARIO": "", "DEFQ": 0, "PLAN_NAME": "", "DATA_DATE": null, "MAVAT_CODE": 23500, "MAVAT_NAME": "מידות - קו", "NAME": "", "LABEL": "", "TYPE_CODE": 0, "TYPE_NAME": "", "SOURCE_COD": 0, "PL_CHANGE": "", "PLACE_NO": 0, "ADDRESS": "", "LENGTH": 0.0, "WIDTH": 0.0, "REMARKS": "", "DATE_DEC": "", "STATUS": "", "STAGE": "", "AGAM_ID": 99000310859.0, "SHAPE_LEN": 76.3182414033}, "geometry": {"type": "LineString", "coordinates": [[34.87460671473713, 31.970766496562476], [34.87523032487928, 31.971203637758542]]}}, {"type": "Feature", "properties": {"OBJECTID": 21437503, "LAYER_ID": 2612672, "GROUP_ID": 254011, "SCENARIO": "", "DEFQ": 0, "PLAN_NAME": "", "DATA_DATE": null, "MAVAT_CODE": 23500, "MAVAT_NAME": "מידות - קו", "NAME": "", "LABEL": "", "TYPE_CODE": 0, "TYPE_NAME": "", "SOURCE_COD": 0, "PL_CHANGE": "", "PLACE_NO": 0, "ADDRESS": "", "LENGTH": 0.0, "WIDTH": 0.0, "REMARKS": "", "DATE_DEC": "", "STATUS": "", "STAGE": "", "AGAM_ID": 99000310859.0, "SHAPE_LEN": 135.521355122}, "geometry": {"type": "LineString", "coordinates": [[34.880845563287686, 31.964254789055158], [34.88184209421777, 31.965133375583967]]}}, {"type": "Feature", "properties": {"OBJECTID": 21437504, "LAYER_ID": 2612672, "GROUP_ID": 254011, "SCENARIO": "", "DEFQ": 0, "PLAN_NAME": "", "DATA_DATE": null, "MAVAT_CODE": 23500, "MAVAT_NAME": "מידות - קו", "NAME": "", "LABEL": "", "TYPE_CODE": 0, "TYPE_NAME": "", "SOURCE_COD": 0, "PL_CHANGE": "", "PLACE_NO": 0, "ADDRESS": "", "LENGTH": 0.0, "WIDTH": 0.0, "REMARKS": "", "DATE_DEC": "", "STATUS": "", "STAGE": "", "AGAM_ID": 99000310859.0, "SHAPE_LEN": 73.2752427103}, "geometry": {"type": "LineString", "coordinates": [[34.88439260938365, 31.9620252646199], [34.88487780000151, 31.962540595150653]]}}, {"type": "Feature", "properties": {"OBJECTID": 21437505, "LAYER_ID": 2612672, "GROUP_ID": 254011, "SCENARIO": "", "DEFQ": 0, "PLAN_NAME": "", "DATA_DATE": null, "MAVAT_CODE": 23500, "MAVAT_NAME": "מידות - קו", "NAME": "", "LABEL": "", "TYPE_CODE": 0, "TYPE_NAME": "", "SOURCE_COD": 0, "PL_CHANGE": "", "PLACE_NO": 0, "ADDRESS": "", "LENGTH": 0.0, "WIDTH": 0.0, "REMARKS": "", "DATE_DEC": "", "STATUS": "", "STAGE": "", "AGAM_ID": 99000310859.0, "SHAPE_LEN": 184.175484459}, "geometry": {"type": "LineString", "coordinates": [[34.8869643481704, 31.95559618645336], [34.88873926627231, 31.954911597510726]]}}, {"type": "Feature", "properties": {"OBJECTID": 21437506, "LAYER_ID": 2612672, "GROUP_ID": 254011, "SCENARIO": "", "DEFQ": 0, "PLAN_NAME": "", "DATA_DATE": null, "MAVAT_CODE": 23500, "MAVAT_NAME": "מידות - קו", "NAME": "", "LABEL": "", "TYPE_CODE": 0, "TYPE_NAME": "", "SOURCE_COD": 0, "PL_CHANGE": "", "PLACE_NO": 0, "ADDRESS": "", "LENGTH": 0.0, "WIDTH": 0.0, "REMARKS": "", "DATE_DEC": "", "STATUS": "", "STAGE": "", "AGAM_ID": 99000310859.0, "SHAPE_LEN": 117.053694144}, "geometry": {"type": "LineString", "coordinates": [[34.88577868743907, 31.95398970508221], [34.886663434977606, 31.953251279732413]]}}, {"type": "Feature", "properties": {"OBJECTID": 21437507, "LAYER_ID": 2612672, "GROUP_ID": 254011, "SCENARIO": "", "DEFQ": 0, "PLAN_NAME": "", "DATA_DATE": null, "MAVAT_CODE": 23500, "MAVAT_NAME": "מידות - קו", "NAME": "", "LABEL": "", "TYPE_CODE": 0, "TYPE_NAME": "", "SOURCE_COD": 0, "PL_CHANGE": "", "PLACE_NO": 0, "ADDRESS": "", "LENGTH": 0.0, "WIDTH": 0.0, "REMARKS": "", "DATE_DEC": "", "STATUS": "", "STAGE": "", "AGAM_ID": 99000310859.0, "SHAPE_LEN": 71.7028801618}, "geometry": {"type": "LineString", "coordinates": [[34.88569403131328, 31.95352216034913], [34.886223117300844, 31.953058878314128]]}}, {"type": "Feature", "properties": {"OBJECTID": 21437508, "LAYER_ID": 2612672, "GROUP_ID": 254011, "SCENARIO": "", "DEFQ": 0, "PLAN_NAME": "", "DATA_DATE": null, "MAVAT_CODE": 23500, "MAVAT_NAME": "מידות - קו", "NAME": "", "LABEL": "", "TYPE_CODE": 0, "TYPE_NAME": "", "SOURCE_COD": 0, "PL_CHANGE": "", "PLACE_NO": 0, "ADDRESS": "", "LENGTH": 0.0, "WIDTH": 0.0, "REMARKS": "", "DATE_DEC": "", "STATUS": "", "STAGE": "", "AGAM_ID": 99000310859.0, "SHAPE_LEN": 86.2792437562}, "geometry": {"type": "LineString", "coordinates": [[34.88132304526936, 31.950544513056986], [34.88193294055652, 31.949965735905604]]}}, {"type": "Feature", "properties": {"OBJECTID": 21437509, "LAYER_ID": 2612672, "GROUP_ID": 254011, "SCENARIO": "", "DEFQ": 0, "PLAN_NAME": "", "DATA_DATE": null, "MAVAT_CODE": 23500, "MAVAT_NAME": "מידות - קו", "NAME": "", "LABEL": "", "TYPE_CODE": 0, "TYPE_NAME": "", "SOURCE_COD": 0, "PL_CHANGE": "", "PLACE_NO": 0, "ADDRESS": "", "LENGTH": 0.0, "WIDTH": 0.0, "REMARKS": "", "DATE_DEC": "", "STATUS": "", "STAGE": "", "AGAM_ID": 99000310859.0, "SHAPE_LEN": 137.417209499}, "geometry": {"type": "LineString", "coordinates": [[34.8798934516547, 31.9493007852231], [34.88083511101983, 31.948356820974357]]}}, {"type": "Feature", "properties": {"OBJECTID": 21437510, "LAYER_ID": 2612672, "GROUP_ID": 254011, "SCENARIO": "", "DEFQ": 0, "PLAN_NAME": "", "DATA_DATE": null, "MAVAT_CODE": 23500, "MAVAT_NAME": "מידות - קו", "NAME": "", "LABEL": "", "TYPE_CODE": 0, "TYPE_NAME": "", "SOURCE_COD": 0, "PL_CHANGE": "", "PLACE_NO": 0, "ADDRESS": "", "LENGTH": 0.0, "WIDTH": 0.0, "REMARKS": "", "DATE_DEC": "", "STATUS": "", "STAGE": "", "AGAM_ID": 99000310859.0, "SHAPE_LEN": 91.9081084232}, "geometry": {"type": "LineString", "coordinates": [[34.797359603416346, 32.08151479529054], [34.79831093692972, 32.08133903252754]]}}, {"type": "Feature", "properties": {"OBJECTID": 21437511, "LAYER_ID": 2612672, "GROUP_ID": 254011, "SCENARIO": "", "DEFQ": 0, "PLAN_NAME": "", "DATA_DATE": null, "MAVAT_CODE": 23500, "MAVAT_NAME": "מידות - קו", "NAME": "", "LABEL": "", "TYPE_CODE": 0, "TYPE_NAME": "", "SOURCE_COD": 0, "PL_CHANGE": "", "PLACE_NO": 0, "ADDRESS": "", "LENGTH": 0.0, "WIDTH": 0.0, "REMARKS": "", "DATE_DEC": "", "STATUS": "", "STAGE": "", "AGAM_ID": 99000310859.0, "SHAPE_LEN": 87.0964721924}, "geometry": {"type": "LineString", "coordinates": [[34.794620327052876, 32.07760899690129], [34.79536391742716, 32.07714418673616]]}}, {"type": "Feature", "properties": {"OBJECTID": 21437512, "LAYER_ID": 2612672, "GROUP_ID": 254011, "SCENARIO": "", "DEFQ": 0, "PLAN_NAME": "", "DATA_DATE": null, "MAVAT_CODE": 23500, "MAVAT_NAME": "מידות - קו", "NAME": "", "LABEL": "", "TYPE_CODE": 0, "TYPE_NAME": "", "SOURCE_COD": 0, "PL_CHANGE": "", "PLACE_NO": 0, "ADDRESS": "", "LENGTH": 0.0, "WIDTH": 0.0, "REMARKS": "", "DATE_DEC": "", "STATUS": "", "STAGE": "", "AGAM_ID": 99000310859.0, "SHAPE_LEN": 115.443361078}, "geometry": {"type": "LineString", "coordinates": [[34.792745885540555, 32.07445575552182], [34.79395100326998, 32.0742800301409]]}}, {"type": "Feature", "properties": {"OBJECTID": 21437513, "LAYER_ID": 2612672, "GROUP_ID": 254011, "SCENARIO": "", "DEFQ": 0, "PLAN_NAME": "", "DATA_DATE": null, "MAVAT_CODE": 23500, "MAVAT_NAME": "מידות - קו", "NAME": "", "LABEL": "", "TYPE_CODE": 0, "TYPE_NAME": "", "SOURCE_COD": 0, "PL_CHANGE": "", "PLACE_NO": 0, "ADDRESS": "", "LENGTH": 0.0, "WIDTH": 0.0, "REMARKS": "", "DATE_DEC": "", "STATUS": "", "STAGE": "", "AGAM_ID": 99000310859.0, "SHAPE_LEN": 89.1949661486}, "geometry": {"type": "LineString", "coordinates": [[34.78808958353589, 32.06375320016644], [34.78878579194627, 32.06320961700834]]}}, {"type": "Feature", "properties": {"OBJECTID": 21437514, "LAYER_ID": 2612672, "GROUP_ID": 254011, "SCENARIO": "", "DEFQ": 0, "PLAN_NAME": "", "DATA_DATE": null, "MAVAT_CODE": 23500, "MAVAT_NAME": "מידות - קו", "NAME": "", "LABEL": "", "TYPE_CODE": 0, "TYPE_NAME": "", "SOURCE_COD": 0, "PL_CHANGE": "", "PLACE_NO": 0, "ADDRESS": "", "LENGTH": 0.0, "WIDTH": 0.0, "REMARKS": "", "DATE_DEC": "", "STATUS": "", "STAGE": "", "AGAM_ID": 99000310859.0, "SHAPE_LEN": 112.613737485}, "geometry": {"type": "LineString", "coordinates": [[34.78423663443937, 32.05385276621337], [34.78542880940034, 32.05383192935553]]}}, {"type": "Feature", "properties": {"OBJECTID": 21437515, "LAYER_ID": 2612672, "GROUP_ID": 254011, "SCENARIO": "", "DEFQ": 0, "PLAN_NAME": "", "DATA_DATE": null, "MAVAT_CODE": 23500, "MAVAT_NAME": "מידות - קו", "NAME": "", "LABEL": "", "TYPE_CODE": 0, "TYPE_NAME": "", "SOURCE_COD": 0, "PL_CHANGE": "", "PLACE_NO": 0, "ADDRESS": "", "LENGTH": 0.0, "WIDTH": 0.0, "REMARKS": "", "DATE_DEC": "", "STATUS": "", "STAGE": "", "AGAM_ID": 99000310859.0, "SHAPE_LEN": 36.3490746439}, "geometry": {"type": "LineString", "coordinates": [[34.830003712780616, 32.01223758263201], [34.83025182428463, 32.01248809831795]]}}, {"type": "Feature", "properties": {"OBJECTID": 21437516, "LAYER_ID": 2612672, "GROUP_ID": 254011, "SCENARIO": "", "DEFQ": 0, "PLAN_NAME": "", "DATA_DATE": null, "MAVAT_CODE": 23500, "MAVAT_NAME": "מידות - קו", "NAME": "", "LABEL": "", "TYPE_CODE": 0, "TYPE_NAME": "", "SOURCE_COD": 0, "PL_CHANGE": "", "PLACE_NO": 0, "ADDRESS": "", "LENGTH": 0.0, "WIDTH": 0.0, "REMARKS": "", "DATE_DEC": "", "STATUS": "", "STAGE": "", "AGAM_ID": 99000310859.0, "SHAPE_LEN": 55.5968382175}, "geometry": {"type": "LineString", "coordinates": [[34.85327970254255, 31.99341374053517], [34.85372843911049, 31.99373797313877]]}}, {"type": "Feature", "properties": {"OBJECTID": 21437517, "LAYER_ID": 2612672, "GROUP_ID": 254011, "SCENARIO": "", "DEFQ": 0, "PLAN_NAME": "", "DATA_DATE": null, "MAVAT_CODE": 23500, "MAVAT_NAME": "מידות - קו", "NAME": "", "LABEL": "", "TYPE_CODE": 0, "TYPE_NAME": "", "SOURCE_COD": 0, "PL_CHANGE": "", "PLACE_NO": 0, "ADDRESS": "", "LENGTH": 0.0, "WIDTH": 0.0, "REMARKS": "", "DATE_DEC": "", "STATUS": "", "STAGE": "", "AGAM_ID": 99000310859.0, "SHAPE_LEN": 65.3914251046}, "geometry": {"type": "LineString", "coordinates": [[34.852948100986055, 31.99283360896184], [34.85347588828654, 31.993214962947146]]}}, {"type": "Feature", "properties": {"OBJECTID": 21437518, "LAYER_ID": 2612672, "GROUP_ID": 254011, "SCENARIO": "", "DEFQ": 0, "PLAN_NAME": "", "DATA_DATE": null, "MAVAT_CODE": 23500, "MAVAT_NAME": "מידות - קו", "NAME": "", "LABEL": "", "TYPE_CODE": 0, "TYPE_NAME": "", "SOURCE_COD": 0, "PL_CHANGE": "", "PLACE_NO": 0, "ADDRESS": "", "LENGTH": 0.0, "WIDTH": 0.0, "REMARKS": "", "DATE_DEC": "", "STATUS": "", "STAGE": "", "AGAM_ID": 99000310859.0, "SHAPE_LEN": 64.4834637912}, "geometry": {"type": "LineString", "coordinates": [[34.871057241020296, 31.974247957221337], [34.87157486279972, 31.974626748243757]]}}, {"type": "Feature", "properties": {"OBJECTID": 21437519, "LAYER_ID": 2612672, "GROUP_ID": 254011, "SCENARIO": "", "DEFQ": 0, "PLAN_NAME": "", "DATA_DATE": null, "MAVAT_CODE": 23500, "MAVAT_NAME": "מידות - קו", "NAME": "", "LABEL": "", "TYPE_CODE": 0, "TYPE_NAME": "", "SOURCE_COD": 0, "PL_CHANGE": "", "PLACE_NO": 0, "ADDRESS": "", "LENGTH": 0.0, "WIDTH": 0.0, "REMARKS": "", "DATE_DEC": "", "STATUS": "", "STAGE": "", "AGAM_ID": 99000310859.0, "SHAPE_LEN": 26.4985918919}, "geometry": {"type": "LineString", "coordinates": [[34.797067908573545, 32.07998586662673], [34.797315547978506, 32.07987340672572]]}}, {"type": "Feature", "properties": {"OBJECTID": 21437520, "LAYER_ID": 2612672, "GROUP_ID": 254011, "SCENARIO": "", "DEFQ": 0, "PLAN_NAME": "", "DATA_DATE": null, "MAVAT_CODE": 23500, "MAVAT_NAME": "מידות - קו", "NAME": "", "LABEL": "", "TYPE_CODE": 0, "TYPE_NAME": "", "SOURCE_COD": 0, "PL_CHANGE": "", "PLACE_NO": 0, "ADDRESS": "", "LENGTH": 0.0, "WIDTH": 0.0, "REMARKS": "", "DATE_DEC": "", "STATUS": "", "STAGE": "", "AGAM_ID": 99000310859.0, "SHAPE_LEN": 42.1511191357}, "geometry": {"type": "LineString", "coordinates": [[34.79036734169348, 32.06529669803689], [34.790698352824876, 32.065041681443596]]}}, {"type": "Feature", "properties": {"OBJECTID": 21437521, "LAYER_ID": 2612672, "GROUP_ID": 254011, "SCENARIO": "", "DEFQ": 0, "PLAN_NAME": "", "DATA_DATE": null, "MAVAT_CODE": 23500, "MAVAT_NAME": "מידות - קו", "NAME": "", "LABEL": "", "TYPE_CODE": 0, "TYPE_NAME": "", "SOURCE_COD": 0, "PL_CHANGE": "", "PLACE_NO": 0, "ADDRESS": "", "LENGTH": 0.0, "WIDTH": 0.0, "REMARKS": "", "DATE_DEC": "", "STATUS": "", "STAGE": "", "AGAM_ID": 99000310859.0, "SHAPE_LEN": 32.4268520893}, "geometry": {"type": "LineString", "coordinates": [[34.78548851141559, 32.05762340527457], [34.78582122323579, 32.05755111338623]]}}, {"type": "Feature", "properties": {"OBJECTID": 21437522, "LAYER_ID": 2612672, "GROUP_ID": 254011, "SCENARIO": "", "DEFQ": 0, "PLAN_NAME": "", "DATA_DATE": null, "MAVAT_CODE": 23500, "MAVAT_NAME": "מידות - קו", "NAME": "", "LABEL": "", "TYPE_CODE": 0, "TYPE_NAME": "", "SOURCE_COD": 0, "PL_CHANGE": "", "PLACE_NO": 0, "ADDRESS": "", "LENGTH": 0.0, "WIDTH": 0.0, "REMARKS": "", "DATE_DEC": "", "STATUS": "", "STAGE": "", "AGAM_ID": 99000310859.0, "SHAPE_LEN": 49.8271106279}, "geometry": {"type": "LineString", "coordinates": [[34.784849343817676, 32.04966635661318], [34.78531987399464, 32.04986958754338]]}}, {"type": "Feature", "properties": {"OBJECTID": 21437523, "LAYER_ID": 2612672, "GROUP_ID": 254011, "SCENARIO": "", "DEFQ": 0, "PLAN_NAME": "", "DATA_DATE": null, "MAVAT_CODE": 23500, "MAVAT_NAME": "מידות - קו", "NAME": "", "LABEL": "", "TYPE_CODE": 0, "TYPE_NAME": "", "SOURCE_COD": 0, "PL_CHANGE": "", "PLACE_NO": 0, "ADDRESS": "", "LENGTH": 0.0, "WIDTH": 0.0, "REMARKS": "", "DATE_DEC": "", "STATUS": "", "STAGE": "", "AGAM_ID": 99000310859.0, "SHAPE_LEN": 81.6762305482}, "geometry": {"type": "LineString", "coordinates": [[34.788053212854855, 32.04382689071593], [34.788874192278904, 32.0440582466436]]}}, {"type": "Feature", "properties": {"OBJECTID": 21437524, "LAYER_ID": 2612672, "GROUP_ID": 254011, "SCENARIO": "", "DEFQ": 0, "PLAN_NAME": "", "DATA_DATE": null, "MAVAT_CODE": 23500, "MAVAT_NAME": "מידות - קו", "NAME": "", "LABEL": "", "TYPE_CODE": 0, "TYPE_NAME": "", "SOURCE_COD": 0, "PL_CHANGE": "", "PLACE_NO": 0, "ADDRESS": "", "LENGTH": 0.0, "WIDTH": 0.0, "REMARKS": "", "DATE_DEC": "", "STATUS": "", "STAGE": "", "AGAM_ID": 99000310859.0, "SHAPE_LEN": 43.4297256803}, "geometry": {"type": "LineString", "coordinates": [[34.81928459894968, 32.019845791347265], [34.81897267239604, 32.01955810808408]]}}, {"type": "Feature", "properties": {"OBJECTID": 21437525, "LAYER_ID": 2612672, "GROUP_ID": 254011, "SCENARIO": "", "DEFQ": 0, "PLAN_NAME": "", "DATA_DATE": null, "MAVAT_CODE": 23500, "MAVAT_NAME": "מידות - קו", "NAME": "", "LABEL": "", "TYPE_CODE": 0, "TYPE_NAME": "", "SOURCE_COD": 0, "PL_CHANGE": "", "PLACE_NO": 0, "ADDRESS": "", "LENGTH": 0.0, "WIDTH": 0.0, "REMARKS": "", "DATE_DEC": "", "STATUS": "", "STAGE": "", "AGAM_ID": 99000310859.0, "SHAPE_LEN": 52.9883050171}, "geometry": {"type": "LineString", "coordinates": [[34.84208409720626, 32.00418649852283], [34.84170763305731, 32.0038323389324]]}}, {"type": "Feature", "properties": {"OBJECTID": 21437526, "LAYER_ID": 2612672, "GROUP_ID": 254011, "SCENARIO": "", "DEFQ": 0, "PLAN_NAME": "", "DATA_DATE": null, "MAVAT_CODE": 23500, "MAVAT_NAME": "מידות - קו", "NAME": "", "LABEL": "", "TYPE_CODE": 0, "TYPE_NAME": "", "SOURCE_COD": 0, "PL_CHANGE": "", "PLACE_NO": 0, "ADDRESS": "", "LENGTH": 0.0, "WIDTH": 0.0, "REMARKS": "", "DATE_DEC": "", "STATUS": "", "STAGE": "", "AGAM_ID": 99000310859.0, "SHAPE_LEN": 37.8235859596}, "geometry": {"type": "LineString", "coordinates": [[34.8415237730909, 32.00397396575078], [34.84125504880322, 32.003721163741226]]}}, {"type": "Feature", "properties": {"OBJECTID": 21437527, "LAYER_ID": 2612672, "GROUP_ID": 254011, "SCENARIO": "", "DEFQ": 0, "PLAN_NAME": "", "DATA_DATE": null, "MAVAT_CODE": 23500, "MAVAT_NAME": "מידות - קו", "NAME": "", "LABEL": "", "TYPE_CODE": 0, "TYPE_NAME": "", "SOURCE_COD": 0, "PL_CHANGE": "", "PLACE_NO": 0, "ADDRESS": "", "LENGTH": 0.0, "WIDTH": 0.0, "REMARKS": "", "DATE_DEC": "", "STATUS": "", "STAGE": "", "AGAM_ID": 99000310859.0, "SHAPE_LEN": 39.9242117594}, "geometry": {"type": "LineString", "coordinates": [[34.84532833660756, 32.00059410037768], [34.84501868316883, 32.000349158189714]]}}, {"type": "Feature", "properties": {"OBJECTID": 21437528, "LAYER_ID": 2612672, "GROUP_ID": 254011, "SCENARIO": "", "DEFQ": 0, "PLAN_NAME": "", "DATA_DATE": null, "MAVAT_CODE": 23500, "MAVAT_NAME": "מידות - קו", "NAME": "", "LABEL": "", "TYPE_CODE": 0, "TYPE_NAME": "", "SOURCE_COD": 0, "PL_CHANGE": "", "PLACE_NO": 0, "ADDRESS": "", "LENGTH": 0.0, "WIDTH": 0.0, "REMARKS": "", "DATE_DEC": "", "STATUS": "", "STAGE": "", "AGAM_ID": 99000310859.0, "SHAPE_LEN": 58.4340885343}, "geometry": {"type": "LineString", "coordinates": [[34.784483284508326, 32.05349185534583], [34.78510087501654, 32.053459821050076]]}}, {"type": "Feature", "properties": {"OBJECTID": 21437529, "LAYER_ID": 2612672, "GROUP_ID": 254011, "SCENARIO": "", "DEFQ": 0, "PLAN_NAME": "", "DATA_DATE": null, "MAVAT_CODE": 23500, "MAVAT_NAME": "מידות - קו", "NAME": "", "LABEL": "", "TYPE_CODE": 0, "TYPE_NAME": "", "SOURCE_COD": 0, "PL_CHANGE": "", "PLACE_NO": 0, "ADDRESS": "", "LENGTH": 0.0, "WIDTH": 0.0, "REMARKS": "", "DATE_DEC": "", "STATUS": "", "STAGE": "", "AGAM_ID": 99000310859.0, "SHAPE_LEN": 60.8908587802}, "geometry": {"type": "LineString", "coordinates": [[34.799271847730694, 32.08584090200993], [34.798667245576695, 32.086032128309455]]}}, {"type": "Feature", "properties": {"OBJECTID": 21437530, "LAYER_ID": 2612672, "GROUP_ID": 254011, "SCENARIO": "", "DEFQ": 0, "PLAN_NAME": "", "DATA_DATE": null, "MAVAT_CODE": 23500, "MAVAT_NAME": "מידות - קו", "NAME": "", "LABEL": "", "TYPE_CODE": 0, "TYPE_NAME": "", "SOURCE_COD": 0, "PL_CHANGE": "", "PLACE_NO": 0, "ADDRESS": "", "LENGTH": 0.0, "WIDTH": 0.0, "REMARKS": "", "DATE_DEC": "", "STATUS": "", "STAGE": "", "AGAM_ID": 99000310859.0, "SHAPE_LEN": 37.4874472933}, "geometry": {"type": "LineString", "coordinates": [[34.79293445304969, 32.07145681408084], [34.79332959034706, 32.071423954601755]]}}, {"type": "Feature", "properties": {"OBJECTID": 21437531, "LAYER_ID": 2612672, "GROUP_ID": 254011, "SCENARIO": "", "DEFQ": 0, "PLAN_NAME": "", "DATA_DATE": null, "MAVAT_CODE": 23500, "MAVAT_NAME": "מידות - קו", "NAME": "", "LABEL": "", "TYPE_CODE": 0, "TYPE_NAME": "", "SOURCE_COD": 0, "PL_CHANGE": "", "PLACE_NO": 0, "ADDRESS": "", "LENGTH": 0.0, "WIDTH": 0.0, "REMARKS": "", "DATE_DEC": "", "STATUS": "", "STAGE": "", "AGAM_ID": 99000310859.0, "SHAPE_LEN": 26.5827448397}, "geometry": {"type": "LineString", "coordinates": [[34.79391368130322, 32.076288325789115], [34.79416474548769, 32.07617984212132]]}}, {"type": "Feature", "properties": {"OBJECTID": 21437532, "LAYER_ID": 2612672, "GROUP_ID": 254011, "SCENARIO": "", "DEFQ": 0, "PLAN_NAME": "", "DATA_DATE": null, "MAVAT_CODE": 23500, "MAVAT_NAME": "מידות - קו", "NAME": "", "LABEL": "", "TYPE_CODE": 0, "TYPE_NAME": "", "SOURCE_COD": 0, "PL_CHANGE": "", "PLACE_NO": 0, "ADDRESS": "", "LENGTH": 0.0, "WIDTH": 0.0, "REMARKS": "", "DATE_DEC": "", "STATUS": "", "STAGE": "", "AGAM_ID": 99000310859.0, "SHAPE_LEN": 78.7251688588}, "geometry": {"type": "LineString", "coordinates": [[34.798089448274986, 32.08455723959841], [34.798894719094314, 32.08437290388723]]}}, {"type": "Feature", "properties": {"OBJECTID": 21437533, "LAYER_ID": 2612672, "GROUP_ID": 254011, "SCENARIO": "", "DEFQ": 0, "PLAN_NAME": "", "DATA_DATE": null, "MAVAT_CODE": 23500, "MAVAT_NAME": "מידות - קו", "NAME": "", "LABEL": "", "TYPE_CODE": 0, "TYPE_NAME": "", "SOURCE_COD": 0, "PL_CHANGE": "", "PLACE_NO": 0, "ADDRESS": "", "LENGTH": 0.0, "WIDTH": 0.0, "REMARKS": "", "DATE_DEC": "", "STATUS": "", "STAGE": "", "AGAM_ID": 99000310859.0, "SHAPE_LEN": 226.444435058}, "geometry": {"type": "LineString", "coordinates": [[34.83518474852306, 32.007038640396935], [34.83672454708293, 32.008603434179776]]}}, {"type": "Feature", "properties": {"OBJECTID": 21437534, "LAYER_ID": 2612672, "GROUP_ID": 254011, "SCENARIO": "", "DEFQ": 0, "PLAN_NAME": "", "DATA_DATE": null, "MAVAT_CODE": 23500, "MAVAT_NAME": "מידות - קו", "NAME": "", "LABEL": "", "TYPE_CODE": 0, "TYPE_NAME": "", "SOURCE_COD": 0, "PL_CHANGE": "", "PLACE_NO": 0, "ADDRESS": "", "LENGTH": 0.0, "WIDTH": 0.0, "REMARKS": "", "DATE_DEC": "", "STATUS": "", "STAGE": "", "AGAM_ID": 99000310859.0, "SHAPE_LEN": 186.126572214}, "geometry": {"type": "LineString", "coordinates": [[34.83784961599933, 32.00559966731688], [34.83912547810357, 32.00687848561911]]}}, {"type": "Feature", "properties": {"OBJECTID": 21437535, "LAYER_ID": 2612672, "GROUP_ID": 254011, "SCENARIO": "", "DEFQ": 0, "PLAN_NAME": "", "DATA_DATE": null, "MAVAT_CODE": 23500, "MAVAT_NAME": "מידות - קו", "NAME": "", "LABEL": "", "TYPE_CODE": 0, "TYPE_NAME": "", "SOURCE_COD": 0, "PL_CHANGE": "", "PLACE_NO": 0, "ADDRESS": "", "LENGTH": 0.0, "WIDTH": 0.0, "REMARKS": "", "DATE_DEC": "", "STATUS": "", "STAGE": "", "AGAM_ID": 99000310859.0, "SHAPE_LEN": 347.88903481}, "geometry": {"type": "LineString", "coordinates": [[34.79877779939419, 32.03378999254514], [34.79996717663668, 32.03498751525654], [34.79877779939419, 32.03378999254514]]}}]}