{
  "type": "FeatureCollection",
  "name": "drainage_projects",
  "description": "מפעלי ניקוז מאושרים",
  "crs": {
    "type": "name",
    "properties": {
      "name": "urn:ogc:def:crs:EPSG::2039"
    }
  },
  "features": [
    {
      "type": "Feature",
      "properties": {
        "שם_רנ": "ירקון",
        "שנה": 1965,
        "שם_תכ": "אגן הקוות יהוד",
        "פרסו_1": " ",
        "מס_תו": "6712",
        "Shape_Length": 7363.147743380654,
        "Shape_Area": 2942868.3829782954,
        "OBJECTID": 246,
        "יל_פר": " ",
        "שם_נח": "יהוד",
        "Field": null
      },
      "geometry": {
        "type": "Polygon",
        "coordinates": [
          [
            [
              189950.92430000007,
              660821.3390999995
            ],
            [
              189861.62729999982,
              660834.5682999995
            ],
            [
              189775.6375000002,
              660834.5682999995
            ],
            [
              189620.19450000022,
              660811.4171999991
            ],
            [
              189504.43910000008,
              660827.9537000004
            ],
            [
              189411.83469999954,
              660851.1048000008
            ],
            [
              189325.84499999974,
              660880.8705000002
            ],
            [
              189282.8501000004,
              660953.6309999991
            ],
            [
              189276.23550000042,
              661089.2302000001
            ],
            [
              189226.62600000016,
              661271.1316
            ],
            [
              189163.78729999997,
              661486.1060000006
            ],
            [
              189091.0268000001,
              661658.0855
            ],
            [
              189044.7246000003,
              661763.9190999996
            ],
            [
              188985.19319999963,
              661846.6016000006
            ],
            [
              188885.97429999989,
              661906.1328999996
            ],
            [
              188783.44799999986,
              661968.9715999998
            ],
            [
              188737.1458999999,
              662127.7218999993
            ],
            [
              188704.07290000003,
              662303.0087000001
            ],
            [
              188756.9896999998,
              662478.2954999991
            ],
            [
              188819.82830000017,
              662623.8166000005
            ],
            [
              188852.90130000003,
              662670.1187999994
            ],
            [
              188922.3546000002,
              662660.1969000008
            ],
            [
              189094.33409999963,
              662623.8166000005
            ],
            [
              189239.8552000001,
              662564.2852999996
            ],
            [
              189345.68869999982,
              662514.6757999994
            ],
            [
              189795.4813000001,
              662150.8729999997
            ],
            [
              189874.85649999976,
              662104.5708000008
            ],
            [
              189977.38269999996,
              662097.9561999999
            ],
            [
              190119.59649999999,
              662170.7168000005
            ],
            [
              190261.81039999984,
              662263.3211000003
            ],
            [
              190576.00370000023,
              662279.8575999998
            ],
            [
              190790.97809999995,
              662273.2430000007
            ],
            [
              190870.3532999996,
              662253.3991999999
            ],
            [
              190939.80649999995,
              662187.2533
            ],
            [
              190943.1138000004,
              662078.1124000009
            ],
            [
              191005.95249999966,
              660937.0944999997
            ],
            [
              190989.4160000002,
              660870.9485999998
            ],
            [
              190863.73869999964,
              660827.9537000004
            ],
            [
              190711.6029000003,
              660775.0369000006
            ],
            [
              190589.23290000018,
              660771.7295999993
            ],
            [
              190367.64389999956,
              660761.8077000007
            ],
            [
              190275.03959999979,
              660781.6514999997
            ],
            [
              190159.28409999982,
              660808.1098999996
            ],
            [
              190109.67470000032,
              660818.0318
            ],
            [
              190046.83600000013,
              660821.3390999995
            ],
            [
              189950.92430000007,
              660821.3390999995
            ]
          ]
        ]
      }
    },
    {
      "type": "Feature",
      "properties": {
        "שם_רנ": "ירקון",
        "שנה": 1965,
        "שם_תכ": "הסדרת ת.משמר השבעה",
        "פרסו_1": " ",
        "מס_תו": "45400/2",
        "Shape_Length": 2346.967089350913,
        "Shape_Area": 26949.5759206203,
        "OBJECTID": 250,
        "יל_פר": " ",
        "שם_נח": "משמר השבעה",
        "Field": null
      },
      "geometry": {
        "type": "Polygon",
        "coordinates": [
          [
            [
              183065.1375000002,
              658103.2345000003
            ],
            [
              183049.92399999965,
              658108.5262000002
            ],
            [
              183038.01769999973,
              658119.7709999997
            ],
            [
              183036.6947999997,
              658138.2918999996
            ],
            [
              183053.2313000001,
              658171.3648000006
            ],
            [
              183084.31989999954,
              658231.5577000007
            ],
            [
              183106.80950000044,
              658271.9067000002
            ],
            [
              183115.4084999999,
              658312.2556999996
            ],
            [
              183122.02309999987,
              658372.4485999998
            ],
            [
              183131.9450000003,
              658410.1517999992
            ],
            [
              183175.6013000002,
              658476.2977000009
            ],
            [
              183251.00769999996,
              658572.2094
            ],
            [
              183303.92449999973,
              658644.3084999993
            ],
            [
              183340.96619999968,
              658706.4857000001
            ],
            [
              183351.54959999956,
              658731.6212000009
            ],
            [
              183458.04459999967,
              658908.2309000008
            ],
            [
              183485.8258999996,
              658935.3507000003
            ],
            [
              183519.5603,
              658957.1788999997
            ],
            [
              183552.63329999987,
              658997.5278999992
            ],
            [
              183587.02919999976,
              659048.4603000004
            ],
            [
              183606.2115000002,
              659084.1791999992
            ],
            [
              183615.47200000007,
              659072.2729000002
            ],
            [
              183620.10219999962,
              659057.0592999998
            ],
            [
              183606.2115000002,
              659034.5697000008
            ],
            [
              183582.3990000002,
              658997.5278999992
            ],
            [
              183565.20100000035,
              658965.1163999997
            ],
            [
              183524.19049999956,
              658919.4757000003
            ],
            [
              183492.44049999956,
              658898.9704999998
            ],
            [
              183473.91959999967,
              658875.1579
            ],
            [
              183430.92470000032,
              658811.6578000002
            ],
            [
              183392.56010000035,
              658745.5118000004
            ],
            [
              183359.48709999956,
              658697.8867000006
            ],
            [
              183323.76829999965,
              658639.6783000007
            ],
            [
              183294.00260000024,
              658596.6833999995
            ],
            [
              183266.88269999996,
              658556.3344
            ],
            [
              183241.74729999993,
              658523.2613999993
            ],
            [
              183210.65869999956,
              658487.5426000003
            ],
            [
              183174.93979999982,
              658443.2248
            ],
            [
              183162.37210000027,
              658422.7194999997
            ],
            [
              183146.49710000027,
              658386.3391999993
            ],
            [
              183139.8825000003,
              658358.5579000004
            ],
            [
              183139.8825000003,
              658313.5787000004
            ],
            [
              183137.2366000004,
              658288.4431999996
            ],
            [
              183122.02309999987,
              658248.7555999998
            ],
            [
              183087.6272,
              658199.8076000009
            ],
            [
              183065.79899999965,
              658164.0888
            ],
            [
              183055.87710000016,
              658147.5523000006
            ],
            [
              183059.84590000007,
              658133.6615999993
            ],
            [
              183066.46050000004,
              658120.4323999994
            ],
            [
              183075.05939999968,
              658109.8490999993
            ],
            [
              183065.1375000002,
              658103.2345000003
            ]
          ]
        ]
      }
    },
    {
      "type": "Feature",
      "properties": {
        "שם_רנ": "ירקון",
        "שנה": 0,
        "שם_תכ": "הסדרת נחל איילון",
        "פרסו_1": " ",
        "מס_תו": "574/תגפ",
        "Shape_Length": 7661.772187306439,
        "Shape_Area": 317441.6565305075,
        "OBJECTID": 251,
        "יל_פר": " ",
        "שם_נח": "איילון",
        "Field": null
      },
      "geometry": {
        "type": "Polygon",
        "coordinates": [
          [
            [
              182079.7801000001,
              660067.8048999999
            ],
            [
              181996.0393000003,
              660101.1425000001
            ],
            [
              181957.14549999963,
              660123.3674999997
            ],
            [
              181926.98290000018,
              660120.1925000008
            ],
            [
              181614.24480000045,
              660270.2116
            ],
            [
              181514.23209999967,
              660313.8679000009
            ],
            [
              181446.76319999993,
              660356.7304999996
            ],
            [
              181373.7379999999,
              660405.9430999998
            ],
            [
              181294.36290000007,
              660490.8745000008
            ],
            [
              181245.15029999986,
              660546.4371000007
            ],
            [
              181206.25650000013,
              660588.5058999993
            ],
            [
              181141.1688000001,
              660640.8936000001
            ],
            [
              181094.33750000037,
              660670.2623999994
            ],
            [
              181012.58110000007,
              660713.9187000003
            ],
            [
              180931.61840000004,
              660744.0812999997
            ],
            [
              180837.16199999955,
              660760.75
            ],
            [
              180765.72429999989,
              660763.1313000005
            ],
            [
              180721.27419999987,
              660794.0876000002
            ],
            [
              180671.26790000033,
              660812.3439000007
            ],
            [
              180620.46779999975,
              660825.8377
            ],
            [
              180550.6177000003,
              660845.6815000009
            ],
            [
              180497.43630000018,
              660869.4940000009
            ],
            [
              180460.1299999999,
              660867.1128000002
            ],
            [
              180444.25490000006,
              660898.8628000002
            ],
            [
              180396.62980000023,
              660928.2315999996
            ],
            [
              180343.44849999994,
              660980.6192000005
            ],
            [
              180327.57349999994,
              660979.8255000003
            ],
            [
              180298.99839999992,
              660991.7317999993
            ],
            [
              180264.86710000038,
              660992.5254999995
            ],
            [
              180233.91079999972,
              661003.6380000003
            ],
            [
              180226.767,
              661054.4381000008
            ],
            [
              180233.11699999962,
              661100.4757000003
            ],
            [
              180249.78579999972,
              661124.2883000001
            ],
            [
              180145.0105999997,
              661365.5888
            ],
            [
              180060.07919999957,
              661557.6765999999
            ],
            [
              180137.0730999997,
              661534.6578000002
            ],
            [
              180169.6168999998,
              661461.6327
            ],
            [
              180205.3356999997,
              661371.9387999997
            ],
            [
              180225.17949999962,
              661331.4573999997
            ],
            [
              180266.45459999982,
              661237.0010000002
            ],
            [
              180295.0296,
              661172.7071000002
            ],
            [
              180333.92349999957,
              661086.1882000007
            ],
            [
              180369.6423000004,
              661033.8005999997
            ],
            [
              180440.28619999997,
              660966.3317000009
            ],
            [
              180495.7165000001,
              660936.6983000003
            ],
            [
              180528.78949999996,
              660920.8233000003
            ],
            [
              180567.15409999993,
              660903.6252999995
            ],
            [
              180624.03969999962,
              660885.1044999994
            ],
            [
              180684.89400000032,
              660873.8596000001
            ],
            [
              180740.45660000015,
              660871.2138
            ],
            [
              180775.51389999967,
              660873.8596000001
            ],
            [
              180804.61820000038,
              660876.5055
            ],
            [
              180837.6911000004,
              660869.2293999996
            ],
            [
              180882.67040000018,
              660856.0001999997
            ],
            [
              180950.13929999992,
              660842.7709999997
            ],
            [
              181027.5301000001,
              660818.9584999997
            ],
            [
              181061.26449999958,
              660805.0678000003
            ],
            [
              181110.21250000037,
              660778.6095000003
            ],
            [
              181156.51470000017,
              660754.7969000004
            ],
            [
              181192.89499999955,
              660726.3541000001
            ],
            [
              181227.9523,
              660701.2186999992
            ],
            [
              181305.34310000017,
              660616.5517999995
            ],
            [
              181348.33800000045,
              660572.8955000006
            ],
            [
              181378.10369999986,
              660541.1454000007
            ],
            [
              181403.90060000028,
              660515.3485000003
            ],
            [
              181425.06730000023,
              660507.4110000003
            ],
            [
              181448.87990000006,
              660514.6870000008
            ],
            [
              181458.80179999955,
              660533.2079000007
            ],
            [
              181469.3850999996,
              660553.7131999992
            ],
            [
              181485.9216,
              660575.5413000006
            ],
            [
              181524.94770000037,
              660582.8173999991
            ],
            [
              181547.43740000017,
              660603.3225999996
            ],
            [
              181579.18740000017,
              660654.2550000008
            ],
            [
              181602.3384999996,
              660686.0051000006
            ],
            [
              181622.18230000045,
              660703.8644999992
            ],
            [
              181654.59379999992,
              660729.6613999996
            ],
            [
              181693.61990000028,
              660758.1042
            ],
            [
              181719.4168999996,
              660787.2083999999
            ],
            [
              181737.27630000003,
              660820.9429000001
            ],
            [
              181780.93259999994,
              660903.6252999995
            ],
            [
              181805.40660000034,
              660938.6827000007
            ],
            [
              181818.63580000028,
              660949.9275000002
            ],
            [
              181841.12540000025,
              660961.8337999992
            ],
            [
              181878.82859999966,
              660970.4328000005
            ],
            [
              181911.24019999988,
              660966.4639999997
            ],
            [
              181905.28699999955,
              660902.9638999999
            ],
            [
              181868.90670000017,
              660900.9794999994
            ],
            [
              181831.20349999983,
              660886.4274000004
            ],
            [
              181808.05250000022,
              660868.568
            ],
            [
              181794.82330000028,
              660842.1096000001
            ],
            [
              181778.94820000045,
              660806.3907999992
            ],
            [
              181751.8284,
              660758.1042
            ],
            [
              181730.00019999966,
              660729
            ],
            [
              181690.31259999983,
              660706.5102999993
            ],
            [
              181626.8125,
              660648.3018999994
            ],
            [
              181580.5103000002,
              660590.0933999997
            ],
            [
              181626.15110000037,
              660568.2653000001
            ],
            [
              181648.64070000034,
              660551.7288000006
            ],
            [
              181662.53129999992,
              660530.5621000007
            ],
            [
              181665.83860000037,
              660506.7495000008
            ],
            [
              181671.1303000003,
              660490.2129999995
            ],
            [
              181679.72929999977,
              660490.8745000008
            ],
            [
              181701.5575000001,
              660486.9057
            ],
            [
              181722.06269999966,
              660476.9837999996
            ],
            [
              181735.9534,
              660473.6765000001
            ],
            [
              181742.56799999997,
              660460.4474
            ],
            [
              181712.80229999963,
              660465.0776000004
            ],
            [
              181694.28139999975,
              660472.3535999991
            ],
            [
              181676.42200000025,
              660470.3693000004
            ],
            [
              181640.70320000034,
              660456.4785999991
            ],
            [
              181599.69269999955,
              660441.9265000001
            ],
            [
              181580.5103000002,
              660430.0201999992
            ],
            [
              181563.9737999998,
              660414.8066000007
            ],
            [
              181567.28110000025,
              660401.5774000008
            ],
            [
              181712.14080000017,
              660332.1241999995
            ],
            [
              181739.26070000045,
              660334.1085999999
            ],
            [
              181754.47420000006,
              660342.7074999996
            ],
            [
              181770.34929999989,
              660361.8899000008
            ],
            [
              181785.56280000042,
              660376.4419999998
            ],
            [
              181804.0837000003,
              660383.0566000007
            ],
            [
              181829.21920000017,
              660374.4575999994
            ],
            [
              181837.15670000017,
              660376.4419999998
            ],
            [
              181869.56819999963,
              660367.8430000003
            ],
            [
              181885.44319999963,
              660358.5825999994
            ],
            [
              181896.02660000045,
              660326.8324999996
            ],
            [
              181916.5318,
              660314.2647999991
            ],
            [
              181930.42250000034,
              660299.7127
            ],
            [
              181944.3130999999,
              660277.8845000006
            ],
            [
              181953.57359999977,
              660271.9313999992
            ],
            [
              181965.4798999997,
              660260.0251000002
            ],
            [
              181965.4798999997,
              660252.0876000002
            ],
            [
              181956.21939999983,
              660246.7959000003
            ],
            [
              181962.8339999998,
              660234.2281999998
            ],
            [
              181959.52670000028,
              660228.9364999998
            ],
            [
              181962.8339999998,
              660220.3375000004
            ],
            [
              181997.2298999997,
              660185.2800999992
            ],
            [
              181997.2298999997,
              660193.8791000005
            ],
            [
              182018.39659999963,
              660182.6342999991
            ],
            [
              182042.87060000002,
              660179.3269999996
            ],
            [
              182106.37079999968,
              660156.1758999992
            ],
            [
              182129.52180000022,
              660158.8217999991
            ],
            [
              182148.70419999957,
              660149.5613000002
            ],
            [
              182175.1626000004,
              660141.6238000002
            ],
            [
              182186.4073999999,
              660144.9310999997
            ],
            [
              182189.05319999997,
              660155.5144999996
            ],
            [
              182200.95949999988,
              660161.4675999992
            ],
            [
              182218.8189000003,
              660176.6811999995
            ],
            [
              182248.5845999997,
              660199.8322999999
            ],
            [
              182255.86060000025,
              660213.7228999995
            ],
            [
              182273.72009999957,
              660228.9364999998
            ],
            [
              182297.53259999957,
              660241.5042000003
            ],
            [
              182317.37640000042,
              660238.8584000003
            ],
            [
              182325.97539999988,
              660246.1344000008
            ],
            [
              182340.52749999985,
              660248.1187999994
            ],
            [
              182361.6941999998,
              660174.6967999991
            ],
            [
              182325.31390000042,
              660165.1718000006
            ],
            [
              182291.4472000003,
              660146.1217
            ],
            [
              182257.58040000033,
              660124.9550000001
            ],
            [
              182217.36369999964,
              660099.5549999997
            ],
            [
              182194.08029999956,
              660063.5715999994
            ],
            [
              182166.5636,
              660072.0382000003
            ],
            [
              182130.58019999973,
              660067.8048999999
            ],
            [
              182079.7801000001,
              660067.8048999999
            ]
          ]
        ]
      }
    },
    {
      "type": "Feature",
      "properties": {
        "שם_רנ": "ירקון",
        "שנה": 1962,
        "שם_תכ": "הסדרת נחל בית עריף",
        "פרסו_1": " ",
        "מס_תו": "15-50-54-4",
        "Shape_Length": 8768.941323903986,
        "Shape_Area": 170336.9546272193,
        "OBJECTID": 259,
        "יל_פר": " ",
        "שם_נח": "בית עריף",
        "Field": null
      },
      "geometry": {
        "type": "Polygon",
        "coordinates": [
          [
            [
              191326.2307000002,
              657588.7206999995
            ],
            [
              191332.58069999982,
              657548.5040000007
            ],
            [
              191186.00119999982,
              657536.8622999992
            ],
            [
              191067.99679999985,
              657526.2788999993
            ],
            [
              191031.48429999966,
              657524.1623
            ],
            [
              190992.85500000045,
              657526.2788999993
            ],
            [
              190970.6299999999,
              657528.3956000004
            ],
            [
              190909.77570000011,
              657541.0955999997
            ],
            [
              190867.97140000015,
              657554.8540000003
            ],
            [
              190828.28380000032,
              657572.3165000007
            ],
            [
              190590.15840000007,
              657696.1417999994
            ],
            [
              190308.64109999966,
              657840.6045999993
            ],
            [
              190168.41170000006,
              657914.1589000002
            ],
            [
              190125.5491000004,
              657937.9714000002
            ],
            [
              189899.0652999999,
              658059.1508000009
            ],
            [
              189781.59009999968,
              658117.8884999994
            ],
            [
              189384.18510000035,
              658322.1471999995
            ],
            [
              189195.80140000023,
              658422.6890999991
            ],
            [
              189119.6013000002,
              658466.6099999994
            ],
            [
              188767.70469999965,
              658649.7019999996
            ],
            [
              188698.91289999988,
              658685.6853999998
            ],
            [
              188668.22119999956,
              658699.4438000005
            ],
            [
              188643.35030000005,
              658707.3813000005
            ],
            [
              188586.20019999985,
              658715.8479999993
            ],
            [
              188503.12090000045,
              658715.8479999993
            ],
            [
              188408.39979999978,
              658715.3188000005
            ],
            [
              188358.1288999999,
              658707.9104999993
            ],
            [
              188315.26630000025,
              658699.4438000005
            ],
            [
              188163.9243999999,
              658656.0519999992
            ],
            [
              188025.2823999999,
              658610.0144999996
            ],
            [
              187953.84480000008,
              658588.3186000008
            ],
            [
              187851.7154000001,
              658566.6227000002
            ],
            [
              187764.40270000044,
              658556.5684999991
            ],
            [
              187677.08999999985,
              658547.0435000006
            ],
            [
              187626.2899000002,
              658547.0435000006
            ],
            [
              187511.46050000004,
              658543.3392999992
            ],
            [
              187444.2561999997,
              658543.8684999999
            ],
            [
              187397.16029999964,
              658540.1643000003
            ],
            [
              187360.1185999997,
              658534.8726000004
            ],
            [
              187314.6102,
              658510.5308999997
            ],
            [
              187291.32679999992,
              658546.5142999999
            ],
            [
              187313.0225999998,
              658562.3893999998
            ],
            [
              187336.83519999962,
              658572.4434999991
            ],
            [
              187381.28529999964,
              658585.6727000009
            ],
            [
              187432.08540000021,
              658590.4352000002
            ],
            [
              187501.40639999975,
              658592.0227000006
            ],
            [
              187678.1484000003,
              658595.7269000001
            ],
            [
              187790.33189999964,
              658599.4310999997
            ],
            [
              187824.1986999996,
              658604.7227999996
            ],
            [
              187940.08640000038,
              658628.0062000006
            ],
            [
              188004.11569999997,
              658644.4103999995
            ],
            [
              188110.47840000037,
              658679.3354000002
            ],
            [
              188188.7951999996,
              658706.3230000008
            ],
            [
              188270.2871000003,
              658731.1939000003
            ],
            [
              188308.38709999993,
              658741.2479999997
            ],
            [
              188370.82890000008,
              658751.3022000007
            ],
            [
              188484.07079999987,
              658752.8896999992
            ],
            [
              188572.44180000015,
              658752.8896999992
            ],
            [
              188632.23780000024,
              658747.0689000003
            ],
            [
              188717.96300000045,
              658718.4937999994
            ],
            [
              188761.88389999978,
              658694.6812999994
            ],
            [
              188829.08820000011,
              658660.2853999995
            ],
            [
              188875.12579999957,
              658638.5895000007
            ],
            [
              188955.55929999985,
              658596.2561000008
            ],
            [
              189080.44290000014,
              658529.0517999995
            ],
            [
              189152.93879999965,
              658490.4224999994
            ],
            [
              189252.42239999957,
              658437.5057999995
            ],
            [
              189526.53120000008,
              658295.1597000007
            ],
            [
              189851.96939999983,
              658122.1217999998
            ],
            [
              190298.5870000003,
              657890.8754999992
            ],
            [
              190633.02099999972,
              657715.7210000008
            ],
            [
              190833.57550000027,
              657608.2999000009
            ],
            [
              190899.72149999999,
              657582.3706999999
            ],
            [
              190962.69240000006,
              657565.9664999992
            ],
            [
              191020.90089999977,
              657560.6749000009
            ],
            [
              191056.35510000028,
              657561.2039999999
            ],
            [
              191102.92190000042,
              657564.9081999995
            ],
            [
              191326.2307000002,
              657588.7206999995
            ]
          ]
        ]
      }
    },
    {
      "type": "Feature",
      "properties": {
        "שם_רנ": "ירקון",
        "שנה": 1962,
        "שם_תכ": "הסדרת נחל שפריר",
        "פרסו_1": " ",
        "מס_תו": "11-17-54-4",
        "Shape_Length": 2615.2387055972426,
        "Shape_Area": 23705.769514337462,
        "OBJECTID": 260,
        "יל_פר": " ",
        "שם_נח": "שפריר",
        "Field": null
      },
      "geometry": {
        "type": "Polygon",
        "coordinates": [
          [
            [
              188883.38800000027,
              652373.6515999995
            ],
            [
              188894.5005999999,
              652359.8933000006
            ],
            [
              188886.29849999957,
              652350.3682000004
            ],
            [
              188882.5943,
              652338.1974
            ],
            [
              188882.06510000024,
              652324.1743999999
            ],
            [
              188885.5047000004,
              652312.5328000002
            ],
            [
              188890.79640000034,
              652303.0077
            ],
            [
              188926.2505999999,
              652277.3431000002
            ],
            [
              189015.94450000022,
              652212.7846000008
            ],
            [
              189044.78419999965,
              652190.2949999999
            ],
            [
              189056.1612999998,
              652170.1865999997
            ],
            [
              189068.8613,
              652154.0470000003
            ],
            [
              189079.9737999998,
              652126.2656999994
            ],
            [
              189086.85300000012,
              652099.0135999992
            ],
            [
              189087.91139999963,
              652073.8781000003
            ],
            [
              189089.23429999966,
              652019.3738000002
            ],
            [
              189091.3509999998,
              651984.9779000003
            ],
            [
              189091.88009999972,
              651952.4341000002
            ],
            [
              189092.93850000016,
              651923.5944999997
            ],
            [
              189099.02390000038,
              651898.1943999995
            ],
            [
              189108.2843000004,
              651866.7089000009
            ],
            [
              189122.57180000003,
              651839.4568000007
            ],
            [
              189141.88650000002,
              651790.7733999994
            ],
            [
              189147.17810000014,
              651762.9921000004
            ],
            [
              189151.6760999998,
              651738.1212000009
            ],
            [
              189154.05730000045,
              651664.5669
            ],
            [
              189156.70320000034,
              651606.3584000003
            ],
            [
              189158.02610000037,
              651554.5
            ],
            [
              189159.87820000015,
              651521.6916000005
            ],
            [
              189162.78859999962,
              651468.5101999994
            ],
            [
              189168.87399999984,
              651437.0248000007
            ],
            [
              189177.07610000018,
              651416.9164000005
            ],
            [
              189191.62820000015,
              651389.9287999999
            ],
            [
              189203.26989999972,
              651370.6141999997
            ],
            [
              189215.70540000033,
              651359.2370999996
            ],
            [
              189242.69290000014,
              651335.4244999997
            ],
            [
              189277.35340000037,
              651306.0557000004
            ],
            [
              189307.51599999983,
              651280.6557
            ],
            [
              189333.1805999996,
              651258.1660999991
            ],
            [
              189321.2742999997,
              651246.2598000001
            ],
            [
              189315.98259999976,
              651246.2598000001
            ],
            [
              189210.6782999998,
              651334.8954000007
            ],
            [
              189192.68659999967,
              651353.4163000006
            ],
            [
              189179.1928000003,
              651371.4079999998
            ],
            [
              189168.3448999999,
              651389.6642000005
            ],
            [
              189149.39400000032,
              651433.0449999999
            ],
            [
              189144.23460000008,
              651469.5574999992
            ],
            [
              189139.07529999968,
              651567.5858999994
            ],
            [
              189137.48780000024,
              651625.5296999998
            ],
            [
              189131.13769999985,
              651725.5424000006
            ],
            [
              189129.5502000004,
              651764.8331000004
            ],
            [
              189120.81900000013,
              651797.7738000005
            ],
            [
              189107.7220999999,
              651825.1582999993
            ],
            [
              189091.84700000007,
              651865.6395999994
            ],
            [
              189079.14699999988,
              651909.6928000003
            ],
            [
              189076.36890000012,
              651930.7271999996
            ],
            [
              189073.1939000003,
              651954.9365999997
            ],
            [
              189070.81259999983,
              652002.5616999995
            ],
            [
              189070.4157999996,
              652047.8056000005
            ],
            [
              189070.4157999996,
              652093.0493999999
            ],
            [
              189057.3189000003,
              652140.2775999997
            ],
            [
              189039.8563000001,
              652167.2652000003
            ],
            [
              189010.88439999986,
              652197.4276999999
            ],
            [
              188979.53120000008,
              652216.4778000005
            ],
            [
              188922.77799999993,
              652256.1654000003
            ],
            [
              188891.82160000037,
              652284.7403999995
            ],
            [
              188873.16849999968,
              652300.2185999993
            ],
            [
              188862.84970000014,
              652327.6030000001
            ],
            [
              188865.6277999999,
              652345.4624000005
            ],
            [
              188873.96219999995,
              652360.9406000003
            ],
            [
              188883.38800000027,
              652373.6515999995
            ]
          ]
        ]
      }
    },
    {
      "type": "Feature",
      "properties": {
        "שם_רנ": "ירקון",
        "שנה": 1976,
        "שם_תכ": "הסדרת נחל גזר",
        "פרסו_1": " ",
        "מס_תו": "106242",
        "Shape_Length": 3781.561122022676,
        "Shape_Area": 47978.74838236567,
        "OBJECTID": 261,
        "יל_פר": " ",
        "שם_נח": "גזר",
        "Field": null
      },
      "geometry": {
        "type": "Polygon",
        "coordinates": [
          [
            [
              190959.61180000007,
              649617.8775999993
            ],
            [
              190981.4400000004,
              649627.1381000001
            ],
            [
              191002.60670000035,
              649650.9506000001
            ],
            [
              191013.19010000024,
              649674.7631999999
            ],
            [
              191004.59109999985,
              649704.5287999995
            ],
            [
              190958.95040000044,
              649828.8833000008
            ],
            [
              190915.29399999976,
              649977.0502000004
            ],
            [
              190900.7418999998,
              650016.7378000002
            ],
            [
              190911.32529999968,
              650059.0712000001
            ],
            [
              190947.0440999996,
              650095.4515000004
            ],
            [
              191011.20569999982,
              650154.3213999998
            ],
            [
              191042.29430000018,
              650178.7953999992
            ],
            [
              191115.71630000044,
              650207.8995999992
            ],
            [
              191190.46129999962,
              650236.3423999995
            ],
            [
              191238.08629999962,
              650255.5247000009
            ],
            [
              191279.0968000004,
              650281.3216999993
            ],
            [
              191336.64379999973,
              650351.4364
            ],
            [
              191357.14910000004,
              650393.1083000004
            ],
            [
              191363.7637,
              650429.4886000007
            ],
            [
              191355.8262,
              650577.6556000002
            ],
            [
              191349.21160000004,
              650633.8796999995
            ],
            [
              191351.1958999997,
              650661.6610000003
            ],
            [
              191358.47200000007,
              650696.0569000002
            ],
            [
              191379.6387,
              650743.682
            ],
            [
              191431.23259999976,
              650834.3018999994
            ],
            [
              191456.36799999978,
              650876.6352999993
            ],
            [
              191488.1180999996,
              650905.7396000009
            ],
            [
              191525.15979999956,
              650922.9375
            ],
            [
              191563.5245000003,
              650930.875
            ],
            [
              191602.55059999973,
              650935.5053000003
            ],
            [
              191630.33189999964,
              650943.4428000003
            ],
            [
              191647.52990000043,
              650961.3022000007
            ],
            [
              191664.72780000046,
              650987.7606000006
            ],
            [
              191678.61849999987,
              651022.8179000001
            ],
            [
              191706.39979999978,
              651015.5418999996
            ],
            [
              191682.58719999995,
              650963.9480000008
            ],
            [
              191666.71219999995,
              650936.8281999994
            ],
            [
              191640.25380000006,
              650918.3072999995
            ],
            [
              191615.11840000004,
              650909.0469000004
            ],
            [
              191576.09219999984,
              650905.7396000009
            ],
            [
              191539.7120000003,
              650898.4635000005
            ],
            [
              191500.6858000001,
              650878.6196999997
            ],
            [
              191474.2274000002,
              650858.7759000007
            ],
            [
              191449.7533999998,
              650814.4581000004
            ],
            [
              191390.2220999999,
              650699.3641999997
            ],
            [
              191377.6542999996,
              650664.9682999998
            ],
            [
              191378.97730000038,
              650637.1870000008
            ],
            [
              191382.2845999999,
              650584.9316000007
            ],
            [
              191390.2220999999,
              650451.9781999998
            ],
            [
              191389.56060000043,
              650411.6292000003
            ],
            [
              191380.3002000004,
              650373.9260000009
            ],
            [
              191339.95110000018,
              650317.0405000001
            ],
            [
              191292.9874999998,
              650263.4622000009
            ],
            [
              191253.96140000038,
              650236.3423999995
            ],
            [
              191195.75289999973,
              650209.8839999996
            ],
            [
              191130.2684000004,
              650187.3944000006
            ],
            [
              191072.0599999996,
              650164.2433000002
            ],
            [
              191037.00260000024,
              650147.0452999994
            ],
            [
              190978.13269999996,
              650096.1129999999
            ],
            [
              190933.81489999965,
              650042.5347000007
            ],
            [
              190927.20029999968,
              650009.4616999999
            ],
            [
              190946.38260000013,
              649947.2844999991
            ],
            [
              190992.68479999993,
              649827.5603
            ],
            [
              191018.48170000035,
              649746.8622999992
            ],
            [
              191032.37239999976,
              649684.6850000005
            ],
            [
              191028.40359999985,
              649657.5651999991
            ],
            [
              191014.51300000027,
              649631.7683000006
            ],
            [
              190974.82540000044,
              649592.7422000002
            ],
            [
              190959.61180000007,
              649617.8775999993
            ]
          ]
        ]
      }
    },
    {
      "type": "Feature",
      "properties": {
        "שם_רנ": "ירקון",
        "שנה": 1967,
        "שם_תכ": "הטיית נחל איילון",
        "פרסו_1": " ",
        "מס_תו": "76710/12",
        "Shape_Length": 6231.452577461258,
        "Shape_Area": 233635.16185667226,
        "OBJECTID": 262,
        "יל_פר": " ",
        "שם_נח": "איילון",
        "Field": null
      },
      "geometry": {
        "type": "Polygon",
        "coordinates": [
          [
            [
              187928.09649999999,
              656702.1931999996
            ],
            [
              187865.91930000018,
              656986.6208999995
            ],
            [
              187806.38800000027,
              657113.6210999992
            ],
            [
              187725.68989999965,
              657187.7046000008
            ],
            [
              187586.78340000007,
              657305.4443999995
            ],
            [
              187360.5641999999,
              657378.2050000001
            ],
            [
              187261.34520000033,
              657398.0488000009
            ],
            [
              187135.66789999977,
              657383.4967
            ],
            [
              187035.12600000016,
              657362.3299000002
            ],
            [
              186909.4486999996,
              657335.8716000002
            ],
            [
              186740.11500000022,
              657309.4132000003
            ],
            [
              186576.07299999986,
              657333.2257000003
            ],
            [
              186443.78110000025,
              657388.7883000001
            ],
            [
              186296.93699999992,
              657502.5593999997
            ],
            [
              186241.3744000001,
              657583.2575000003
            ],
            [
              186212.27020000014,
              657679.8306000009
            ],
            [
              186201.68680000026,
              657781.6953999996
            ],
            [
              186199.0410000002,
              657892.8205999993
            ],
            [
              186192.42640000023,
              657982.7791000009
            ],
            [
              186180.5201000003,
              658040.9876000006
            ],
            [
              186143.47840000037,
              658084.6438999996
            ],
            [
              186037.6447999999,
              658141.5294000003
            ],
            [
              186081.30119999964,
              658216.9357999992
            ],
            [
              186197.71810000017,
              658146.8211000003
            ],
            [
              186308.84329999983,
              658100.5188999996
            ],
            [
              186408.06219999958,
              658063.4771999996
            ],
            [
              186400.12469999958,
              657999.9770999998
            ],
            [
              186316.78079999983,
              658019.8208000008
            ],
            [
              186259.89529999997,
              658044.9562999997
            ],
            [
              186270.47860000003,
              658025.1125000007
            ],
            [
              186278.41619999986,
              657940.4456999991
            ],
            [
              186271.8015999999,
              657834.6120999996
            ],
            [
              186271.8015999999,
              657718.1952
            ],
            [
              186308.84329999983,
              657624.2679999992
            ],
            [
              186344.56209999975,
              657556.7991000004
            ],
            [
              186439.81230000034,
              657468.1634999998
            ],
            [
              186550.9375,
              657415.2467
            ],
            [
              186658.09399999958,
              657396.7258000001
            ],
            [
              186777.15670000017,
              657388.7883000001
            ],
            [
              186880.34439999983,
              657402.0175000001
            ],
            [
              187004.6989000002,
              657431.1217
            ],
            [
              187176.67839999963,
              657466.8406000007
            ],
            [
              187294.4182000002,
              657470.8092999998
            ],
            [
              187430.6788999997,
              657453.6114000008
            ],
            [
              187519.31450000033,
              657420.5384
            ],
            [
              187683.35649999976,
              657329.2569999993
            ],
            [
              187753.47119999956,
              657281.6318999995
            ],
            [
              187816.97130000032,
              657223.4233999997
            ],
            [
              187868.56520000007,
              657138.7566
            ],
            [
              187922.80489999987,
              657046.1522000004
            ],
            [
              187954.55489999987,
              656966.7771000005
            ],
            [
              188023.34669999965,
              656726.0057999995
            ],
            [
              187928.09649999999,
              656702.1931999996
            ]
          ]
        ]
      }
    },
    {
      "type": "Feature",
      "properties": {
        "שם_רנ": "ירקון",
        "שנה": 1962,
        "שם_תכ": "הסדרת נחל איילון",
        "פרסו_1": "27.12.1962",
        "מס_תו": "4-54-116-5",
        "Shape_Length": 4494.428777767338,
        "Shape_Area": 164334.4103538385,
        "OBJECTID": 264,
        "יל_פר": " ",
        "שם_נח": "איילון",
        "Field": null
      },
      "geometry": {
        "type": "Polygon",
        "coordinates": [
          [
            [
              180925.44070000015,
              660847.6139000002
            ],
            [
              180915.33550000004,
              660768.4545000009
            ],
            [
              180829.61029999983,
              660780.3607999999
            ],
            [
              180748.6475999998,
              660791.4733000007
            ],
            [
              180671.26790000033,
              660812.3439000007
            ],
            [
              180616.88489999995,
              660810.5233999994
            ],
            [
              180541.4785000002,
              660831.9547000006
            ],
            [
              180474.8032999998,
              660857.3546999991
            ],
            [
              180419.24069999997,
              660899.4234999996
            ],
            [
              180363.31969999988,
              660961.0445000008
            ],
            [
              180317.64049999975,
              661012.9299999997
            ],
            [
              180270.01539999992,
              661098.6552000009
            ],
            [
              180224.00160000008,
              661183.6699999999
            ],
            [
              180135.8713999996,
              661344.7182
            ],
            [
              180096.97759999987,
              661411.3933000006
            ],
            [
              180035.0650000004,
              661536.0122999996
            ],
            [
              179996.17109999992,
              661600.3061999995
            ],
            [
              179943.7834999999,
              661714.6063999999
            ],
            [
              179921.55850000028,
              661744.7689999994
            ],
            [
              179900.1272,
              661770.9627999999
            ],
            [
              179902.5083999997,
              661790.0128000006
            ],
            [
              179796.14570000023,
              661921.7755999994
            ],
            [
              179771.53940000013,
              661974.9569000006
            ],
            [
              179750.10809999984,
              662029.7258000001
            ],
            [
              179737.40809999965,
              662094.0197000001
            ],
            [
              179746.13939999975,
              662150.3760000002
            ],
            [
              179760.4269000003,
              662219.4323999994
            ],
            [
              179773.12689999957,
              662289.2826000005
            ],
            [
              179773.92069999967,
              662341.6701999996
            ],
            [
              179769.95189999975,
              662397.2327999994
            ],
            [
              179851.70830000006,
              662395.6453000009
            ],
            [
              179850.12079999968,
              662355.1638999991
            ],
            [
              179848.53330000024,
              662285.3137999997
            ],
            [
              179844.56460000016,
              662251.1824999992
            ],
            [
              179828.68950000033,
              662185.3011000007
            ],
            [
              179821.54580000043,
              662142.4385000002
            ],
            [
              179812.81450000033,
              662099.5758999996
            ],
            [
              179819.95830000006,
              662050.3632999994
            ],
            [
              179834.24579999968,
              661996.3881999999
            ],
            [
              179854.88329999987,
              661989.2445
            ],
            [
              179859.6458999999,
              661975.7507000007
            ],
            [
              179857.26460000034,
              661961.4631999992
            ],
            [
              179950.13350000046,
              661836.8442000002
            ],
            [
              179986.64609999955,
              661785.2502999995
            ],
            [
              180015.22119999956,
              661728.8938999996
            ],
            [
              180057.29000000004,
              661655.8687999994
            ],
            [
              180110.47140000015,
              661564.5874000005
            ],
            [
              180237.47159999982,
              661328.0493999999
            ],
            [
              180285.89049999975,
              661233.5930000003
            ],
            [
              180339.07180000003,
              661126.4364999998
            ],
            [
              180375.58440000005,
              661064.5239000004
            ],
            [
              180418.4469999997,
              661009.7550000008
            ],
            [
              180477.81950000022,
              660946.2661000006
            ],
            [
              180521.7751000002,
              660924.1901999991
            ],
            [
              180624.03969999962,
              660885.1044999994
            ],
            [
              180667.5730999997,
              660877.0602000002
            ],
            [
              180761.26150000002,
              660872.784
            ],
            [
              180823.2603000002,
              660858.9421999995
            ],
            [
              180925.44070000015,
              660847.6139000002
            ]
          ]
        ]
      }
    },
    {
      "type": "Feature",
      "properties": {
        "שם_רנ": "ירקון",
        "שנה": 1964,
        "שם_תכ": "הסדרת נחל כביר",
        "פרסו_1": "13.11.1964",
        "מס_תו": "454028/2",
        "Shape_Length": 3391.921667033157,
        "Shape_Area": 58300.08205168774,
        "OBJECTID": 265,
        "יל_פר": " ",
        "שם_נח": "כביר",
        "Field": null
      },
      "geometry": {
        "type": "Polygon",
        "coordinates": [
          [
            [
              191192.22080000024,
              651487.4639999997
            ],
            [
              191187.7229000004,
              651485.3473000005
            ],
            [
              191173.17080000043,
              651510.7474000007
            ],
            [
              191159.4123999998,
              651536.4120000005
            ],
            [
              191144.86029999983,
              651581.6557999998
            ],
            [
              191133.48319999967,
              651620.2851
            ],
            [
              191122.8998999996,
              651661.8246999998
            ],
            [
              191109.9353,
              651691.4581000004
            ],
            [
              191100.67480000015,
              651708.1269000005
            ],
            [
              191087.4456000002,
              651731.6749000009
            ],
            [
              191073.15809999965,
              651757.3395000007
            ],
            [
              191052.78509999998,
              651790.9417000003
            ],
            [
              191025.53299999982,
              651842.5354999993
            ],
            [
              191014.68510000035,
              651870.3168000001
            ],
            [
              191007.80590000004,
              651897.0397999994
            ],
            [
              190999.86840000004,
              651936.1982000005
            ],
            [
              190998.8099999996,
              651954.4545000009
            ],
            [
              190998.28089999966,
              651978.2670000009
            ],
            [
              191000.6621000003,
              652012.1338
            ],
            [
              191003.83710000012,
              652040.7087999992
            ],
            [
              190980.8183000004,
              652010.5462999996
            ],
            [
              190964.4140999997,
              651986.4691000003
            ],
            [
              190948.5390999997,
              651958.1587000005
            ],
            [
              190933.72240000032,
              651920.3232000005
            ],
            [
              190921.8161000004,
              651877.4605999999
            ],
            [
              190908.58690000046,
              651880.3709999993
            ],
            [
              190920.7577999998,
              651927.7314999998
            ],
            [
              190929.22449999955,
              651947.3106999993
            ],
            [
              190942.71829999983,
              651978.2670000009
            ],
            [
              190956.74120000005,
              652002.8732999992
            ],
            [
              190977.64329999965,
              652031.7129999995
            ],
            [
              191013.89130000025,
              652073.2525999993
            ],
            [
              191019.97670000046,
              652098.1235000007
            ],
            [
              191028.17879999988,
              652139.3986000009
            ],
            [
              191028.44340000022,
              652156.8610999994
            ],
            [
              191026.06219999958,
              652176.1757999994
            ],
            [
              191020.50590000022,
              652193.3737000003
            ],
            [
              191009.92260000017,
              652217.1863000002
            ],
            [
              190998.8099999996,
              652234.3841999993
            ],
            [
              190985.31630000006,
              652249.9946999997
            ],
            [
              190951.4495000001,
              652305.5572999995
            ],
            [
              190942.71829999983,
              652330.9572999999
            ],
            [
              190933.98699999973,
              652367.4699000008
            ],
            [
              190932.3995000003,
              652391.5470000003
            ],
            [
              190934.25160000008,
              652418.5346000008
            ],
            [
              190931.6057000002,
              652442.8762999997
            ],
            [
              190929.4890999999,
              652466.4243000001
            ],
            [
              190917.84740000032,
              652499.2326999996
            ],
            [
              190909.11610000022,
              652527.0140000004
            ],
            [
              190895.62229999993,
              652562.7327999994
            ],
            [
              190884.24519999977,
              652597.6579
            ],
            [
              190864.9305999996,
              652644.2246000003
            ],
            [
              190847.20349999983,
              652682.0601000004
            ],
            [
              190822.86180000007,
              652726.5101999994
            ],
            [
              190785.55539999995,
              652783.3957000002
            ],
            [
              190758.56790000014,
              652821.4957999997
            ],
            [
              190745.07409999985,
              652836.3125
            ],
            [
              190770.2095999997,
              652857.2146000005
            ],
            [
              190791.11170000024,
              652836.3125
            ],
            [
              190803.01800000016,
              652819.9082999993
            ],
            [
              190816.51180000044,
              652800.3290999997
            ],
            [
              190838.73680000007,
              652769.3728
            ],
            [
              190864.9305999996,
              652723.0705999993
            ],
            [
              190886.09729999956,
              652682.5892999992
            ],
            [
              190907.7932000002,
              652634.4350000005
            ],
            [
              190921.55150000006,
              652598.4516000003
            ],
            [
              190941.1308000004,
              652539.1848000009
            ],
            [
              190951.18489999976,
              652511.6680999994
            ],
            [
              190959.3870000001,
              652487.0617999993
            ],
            [
              190966.53079999983,
              652463.7784000002
            ],
            [
              190969.44120000023,
              652435.2034000009
            ],
            [
              190971.55790000036,
              652397.3679000009
            ],
            [
              190972.8808000004,
              652369.0573999994
            ],
            [
              190979.49540000036,
              652341.0114999991
            ],
            [
              190994.5767000001,
              652307.4093999993
            ],
            [
              191012.03920000046,
              652279.3635000009
            ],
            [
              191036.64549999963,
              652243.6447000001
            ],
            [
              191046.1705,
              652230.9445999991
            ],
            [
              191058.34140000027,
              652202.6341999993
            ],
            [
              191064.42679999955,
              652178.8215999994
            ],
            [
              191066.80810000002,
              652161.0944999997
            ],
            [
              191066.01429999992,
              652131.1964999996
            ],
            [
              191058.07679999992,
              652093.6256000008
            ],
            [
              191054.10809999984,
              652074.0463999994
            ],
            [
              191047.75800000038,
              652047.3234000001
            ],
            [
              191039.0268000001,
              651992.2899999991
            ],
            [
              191039.0268000001,
              651955.7774
            ],
            [
              191040.0850999998,
              651936.7273999993
            ],
            [
              191045.64140000008,
              651914.2377000004
            ],
            [
              191050.66849999968,
              651891.4835000001
            ],
            [
              191063.10390000045,
              651860.5272000004
            ],
            [
              191079.5081000002,
              651827.4541999996
            ],
            [
              191100.4101999998,
              651792
            ],
            [
              191120.25399999972,
              651750.1958000008
            ],
            [
              191138.5103000002,
              651719.5040000007
            ],
            [
              191154.12079999968,
              651682.7269000001
            ],
            [
              191163.9104000004,
              651651.2413999997
            ],
            [
              191174.75829999987,
              651616.8454999998
            ],
            [
              191181.9020999996,
              651588.2704000007
            ],
            [
              191194.33750000037,
              651549.6412000004
            ],
            [
              191220.79590000026,
              651505.9847999997
            ],
            [
              191216.82710000034,
              651503.3389999997
            ],
            [
              191192.22080000024,
              651487.4639999997
            ]
          ]
        ]
      }
    },
    {
      "type": "Feature",
      "properties": {
        "שם_רנ": "ירקון",
        "שנה": 1965,
        "שם_תכ": "הסדרת נחל אזור",
        "פרסו_1": "03.06.1965",
        "מס_תו": "454-15/21",
        "Shape_Length": 1936.9713273931295,
        "Shape_Area": 21376.338233904506,
        "OBJECTID": 266,
        "יל_פר": " ",
        "שם_נח": "אזור",
        "Field": null
      },
      "geometry": {
        "type": "Polygon",
        "coordinates": [
          [
            [
              181917.60470000003,
              659302.4415000007
            ],
            [
              181918.66309999954,
              659311.9664999992
            ],
            [
              181926.60059999954,
              659309.3206999991
            ],
            [
              181916.54640000034,
              659353.2415999994
            ],
            [
              181877.38800000027,
              659499.2918999996
            ],
            [
              181847.75459999964,
              659598.7753999997
            ],
            [
              181834.5253999997,
              659652.2214000002
            ],
            [
              181832.40869999956,
              659684.5006000008
            ],
            [
              181850.4003999997,
              659778.6925000008
            ],
            [
              181872.09630000032,
              659916.8051999994
            ],
            [
              181895.90880000032,
              660071.3222000003
            ],
            [
              181911.2547000004,
              660166.0431999993
            ],
            [
              181936.1255999999,
              660154.9307000004
            ],
            [
              181919.72140000015,
              660072.3805
            ],
            [
              181905.4338999996,
              659979.2469999995
            ],
            [
              181893.79220000003,
              659905.6927000005
            ],
            [
              181883.20880000014,
              659841.1341999993
            ],
            [
              181871.0379999997,
              659768.1090999991
            ],
            [
              181855.16289999988,
              659667.0381000005
            ],
            [
              181859.92540000007,
              659645.3421999998
            ],
            [
              181868.92129999958,
              659607.7712999992
            ],
            [
              181886.9129999997,
              659545.8586999997
            ],
            [
              181961.52560000028,
              659279.6873000003
            ],
            [
              181984.27990000043,
              659257.4622000009
            ],
            [
              181981.6339999996,
              659251.6414000001
            ],
            [
              181917.60470000003,
              659302.4415000007
            ]
          ]
        ]
      }
    },
    {
      "type": "Feature",
      "properties": {
        "שם_רנ": "ירקון",
        "שנה": 1995,
        "שם_תכ": "נחל איילון",
        "פרסו_1": "05.06.1995",
        "מס_תו": "054844/2",
        "Shape_Length": 13265.318828981004,
        "Shape_Area": 498220.0358704734,
        "OBJECTID": 267,
        "יל_פר": " ",
        "שם_נח": "איילון",
        "Field": null
      },
      "geometry": {
        "type": "Polygon",
        "coordinates": [
          [
            [
              190334.62399999984,
              654818.6360999998
            ],
            [
              190316.3677000003,
              654820.2236000001
            ],
            [
              190230.64250000007,
              654829.7486000005
            ],
            [
              190144.12359999958,
              654830.5424000006
            ],
            [
              190024.26709999982,
              654826.5735999998
            ],
            [
              189875.83559999987,
              654848.7985999994
            ],
            [
              189740.89780000038,
              654894.0425000004
            ],
            [
              189572.6224999996,
              654982.1489000004
            ],
            [
              189496.42229999974,
              655043.2677999996
            ],
            [
              189359.8970999997,
              655178.9992999993
            ],
            [
              189300.36569999997,
              655263.1370000001
            ],
            [
              189197.97169999965,
              655389.3434999995
            ],
            [
              189042.39639999997,
              655599.6875999998
            ],
            [
              188983.65880000032,
              655670.3314999994
            ],
            [
              188905.87119999994,
              655748.9129000008
            ],
            [
              188844.75229999982,
              655797.3318000007
            ],
            [
              188685.20820000023,
              655871.9443999995
            ],
            [
              188647.10809999984,
              655890.9945
            ],
            [
              188560.58920000028,
              655917.1883000005
            ],
            [
              188478.03899999987,
              655931.4758000001
            ],
            [
              188365.32629999984,
              655944.1757999994
            ],
            [
              188253.40730000008,
              655933.8571000006
            ],
            [
              188155.77589999977,
              655913.2194999997
            ],
            [
              188047.82569999993,
              655879.0881999992
            ],
            [
              187956.54430000018,
              655833.8443999998
            ],
            [
              187884.31290000025,
              655785.4254999999
            ],
            [
              187818.43149999995,
              655749.7067000009
            ],
            [
              187774.7751000002,
              655736.2128999997
            ],
            [
              187686.66870000027,
              655742.5628999993
            ],
            [
              187623.16860000044,
              655770.3442000002
            ],
            [
              187567.60599999968,
              655810.0318
            ],
            [
              187515.21839999966,
              655903.6944999993
            ],
            [
              187474.73699999973,
              656003.7072000001
            ],
            [
              187396.94940000027,
              656224.3701000009
            ],
            [
              187344.56180000026,
              656348.9890999999
            ],
            [
              187294.55539999995,
              656484.7206999995
            ],
            [
              187240.58029999956,
              656626.0084000006
            ],
            [
              187182.63650000002,
              656784.7588
            ],
            [
              187150.8864000002,
              656874.4527000003
            ],
            [
              187102.46750000026,
              656996.6904000007
            ],
            [
              187033.41119999997,
              657194.3345999997
            ],
            [
              186980.22979999986,
              657298.3159999996
            ],
            [
              186941.65259999968,
              657342.6513
            ],
            [
              186872.2796,
              657375.3099000007
            ],
            [
              186774.64809999987,
              657399.1225000005
            ],
            [
              186638.12289999984,
              657422.9350000005
            ],
            [
              186573.8289999999,
              657440.3976000007
            ],
            [
              186333.32230000012,
              657485.6414000001
            ],
            [
              186261.09090000018,
              657497.5477000009
            ],
            [
              186203.14699999988,
              657520.5665000007
            ],
            [
              186144.40940000024,
              657569.7791000009
            ],
            [
              186106.30929999985,
              657629.3104999997
            ],
            [
              186092.02180000022,
              657699.1605999991
            ],
            [
              186092.81549999956,
              657768.2170000002
            ],
            [
              186111.07180000003,
              657860.2921999991
            ],
            [
              186121.39059999958,
              657934.9047999997
            ],
            [
              186138.85309999995,
              657999.9923999999
            ],
            [
              186132.50310000032,
              658036.5050000008
            ],
            [
              186015.0279000001,
              658131.7552000005
            ],
            [
              186112.6593000004,
              658251.6117000002
            ],
            [
              186190.4469999997,
              658176.9989999998
            ],
            [
              186330.94099999964,
              658061.1113000009
            ],
            [
              186238.8657999998,
              657934.9047999997
            ],
            [
              186199.0410000002,
              657892.8205999993
            ],
            [
              186187.27199999988,
              657824.5733000003
            ],
            [
              186170.60319999978,
              657754.7232000008
            ],
            [
              186177.74689999968,
              657688.0481000002
            ],
            [
              186208.70330000017,
              657626.1353999991
            ],
            [
              186262.67839999963,
              657581.6853999998
            ],
            [
              186335.42119999975,
              657574.0653000008
            ],
            [
              186432.54119999986,
              657547.5539999995
            ],
            [
              186669.87289999984,
              657505.4852000009
            ],
            [
              186730.19799999986,
              657491.9913999997
            ],
            [
              186850.05449999962,
              657472.1476000007
            ],
            [
              186899.26709999982,
              657453.8914000001
            ],
            [
              186951.65469999984,
              657438.8101000004
            ],
            [
              187000.86730000004,
              657409.4412999991
            ],
            [
              187021.50490000006,
              657379.2786999997
            ],
            [
              187054.84240000043,
              657349.9099000003
            ],
            [
              187074.68620000035,
              657314.1910999995
            ],
            [
              187110.4051000001,
              657216.5595999993
            ],
            [
              187158.03019999992,
              657047.4904999994
            ],
            [
              187199.3052000003,
              656933.9840999991
            ],
            [
              187265.18659999967,
              656754.5962000005
            ],
            [
              187334.24299999978,
              656570.4458000008
            ],
            [
              187385.04310000036,
              656452.1768999994
            ],
            [
              187404.88690000027,
              656391.8517000005
            ],
            [
              187465.2120000003,
              656235.4826999996
            ],
            [
              187499.34329999983,
              656130.7074999996
            ],
            [
              187585.86230000015,
              655917.9820000008
            ],
            [
              187601.73730000015,
              655877.5007000007
            ],
            [
              187647.7748999996,
              655838.6068999991
            ],
            [
              187696.1936999997,
              655810.8256000001
            ],
            [
              187740.64379999973,
              655810.8256000001
            ],
            [
              187795.41270000022,
              655817.9693
            ],
            [
              187868.43780000042,
              655863.2131999992
            ],
            [
              188026.39439999964,
              655944.9695999995
            ],
            [
              188147.04459999967,
              655980.6884000003
            ],
            [
              188283.56989999954,
              656004.5010000002
            ],
            [
              188401.83889999986,
              656010.8509999998
            ],
            [
              188516.93290000036,
              655991.8008999992
            ],
            [
              188605.0393000003,
              655979.8947000001
            ],
            [
              188660.60190000013,
              655964.8134000003
            ],
            [
              188795.53969999962,
              655911.6319999993
            ],
            [
              188819.35219999962,
              655893.3757000007
            ],
            [
              188874.91480000038,
              655860.8319000006
            ],
            [
              188919.3649000004,
              655827.4944000002
            ],
            [
              188971.7525000004,
              655778.2818
            ],
            [
              189042.39639999997,
              655711.6065999996
            ],
            [
              189079.70270000026,
              655670.3314999994
            ],
            [
              189130.5027999999,
              655595.7189000007
            ],
            [
              189187.65299999993,
              655517.1374999993
            ],
            [
              189270.20309999958,
              655413.9497999996
            ],
            [
              189374.18460000027,
              655272.6620000005
            ],
            [
              189465.46600000001,
              655162.3304999992
            ],
            [
              189549.60369999986,
              655091.6865999997
            ],
            [
              189627.39130000025,
              655032.9489999991
            ],
            [
              189748.83530000038,
              654966.2739000004
            ],
            [
              189835.35429999977,
              654935.3176000006
            ],
            [
              189909.17320000008,
              654914.6799999997
            ],
            [
              190056.01719999965,
              654896.4236999992
            ],
            [
              190180.6361999996,
              654899.5987
            ],
            [
              190267.9489000002,
              654901.9800000004
            ],
            [
              190380.66160000023,
              654879.7550000008
            ],
            [
              190440.19299999997,
              654851.9736000001
            ],
            [
              190382.24909999967,
              654828.9549000002
            ],
            [
              190334.62399999984,
              654818.6360999998
            ]
          ]
        ]
      }
    },
    {
      "type": "Feature",
      "properties": {
        "שם_רנ": "ירקון",
        "שנה": 1993,
        "שם_תכ": "הסדרת נחל אילון",
        "פרסו_1": " ",
        "מס_תו": "1002/93/152",
        "Shape_Length": 6197.8402306755015,
        "Shape_Area": 157735.28820911105,
        "OBJECTID": 269,
        "יל_פר": " ",
        "שם_נח": "איילון",
        "Field": null
      },
      "geometry": {
        "type": "Polygon",
        "coordinates": [
          [
            [
              186043.87849999964,
              658167.1733999997
            ],
            [
              185983.59929999989,
              658221.4054000005
            ],
            [
              185921.68670000043,
              658287.2868000008
            ],
            [
              185866.91779999994,
              658365.0745000001
            ],
            [
              185831.19900000002,
              658437.3059
            ],
            [
              185799.4489000002,
              658496.0435000006
            ],
            [
              185779.60510000028,
              658559.5436000004
            ],
            [
              185745.4737999998,
              658642.8874999993
            ],
            [
              185704.9924999997,
              658711.1502
            ],
            [
              185666.09860000014,
              658769.0940000005
            ],
            [
              185627.2048000004,
              658812.7503999993
            ],
            [
              185547.03589999955,
              658861.1691999994
            ],
            [
              185470.83579999954,
              658878.6317999996
            ],
            [
              185385.9042999996,
              658881.8068000004
            ],
            [
              185293.82919999957,
              658856.4067000002
            ],
            [
              185182.70390000008,
              658848.4692000002
            ],
            [
              185101.74129999988,
              658857.9942000005
            ],
            [
              185012.04729999974,
              658892.9192999993
            ],
            [
              184928.7034,
              658944.5131000001
            ],
            [
              184866.7907999996,
              659004.8383000009
            ],
            [
              184821.54700000025,
              659061.9883999992
            ],
            [
              184773.92190000042,
              659135.8072999995
            ],
            [
              184695.34049999993,
              659224.7073999997
            ],
            [
              184629.45909999963,
              659272.3324999996
            ],
            [
              184551.67140000034,
              659312.8138999995
            ],
            [
              184443.72119999956,
              659331.0702
            ],
            [
              184396.88989999983,
              659323.1326000001
            ],
            [
              184306.40220000036,
              659303.2888999991
            ],
            [
              184229.40830000024,
              659273.1262999997
            ],
            [
              184184.95820000023,
              659254.8699999992
            ],
            [
              184075.4205,
              659228.6762000006
            ],
            [
              183989.6952999998,
              659236.6137000006
            ],
            [
              183910.32010000013,
              659264.3949999996
            ],
            [
              183840.46999999974,
              659290.5888
            ],
            [
              183791.25739999954,
              659323.9264000002
            ],
            [
              183753.15730000008,
              659351.7076999992
            ],
            [
              183692.83220000006,
              659432.6703999992
            ],
            [
              183729.34480000008,
              659516.8080000002
            ],
            [
              183742.8384999996,
              659473.1516999993
            ],
            [
              183772.20739999972,
              659416.7952999994
            ],
            [
              183826.1825000001,
              659370.7577
            ],
            [
              183858.7263000002,
              659337.4201999996
            ],
            [
              183901.58889999986,
              659315.1951000001
            ],
            [
              184002.39529999997,
              659284.2388000004
            ],
            [
              184093.67679999955,
              659283.4451000001
            ],
            [
              184184.95820000023,
              659314.4013999999
            ],
            [
              184317.51470000017,
              659359.6451999992
            ],
            [
              184442.13370000012,
              659383.4578000009
            ],
            [
              184508.01510000043,
              659377.1076999996
            ],
            [
              184594.53399999999,
              659348.5327000003
            ],
            [
              184675.49670000002,
              659312.0200999994
            ],
            [
              184728.6780000003,
              659258.0449999999
            ],
            [
              184786.62189999968,
              659201.6886
            ],
            [
              184831.86569999997,
              659131.0448000003
            ],
            [
              184892.19079999998,
              659050.0821000002
            ],
            [
              184940.6096999999,
              659002.4570000004
            ],
            [
              185035.0661000004,
              658935.7818999998
            ],
            [
              185151.74760000035,
              658907.2068000007
            ],
            [
              185241.44149999972,
              658905.6193000004
            ],
            [
              185347.80429999996,
              658923.0818000007
            ],
            [
              185404.16060000006,
              658931.0194000006
            ],
            [
              185477.1858000001,
              658931.0194000006
            ],
            [
              185531.95459999982,
              658919.1130999997
            ],
            [
              185577.9922000002,
              658893.7129999995
            ],
            [
              185622.44230000023,
              658869.9004999995
            ],
            [
              185663.71740000043,
              658834.1817000005
            ],
            [
              185722.45500000007,
              658777.8253000006
            ],
            [
              185762.1425999999,
              658721.4689000007
            ],
            [
              185810.5614,
              658620.6624999996
            ],
            [
              185836.75519999955,
              658561.1311000008
            ],
            [
              185862.15529999975,
              658483.3434999995
            ],
            [
              185905.01790000033,
              658407.9371000007
            ],
            [
              185948.67420000024,
              658334.9119000006
            ],
            [
              186009.79310000036,
              658283.3180999998
            ],
            [
              186094.14070000034,
              658228.8774999995
            ],
            [
              186043.87849999964,
              658167.1733999997
            ]
          ]
        ]
      }
    },
    {
      "type": "Feature",
      "properties": {
        "שם_רנ": "ירקון",
        "שנה": 2013,
        "שם_תכ": "הסדרת נחל איילון",
        "פרסו_1": "02.07.2013",
        "מס_תו": " ",
        "Shape_Length": 4527.698064383707,
        "Shape_Area": 187047.31807528634,
        "OBJECTID": 271,
        "יל_פר": "6620",
        "שם_נח": "איילון",
        "Field": null
      },
      "geometry": {
        "type": "Polygon",
        "coordinates": [
          [
            [
              183800.69130000006,
              659347.5905000009
            ],
            [
              183757.03500000015,
              659406.4604000002
            ],
            [
              183725.28490000032,
              659477.8980999999
            ],
            [
              183699.4879999999,
              659537.4294000007
            ],
            [
              183688.90469999984,
              659598.2837000005
            ],
            [
              183693.53490000032,
              659647.2316999994
            ],
            [
              183704.11820000038,
              659718.0078999996
            ],
            [
              183727.9308000002,
              659786.1382999998
            ],
            [
              183733.88389999978,
              659833.7633999996
            ],
            [
              183734.54540000018,
              659876.7581999991
            ],
            [
              183721.97759999987,
              659941.5812999997
            ],
            [
              183698.82660000026,
              659983.9146999996
            ],
            [
              183672.36820000038,
              660032.2013000008
            ],
            [
              183640.6180999996,
              660073.2117999997
            ],
            [
              183585.71700000018,
              660128.1129000001
            ],
            [
              183510.97200000007,
              660194.2588999998
            ],
            [
              183395.21659999993,
              660256.4361000005
            ],
            [
              183319.81020000018,
              660294.8006999996
            ],
            [
              183211.33079999965,
              660345.0716999993
            ],
            [
              183145.18479999993,
              660357.6393999998
            ],
            [
              183088.96079999954,
              660364.2540000007
            ],
            [
              183012.23139999993,
              660352.3476999998
            ],
            [
              182924.2572999997,
              660323.2434999999
            ],
            [
              182885.23120000027,
              660296.7851
            ],
            [
              182840.25189999957,
              660261.7278000005
            ],
            [
              182792.62679999974,
              660191.6129999999
            ],
            [
              182778.73620000016,
              660177.7224000003
            ],
            [
              182763.5225999998,
              660158.5399999991
            ],
            [
              182721.1891999999,
              660141.3421
            ],
            [
              182645.78280000016,
              660125.4671
            ],
            [
              182569.71490000002,
              660124.8056000005
            ],
            [
              182495.6314000003,
              660134.0659999996
            ],
            [
              182432.13129999954,
              660142.0035999995
            ],
            [
              182455.2823999999,
              660244.5297999997
            ],
            [
              182500.26169999968,
              660238.5767000001
            ],
            [
              182580.2982999999,
              660233.2850000001
            ],
            [
              182643.79839999974,
              660232.6235000007
            ],
            [
              182694.73080000002,
              660246.5142000001
            ],
            [
              182729.7882000003,
              660277.6028000005
            ],
            [
              182825.6997999996,
              660370.8685999997
            ],
            [
              182870.6791000003,
              660396.0041000005
            ],
            [
              182928.8875000002,
              660423.1239
            ],
            [
              183021.4918999998,
              660449.5822999999
            ],
            [
              183108.1431,
              660456.8584000003
            ],
            [
              183157.75260000024,
              660449.5822999999
            ],
            [
              183225.22140000015,
              660429.7385000009
            ],
            [
              183278.13819999993,
              660408.5717999991
            ],
            [
              183364.12799999956,
              660372.8530000001
            ],
            [
              183462.68549999967,
              660319.9362000003
            ],
            [
              183495.7583999997,
              660298.7695000004
            ],
            [
              183536.76889999956,
              660278.2642000001
            ],
            [
              183565.87320000026,
              660255.1131999996
            ],
            [
              183610.8524000002,
              660224.0245999992
            ],
            [
              183647.89419999998,
              660189.6286999993
            ],
            [
              183702.13389999978,
              660141.3421
            ],
            [
              183725.94639999978,
              660106.9462000001
            ],
            [
              183751.08189999964,
              660065.9356999993
            ],
            [
              183772.91000000015,
              660011.0344999991
            ],
            [
              183788.12359999958,
              659960.7635999992
            ],
            [
              183801.35280000046,
              659900.5708000008
            ],
            [
              183805.32160000037,
              659852.2841999996
            ],
            [
              183803.33719999995,
              659812.5965999998
            ],
            [
              183794.0767000001,
              659762.9871999994
            ],
            [
              183778.86319999956,
              659709.4089000002
            ],
            [
              183765.6339999996,
              659667.7369999997
            ],
            [
              183759.6808000002,
              659606.2212000005
            ],
            [
              183764.31109999958,
              659563.8878000006
            ],
            [
              183782.1705,
              659506.3408000004
            ],
            [
              183812.59759999998,
              659458.7157000005
            ],
            [
              183845.00910000037,
              659410.4291999992
            ],
            [
              183800.69130000006,
              659347.5905000009
            ]
          ]
        ]
      }
    },
    {
      "type": "Feature",
      "properties": {
        "שם_רנ": "ירקון",
        "שנה": 1971,
        "שם_תכ": "הסדרת נחל נטוף",
        "פרסו_1": " ",
        "מס_תו": "286592",
        "Shape_Length": 2526.1676373160085,
        "Shape_Area": 37307.614039798624,
        "OBJECTID": 291,
        "יל_פר": " ",
        "שם_נח": "נטוף",
        "Field": null
      },
      "geometry": {
        "type": "Polygon",
        "coordinates": [
          [
            [
              191795.07940000016,
              654096.8830999993
            ],
            [
              191730.78550000023,
              654158.0019000005
            ],
            [
              191709.35419999994,
              654198.4833000004
            ],
            [
              191695.06670000032,
              654234.2020999994
            ],
            [
              191685.54169999994,
              654329.4522999991
            ],
            [
              191682.36670000013,
              654387.3960999995
            ],
            [
              191660.93539999984,
              654431.0525000002
            ],
            [
              191637.9166000001,
              654456.4525000006
            ],
            [
              191579.17899999954,
              654515.1900999993
            ],
            [
              191531.5538999997,
              654553.2902000006
            ],
            [
              191495.0412999997,
              654572.3402999993
            ],
            [
              191453.76620000042,
              654581.0714999996
            ],
            [
              191429.95370000042,
              654573.1339999996
            ],
            [
              191431.54119999986,
              654548.5276999995
            ],
            [
              191414.07870000042,
              654503.2839000002
            ],
            [
              191402.17239999957,
              654506.4589000009
            ],
            [
              191410.10989999957,
              654532.6526999995
            ],
            [
              191422.01620000042,
              654571.5464999992
            ],
            [
              191417.25370000023,
              654587.4214999992
            ],
            [
              191368.8348000003,
              654579.4839999992
            ],
            [
              191284.69710000046,
              654587.4214999992
            ],
            [
              191129.12179999985,
              654594.5653000008
            ],
            [
              191121.97809999995,
              654627.9028999992
            ],
            [
              191229.9282999998,
              654623.1403999999
            ],
            [
              191263.26580000017,
              654623.1403999999
            ],
            [
              191287.87210000027,
              654696.1655000001
            ],
            [
              191294.22219999973,
              654694.5779999997
            ],
            [
              191275.96590000018,
              654622.3465999998
            ],
            [
              191319.6222000001,
              654623.1403999999
            ],
            [
              191429.95370000042,
              654619.9652999993
            ],
            [
              191488.69130000006,
              654611.2340999991
            ],
            [
              191532.34759999998,
              654593.7715000007
            ],
            [
              191558.54140000045,
              654571.5464999992
            ],
            [
              191579.9726999998,
              654549.3214999996
            ],
            [
              191619.66029999964,
              654518.3651
            ],
            [
              191653.7916000001,
              654492.9650999997
            ],
            [
              191694.27300000004,
              654449.3088000007
            ],
            [
              191722.05429999996,
              654472.3276000004
            ],
            [
              191753.80429999996,
              654524.7151999995
            ],
            [
              191762.53560000006,
              654513.6026000008
            ],
            [
              191733.96050000004,
              654460.4212999996
            ],
            [
              191703.00420000032,
              654439.7837000005
            ],
            [
              191711.73550000042,
              654411.2086999994
            ],
            [
              191721.26049999986,
              654382.6336000003
            ],
            [
              191718.87930000015,
              654335.8023000006
            ],
            [
              191727.61050000042,
              654254.8396000005
            ],
            [
              191742.69180000015,
              654204.0395
            ],
            [
              191770.47310000006,
              654166.7332000006
            ],
            [
              191815.71700000018,
              654118.3143000007
            ],
            [
              191795.07940000016,
              654096.8830999993
            ]
          ]
        ]
      }
    },
    {
      "type": "Feature",
      "properties": {
        "שם_רנ": "ירקון",
        "שנה": 1996,
        "שם_תכ": "הסדרת נחל אזור",
        "פרסו_1": " ",
        "מס_תו": "96/20/2",
        "Shape_Length": 2094.433269448641,
        "Shape_Area": 25406.120308716072,
        "OBJECTID": 308,
        "יל_פר": " ",
        "שם_נח": "אזור",
        "Field": null
      },
      "geometry": {
        "type": "Polygon",
        "coordinates": [
          [
            [
              182079.9194,
              656941.7430000007
            ],
            [
              182166.43840000033,
              657144.9433999993
            ],
            [
              182168.81960000005,
              657161.6121999994
            ],
            [
              182195.0133999996,
              657383.8626000006
            ],
            [
              182217.23849999998,
              657588.6505999994
            ],
            [
              182234.70100000035,
              657744.2259
            ],
            [
              182365.66999999993,
              657900.5949000008
            ],
            [
              182380.75129999965,
              657887.1011999995
            ],
            [
              182260.10109999962,
              657733.1132999994
            ],
            [
              182241.84480000008,
              657591.0318
            ],
            [
              182229.14470000006,
              657471.1753000002
            ],
            [
              182208.50719999988,
              657295.7562000006
            ],
            [
              182194.21970000025,
              657142.5622000005
            ],
            [
              182102.93819999974,
              656930.6305
            ],
            [
              182079.9194,
              656941.7430000007
            ]
          ]
        ]
      }
    },
    {
      "type": "Feature",
      "properties": {
        "שם_רנ": "ירקון",
        "שנה": 2003,
        "שם_תכ": "הסדרת נחל גזר",
        "פרסו_1": " ",
        "מס_תו": "0603",
        "Shape_Length": 5768.981205908388,
        "Shape_Area": 101981.4676727289,
        "OBJECTID": 309,
        "יל_פר": " ",
        "שם_נח": "גזר",
        "Field": null
      },
      "geometry": {
        "type": "Polygon",
        "coordinates": [
          [
            [
              191642.6029000003,
              651045.1864
            ],
            [
              191682.2904000003,
              651059.7386000007
            ],
            [
              191695.4793999996,
              650991.8812000006
            ],
            [
              191666.71219999995,
              650936.8281999994
            ],
            [
              191615.11840000004,
              650909.0469000004
            ],
            [
              191539.7120000003,
              650898.4635000005
            ],
            [
              191480.9774000002,
              650899.1939000003
            ],
            [
              191474.2274000002,
              650858.7759000007
            ],
            [
              191419.6802000003,
              650756.3166000005
            ],
            [
              191383.6858000001,
              650681.4755000006
            ],
            [
              191378.97730000038,
              650637.1870000008
            ],
            [
              191382.2845999999,
              650584.9316000007
            ],
            [
              191407.12320000026,
              650542.4770999998
            ],
            [
              191407.12320000026,
              650465.7478
            ],
            [
              191413.73780000024,
              650430.0289999992
            ],
            [
              191407.12320000026,
              650383.7268000003
            ],
            [
              191384.6336000003,
              650344.0392000005
            ],
            [
              191339.95110000018,
              650317.0405000001
            ],
            [
              191311.87299999967,
              650258.0494999997
            ],
            [
              191270.8624999998,
              650223.6535999998
            ],
            [
              191243.0811999999,
              650211.7473000009
            ],
            [
              191215.29989999998,
              650186.6118000001
            ],
            [
              191176.9353,
              650170.7368000001
            ],
            [
              191126.6643000003,
              650165.4451000001
            ],
            [
              191102.8518000003,
              650149.5701000001
            ],
            [
              191063.16420000046,
              650117.8200000003
            ],
            [
              191040.67459999956,
              650099.2991000004
            ],
            [
              191016.86199999973,
              650097.9761999995
            ],
            [
              190994.37239999976,
              650054.3199000005
            ],
            [
              190970.55979999993,
              650047.7052999996
            ],
            [
              190949.3931,
              650026.5385999996
            ],
            [
              190974.52859999985,
              649980.2364000008
            ],
            [
              190973.20569999982,
              649931.2884
            ],
            [
              190967.44269999955,
              649892.8291999996
            ],
            [
              190987.1383999996,
              649841.9015999995
            ],
            [
              191027.44539999962,
              649773.8609999996
            ],
            [
              191039.3515999997,
              649730.2046000008
            ],
            [
              191032.37239999976,
              649684.6850000005
            ],
            [
              191001.31520000007,
              649618.7905000001
            ],
            [
              190974.82540000044,
              649592.7422000002
            ],
            [
              190922.9347000001,
              649542.3500999995
            ],
            [
              190887.21590000018,
              649509.2771000005
            ],
            [
              190863.40340000018,
              649465.6207999997
            ],
            [
              190835.62210000027,
              649439.1623999998
            ],
            [
              190801.22620000038,
              649414.0269000009
            ],
            [
              190784.0281999996,
              649392.8602000009
            ],
            [
              190772.12189999968,
              649350.5267999992
            ],
            [
              190743.01769999973,
              649309.5163000003
            ],
            [
              190720.52809999976,
              649284.3807999995
            ],
            [
              190716.55929999985,
              649236.7556999996
            ],
            [
              190729.7884999998,
              649193.0994000006
            ],
            [
              190727.14269999973,
              649144.1513999999
            ],
            [
              190702.00719999988,
              649096.5263
            ],
            [
              190686.13219999988,
              649070.0679000001
            ],
            [
              190659.6738,
              649035.6720000003
            ],
            [
              190651.7363,
              648990.6928000003
            ],
            [
              190635.8613,
              648960.2655999996
            ],
            [
              190617.3404000001,
              648933.8071999997
            ],
            [
              190579.17239999957,
              648920.9878000002
            ],
            [
              190548.36849999987,
              648881.2408000007
            ],
            [
              190537.12370000035,
              648860.7356000002
            ],
            [
              190510.33540000021,
              648886.2531000003
            ],
            [
              190550.08320000023,
              648942.6548999995
            ],
            [
              190582.94450000022,
              648951.0052000005
            ],
            [
              190610.85109999962,
              648964.6248000003
            ],
            [
              190617.3404000001,
              648998.6303000003
            ],
            [
              190615.70050000027,
              649015.8291999996
            ],
            [
              190639.83000000007,
              649063.4532999992
            ],
            [
              190676.87179999985,
              649113.7241999991
            ],
            [
              190691.42389999982,
              649146.7971999999
            ],
            [
              190699.36139999982,
              649189.1305999998
            ],
            [
              190690.10089999996,
              649231.4640999995
            ],
            [
              190687.4550999999,
              649300.2558999993
            ],
            [
              190716.55929999985,
              649328.0372000001
            ],
            [
              190736.40309999976,
              649353.1725999992
            ],
            [
              190753.60109999962,
              649390.2144000009
            ],
            [
              190760.2156999996,
              649425.9331999999
            ],
            [
              190797.25739999954,
              649465.6207999997
            ],
            [
              190822.39290000033,
              649480.1729000006
            ],
            [
              190868.69510000013,
              649541.0272000004
            ],
            [
              190888.5388000002,
              649566.1626999993
            ],
            [
              190940.13269999996,
              649607.1732000001
            ],
            [
              190979.8202999998,
              649653.4752999991
            ],
            [
              191004.59109999985,
              649704.5287999995
            ],
            [
              190984.6464999998,
              649758.8706
            ],
            [
              190969.38329999987,
              649800.4574999996
            ],
            [
              190955.51070000045,
              649840.5573999994
            ],
            [
              190944.89520000014,
              649876.5856999997
            ],
            [
              190934.0075000003,
              649913.5376999993
            ],
            [
              190923.35360000003,
              649949.6963999998
            ],
            [
              190941.19940000027,
              649964.0853000004
            ],
            [
              190927.20029999968,
              650009.4616999999
            ],
            [
              190911.32529999968,
              650059.0712000001
            ],
            [
              190938.26439999975,
              650086.5091999993
            ],
            [
              190973.16849999968,
              650119.4212999996
            ],
            [
              191011.20569999982,
              650154.3213999998
            ],
            [
              191066.45830000006,
              650188.3739
            ],
            [
              191115.71630000044,
              650207.8995999992
            ],
            [
              191178.6802000003,
              650204.0206000004
            ],
            [
              191190.46129999962,
              650236.3423999995
            ],
            [
              191238.08629999962,
              650255.5247000009
            ],
            [
              191279.0968000004,
              650281.3216999993
            ],
            [
              191314.54480000027,
              650324.5110999998
            ],
            [
              191361.45749999955,
              650416.8043000009
            ],
            [
              191372.72730000038,
              650510.727
            ],
            [
              191355.8262,
              650577.6556000002
            ],
            [
              191351.37079999968,
              650615.5265999995
            ],
            [
              191358.47200000007,
              650696.0569000002
            ],
            [
              191379.6387,
              650743.682
            ],
            [
              191409.47009999957,
              650796.0780999996
            ],
            [
              191431.23259999976,
              650834.3018999994
            ],
            [
              191429.61280000024,
              650886.4361000005
            ],
            [
              191470.6233000001,
              650918.1862000003
            ],
            [
              191543.3554999996,
              650926.7020999994
            ],
            [
              191602.55059999973,
              650935.5053000003
            ],
            [
              191647.52990000043,
              650961.3022000007
            ],
            [
              191657.15500000026,
              651009.4675999992
            ],
            [
              191642.6029000003,
              651045.1864
            ]
          ]
        ]
      }
    },
    {
      "type": "Feature",
      "properties": {
        "שם_רנ": "ירקון",
        "שנה": 1998,
        "שם_תכ": "שכונת גני יער לוד",
        "פרסו_1": " ",
        "מס_תו": "579",
        "Shape_Length": 3058.497494315498,
        "Shape_Area": 24307.557469721276,
        "OBJECTID": 310,
        "יל_פר": " ",
        "שם_נח": "לוד",
        "Field": null
      },
      "geometry": {
        "type": "Polygon",
        "coordinates": [
          [
            [
              191648.5884999996,
              651044.1735999994
            ],
            [
              191666.05099999998,
              651037.8235999998
            ],
            [
              191682.19060000032,
              651014.0110999998
            ],
            [
              191680.60309999995,
              650988.0819000006
            ],
            [
              191671.07809999958,
              650960.3005999997
            ],
            [
              191654.4093000004,
              650938.6046999991
            ],
            [
              191636.94680000003,
              650924.5817000009
            ],
            [
              191616.83839999977,
              650913.9984000009
            ],
            [
              191581.64879999962,
              650908.9713000003
            ],
            [
              191557.30700000003,
              650910.8234000001
            ],
            [
              191535.0820000004,
              650911.6171000004
            ],
            [
              191508.09439999983,
              650907.3838
            ],
            [
              191484.81109999958,
              650894.1546
            ],
            [
              191458.3526999997,
              650869.5482999999
            ],
            [
              191439.30260000005,
              650837.2690999992
            ],
            [
              191416.81300000008,
              650783.2939999998
            ],
            [
              191397.23379999958,
              650736.1980000008
            ],
            [
              191377.38999999966,
              650683.8103999998
            ],
            [
              191363.10250000004,
              650645.9748999998
            ],
            [
              191352.6486999998,
              650630.0185000002
            ],
            [
              191354.21769999992,
              650591.3280999996
            ],
            [
              191364.16079999972,
              650564.4831000008
            ],
            [
              191369.18790000025,
              650543.8455999997
            ],
            [
              191369.78830000013,
              650522.3653999995
            ],
            [
              191373.95040000044,
              650468.1745999996
            ],
            [
              191377.91920000035,
              650426.1056999993
            ],
            [
              191376.86089999974,
              650411.0244999994
            ],
            [
              191364.42540000007,
              650386.4181999993
            ],
            [
              191347.49199999962,
              650358.6369000003
            ],
            [
              191331.08779999986,
              650337.7346999999
            ],
            [
              191298.86610000022,
              650305.4083999991
            ],
            [
              191252.05950000044,
              650264.3143000007
            ],
            [
              191220.7564000003,
              650238.2511999998
            ],
            [
              191136.61870000046,
              650209.4115999993
            ],
            [
              191107.77909999993,
              650196.9760999996
            ],
            [
              191078.14570000023,
              650181.3657000009
            ],
            [
              191036.07679999992,
              650152.5260000005
            ],
            [
              191004.32679999992,
              650127.9197000004
            ],
            [
              190963.5809000004,
              650092.2008999996
            ],
            [
              190950.35170000046,
              650077.3841999993
            ],
            [
              190938.9746000003,
              650057.5404000003
            ],
            [
              190931.45469999965,
              650030.7338999994
            ],
            [
              190938.70999999996,
              650022.6153999995
            ],
            [
              190941.09119999968,
              649999.0673999991
            ],
            [
              190944.26620000042,
              649976.0485999994
            ],
            [
              190946.66330000013,
              649946.5587000009
            ],
            [
              190918.07239999995,
              649948.2673000004
            ],
            [
              190911.72240000032,
              649971.2861000001
            ],
            [
              190910.13489999995,
              650000.1257000007
            ],
            [
              190910.13489999995,
              650015.4715999998
            ],
            [
              190910.6640999997,
              650024.7320000008
            ],
            [
              190940.29750000034,
              650081.3530000001
            ],
            [
              190960.14130000025,
              650102.5197000001
            ],
            [
              191005.3850999996,
              650143.5302000009
            ],
            [
              191089.52280000038,
              650200.4156999998
            ],
            [
              191156.72709999979,
              650226.8740999997
            ],
            [
              191182.12710000016,
              650236.6636999995
            ],
            [
              191212.0251000002,
              650249.0990999993
            ],
            [
              191228.16469999962,
              650262.3282999992
            ],
            [
              191248.53770000022,
              650276.0866999999
            ],
            [
              191292.45859999955,
              650320.8014000002
            ],
            [
              191338.76080000028,
              650365.2514999993
            ],
            [
              191357.14910000004,
              650393.1083000004
            ],
            [
              191362.57330000028,
              650404.9389999993
            ],
            [
              191363.78039999958,
              650436.1632000003
            ],
            [
              191360.2193,
              650495.6502
            ],
            [
              191358.9397,
              650519.5360000003
            ],
            [
              191356.8373999996,
              650558.7802000009
            ],
            [
              191346.69830000028,
              650579.2997999992
            ],
            [
              191339.2899000002,
              650610.5207000002
            ],
            [
              191340.34829999972,
              650621.3685999997
            ],
            [
              191342.46490000002,
              650638.3019999992
            ],
            [
              191340.34829999972,
              650646.2394999992
            ],
            [
              191348.55040000007,
              650668.1999999993
            ],
            [
              191360.05879999977,
              650699.6271000002
            ],
            [
              191386.3859000001,
              650762.3917999994
            ],
            [
              191399.3504999997,
              650797.5814999994
            ],
            [
              191407.2879999997,
              650813.4564999994
            ],
            [
              191424.22140000015,
              650856.3191
            ],
            [
              191430.27469999995,
              650865.1316
            ],
            [
              191438.24430000037,
              650879.3378999997
            ],
            [
              191448.29849999957,
              650893.3607999999
            ],
            [
              191466.55480000004,
              650907.1192000005
            ],
            [
              191481.63609999977,
              650916.3795999996
            ],
            [
              191494.33609999996,
              650924.5817000009
            ],
            [
              191511.53399999999,
              650928.5504999999
            ],
            [
              191536.1403000001,
              650933.3129999992
            ],
            [
              191550.9570000004,
              650931.9901
            ],
            [
              191566.56280000042,
              650931.2355000004
            ],
            [
              191580.5904000001,
              650928.5504999999
            ],
            [
              191592.49670000002,
              650929.3443
            ],
            [
              191608.10709999967,
              650932.7838000003
            ],
            [
              191620.54260000028,
              650937.8109000009
            ],
            [
              191627.09729999956,
              650942.5186000001
            ],
            [
              191636.15990000032,
              650949.4949999992
            ],
            [
              191649.04569999967,
              650968.8875999991
            ],
            [
              191657.0552000003,
              650986.2298000008
            ],
            [
              191659.4364,
              651007.1318999995
            ],
            [
              191654.93850000016,
              651029.3570000008
            ],
            [
              191648.5884999996,
              651044.1735999994
            ]
          ]
        ]
      }
    },
    {
      "type": "Feature",
      "properties": {
        "שם_רנ": "ירקון",
        "שנה": 1996,
        "שם_תכ": "תיעול שטח עלית אתר צריפין",
        "פרסו_1": " ",
        "מס_תו": "1357/01",
        "Shape_Length": 1284.9406681255186,
        "Shape_Area": 5537.651886615891,
        "OBJECTID": 311,
        "יל_פר": " ",
        "שם_נח": "צריפין",
        "Field": null
      },
      "geometry": {
        "type": "Polygon",
        "coordinates": [
          [
            [
              186234.7533999998,
              652324.1958000008
            ],
            [
              186244.1196999997,
              652325.2277000006
            ],
            [
              186244.83409999963,
              652320.6239
            ],
            [
              186243.88159999996,
              652312.2101000007
            ],
            [
              186242.37349999975,
              652297.6051000003
            ],
            [
              186239.51599999983,
              652275.3006999996
            ],
            [
              186238.1666000001,
              652263.9499999993
            ],
            [
              186236.6584999999,
              652255.7743999995
            ],
            [
              186233.80090000015,
              652250.4562999997
            ],
            [
              186229.4353,
              652245.3761999998
            ],
            [
              186223.87909999955,
              652239.5024999995
            ],
            [
              186184.11209999956,
              652212.8323999997
            ],
            [
              186135.20380000025,
              652179.4485999998
            ],
            [
              186070.90990000032,
              652134.7338999994
            ],
            [
              186036.64630000014,
              652111.3181999996
            ],
            [
              186025.66610000003,
              652109.4660999998
            ],
            [
              186014.8180999998,
              652111.4505000003
            ],
            [
              186005.82230000012,
              652114.8901000004
            ],
            [
              185995.7681,
              652127.3255000003
            ],
            [
              185980.68680000026,
              652152.8578999992
            ],
            [
              185975.79200000037,
              652159.6048000008
            ],
            [
              185973.5429999996,
              652160.3984999992
            ],
            [
              185956.21279999986,
              652154.9746000003
            ],
            [
              185952.90550000034,
              652161.7214000002
            ],
            [
              185948.27529999986,
              652171.3787999991
            ],
            [
              185941.7929999996,
              652182.7558999993
            ],
            [
              185936.6336000003,
              652189.6349999998
            ],
            [
              185924.59499999974,
              652207.2299000006
            ],
            [
              185919.70019999985,
              652214.5058999993
            ],
            [
              185912.95330000017,
              652228.6612
            ],
            [
              185904.88350000046,
              652242.1548999995
            ],
            [
              185891.91889999993,
              652258.4267999995
            ],
            [
              185891.12519999966,
              652263.0570999999
            ],
            [
              185877.36679999996,
              652283.9592000004
            ],
            [
              185862.8147,
              652306.4487999994
            ],
            [
              185850.90840000007,
              652325.7633999996
            ],
            [
              185843.23550000042,
              652341.2415999994
            ],
            [
              185845.2198999999,
              652344.2842999995
            ],
            [
              185850.90840000007,
              652342.4321999997
            ],
            [
              185869.6939000003,
              652309.6238000002
            ],
            [
              185883.84910000023,
              652286.7372999992
            ],
            [
              185903.03139999975,
              652255.7809999995
            ],
            [
              185912.2918999996,
              652241.3611999992
            ],
            [
              185921.28770000022,
              652227.3381999992
            ],
            [
              185937.95650000032,
              652201.5413000006
            ],
            [
              185945.76169999968,
              652187.9152000006
            ],
            [
              185952.24399999995,
              652177.1995999999
            ],
            [
              185956.4774000002,
              652171.2465000004
            ],
            [
              185963.88570000045,
              652163.0443999991
            ],
            [
              185967.4576000003,
              652177.1995999999
            ],
            [
              185973.93989999965,
              652175.7444000002
            ],
            [
              185980.95139999967,
              652170.8496000003
            ],
            [
              185986.77219999954,
              652161.5891999993
            ],
            [
              185997.8847000003,
              652143.0682999995
            ],
            [
              186005.29310000036,
              652131.8234999999
            ],
            [
              186012.96600000001,
              652126.0025999993
            ],
            [
              186022.22649999987,
              652122.6952999998
            ],
            [
              186028.97339999955,
              652122.6952999998
            ],
            [
              186032.1484000003,
              652123.0921999998
            ],
            [
              186035.98479999974,
              652124.4151000008
            ],
            [
              186041.80570000038,
              652126.0025999993
            ],
            [
              186066.54430000018,
              652142.4068
            ],
            [
              186077.6568,
              652151.2704000007
            ],
            [
              186092.87040000036,
              652160.9276999999
            ],
            [
              186124.2235000003,
              652182.6236000005
            ],
            [
              186136.12980000023,
              652190.6933999993
            ],
            [
              186146.44859999977,
              652197.3080000002
            ],
            [
              186157.82569999993,
              652205.6424000002
            ],
            [
              186171.71630000044,
              652214.9027999993
            ],
            [
              186189.31120000035,
              652227.8673999999
            ],
            [
              186200.15909999982,
              652234.6142999995
            ],
            [
              186216.43099999987,
              652245.4622000009
            ],
            [
              186223.83939999994,
              652251.6799999997
            ],
            [
              186226.88210000005,
              652255.2518000007
            ],
            [
              186228.86649999954,
              652262.1309999991
            ],
            [
              186231.90919999965,
              652285.4144000001
            ],
            [
              186234.68730000034,
              652313.4603000004
            ],
            [
              186234.7533999998,
              652324.1958000008
            ]
          ]
        ]
      }
    },
    {
      "type": "Feature",
      "properties": {
        "שם_רנ": "ירקון",
        "שנה": 2010,
        "שם_תכ": "הסדרת נחל אונו",
        "פרסו_1": "12.04.2010",
        "מס_תו": "1170",
        "Shape_Length": 739.1479055082602,
        "Shape_Area": 20631.021591178807,
        "OBJECTID": 313,
        "יל_פר": "6076",
        "שם_נח": "אונו",
        "Field": null
      },
      "geometry": {
        "type": "Polygon",
        "coordinates": [
          [
            [
              188218.75999999978,
              659004.8737000003
            ],
            [
              188225.11000000034,
              659031.0675000008
            ],
            [
              188225.11000000034,
              659039.7988000009
            ],
            [
              188230.26939999964,
              659058.0550999995
            ],
            [
              188236.6194000002,
              659062.8176000006
            ],
            [
              188241.77880000044,
              659079.8831999991
            ],
            [
              188246.93819999974,
              659098.9332999997
            ],
            [
              188244.55700000003,
              659119.1739000008
            ],
            [
              188246.93819999974,
              659132.6677000001
            ],
            [
              188234.23819999956,
              659144.5739999991
            ],
            [
              188232.65070000011,
              659152.5114999991
            ],
            [
              188229.87260000035,
              659166.0053000003
            ],
            [
              188233.04760000017,
              659168.7833999991
            ],
            [
              188242.17569999956,
              659180.2927999999
            ],
            [
              188260.03509999998,
              659192.1991000008
            ],
            [
              188271.54449999984,
              659199.7397000007
            ],
            [
              188279.8788999999,
              659214.4241000004
            ],
            [
              188287.41949999984,
              659226.7272999994
            ],
            [
              188300.11959999986,
              659242.2053999994
            ],
            [
              188305.67580000032,
              659253.318
            ],
            [
              188308.05709999986,
              659264.0336000007
            ],
            [
              188309.64460000023,
              659271.9711000007
            ],
            [
              188306.46960000042,
              659284.2742999997
            ],
            [
              188305.67580000032,
              659292.2117999997
            ],
            [
              188306.86649999954,
              659296.9743000008
            ],
            [
              188317.97900000028,
              659299.7523999996
            ],
            [
              188323.1383999996,
              659298.5617999993
            ],
            [
              188323.5351999998,
              659289.4337000009
            ],
            [
              188327.50399999972,
              659271.5742000006
            ],
            [
              188338.61649999954,
              659208.0741000008
            ],
            [
              188348.1414999999,
              659144.1771000009
            ],
            [
              188358.46030000038,
              659097.7425999995
            ],
            [
              188348.53839999996,
              659094.9645000007
            ],
            [
              188351.71339999977,
              659091.3925999999
            ],
            [
              188352.90409999993,
              659083.4550999999
            ],
            [
              188353.30090000015,
              659077.1051000003
            ],
            [
              188341.79150000028,
              659071.5488000009
            ],
            [
              188317.58210000023,
              659056.4675999992
            ],
            [
              188218.75999999978,
              659004.8737000003
            ]
          ]
        ]
      }
    },
    {
      "type": "Feature",
      "properties": {
        "שם_רנ": "שורק לכיש",
        "שנה": 1970,
        "שם_תכ": "הסדרת נחל כביר עליון ובנית",
        "פרסו_1": " ",
        "מס_תו": "2/נק",
        "Shape_Length": 1126.1042749863807,
        "Shape_Area": 19323.473570366397,
        "OBJECTID": 384,
        "יל_פר": " ",
        "שם_נח": "כביר",
        "Field": null
      },
      "geometry": {
        "type": "Polygon",
        "coordinates": [
          [
            [
              191581.11569999997,
              651106.2255000006
            ],
            [
              191549.36560000014,
              651117.4703000002
            ],
            [
              191504.3864000002,
              651151.8662
            ],
            [
              191440.88630000036,
              651204.1216000002
            ],
            [
              191394.58409999963,
              651236.5330999997
            ],
            [
              191366.14130000025,
              651260.3455999997
            ],
            [
              191326.45370000042,
              651293.4186000004
            ],
            [
              191288.75050000008,
              651348.9812000003
            ],
            [
              191204.0837000003,
              651472.0127000008
            ],
            [
              191206.72950000037,
              651480.6117000002
            ],
            [
              191224.58889999986,
              651494.5022999998
            ],
            [
              191237.15670000017,
              651490.5336000007
            ],
            [
              191260.3077999996,
              651464.0752000008
            ],
            [
              191280.81300000008,
              651423.7261999995
            ],
            [
              191301.97970000003,
              651392.6375999991
            ],
            [
              191337.0371000003,
              651345.6739000008
            ],
            [
              191395.90699999966,
              651280.1894000005
            ],
            [
              191404.50600000005,
              651262.3300000001
            ],
            [
              191444.85500000045,
              651233.2258000001
            ],
            [
              191452.13109999988,
              651233.2258000001
            ],
            [
              191481.89680000022,
              651218.6736999992
            ],
            [
              191503.7248999998,
              651200.8143000007
            ],
            [
              191546.71980000008,
              651170.3870999999
            ],
            [
              191579.13129999954,
              651147.8975000009
            ],
            [
              191595.66779999994,
              651125.4079
            ],
            [
              191581.11569999997,
              651106.2255000006
            ]
          ]
        ]
      }
    },
    {
      "type": "Feature",
      "properties": {
        "שם_רנ": "שורק לכיש",
        "שנה": 1970,
        "שם_תכ": "הסדרת נחל כביר תחתון ובנית",
        "פרסו_1": " ",
        "מס_תו": "2/נק",
        "Shape_Length": 1472.476062474401,
        "Shape_Area": 34906.515566925285,
        "OBJECTID": 385,
        "יל_פר": " ",
        "שם_נח": "כביר",
        "Field": null
      },
      "geometry": {
        "type": "Polygon",
        "coordinates": [
          [
            [
              190242.25850000046,
              654316.1395999994
            ],
            [
              190257.3398000002,
              654339.1583999991
            ],
            [
              190267.65859999973,
              654356.6209999993
            ],
            [
              190270.83359999955,
              654382.8147999998
            ],
            [
              190269.2461000001,
              654408.2148000002
            ],
            [
              190252.5773,
              654436.7898999993
            ],
            [
              190239.08349999972,
              654453.4586999994
            ],
            [
              190209.71470000036,
              654464.5712000001
            ],
            [
              190185.90220000036,
              654464.5712000001
            ],
            [
              190150.18340000045,
              654474.0962000005
            ],
            [
              190117.63949999958,
              654487.5899999999
            ],
            [
              190086.68319999985,
              654505.0525000002
            ],
            [
              190050.17069999967,
              654531.2463000007
            ],
            [
              190020.0081000002,
              654551.8838999998
            ],
            [
              189980.32050000038,
              654567.7588999998
            ],
            [
              189946.983,
              654578.8714000005
            ],
            [
              189939.04540000018,
              654575.6963999998
            ],
            [
              189911.26410000026,
              654581.2526999991
            ],
            [
              189881.89529999997,
              654591.5713999998
            ],
            [
              189856.4952999996,
              654606.6526999995
            ],
            [
              189835.06400000025,
              654632.8465
            ],
            [
              189820.77639999986,
              654662.2152999993
            ],
            [
              189817.60140000004,
              654691.5841000006
            ],
            [
              189816.80769999977,
              654712.2216999996
            ],
            [
              189875.54530000035,
              654698.7279000003
            ],
            [
              189873.95779999997,
              654691.5841000006
            ],
            [
              189881.1015999997,
              654667.7716000006
            ],
            [
              189888.2452999996,
              654653.4840999991
            ],
            [
              189903.32660000026,
              654646.3402999993
            ],
            [
              189926.3454,
              654632.0527999997
            ],
            [
              189967.6205000002,
              654628.8778000008
            ],
            [
              190013.65809999965,
              654610.6215000004
            ],
            [
              190059.69570000004,
              654584.4276999999
            ],
            [
              190094.62069999985,
              654564.5839000009
            ],
            [
              190127.16459999979,
              654541.5650999993
            ],
            [
              190152.56460000016,
              654527.2775999997
            ],
            [
              190192.2522,
              654514.5775000006
            ],
            [
              190221.62100000028,
              654512.1963
            ],
            [
              190252.5773,
              654503.4649999999
            ],
            [
              190285.1211000001,
              654482.8275000006
            ],
            [
              190306.5524000004,
              654449.4899000004
            ],
            [
              190320.83990000002,
              654419.3272999991
            ],
            [
              190320.04619999975,
              654393.1335000005
            ],
            [
              190316.87119999994,
              654355.0335000008
            ],
            [
              190296.23359999992,
              654337.5709000006
            ],
            [
              190275.59609999973,
              654308.2020999994
            ],
            [
              190242.25850000046,
              654316.1395999994
            ]
          ]
        ]
      }
    },
    {
      "type": "Feature",
      "properties": {
        "שם_רנ": "ירקון",
        "שנה": 2019,
        "שם_תכ": "נחל שפירים",
        "פרסו_1": "28.08.2019",
        "מס_תו": "5-10677",
        "Shape_Length": 4488.819016672037,
        "Shape_Area": 81924.58575433525,
        "OBJECTID": 452,
        "יל_פר": "8412",
        "שם_נח": "שפירים",
        "Field": null
      },
      "geometry": {
        "type": "Polygon",
        "coordinates": [
          [
            [
              184059.35890000034,
              658696.4309
            ],
            [
              184070.0719999997,
              658692.7745999992
            ],
            [
              184080.06909999996,
              658693.2913000006
            ],
            [
              184087.96839999966,
              658693.7905000001
            ],
            [
              184092.44400000013,
              658694.5223999992
            ],
            [
              184100.80360000022,
              658695.8893999998
            ],
            [
              184106.11340000015,
              658696.7577
            ],
            [
              184107.1651999997,
              658696.7870000005
            ],
            [
              184111.45770000014,
              658696.9066000003
            ],
            [
              184117.3548999997,
              658697.0710000005
            ],
            [
              184122.1191999996,
              658697.2038000003
            ],
            [
              184127.7433000002,
              658697.3605000004
            ],
            [
              184131.3049999997,
              658697.2601999994
            ],
            [
              184136.0842000004,
              658697.1254999992
            ],
            [
              184139.18310000002,
              658697.0382000003
            ],
            [
              184143.1091,
              658696.9276
            ],
            [
              184149.65369999968,
              658696.7432000004
            ],
            [
              184152.35890000034,
              658696.3060999997
            ],
            [
              184154.91370000038,
              658695.8934000004
            ],
            [
              184158.78369999956,
              658695.2682000007
            ],
            [
              184168.26429999992,
              658693.7365000006
            ],
            [
              184174.66830000002,
              658692.7019999996
            ],
            [
              184184.21559999976,
              658691.1594999991
            ],
            [
              184189.5957000004,
              658690.2420000006
            ],
            [
              184196.9151999997,
              658688.5750999991
            ],
            [
              184202.4154000003,
              658687.3224999998
            ],
            [
              184217.04389999993,
              658683.8753999993
            ],
            [
              184225.1316999998,
              658681.8313999996
            ],
            [
              184237.8831000002,
              658678.4586999994
            ],
            [
              184243.55570000038,
              658676.8160999995
            ],
            [
              184250.0603,
              658674.9154000003
            ],
            [
              184253.99600000028,
              658673.8359999992
            ],
            [
              184257.35109999962,
              658672.9953000005
            ],
            [
              184266.9746000003,
              658670.8734000009
            ],
            [
              184274.9927000003,
              658669.0698000006
            ],
            [
              184280.93570000026,
              658667.4776000008
            ],
            [
              184286.77180000022,
              658665.9140000008
            ],
            [
              184291.2951999996,
              658664.7020999994
            ],
            [
              184296.6353000002,
              658665.3430000003
            ],
            [
              184301.2167999996,
              658665.8927999996
            ],
            [
              184310.6065999996,
              658667.0196000002
            ],
            [
              184318.39749999996,
              658667.9546000008
            ],
            [
              184329.6431,
              658669.3041999992
            ],
            [
              184334.17459999956,
              658669.8479999993
            ],
            [
              184339.8864000002,
              658669.5470000003
            ],
            [
              184347.16139999963,
              658669.1636999995
            ],
            [
              184353.32550000027,
              658668.8388999999
            ],
            [
              184355.19010000024,
              658668.7407000009
            ],
            [
              184357.95689999964,
              658668.1905000005
            ],
            [
              184364.11500000022,
              658666.966
            ],
            [
              184367.63929999992,
              658666.2652000003
            ],
            [
              184374.04530000035,
              658664.9913999997
            ],
            [
              184379.48900000006,
              658663.9089000002
            ],
            [
              184382.3958999999,
              658662.6483999994
            ],
            [
              184385.3490000004,
              658661.3679000009
            ],
            [
              184388.69550000038,
              658659.9167
            ],
            [
              184391.35450000037,
              658658.4932000004
            ],
            [
              184393.5530000003,
              658657.1535999998
            ],
            [
              184395.1621000003,
              658656.1731000002
            ],
            [
              184396.4983000001,
              658655.3588999994
            ],
            [
              184398.81300000008,
              658653.9484999999
            ],
            [
              184399.27159999963,
              658647.4673999995
            ],
            [
              184402.57180000003,
              658645.8825000003
            ],
            [
              184414.24569999985,
              658640.2857000008
            ],
            [
              184420.28589999955,
              658637.3886999991
            ],
            [
              184426.90020000003,
              658634.2164999992
            ],
            [
              184429.67260000017,
              658631.5432999991
            ],
            [
              184435.28110000025,
              658626.1355000008
            ],
            [
              184441.14240000024,
              658620.4839999992
            ],
            [
              184447.2527999999,
              658614.5922999997
            ],
            [
              184452.47360000014,
              658609.5604999997
            ],
            [
              184459.99349999987,
              658602.3356999997
            ],
            [
              184465.7982999999,
              658596.7587000001
            ],
            [
              184471.88929999992,
              658590.9066000003
            ],
            [
              184477.7581000002,
              658585.2678999994
            ],
            [
              184485.38100000005,
              658577.9438000005
            ],
            [
              184490.88150000013,
              658572.6589000002
            ],
            [
              184493.91700000037,
              658569.7423999999
            ],
            [
              184502.67109999992,
              658561.4165000003
            ],
            [
              184519.08530000038,
              658551.7302000001
            ],
            [
              184530.65859999973,
              658544.9005999994
            ],
            [
              184540.99459999986,
              658538.8011000007
            ],
            [
              184548.16949999984,
              658534.5979999993
            ],
            [
              184562.4408999998,
              658526.7692000009
            ],
            [
              184571.06560000032,
              658522.0381000005
            ],
            [
              184578.36000000034,
              658518.0366999991
            ],
            [
              184587.20949999988,
              658513.1822999995
            ],
            [
              184595.81049999967,
              658508.4104999993
            ],
            [
              184617.46320000011,
              658501.307
            ],
            [
              184627.14800000004,
              658498.1139000002
            ],
            [
              184638.6660000002,
              658494.6147000007
            ],
            [
              184647.5686999997,
              658492.0726999994
            ],
            [
              184655.60199999996,
              658489.7787999995
            ],
            [
              184667.46999999974,
              658486.3900000006
            ],
            [
              184668.8311999999,
              658485.7598000001
            ],
            [
              184677.9978,
              658481.9603000004
            ],
            [
              184680.52740000002,
              658480.9113999996
            ],
            [
              184687.97690000013,
              658477.8224999998
            ],
            [
              184691.65859999973,
              658475.3144000005
            ],
            [
              184696.9413999999,
              658471.7153999992
            ],
            [
              184701.8509999998,
              658468.3706999999
            ],
            [
              184705.9570000004,
              658465.5734000001
            ],
            [
              184709.7134999996,
              658463.0142999999
            ],
            [
              184714.79480000027,
              658459.5094000008
            ],
            [
              184719.4961000001,
              658456.2667999994
            ],
            [
              184725.15280000027,
              658452.3650000002
            ],
            [
              184728.4539999999,
              658450.0879999995
            ],
            [
              184731.1350999996,
              658448.2387000006
            ],
            [
              184734.65440000035,
              658445.6889999993
            ],
            [
              184738.54629999958,
              658442.7686000001
            ],
            [
              184742.8021999998,
              658439.5750999991
            ],
            [
              184747.18290000036,
              658436.2880000006
            ],
            [
              184750.52249999996,
              658433.7820999995
            ],
            [
              184753.93840000033,
              658431.1854999997
            ],
            [
              184754.1523000002,
              658430.8958
            ],
            [
              184758.92569999956,
              658425.5720000006
            ],
            [
              184762.24390000012,
              658421.8369999994
            ],
            [
              184765.77290000021,
              658417.8650000002
            ],
            [
              184767.76939999964,
              658413.6699999999
            ],
            [
              184772.4475999996,
              658403.8402999993
            ],
            [
              184775.68989999965,
              658397.0277999993
            ],
            [
              184780.37990000006,
              658387.1735999994
            ],
            [
              184781.20309999958,
              658383.3958
            ],
            [
              184782.66959999967,
              658376.6657999996
            ],
            [
              184784.6272,
              658367.682
            ],
            [
              184785.04050000012,
              658364.2422000002
            ],
            [
              184785.90359999985,
              658357.0604999997
            ],
            [
              184786.9785000002,
              658348.1155999992
            ],
            [
              184790.33349999972,
              658338.7138
            ],
            [
              184794.10869999975,
              658328.1345000006
            ],
            [
              184793.82770000026,
              658319.8765999991
            ],
            [
              184793.36679999996,
              658306.3333
            ],
            [
              184791.8339999998,
              658299.1063000001
            ],
            [
              184790.73309999984,
              658293.9157999996
            ],
            [
              184787.77610000037,
              658279.9738999996
            ],
            [
              184784.69159999955,
              658265.4307000004
            ],
            [
              184783.73170000035,
              658260.9048999995
            ],
            [
              184782.18599999975,
              658253.6169000007
            ],
            [
              184780.02699999977,
              658243.4374000002
            ],
            [
              184778.66640000045,
              658237.0222999994
            ],
            [
              184776.86679999996,
              658228.5373999998
            ],
            [
              184775.6679999996,
              658222.8474000003
            ],
            [
              184774.733,
              658218.4768000003
            ],
            [
              184774.43780000042,
              658217.0852000006
            ],
            [
              184773.38889999967,
              658212.1393999998
            ],
            [
              184771.60309999995,
              658203.7196999993
            ],
            [
              184770.2633999996,
              658197.4033000004
            ],
            [
              184769.3194000004,
              658192.9522999991
            ],
            [
              184768.7603000002,
              658190.3161999993
            ],
            [
              184766.78500000015,
              658184.1002999991
            ],
            [
              184764.8847000003,
              658178.1205000002
            ],
            [
              184763.72559999954,
              658174.4732000008
            ],
            [
              184763.20859999955,
              658172.1405999996
            ],
            [
              184761.56819999963,
              658164.7402999997
            ],
            [
              184760.86170000024,
              658161.5532000009
            ],
            [
              184759.92619999964,
              658157.3328000009
            ],
            [
              184758.3339999998,
              658150.1830000002
            ],
            [
              184757.85580000002,
              658147.2041999996
            ],
            [
              184756.74299999978,
              658140.1682999991
            ],
            [
              184755.58609999996,
              658132.8538000006
            ],
            [
              184754.45799999963,
              658125.7211000007
            ],
            [
              184752.83999999985,
              658115.4907000009
            ],
            [
              184751.98139999993,
              658109.8721999992
            ],
            [
              184751.17540000007,
              658102.7629000004
            ],
            [
              184749.76559999958,
              658090.3259999994
            ],
            [
              184749.11309999973,
              658084.5702999998
            ],
            [
              184748.51279999968,
              658079.2753999997
            ],
            [
              184747.6118999999,
              658069.0123999994
            ],
            [
              184746.95040000044,
              658061.3869000003
            ],
            [
              184746.12040000036,
              658051.8203999996
            ],
            [
              184745.3722000001,
              658043.1959000006
            ],
            [
              184744.79870000016,
              658036.5852000006
            ],
            [
              184744.41330000013,
              658032.1433000006
            ],
            [
              184744.54779999983,
              658029.0955999997
            ],
            [
              184745.12370000035,
              658016.0454999991
            ],
            [
              184745.44319999963,
              658008.8069000002
            ],
            [
              184747.18350000028,
              657998.9221000001
            ],
            [
              184748.16789999977,
              657993.3313999996
            ],
            [
              184749.26389999967,
              657987.1063999999
            ],
            [
              184751.25700000022,
              657982.3308000006
            ],
            [
              184754.41119999997,
              657974.7730999999
            ],
            [
              184756.37870000023,
              657970.0588000007
            ],
            [
              184757.79559999984,
              657966.6638999991
            ],
            [
              184758.5206000004,
              657964.9265999999
            ],
            [
              184761.07820000034,
              657958.7985999994
            ],
            [
              184764.7614000002,
              657951.7607000005
            ],
            [
              184767.48510000017,
              657946.5918000005
            ],
            [
              184770.46019999962,
              657940.9459000006
            ],
            [
              184773.57820000034,
              657935.0288999993
            ],
            [
              184778.19770000037,
              657926.2623999994
            ],
            [
              184781.56300000008,
              657919.8760000002
            ],
            [
              184782.1634999998,
              657918.2184999995
            ],
            [
              184784.9930999996,
              657910.4079999998
            ],
            [
              184786.2569000004,
              657906.9196000006
            ],
            [
              184788.85369999986,
              657899.7519000005
            ],
            [
              184790.73529999983,
              657894.5580000002
            ],
            [
              184792.08729999978,
              657889.6977999993
            ],
            [
              184793.66679999977,
              657884.0198999997
            ],
            [
              184796.89690000005,
              657872.4081999995
            ],
            [
              184797.7918999996,
              657869.1909999996
            ],
            [
              184798.13580000028,
              657867.2564000003
            ],
            [
              184801.2907999996,
              657849.5079999994
            ],
            [
              184803.55379999988,
              657836.7774
            ],
            [
              184805.23330000043,
              657827.3290999997
            ],
            [
              184806.70569999982,
              657819.0461999997
            ],
            [
              184808.18620000035,
              657811.8870000001
            ],
            [
              184812.59339999966,
              657794.1786000002
            ],
            [
              184815.92150000017,
              657780.8059
            ],
            [
              184817.8509999998,
              657773.0529999994
            ],
            [
              184820.32870000042,
              657763.0975000001
            ],
            [
              184823.43680000026,
              657750.6086999997
            ],
            [
              184825.608,
              657741.8848000001
            ],
            [
              184827.43759999983,
              657736.9198000003
            ],
            [
              184833.17459999956,
              657721.3515000008
            ],
            [
              184838.6579,
              657706.4715
            ],
            [
              184841.66999999993,
              657702.3329000007
            ],
            [
              184846.8839999996,
              657695.1688000001
            ],
            [
              184854.57749999966,
              657684.5979999993
            ],
            [
              184857.98759999964,
              657679.9125999995
            ],
            [
              184863.55989999976,
              657672.2561000008
            ],
            [
              184866.97020000033,
              657668.7577
            ],
            [
              184871.69790000003,
              657663.9078000002
            ],
            [
              184881.19350000005,
              657654.1667999998
            ],
            [
              184892.3859000001,
              657642.6850000005
            ],
            [
              184899.42540000007,
              657635.4635000005
            ],
            [
              184902.29789999966,
              657632.5167999994
            ],
            [
              184906.07270000037,
              657628.3775999993
            ],
            [
              184910.46719999984,
              657623.3920000009
            ],
            [
              184915.50320000015,
              657617.6786000002
            ],
            [
              184920.31269999966,
              657612.2221000008
            ],
            [
              184923.53729999997,
              657609.4934999999
            ],
            [
              184928.82129999995,
              657605.0220999997
            ],
            [
              184932.62799999956,
              657601.8008999992
            ],
            [
              184934.14240000024,
              657600.5194000006
            ],
            [
              184938.32019999996,
              657596.9840999991
            ],
            [
              184937.05570000038,
              657595.6674000006
            ],
            [
              184932.4512,
              657590.8725000005
            ],
            [
              184927.59889999963,
              657585.8194999993
            ],
            [
              184926.01879999973,
              657584.1741000004
            ],
            [
              184918.2949000001,
              657576.1307999995
            ],
            [
              184912.41089999955,
              657570.0034999996
            ],
            [
              184905.18979999982,
              657562.4838999994
            ],
            [
              184891.01470000017,
              657576.2744999994
            ],
            [
              184886.6651999997,
              657580.5059999991
            ],
            [
              184883.25789999962,
              657591.6141999997
            ],
            [
              184883.00030000042,
              657594.0599000007
            ],
            [
              184872.39499999955,
              657606.0341999996
            ],
            [
              184863.84159999993,
              657615.6919
            ],
            [
              184857.91000000015,
              657622.3892000001
            ],
            [
              184846.0722000003,
              657625.6713999994
            ],
            [
              184834.92129999958,
              657639.3016999997
            ],
            [
              184832.09520000033,
              657645.6517999992
            ],
            [
              184825.91999999993,
              657659.5272000004
            ],
            [
              184822.20880000014,
              657660.3731999993
            ],
            [
              184814.0133999996,
              657665.7223000005
            ],
            [
              184810.0767000001,
              657673.2501999997
            ],
            [
              184804.94400000013,
              657683.0651999991
            ],
            [
              184798.89010000043,
              657694.6707000006
            ],
            [
              184794.25430000015,
              657703.6141999997
            ],
            [
              184791.29729999974,
              657713.9980999995
            ],
            [
              184791.5214999998,
              657720.648
            ],
            [
              184786.43869999982,
              657732.8998000007
            ],
            [
              184785.21140000038,
              657738.9069999997
            ],
            [
              184783.77780000027,
              657745.9233999997
            ],
            [
              184782.46270000003,
              657752.3597999997
            ],
            [
              184779.95069999993,
              657764.6542000007
            ],
            [
              184777.64639999997,
              657771.4100000001
            ],
            [
              184776.5036000004,
              657779.7346999999
            ],
            [
              184774.8819000004,
              657791.5479000006
            ],
            [
              184773.6361999996,
              657798.7979000006
            ],
            [
              184771.23039999977,
              657811.8682000004
            ],
            [
              184769.58150000032,
              657820.0339000002
            ],
            [
              184766.90259999968,
              657829.8256000001
            ],
            [
              184766.5429999996,
              657832.3416000009
            ],
            [
              184765.38480000012,
              657840.4448000006
            ],
            [
              184762.9698999999,
              657848.3326999992
            ],
            [
              184758.47539999988,
              657863.0134999994
            ],
            [
              184757.18039999995,
              657868.9916999992
            ],
            [
              184755.27359999996,
              657877.7948000003
            ],
            [
              184753.5859000003,
              657883.8484000005
            ],
            [
              184749.75879999995,
              657897.5765000004
            ],
            [
              184747.35780000035,
              657903.8375000004
            ],
            [
              184744.66889999993,
              657910.8491999991
            ],
            [
              184741.71449999977,
              657915.7624999993
            ],
            [
              184735.1738,
              657926.6403000001
            ],
            [
              184730.98479999974,
              657936.5067999996
            ],
            [
              184725.2418999998,
              657950.0331999995
            ],
            [
              184724.18929999974,
              657952.1623
            ],
            [
              184720.8069000002,
              657959.0036999993
            ],
            [
              184712.16959999967,
              657976.4744000006
            ],
            [
              184712.90610000025,
              657979.8068000004
            ],
            [
              184706.02379999962,
              658009.1688999999
            ],
            [
              184706.27570000011,
              658017.3447999991
            ],
            [
              184706.64800000004,
              658029.4228000008
            ],
            [
              184706.9645999996,
              658039.6972000003
            ],
            [
              184707.9879999999,
              658041.0348000005
            ],
            [
              184708.6498999996,
              658047.0524000004
            ],
            [
              184709.3576999996,
              658053.4876000006
            ],
            [
              184710.31060000043,
              658062.1521000005
            ],
            [
              184711.5329,
              658073.2655999996
            ],
            [
              184711.76300000027,
              658081.3940999992
            ],
            [
              184712.12229999993,
              658094.0919000003
            ],
            [
              184712.70100000035,
              658100.9539999999
            ],
            [
              184713.80759999994,
              658114.0753000006
            ],
            [
              184714.43450000044,
              658118.6961000003
            ],
            [
              184718.32120000012,
              658136.2149999999
            ],
            [
              184720.8532999996,
              658151.9784999993
            ],
            [
              184721.88680000044,
              658160.9483000003
            ],
            [
              184723.9051000001,
              658168.1294
            ],
            [
              184727.3015999999,
              658181.9626000002
            ],
            [
              184730.3649000004,
              658199.6570999995
            ],
            [
              184731.4500000002,
              658203.8836000003
            ],
            [
              184736.5747999996,
              658220.8278999999
            ],
            [
              184738.02109999955,
              658226.0870999992
            ],
            [
              184740.2357999999,
              658236.9234999996
            ],
            [
              184741.14940000046,
              658240.4098000005
            ],
            [
              184744.03550000023,
              658247.5675000008
            ],
            [
              184746.74590000045,
              658260.1085999999
            ],
            [
              184750.57070000004,
              658279.9348000009
            ],
            [
              184750.19099999964,
              658289.5744000003
            ],
            [
              184751.02099999972,
              658294.7268000003
            ],
            [
              184752.73620000016,
              658305.3748000003
            ],
            [
              184753.51999999955,
              658313.7699999996
            ],
            [
              184753.86209999956,
              658327.7917
            ],
            [
              184754.00189999957,
              658337.7292999998
            ],
            [
              184750.3799999999,
              658343.5099999998
            ],
            [
              184749.74060000014,
              658349.1206
            ],
            [
              184748.66530000046,
              658355.5164999999
            ],
            [
              184747.78029999975,
              658361.7407000009
            ],
            [
              184746.51999999955,
              658368.6799999997
            ],
            [
              184744.46030000038,
              658375.7831999995
            ],
            [
              184743.39350000024,
              658379.5909000002
            ],
            [
              184742.53000000026,
              658382.25
            ],
            [
              184739.79989999998,
              658387.3451000005
            ],
            [
              184737.6841000002,
              658391.1556000002
            ],
            [
              184735.59250000026,
              658394.9857999999
            ],
            [
              184733.64499999955,
              658398.5610000007
            ],
            [
              184731.40000000037,
              658402.3900000006
            ],
            [
              184728.02699999977,
              658407.5878999997
            ],
            [
              184725.28619999997,
              658411.5203000009
            ],
            [
              184722.8799999999,
              658414.9800000004
            ],
            [
              184718.41280000005,
              658419.2094
            ],
            [
              184715.9693,
              658421.9428000003
            ],
            [
              184709.1640999997,
              658426.3258999996
            ],
            [
              184704.6701999996,
              658428.5263999999
            ],
            [
              184700.06400000025,
              658432.1689999998
            ],
            [
              184697.59999999963,
              658433.6099999994
            ],
            [
              184694.91170000006,
              658434.8845000006
            ],
            [
              184686.18989999965,
              658439.0292000007
            ],
            [
              184671.20999999996,
              658445.8929999992
            ],
            [
              184661.03280000016,
              658449.5409999993
            ],
            [
              184652.58150000032,
              658452.8870999999
            ],
            [
              184641.2581000002,
              658457.3552999999
            ],
            [
              184634.89209999982,
              658459.8158
            ],
            [
              184630.32749999966,
              658461.3627000004
            ],
            [
              184618.5521999998,
              658465.3529000003
            ],
            [
              184609.7720999997,
              658468.3281999994
            ],
            [
              184607.0404000003,
              658469.3390999995
            ],
            [
              184604.51860000007,
              658470.3611999992
            ],
            [
              184602.2229000004,
              658471.2917
            ],
            [
              184585.95830000006,
              658477.8838
            ],
            [
              184576.43240000028,
              658481.6964999996
            ],
            [
              184571.3300999999,
              658483.6491
            ],
            [
              184557.62920000032,
              658488.8923000004
            ],
            [
              184544.35230000038,
              658498.3044000007
            ],
            [
              184539.9327999996,
              658500.6271000002
            ],
            [
              184528.06929999962,
              658506.8620999996
            ],
            [
              184521.86780000012,
              658510.1214000005
            ],
            [
              184515.53450000007,
              658513.4813999999
            ],
            [
              184504.21389999986,
              658519.4875000007
            ],
            [
              184495.55480000004,
              658525.0688000005
            ],
            [
              184480.21250000037,
              658532.6945999991
            ],
            [
              184473.93589999992,
              658537.8079000004
            ],
            [
              184466.07519999985,
              658544.5746999998
            ],
            [
              184460.2723000003,
              658553.1099999994
            ],
            [
              184458.3526999997,
              658557.4505000003
            ],
            [
              184453.30310000014,
              658562.6611000001
            ],
            [
              184441.9978,
              658574.9104999993
            ],
            [
              184437.6623999998,
              658579.2542000003
            ],
            [
              184427.4578999998,
              658589.1392000001
            ],
            [
              184420.47429999989,
              658594.7334000003
            ],
            [
              184409.78019999992,
              658603.2999000009
            ],
            [
              184398.9241000004,
              658611.9945
            ],
            [
              184391.79499999993,
              658617.7014000006
            ],
            [
              184388.64659999963,
              658620.0645000003
            ],
            [
              184377.2117999997,
              658627.4077000003
            ],
            [
              184367.87370000035,
              658630.4883999992
            ],
            [
              184356.7050999999,
              658632.6349
            ],
            [
              184341.12100000028,
              658632.1800999995
            ],
            [
              184330.80680000037,
              658632.4478999991
            ],
            [
              184315.6458999999,
              658630.9696999993
            ],
            [
              184288.60730000027,
              658628.3334999997
            ],
            [
              184276.6606999999,
              658628.8611999992
            ],
            [
              184263.44230000023,
              658632.0799000002
            ],
            [
              184258.267,
              658633.5449999999
            ],
            [
              184243.9731999999,
              658637.5990999993
            ],
            [
              184229.85589999985,
              658641.5545000006
            ],
            [
              184214.8099999996,
              658645.6300000008
            ],
            [
              184212.2708999999,
              658646.182
            ],
            [
              184199.24959999975,
              658648.7103000004
            ],
            [
              184189.84779999964,
              658650.5359000005
            ],
            [
              184179.1699000001,
              658653.1160000004
            ],
            [
              184154.79140000045,
              658657.3757000007
            ],
            [
              184142.46879999992,
              658657.5625
            ],
            [
              184137.54839999974,
              658657.4734000005
            ],
            [
              184134.0580000002,
              658657.4102999996
            ],
            [
              184131.92700000014,
              658657.2729000002
            ],
            [
              184128.68560000043,
              658657.0962000005
            ],
            [
              184125.49590000045,
              658656.8661000002
            ],
            [
              184120.21320000011,
              658656.3950999994
            ],
            [
              184115.82299999986,
              658656.0035999995
            ],
            [
              184112.9927000003,
              658655.7512999997
            ],
            [
              184110.72009999957,
              658655.6402000003
            ],
            [
              184108.02219999954,
              658655.6579999998
            ],
            [
              184097.75540000014,
              658655.7256000005
            ],
            [
              184095.0566999996,
              658655.7433000002
            ],
            [
              184093.29690000042,
              658655.75
            ],
            [
              184090.0248999996,
              658655.6467000004
            ],
            [
              184086.74069999997,
              658655.5429999996
            ],
            [
              184083.30449999962,
              658655.4344999995
            ],
            [
              184080.55730000045,
              658655.3476999998
            ],
            [
              184076.86209999956,
              658655.2720999997
            ],
            [
              184074.4974999996,
              658655.3408000004
            ],
            [
              184071.56199999992,
              658655.6265999991
            ],
            [
              184067.9667999996,
              658655.9766000006
            ],
            [
              184065.43180000037,
              658656.3063999992
            ],
            [
              184062.71389999986,
              658656.7690999992
            ],
            [
              184058.42190000042,
              658657.4375
            ],
            [
              184054.60749999993,
              658658.3883999996
            ],
            [
              184048.05429999996,
              658659.9068
            ],
            [
              184043.4628999997,
              658660.9137999993
            ],
            [
              184040.70669999998,
              658661.3618000001
            ],
            [
              184031.67590000015,
              658662.8297000006
            ],
            [
              184010.15160000045,
              658668.9538000003
            ],
            [
              183999.9902999997,
              658674.7718000002
            ],
            [
              183991.90189999994,
              658681.6839000005
            ],
            [
              183983.0527999997,
              658689.2459999993
            ],
            [
              183973.49450000003,
              658697.0243999995
            ],
            [
              183967.31740000006,
              658701.9634000007
            ],
            [
              183962.21879999992,
              658706.1875
            ],
            [
              183958.44739999995,
              658710.5943999998
            ],
            [
              183955.13460000046,
              658715.1502999999
            ],
            [
              183946.9353,
              658726.6881000008
            ],
            [
              183941.01570000034,
              658735.3990000002
            ],
            [
              183934.26070000045,
              658745.8936999999
            ],
            [
              183929.5571999997,
              658752.7921999991
            ],
            [
              183923.53500000015,
              658760.9627999999
            ],
            [
              183918.5625,
              658767.8125
            ],
            [
              183915.4375,
              658771.75
            ],
            [
              183910.84559999965,
              658780.4985000007
            ],
            [
              183906.43460000027,
              658788.9024
            ],
            [
              183902.20859999955,
              658796.5658
            ],
            [
              183898.37480000034,
              658802.9452
            ],
            [
              183892.43329999968,
              658812.8317000009
            ],
            [
              183889.8526999997,
              658817.1257000007
            ],
            [
              183887.88719999976,
              658819.8806999996
            ],
            [
              183884.50939999986,
              658824.1657999996
            ],
            [
              183877.3870000001,
              658833.2008999996
            ],
            [
              183871.35539999977,
              658840.6294999998
            ],
            [
              183865.23440000042,
              658846.1875
            ],
            [
              183859.70040000044,
              658849.2542000003
            ],
            [
              183849.11459999997,
              658855.0901999995
            ],
            [
              183828.42190000042,
              658865.6811999995
            ],
            [
              183809.76159999985,
              658872.0848999992
            ],
            [
              183795.47860000003,
              658879.4680000003
            ],
            [
              183782.15649999958,
              658884.1213000007
            ],
            [
              183772.6819000002,
              658889.2073999997
            ],
            [
              183763.45199999958,
              658894.3081
            ],
            [
              183752.48620000016,
              658901.0483999997
            ],
            [
              183740.0873999996,
              658909.2424999997
            ],
            [
              183730.23849999998,
              658915.9013999999
            ],
            [
              183723.94159999955,
              658919.8969
            ],
            [
              183720.37069999985,
              658922.1625999995
            ],
            [
              183715.7796,
              658924.8049999997
            ],
            [
              183711.8649000004,
              658927.5594999995
            ],
            [
              183705.71129999962,
              658931.2979000006
            ],
            [
              183701.35830000043,
              658934.2259999998
            ],
            [
              183698.3652999997,
              658936.0997000001
            ],
            [
              183695.32650000043,
              658938.0532000009
            ],
            [
              183693.1299999999,
              658939.5219
            ],
            [
              183689.9902999997,
              658941.4757000003
            ],
            [
              183687.48620000016,
              658943.0339000002
            ],
            [
              183684.6211000001,
              658944.8458999991
            ],
            [
              183682.9073999999,
              658945.9331999999
            ],
            [
              183680.96059999987,
              658947.0946999993
            ],
            [
              183679.31269999966,
              658948.1202000007
            ],
            [
              183677.4874999998,
              658949.2558999993
            ],
            [
              183675.4132000003,
              658950.9922000002
            ],
            [
              183674.02099999972,
              658952.1575000007
            ],
            [
              183672.85749999993,
              658953.1314000003
            ],
            [
              183670.84159999993,
              658954.8187000006
            ],
            [
              183669.5625,
              658955.6875
            ],
            [
              183667.60699999984,
              658956.6307999995
            ],
            [
              183665.43429999985,
              658957.6788999997
            ],
            [
              183663.77379999962,
              658958.4800000004
            ],
            [
              183661.0384999998,
              658959.7993999999
            ],
            [
              183658.25629999954,
              658961.1063000001
            ],
            [
              183656.1453999998,
              658962.0872000009
            ],
            [
              183653.68400000036,
              658963.2672000006
            ],
            [
              183651.8125,
              658964.25
            ],
            [
              183650.04289999977,
              658965.0867999997
            ],
            [
              183648.22250000015,
              658965.9966000002
            ],
            [
              183646.91000000015,
              658966.6524999999
            ],
            [
              183645.1442999998,
              658967.4625000004
            ],
            [
              183643.3228000002,
              658968.4452
            ],
            [
              183654.10120000038,
              658986.0416000001
            ],
            [
              183662.28149999958,
              658999.5990999993
            ],
            [
              183665.86500000022,
              659005.3660000004
            ],
            [
              183669.89080000017,
              658999.7188000008
            ],
            [
              183674.52130000014,
              658996.3069000002
            ],
            [
              183679.41720000003,
              658992.8292999994
            ],
            [
              183691.7307000002,
              658983.9317000005
            ],
            [
              183696.06429999974,
              658980.7902000006
            ],
            [
              183697.88549999986,
              658979.6458999999
            ],
            [
              183702.66220000014,
              658976.6154999994
            ],
            [
              183707.78110000025,
              658973.3765999991
            ],
            [
              183710.28390000015,
              658971.7929999996
            ],
            [
              183715.0789999999,
              658968.6649999991
            ],
            [
              183720.78729999997,
              658964.7002000008
            ],
            [
              183728.65539999958,
              658959.2877999991
            ],
            [
              183731.33920000028,
              658957.3683000002
            ],
            [
              183734.97539999988,
              658954.3951999992
            ],
            [
              183740.62100000028,
              658950.0930000003
            ],
            [
              183743.10890000034,
              658947.9185000006
            ],
            [
              183746.18049999978,
              658945.5023999996
            ],
            [
              183749.12200000044,
              658943.4340000004
            ],
            [
              183750.81329999957,
              658942.4064000007
            ],
            [
              183755.00019999966,
              658939.6083000004
            ],
            [
              183762.13100000005,
              658934.8429000005
            ],
            [
              183772.03029999975,
              658928.2272999994
            ],
            [
              183782.32600000035,
              658921.3468999993
            ],
            [
              183791.56759999972,
              658915.1709000003
            ],
            [
              183796.0968000004,
              658913.9659000002
            ],
            [
              183802.81680000015,
              658912.1782000009
            ],
            [
              183812.63829999976,
              658909.5653000008
            ],
            [
              183822.31109999958,
              658908.7390000001
            ],
            [
              183830.84659999982,
              658908.0099
            ],
            [
              183840.2167999996,
              658905.3406000007
            ],
            [
              183849.81300000008,
              658902.5895000007
            ],
            [
              183854.07010000013,
              658901.2325999998
            ],
            [
              183866.28729999997,
              658897.3385000005
            ],
            [
              183880.78780000005,
              658892.7166000009
            ],
            [
              183887.26989999972,
              658886.7519000005
            ],
            [
              183899.66930000018,
              658875.3421
            ],
            [
              183900.46899999958,
              658870.2967000008
            ],
            [
              183902.35230000038,
              658858.4141000006
            ],
            [
              183905.1797000002,
              658855.1313000005
            ],
            [
              183909.30879999977,
              658850.3368999995
            ],
            [
              183912.7714999998,
              658846.3164000008
            ],
            [
              183915.47530000005,
              658843.1769999992
            ],
            [
              183918.21320000011,
              658839.3497000001
            ],
            [
              183920.88850000035,
              658835.6098999996
            ],
            [
              183924.01790000033,
              658831.2353000008
            ],
            [
              183926.5859000003,
              658827.6455000006
            ],
            [
              183928.29729999974,
              658825.2531000003
            ],
            [
              183928.99959999975,
              658824.1065999996
            ],
            [
              183932.01580000017,
              658819.1827000007
            ],
            [
              183937.19830000028,
              658810.7225000001
            ],
            [
              183942.42980000004,
              658802.7761000004
            ],
            [
              183948.3370000003,
              658793.6394999996
            ],
            [
              183952.2302000001,
              658787.6688000001
            ],
            [
              183952.73739999998,
              658786.7068000007
            ],
            [
              183954.71829999983,
              658783.3209000006
            ],
            [
              183958.0301000001,
              658777.4579000007
            ],
            [
              183958.74280000012,
              658776.3892000001
            ],
            [
              183960.4528000001,
              658773.8250999991
            ],
            [
              183968.29559999984,
              658762.0650999993
            ],
            [
              183974.3367999997,
              658753.0066
            ],
            [
              183979.83330000006,
              658744.7646999992
            ],
            [
              183983.2235000003,
              658739.8195999991
            ],
            [
              183983.75719999988,
              658739.2742999997
            ],
            [
              183985.49289999995,
              658737.5011
            ],
            [
              183993.93589999992,
              658728.8754999992
            ],
            [
              183995.56109999958,
              658727.8870000001
            ],
            [
              184001.88910000026,
              658724.0380000006
            ],
            [
              184007.91700000037,
              658720.3716000002
            ],
            [
              184012.83249999955,
              658717.3818999995
            ],
            [
              184026.0549999997,
              658709.3859999999
            ],
            [
              184038.7120000003,
              658703.3453000002
            ],
            [
              184041.87679999974,
              658702.3975000009
            ],
            [
              184052.0345999999,
              658698.9307000004
            ],
            [
              184059.35890000034,
              658696.4309
            ]
          ]
        ]
      }
    }
  ]
}