{
  "type": "FeatureCollection",
  "name": "road_compilation_roads",
  "description": "קומפילציית דרכים – דרכים",
  "crs": {
    "type": "name",
    "properties": {
      "name": "urn:ogc:def:crs:EPSG::2039"
    }
  },
  "features": [
    {
      "type": "Feature",
      "properties": {
        "OBJECTID": 375,
        "Keta": 376,
        "Tochnit_Nu": "תכנית מיתאר ארצית לדרכים מס' ת/מ/א/3",
        "Tochnit_Na": "תמא/ 3",
        "Tochnit_Ty": "תמא",
        "YP_Resu_Nu": " ",
        "YP_Resu_Da": "26/08/1976",
        "Road_No": "לא נמצא",
        "Planed_Tra": 0,
        "Status": "תוכנית מאושרת",
        "Tasrit": "TMA_3.jpg",
        "Scale": "1:250000",
        "Relevance": "2",
        "Digitation": "תשריט מעוגן",
        "Notes": " ",
        "Question_N": " ",
        "TypeRoadtx": "דרך אזורית קיימת",
        "Type_Road": 13,
        "TypeRoad_1": " ",
        "Type_Road1": 0,
        "Shape_Length": 4398.72994220438
      },
      "geometry": {
        "type": "LineString",
        "coordinates": [
          [
            181116.1771999998,
            649226.3398000002
          ],
          [
            181141.11500000022,
            649226.5648999996
          ],
          [
            181179.80339999963,
            649226.9141000006
          ],
          [
            181460.1760999998,
            649229.4450000003
          ],
          [
            181731.2748999996,
            649139.0788000003
          ],
          [
            181991.0778000001,
            649105.1914000008
          ],
          [
            182092.7399000004,
            649093.8956000004
          ],
          [
            182205.69770000037,
            649003.5294000003
          ],
          [
            182341.24710000027,
            648947.0504999999
          ],
          [
            182535.41750000045,
            648925.4759999998
          ],
          [
            182544.57120000012,
            648924.4589000009
          ],
          [
            182595.48249999993,
            648924.4589000009
          ],
          [
            182747.89529999997,
            648924.4589000009
          ],
          [
            182939.92360000033,
            648935.7546999995
          ],
          [
            183131.95189999975,
            648969.6420000009
          ],
          [
            183298.23220000044,
            648969.6420000009
          ],
          [
            183380.45909999963,
            648969.6420000009
          ],
          [
            183640.26209999993,
            648947.0504999999
          ],
          [
            183933.95249999966,
            648890.5714999996
          ],
          [
            184148.57230000012,
            648856.6842
          ],
          [
            184363.1922000004,
            648890.5714999996
          ],
          [
            184409.34520000033,
            648973.6469
          ],
          [
            184419.67109999992,
            648992.2335999999
          ],
          [
            184442.26269999985,
            649116.4871999994
          ],
          [
            184480.74619999994,
            649225.5238000005
          ],
          [
            184510.0373999998,
            649308.5154999997
          ],
          [
            184543.92470000032,
            649489.2479999997
          ],
          [
            184577.81209999975,
            649658.6848000009
          ],
          [
            184577.81209999975,
            649839.4173000008
          ],
          [
            184593.4796000002,
            649929.4173000008
          ]
        ]
      }
    },
    {
      "type": "Feature",
      "properties": {
        "OBJECTID": 376,
        "Keta": 377,
        "Tochnit_Nu": "תכנית מיתאר ארצית לדרכים מס' ת/מ/א/3",
        "Tochnit_Na": "תמא/ 3",
        "Tochnit_Ty": "תמא",
        "YP_Resu_Nu": " ",
        "YP_Resu_Da": "26/08/1976",
        "Road_No": "לא נמצא",
        "Planed_Tra": 0,
        "Status": "תוכנית מאושרת",
        "Tasrit": "TMA_3.jpg",
        "Scale": "1:250000",
        "Relevance": "2",
        "Digitation": "תשריט מעוגן",
        "Notes": " ",
        "Question_N": " ",
        "TypeRoadtx": "דרך ראשית קיימת",
        "Type_Road": 43,
        "TypeRoad_1": " ",
        "Type_Road1": 0,
        "Shape_Length": 4175.831307226314
      },
      "geometry": {
        "type": "LineString",
        "coordinates": [
          [
            184593.4796000002,
            649929.4173000008
          ],
          [
            184782.22190000024,
            649853.9203999992
          ],
          [
            185075.51099999994,
            649646.8926999997
          ],
          [
            185213.52950000018,
            649422.6128000002
          ],
          [
            185299.7910000002,
            649129.3235999998
          ],
          [
            185403.30480000004,
            648749.7729000002
          ],
          [
            185403.30480000004,
            648453.1415999997
          ],
          [
            185403.30480000004,
            648421.9791000001
          ],
          [
            185403.30480000004,
            648416.4849999994
          ],
          [
            185403.30480000004,
            648163.1944999993
          ],
          [
            185558.5756000001,
            647938.9145
          ],
          [
            185815.64279999956,
            647575.9960999992
          ],
          [
            185851.86479999963,
            647524.8592000008
          ],
          [
            186029.70849999972,
            647264.0217000004
          ],
          [
            186110.6492999997,
            647145.3084999993
          ],
          [
            186455.69539999962,
            646869.2716000006
          ],
          [
            186674.0878999997,
            646711.5438000001
          ],
          [
            186675.4319000002,
            646710.5731000006
          ],
          [
            186766.2368999999,
            646644.9916999992
          ]
        ]
      }
    },
    {
      "type": "Feature",
      "properties": {
        "OBJECTID": 377,
        "Keta": 378,
        "Tochnit_Nu": "תכנית מיתאר ארצית לדרכים מס' ת/מ/א/3",
        "Tochnit_Na": "תמא/ 3",
        "Tochnit_Ty": "תמא",
        "YP_Resu_Nu": " ",
        "YP_Resu_Da": "26/08/1976",
        "Road_No": "לא נמצא",
        "Planed_Tra": 0,
        "Status": "תוכנית מאושרת",
        "Tasrit": "TMA_3.jpg",
        "Scale": "1:250000",
        "Relevance": "2",
        "Digitation": "תשריט מעוגן",
        "Notes": " ",
        "Question_N": " ",
        "TypeRoadtx": "דרך אזורית קיימת",
        "Type_Road": 13,
        "TypeRoad_1": " ",
        "Type_Road1": 0,
        "Shape_Length": 1372.8910993213872
      },
      "geometry": {
        "type": "LineString",
        "coordinates": [
          [
            181398.25889999978,
            650569.9394000005
          ],
          [
            181292.9974999996,
            650068.5627999995
          ],
          [
            181150.06010000035,
            649387.7294999994
          ],
          [
            181141.0388000002,
            649344.7597000003
          ],
          [
            181116.1771999998,
            649226.3398000002
          ]
        ]
      }
    },
    {
      "type": "Feature",
      "properties": {
        "OBJECTID": 378,
        "Keta": 379,
        "Tochnit_Nu": "תכנית מיתאר ארצית לדרכים מס' ת/מ/א/3",
        "Tochnit_Na": "תמא/ 3",
        "Tochnit_Ty": "תמא",
        "YP_Resu_Nu": " ",
        "YP_Resu_Da": "26/08/1976",
        "Road_No": "לא נמצא",
        "Planed_Tra": 0,
        "Status": "תוכנית מאושרת",
        "Tasrit": "TMA_3.jpg",
        "Scale": "1:250000",
        "Relevance": "2",
        "Digitation": "תשריט מעוגן",
        "Notes": " ",
        "Question_N": " ",
        "TypeRoadtx": "דרך ראשית קיימת",
        "Type_Road": 43,
        "TypeRoad_1": " ",
        "Type_Road1": 0,
        "Shape_Length": 3273.649233414936
      },
      "geometry": {
        "type": "LineString",
        "coordinates": [
          [
            181398.25889999978,
            650569.9394000005
          ],
          [
            181575.64070000034,
            650546.2163999993
          ],
          [
            182064.4430999998,
            650480.8440000005
          ],
          [
            182108.11459999997,
            650475.0033999998
          ],
          [
            182918.9729000004,
            650216.2188000008
          ],
          [
            182948.1799999997,
            650210.8101000004
          ],
          [
            183350.83629999962,
            650136.2441000007
          ],
          [
            183384.7851999998,
            650129.9572999999
          ],
          [
            183729.83129999973,
            650095.4527000003
          ],
          [
            184109.38200000022,
            650009.1910999995
          ],
          [
            184437.17580000032,
            649991.9387999997
          ],
          [
            184485.8267000001,
            649972.4784999993
          ],
          [
            184593.4796000002,
            649929.4173000008
          ]
        ]
      }
    },
    {
      "type": "Feature",
      "properties": {
        "OBJECTID": 380,
        "Keta": 381,
        "Tochnit_Nu": "תכנית מיתאר ארצית לדרכים מס' ת/מ/א/3",
        "Tochnit_Na": "תמא/ 3",
        "Tochnit_Ty": "תמא",
        "YP_Resu_Nu": " ",
        "YP_Resu_Da": "26/08/1976",
        "Road_No": "לא נמצא",
        "Planed_Tra": 0,
        "Status": "תוכנית מאושרת",
        "Tasrit": "TMA_3.jpg",
        "Scale": "1:250000",
        "Relevance": "2",
        "Digitation": "תשריט מעוגן",
        "Notes": " ",
        "Question_N": " ",
        "TypeRoadtx": "דרך ראשית קיימת",
        "Type_Road": 43,
        "TypeRoad_1": " ",
        "Type_Road1": 0,
        "Shape_Length": 1560.67370467685
      },
      "geometry": {
        "type": "LineString",
        "coordinates": [
          [
            179851.35809999984,
            650776.8217999991
          ],
          [
            181315.08449999988,
            650581.0631000008
          ],
          [
            181372.90909999982,
            650573.3297000006
          ],
          [
            181398.25889999978,
            650569.9394000005
          ]
        ]
      }
    },
    {
      "type": "Feature",
      "properties": {
        "OBJECTID": 382,
        "Keta": 383,
        "Tochnit_Nu": "תכנית מיתאר ארצית לדרכים מס' ת/מ/א/3",
        "Tochnit_Na": "תמא/ 3",
        "Tochnit_Ty": "תמא",
        "YP_Resu_Nu": " ",
        "YP_Resu_Da": "26/08/1976",
        "Road_No": "44",
        "Planed_Tra": 0,
        "Status": "תוכנית מאושרת",
        "Tasrit": "TMA_3.jpg",
        "Scale": "1:250000",
        "Relevance": "2",
        "Digitation": "תשריט מעוגן",
        "Notes": " ",
        "Question_N": " ",
        "TypeRoadtx": "דרך ראשית קיימת",
        "Type_Road": 43,
        "TypeRoad_1": " ",
        "Type_Road1": 0,
        "Shape_Length": 3425.119216279903
      },
      "geometry": {
        "type": "LineString",
        "coordinates": [
          [
            186516.40550000034,
            651060.9276999999
          ],
          [
            186531.30399999954,
            651031.1306999996
          ],
          [
            186710.00420000032,
            650673.7303999998
          ],
          [
            186766.2368999999,
            650561.2649000008
          ],
          [
            186921.50769999996,
            650078.2003000006
          ],
          [
            186991.5580000002,
            649910.0796000008
          ],
          [
            187007.76919999998,
            649871.1727000009
          ],
          [
            187249.30150000006,
            649784.9112
          ],
          [
            187358.75370000023,
            649769.2752
          ],
          [
            187490.8337000003,
            649750.4066000003
          ],
          [
            187738.26669999957,
            649657.6192000005
          ],
          [
            187766.87060000002,
            649646.8926999997
          ],
          [
            187864.3245000001,
            649576.0172000006
          ],
          [
            187956.64599999972,
            649508.8742999993
          ],
          [
            188146.42129999958,
            649353.6034999993
          ],
          [
            188301.69209999964,
            649181.0804999992
          ],
          [
            188316.85280000046,
            649157.6503999997
          ],
          [
            188491.46740000043,
            648887.7913000006
          ],
          [
            188641.22119999956,
            648660.7453000005
          ],
          [
            188644.66009999998,
            648655.5315000005
          ]
        ]
      }
    },
    {
      "type": "Feature",
      "properties": {
        "OBJECTID": 383,
        "Keta": 384,
        "Tochnit_Nu": "תכנית מיתאר ארצית לדרכים מס' ת/מ/א/3",
        "Tochnit_Na": "תמא/ 3",
        "Tochnit_Ty": "תמא",
        "YP_Resu_Nu": " ",
        "YP_Resu_Da": "26/08/1976",
        "Road_No": "לא נמצא",
        "Planed_Tra": 0,
        "Status": "תוכנית מאושרת",
        "Tasrit": "TMA_3.jpg",
        "Scale": "1:250000",
        "Relevance": "2",
        "Digitation": "תשריט מעוגן",
        "Notes": " ",
        "Question_N": " ",
        "TypeRoadtx": "דרך אזורית קיימת",
        "Type_Road": 13,
        "TypeRoad_1": " ",
        "Type_Road1": 0,
        "Shape_Length": 2545.7960109729756
      },
      "geometry": {
        "type": "LineString",
        "coordinates": [
          [
            184593.4796000002,
            649929.4173000008
          ],
          [
            184682.6509999996,
            650058.2730999999
          ],
          [
            184784.3130999999,
            650172.6428999994
          ],
          [
            184968.57550000027,
            650325.1359000001
          ],
          [
            185108.3607999999,
            650439.5056999996
          ],
          [
            185235.43840000033,
            650534.8138999995
          ],
          [
            185311.68489999976,
            650630.1220999993
          ],
          [
            185318.0388000002,
            650750.8456999995
          ],
          [
            185319.88049999997,
            650760.9750999995
          ],
          [
            185322.36290000007,
            650774.6283999998
          ],
          [
            185330.7466000002,
            650820.7383999992
          ],
          [
            185376.6557,
            650839.1020999998
          ],
          [
            185394.28529999964,
            650846.1538999993
          ],
          [
            185426.0547000002,
            650833.4462000001
          ],
          [
            185502.3013000004,
            650865.2155000009
          ],
          [
            185515.0089999996,
            650928.7543000001
          ],
          [
            185521.36290000007,
            650998.6469999999
          ],
          [
            185565.83999999985,
            651055.8319000006
          ],
          [
            185680.2098000003,
            651055.8319000006
          ],
          [
            185775.51800000016,
            651062.1856999993
          ],
          [
            185921.65720000025,
            651062.1856999993
          ],
          [
            186464.65189999994,
            651061.0372000001
          ],
          [
            186506.36369999964,
            651060.9488999993
          ],
          [
            186516.40550000034,
            651060.9276999999
          ]
        ]
      }
    },
    {
      "type": "Feature",
      "properties": {
        "OBJECTID": 387,
        "Keta": 388,
        "Tochnit_Nu": "תכנית מיתאר ארצית לדרכים מס' ת/מ/א/3",
        "Tochnit_Na": "תמא/ 3",
        "Tochnit_Ty": "תמא",
        "YP_Resu_Nu": " ",
        "YP_Resu_Da": "26/08/1976",
        "Road_No": "לא נמצא",
        "Planed_Tra": 0,
        "Status": "תוכנית מאושרת",
        "Tasrit": "TMA_3.jpg",
        "Scale": "1:250000",
        "Relevance": "2",
        "Digitation": "תשריט מעוגן",
        "Notes": " ",
        "Question_N": " ",
        "TypeRoadtx": "דרך אזורית קיימת",
        "Type_Road": 13,
        "TypeRoad_1": " ",
        "Type_Road1": 0,
        "Shape_Length": 3603.567669772083
      },
      "geometry": {
        "type": "LineString",
        "coordinates": [
          [
            188644.66009999998,
            648655.5315000005
          ],
          [
            188737.88829999976,
            648718.9660999998
          ],
          [
            188969.50719999988,
            648876.5647999998
          ],
          [
            189195.85749999993,
            649088.7682000007
          ],
          [
            189492.94230000023,
            649435.3671000004
          ],
          [
            189874.90840000007,
            649923.4349000007
          ],
          [
            190136.62590000033,
            650369.0621000007
          ],
          [
            190410.06859999988,
            650864.3544999994
          ],
          [
            190511.51860000007,
            651048.1129000001
          ],
          [
            190645.9140999997,
            651472.5197000001
          ],
          [
            190676.62469999958,
            651553.3699999992
          ]
        ]
      }
    },
    {
      "type": "Feature",
      "properties": {
        "OBJECTID": 390,
        "Keta": 391,
        "Tochnit_Nu": "תכנית מיתאר ארצית לדרכים מס' ת/מ/א/3",
        "Tochnit_Na": "תמא/ 3",
        "Tochnit_Ty": "תמא",
        "YP_Resu_Nu": " ",
        "YP_Resu_Da": "26/08/1976",
        "Road_No": "לא נמצא",
        "Planed_Tra": 0,
        "Status": "תוכנית מאושרת",
        "Tasrit": "TMA_3.jpg",
        "Scale": "1:250000",
        "Relevance": "2",
        "Digitation": "תשריט מעוגן",
        "Notes": " ",
        "Question_N": " ",
        "TypeRoadtx": "דרך אזורית קיימת",
        "Type_Road": 13,
        "TypeRoad_1": " ",
        "Type_Road1": 0,
        "Shape_Length": 1708.4822608724214
      },
      "geometry": {
        "type": "LineString",
        "coordinates": [
          [
            190676.62469999958,
            651553.3699999992
          ],
          [
            190992.51300000027,
            652384.9944000002
          ],
          [
            190993.08490000013,
            652385.9098000005
          ],
          [
            191086.4802000001,
            652535.3909000009
          ],
          [
            191394.87880000006,
            653028.9897000007
          ],
          [
            191426.41899999976,
            653079.4704999998
          ]
        ]
      }
    },
    {
      "type": "Feature",
      "properties": {
        "OBJECTID": 391,
        "Keta": 392,
        "Tochnit_Nu": "תכנית מיתאר ארצית לדרכים מס' ת/מ/א/3",
        "Tochnit_Na": "תמא/ 3",
        "Tochnit_Ty": "תמא",
        "YP_Resu_Nu": " ",
        "YP_Resu_Da": "26/08/1976",
        "Road_No": "לא נמצא",
        "Planed_Tra": 0,
        "Status": "תוכנית מאושרת",
        "Tasrit": "TMA_3.jpg",
        "Scale": "1:250000",
        "Relevance": "2",
        "Digitation": "תשריט מעוגן",
        "Notes": " ",
        "Question_N": " ",
        "TypeRoadtx": "דרך מהירה מוצעת",
        "Type_Road": 16,
        "TypeRoad_1": " ",
        "Type_Road1": 0,
        "Shape_Length": 5962.390170136101
      },
      "geometry": {
        "type": "LineString",
        "coordinates": [
          [
            189026.28890000004,
            648076.9330000002
          ],
          [
            189042.7695000004,
            648093.1082000006
          ],
          [
            189129.41119999997,
            648178.1448999997
          ],
          [
            189383.6299999999,
            648427.6542000007
          ],
          [
            189665.95820000023,
            648704.7522
          ],
          [
            189717.39570000023,
            648755.2368000001
          ],
          [
            190219.61039999966,
            649229.1577000003
          ],
          [
            190566.20930000022,
            649589.9035
          ],
          [
            190969.39570000023,
            649971.8695999999
          ],
          [
            191181.59910000023,
            650169.9261000007
          ],
          [
            191287.70079999976,
            650318.4684999995
          ],
          [
            191323.06799999997,
            650467.0109000001
          ],
          [
            191386.7291000001,
            650679.2142999992
          ],
          [
            191388.50600000005,
            650728.9678000007
          ],
          [
            191400.87600000016,
            651075.3272999991
          ],
          [
            191400.87600000016,
            651256.7775999997
          ],
          [
            191400.87600000016,
            651554.8873999994
          ],
          [
            191400.87600000016,
            651573.2982999999
          ],
          [
            191400.87600000016,
            651931.2142999992
          ],
          [
            191422.96839999966,
            652924.3537000008
          ],
          [
            191426.41899999976,
            653079.4704999998
          ]
        ]
      }
    },
    {
      "type": "Feature",
      "properties": {
        "OBJECTID": 392,
        "Keta": 393,
        "Tochnit_Nu": "תכנית מיתאר ארצית לדרכים מס' ת/מ/א/3",
        "Tochnit_Na": "תמא/ 3",
        "Tochnit_Ty": "תמא",
        "YP_Resu_Nu": " ",
        "YP_Resu_Da": "26/08/1976",
        "Road_No": "1",
        "Planed_Tra": 0,
        "Status": "תוכנית מאושרת",
        "Tasrit": "TMA_3.jpg",
        "Scale": "1:250000",
        "Relevance": "2",
        "Digitation": "תשריט מעוגן",
        "Notes": " ",
        "Question_N": " ",
        "TypeRoadtx": "דרך מהירה מוצעת",
        "Type_Road": 16,
        "TypeRoad_1": " ",
        "Type_Road1": 0,
        "Shape_Length": 3460.7145951152042
      },
      "geometry": {
        "type": "LineString",
        "coordinates": [
          [
            194421.72020000033,
            651386.4138999991
          ],
          [
            194372.04059999995,
            651449.5285
          ],
          [
            194300.50179999974,
            651540.4134999998
          ],
          [
            194203.86000000034,
            651617.3145000003
          ],
          [
            194119.30229999963,
            651673.6863000002
          ],
          [
            193947.15240000002,
            651788.4528999999
          ],
          [
            193938.23230000027,
            651794.3997000009
          ],
          [
            193902.11670000013,
            651818.4767000005
          ],
          [
            192812.81450000033,
            652353.2632999998
          ],
          [
            191426.41899999976,
            653079.4704999998
          ]
        ]
      }
    },
    {
      "type": "Feature",
      "properties": {
        "OBJECTID": 395,
        "Keta": 396,
        "Tochnit_Nu": "תכנית מיתאר ארצית לדרכים מס' ת/מ/א/3",
        "Tochnit_Na": "תמא/ 3",
        "Tochnit_Ty": "תמא",
        "YP_Resu_Nu": " ",
        "YP_Resu_Da": "26/08/1976",
        "Road_No": "44",
        "Planed_Tra": 0,
        "Status": "תוכנית מאושרת",
        "Tasrit": "TMA_3.jpg",
        "Scale": "1:250000",
        "Relevance": "2",
        "Digitation": "תשריט מעוגן",
        "Notes": " ",
        "Question_N": " ",
        "TypeRoadtx": "דרך ראשית קיימת",
        "Type_Road": 43,
        "TypeRoad_1": " ",
        "Type_Road1": 0,
        "Shape_Length": 4669.091700446726
      },
      "geometry": {
        "type": "LineString",
        "coordinates": [
          [
            184124.45739999972,
            655065.9856000002
          ],
          [
            184701.94189999998,
            654122.7403999995
          ],
          [
            185213.52950000018,
            653287.1291000005
          ],
          [
            185560.08949999977,
            652719.5743000004
          ],
          [
            186403.93850000016,
            651337.6185999997
          ],
          [
            186472.94770000037,
            651147.8432999998
          ],
          [
            186516.40550000034,
            651060.9276999999
          ]
        ]
      }
    },
    {
      "type": "Feature",
      "properties": {
        "OBJECTID": 398,
        "Keta": 399,
        "Tochnit_Nu": "תכנית מיתאר ארצית לדרכים מס' ת/מ/א/3",
        "Tochnit_Na": "תמא/ 3",
        "Tochnit_Ty": "תמא",
        "YP_Resu_Nu": " ",
        "YP_Resu_Da": "26/08/1976",
        "Road_No": "לא נמצא",
        "Planed_Tra": 0,
        "Status": "תוכנית מאושרת",
        "Tasrit": "TMA_3.jpg",
        "Scale": "1:250000",
        "Relevance": "2",
        "Digitation": "תשריט מעוגן",
        "Notes": " ",
        "Question_N": " ",
        "TypeRoadtx": "דרך אזורית קיימת",
        "Type_Road": 13,
        "TypeRoad_1": " ",
        "Type_Road1": 0,
        "Shape_Length": 6055.814916691239
      },
      "geometry": {
        "type": "LineString",
        "coordinates": [
          [
            183620.5625,
            655889.0318
          ],
          [
            183618.00600000005,
            655886.9585999995
          ],
          [
            182345.13760000002,
            654854.7157000005
          ],
          [
            182341.9110000003,
            654852.0989999995
          ],
          [
            182229.84470000025,
            654658.5300999992
          ],
          [
            182072.71879999992,
            653947.7225000001
          ],
          [
            182047.72059999965,
            653834.6353999991
          ],
          [
            182015.90000000037,
            653690.6851000004
          ],
          [
            181638.94990000036,
            652478.3320000004
          ],
          [
            181604.4216,
            652152.4715999998
          ],
          [
            181602.7762000002,
            652136.9436000008
          ],
          [
            181475.9444000004,
            650939.9680000003
          ],
          [
            181463.32629999984,
            650879.8660000004
          ],
          [
            181407.28959999979,
            650612.9541999996
          ],
          [
            181398.25889999978,
            650569.9394000005
          ]
        ]
      }
    },
    {
      "type": "Feature",
      "properties": {
        "OBJECTID": 399,
        "Keta": 400,
        "Tochnit_Nu": "תכנית מיתאר ארצית לדרכים מס' ת/מ/א/3",
        "Tochnit_Na": "תמא/ 3",
        "Tochnit_Ty": "תמא",
        "YP_Resu_Nu": " ",
        "YP_Resu_Da": "26/08/1976",
        "Road_No": "44",
        "Planed_Tra": 0,
        "Status": "תוכנית מאושרת",
        "Tasrit": "TMA_3.jpg",
        "Scale": "1:250000",
        "Relevance": "2",
        "Digitation": "תשריט מעוגן",
        "Notes": " ",
        "Question_N": " ",
        "TypeRoadtx": "דרך ראשית קיימת",
        "Type_Road": 43,
        "TypeRoad_1": " ",
        "Type_Road1": 0,
        "Shape_Length": 965.0466919169066
      },
      "geometry": {
        "type": "LineString",
        "coordinates": [
          [
            183620.5625,
            655889.0318
          ],
          [
            183712.57359999977,
            655738.7437999994
          ],
          [
            184124.45739999972,
            655065.9856000002
          ]
        ]
      }
    },
    {
      "type": "Feature",
      "properties": {
        "OBJECTID": 400,
        "Keta": 401,
        "Tochnit_Nu": "תכנית מיתאר ארצית לדרכים מס' ת/מ/א/3",
        "Tochnit_Na": "תמא/ 3",
        "Tochnit_Ty": "תמא",
        "YP_Resu_Nu": " ",
        "YP_Resu_Da": "26/08/1976",
        "Road_No": "לא נמצא",
        "Planed_Tra": 0,
        "Status": "תוכנית מאושרת",
        "Tasrit": "TMA_3.jpg",
        "Scale": "1:250000",
        "Relevance": "2",
        "Digitation": "תשריט מעוגן",
        "Notes": " ",
        "Question_N": " ",
        "TypeRoadtx": "דרך אזורית מוצעת",
        "Type_Road": 9,
        "TypeRoad_1": " ",
        "Type_Road1": 0,
        "Shape_Length": 6090.8660948161805
      },
      "geometry": {
        "type": "LineString",
        "coordinates": [
          [
            187186.5075000003,
            655916.2160999998
          ],
          [
            187504.19680000003,
            655576.7419000007
          ],
          [
            187545.3331000004,
            655532.7847000007
          ],
          [
            188094.7220999999,
            654945.7226
          ],
          [
            188514.0889999997,
            654409.3429000005
          ],
          [
            188756.22860000003,
            654005.7769000009
          ],
          [
            188940.71590000018,
            653463.8454
          ],
          [
            189032.9595999997,
            652991.0966999996
          ],
          [
            189067.55099999998,
            652599.0612000003
          ],
          [
            189113.67279999983,
            652322.3301999997
          ],
          [
            189263.5686999997,
            652080.1906000003
          ],
          [
            189378.8733000001,
            651930.2947000004
          ],
          [
            189505.70830000006,
            651780.3988000005
          ],
          [
            189770.90880000032,
            651653.5636999998
          ],
          [
            190116.82249999978,
            651572.8505000006
          ],
          [
            190370.4924999997,
            651538.2591999993
          ],
          [
            190676.62469999958,
            651553.3699999992
          ]
        ]
      }
    },
    {
      "type": "Feature",
      "properties": {
        "OBJECTID": 401,
        "Keta": 402,
        "Tochnit_Nu": "תכנית מיתאר ארצית לדרכים מס' ת/מ/א/3",
        "Tochnit_Na": "תמא/ 3",
        "Tochnit_Ty": "תמא",
        "YP_Resu_Nu": " ",
        "YP_Resu_Da": "26/08/1976",
        "Road_No": "1",
        "Planed_Tra": 0,
        "Status": "תוכנית מאושרת",
        "Tasrit": "TMA_3.jpg",
        "Scale": "1:250000",
        "Relevance": "2",
        "Digitation": "תשריט מעוגן",
        "Notes": " ",
        "Question_N": " ",
        "TypeRoadtx": "דרך מהירה קיימת",
        "Type_Road": 19,
        "TypeRoad_1": " ",
        "Type_Road1": 0,
        "Shape_Length": 5571.178808952332
      },
      "geometry": {
        "type": "LineString",
        "coordinates": [
          [
            191426.41899999976,
            653079.4704999998
          ],
          [
            191356.17069999967,
            653173.1805000007
          ],
          [
            191136.34979999997,
            653466.4175000004
          ],
          [
            191064.1462000003,
            653562.7357000001
          ],
          [
            190608.28729999997,
            654170.8432
          ],
          [
            190592.37200000044,
            654218.5888999999
          ],
          [
            190358.94830000028,
            654441.4024999999
          ],
          [
            190146.74490000028,
            654595.25
          ],
          [
            189992.62210000027,
            654705.3377
          ],
          [
            189961.06689999998,
            654727.8771000002
          ],
          [
            189860.27029999997,
            654786.2329999991
          ],
          [
            189759.47369999997,
            654839.2839000002
          ],
          [
            189759.27610000037,
            654839.2901000008
          ],
          [
            189589.71100000013,
            654844.5889999997
          ],
          [
            189457.08380000014,
            654887.0296
          ],
          [
            189260.79569999967,
            654966.6059000008
          ],
          [
            189043.28720000014,
            655078.0127000008
          ],
          [
            188836.38889999967,
            655327.3517000005
          ],
          [
            188533.99899999984,
            655725.2331000008
          ],
          [
            188311.8975999998,
            655928.8259999994
          ],
          [
            188283.0423999997,
            655955.2765999995
          ],
          [
            188215.6939000003,
            656017.0127000008
          ],
          [
            188104.28720000014,
            656059.4534000009
          ],
          [
            187966.35500000045,
            656096.5889999997
          ],
          [
            187807.20239999983,
            656123.1143999994
          ],
          [
            187605.60919999983,
            656123.1143999994
          ],
          [
            187361.57529999968,
            656011.7076999992
          ],
          [
            187186.5075000003,
            655916.2160999998
          ]
        ]
      }
    },
    {
      "type": "Feature",
      "properties": {
        "OBJECTID": 402,
        "Keta": 403,
        "Tochnit_Nu": "תכנית מיתאר ארצית לדרכים מס' ת/מ/א/3",
        "Tochnit_Na": "תמא/ 3",
        "Tochnit_Ty": "תמא",
        "YP_Resu_Nu": " ",
        "YP_Resu_Da": "26/08/1976",
        "Road_No": "לא נמצא",
        "Planed_Tra": 0,
        "Status": "תוכנית מאושרת",
        "Tasrit": "TMA_3.jpg",
        "Scale": "1:250000",
        "Relevance": "2",
        "Digitation": "תשריט מעוגן",
        "Notes": " ",
        "Question_N": " ",
        "TypeRoadtx": "דרך אזורית קיימת",
        "Type_Road": 13,
        "TypeRoad_1": " ",
        "Type_Road1": 0,
        "Shape_Length": 1803.861965887393
      },
      "geometry": {
        "type": "LineString",
        "coordinates": [
          [
            184124.45739999972,
            655065.9856000002
          ],
          [
            184151.09410000034,
            655086.9730999991
          ],
          [
            184481.28890000004,
            655347.1383999996
          ],
          [
            184598.6557,
            655481.2719
          ],
          [
            184749.55590000004,
            655783.0723000001
          ],
          [
            185113.5789999999,
            656533.3462000005
          ]
        ]
      }
    },
    {
      "type": "Feature",
      "properties": {
        "OBJECTID": 403,
        "Keta": 404,
        "Tochnit_Nu": "תכנית מיתאר ארצית לדרכים מס' ת/מ/א/3",
        "Tochnit_Na": "תמא/ 3",
        "Tochnit_Ty": "תמא",
        "YP_Resu_Nu": " ",
        "YP_Resu_Da": "26/08/1976",
        "Road_No": "1",
        "Planed_Tra": 0,
        "Status": "תוכנית מאושרת",
        "Tasrit": "TMA_3.jpg",
        "Scale": "1:250000",
        "Relevance": "2",
        "Digitation": "תשריט מעוגן",
        "Notes": " ",
        "Question_N": " ",
        "TypeRoadtx": "דרך מהירה קיימת",
        "Type_Road": 19,
        "TypeRoad_1": " ",
        "Type_Road1": 0,
        "Shape_Length": 2555.496559197193
      },
      "geometry": {
        "type": "LineString",
        "coordinates": [
          [
            187186.5075000003,
            655916.2160999998
          ],
          [
            186662.16959999967,
            655636.5691999998
          ],
          [
            186632.4110000003,
            655620.6980000008
          ],
          [
            186629.4735000003,
            655619.1314000003
          ],
          [
            186459.71079999954,
            655571.3856000006
          ],
          [
            186327.0837000003,
            655550.1653000005
          ],
          [
            186167.9310999997,
            655550.1653000005
          ],
          [
            186019.38879999984,
            655608.5211999994
          ],
          [
            185780.65990000032,
            655868.4704
          ],
          [
            185218.3208999997,
            656430.8093999997
          ],
          [
            185113.5789999999,
            656533.3462000005
          ]
        ]
      }
    },
    {
      "type": "Feature",
      "properties": {
        "OBJECTID": 404,
        "Keta": 405,
        "Tochnit_Nu": "תכנית מיתאר ארצית לדרכים מס' ת/מ/א/3",
        "Tochnit_Na": "תמא/ 3",
        "Tochnit_Ty": "תמא",
        "YP_Resu_Nu": " ",
        "YP_Resu_Da": "26/08/1976",
        "Road_No": "לא נמצא",
        "Planed_Tra": 0,
        "Status": "תוכנית מאושרת",
        "Tasrit": "TMA_3.jpg",
        "Scale": "1:250000",
        "Relevance": "2",
        "Digitation": "תשריט מעוגן",
        "Notes": " ",
        "Question_N": " ",
        "TypeRoadtx": "דרך מהירה מוצעת",
        "Type_Road": 16,
        "TypeRoad_1": " ",
        "Type_Road1": 0,
        "Shape_Length": 3716.6482729896993
      },
      "geometry": {
        "type": "LineString",
        "coordinates": [
          [
            191426.41899999976,
            653079.4704999998
          ],
          [
            191484.05829999968,
            653593.3190000001
          ],
          [
            191485.22049999982,
            653603.6799999997
          ],
          [
            191617.98979999963,
            654787.3044000007
          ],
          [
            191620.3384999996,
            654808.2424999997
          ],
          [
            191635.74060000014,
            654945.5504999999
          ],
          [
            191665.99000000022,
            655137.5581
          ],
          [
            191771.44600000046,
            655806.9390999991
          ],
          [
            191837.57050000038,
            656134.5559999999
          ],
          [
            191946.64940000046,
            656674.9924999997
          ],
          [
            191962.73309999984,
            656754.6798
          ]
        ]
      }
    },
    {
      "type": "Feature",
      "properties": {
        "OBJECTID": 405,
        "Keta": 406,
        "Tochnit_Nu": "תכנית מיתאר ארצית לדרכים מס' ת/מ/א/3",
        "Tochnit_Na": "תמא/ 3",
        "Tochnit_Ty": "תמא",
        "YP_Resu_Nu": " ",
        "YP_Resu_Da": "26/08/1976",
        "Road_No": "4",
        "Planed_Tra": 0,
        "Status": "תוכנית מאושרת",
        "Tasrit": "TMA_3.jpg",
        "Scale": "1:250000",
        "Relevance": "2",
        "Digitation": "תשריט מעוגן",
        "Notes": " ",
        "Question_N": " ",
        "TypeRoadtx": "דרך פרברית מהירה קיימת",
        "Type_Road": 37,
        "TypeRoad_1": " ",
        "Type_Road1": 0,
        "Shape_Length": 6425.164336478811
      },
      "geometry": {
        "type": "LineString",
        "coordinates": [
          [
            179933.70330000017,
            651903.2274999991
          ],
          [
            179916.0750000002,
            652167.0855999999
          ],
          [
            179899.79619999975,
            652410.7448999994
          ],
          [
            179894.32180000003,
            652492.6856999993
          ],
          [
            179891.03359999973,
            652541.9024999999
          ],
          [
            180091.12540000025,
            653224.5687000006
          ],
          [
            180322.41619999986,
            653868.8787999991
          ],
          [
            180420.68840000033,
            654142.6370000001
          ],
          [
            180794.2198999999,
            654653.7853999995
          ],
          [
            180828.19400000013,
            654700.2763
          ],
          [
            180867.95249999966,
            654754.6826000009
          ],
          [
            181527.07849999983,
            655649.2107999995
          ],
          [
            181815.24990000017,
            656066.5625
          ],
          [
            181918.5064000003,
            656216.1063999999
          ],
          [
            181961.17559999973,
            656277.9032000005
          ],
          [
            182209.7446999997,
            656637.8998000007
          ],
          [
            182392.8964999998,
            657121.3994999994
          ],
          [
            182438.6621000003,
            657242.2155000009
          ],
          [
            182570.77909999993,
            657590.9891999997
          ],
          [
            182573.75719999988,
            657598.8510999996
          ]
        ]
      }
    },
    {
      "type": "Feature",
      "properties": {
        "OBJECTID": 406,
        "Keta": 407,
        "Tochnit_Nu": "תכנית מיתאר ארצית לדרכים מס' ת/מ/א/3",
        "Tochnit_Na": "תמא/ 3",
        "Tochnit_Ty": "תמא",
        "YP_Resu_Nu": " ",
        "YP_Resu_Da": "26/08/1976",
        "Road_No": "44",
        "Planed_Tra": 0,
        "Status": "תוכנית מאושרת",
        "Tasrit": "TMA_3.jpg",
        "Scale": "1:250000",
        "Relevance": "2",
        "Digitation": "תשריט מעוגן",
        "Notes": " ",
        "Question_N": " ",
        "TypeRoadtx": "דרך ראשית קיימת",
        "Type_Road": 43,
        "TypeRoad_1": " ",
        "Type_Road1": 0,
        "Shape_Length": 2004.8150475192585
      },
      "geometry": {
        "type": "LineString",
        "coordinates": [
          [
            182573.75719999988,
            657598.8510999996
          ],
          [
            182601.44039999973,
            657553.6341999993
          ],
          [
            182665.08530000038,
            657449.6786000002
          ],
          [
            182694.65770000033,
            657401.3759000003
          ],
          [
            183168.0722000003,
            656628.1153999995
          ],
          [
            183211.74069999997,
            656556.7885999996
          ],
          [
            183237.1102,
            656515.3508000001
          ],
          [
            183271.21079999954,
            656459.6519000009
          ],
          [
            183592.79700000025,
            655934.3830999993
          ],
          [
            183620.5625,
            655889.0318
          ]
        ]
      }
    },
    {
      "type": "Feature",
      "properties": {
        "OBJECTID": 407,
        "Keta": 408,
        "Tochnit_Nu": "תכנית מיתאר ארצית לדרכים מס' ת/מ/א/3",
        "Tochnit_Na": "תמא/ 3",
        "Tochnit_Ty": "תמא",
        "YP_Resu_Nu": " ",
        "YP_Resu_Da": "26/08/1976",
        "Road_No": "4",
        "Planed_Tra": 0,
        "Status": "תוכנית מאושרת",
        "Tasrit": "TMA_3.jpg",
        "Scale": "1:250000",
        "Relevance": "2",
        "Digitation": "תשריט מעוגן",
        "Notes": " ",
        "Question_N": " ",
        "TypeRoadtx": "דרך מהירה קיימת",
        "Type_Road": 19,
        "TypeRoad_1": " ",
        "Type_Road1": 0,
        "Shape_Length": 1021.5094858018574
      },
      "geometry": {
        "type": "LineString",
        "coordinates": [
          [
            183239.0416000001,
            658374.0144999996
          ],
          [
            182573.75719999988,
            657598.8510999996
          ]
        ]
      }
    },
    {
      "type": "Feature",
      "properties": {
        "OBJECTID": 408,
        "Keta": 409,
        "Tochnit_Nu": "תכנית מיתאר ארצית לדרכים מס' ת/מ/א/3",
        "Tochnit_Na": "תמא/ 3",
        "Tochnit_Ty": "תמא",
        "YP_Resu_Nu": " ",
        "YP_Resu_Da": "26/08/1976",
        "Road_No": "1",
        "Planed_Tra": 0,
        "Status": "תוכנית מאושרת",
        "Tasrit": "TMA_3.jpg",
        "Scale": "1:250000",
        "Relevance": "2",
        "Digitation": "תשריט מעוגן",
        "Notes": " ",
        "Question_N": " ",
        "TypeRoadtx": "דרך מהירה קיימת",
        "Type_Road": 19,
        "TypeRoad_1": " ",
        "Type_Road1": 0,
        "Shape_Length": 2627.1591263292444
      },
      "geometry": {
        "type": "LineString",
        "coordinates": [
          [
            185113.5789999999,
            656533.3462000005
          ],
          [
            184597.74039999954,
            657038.3250999991
          ],
          [
            184519.1765999999,
            657115.2348999996
          ],
          [
            184210.35479999986,
            657417.5551999994
          ],
          [
            183269.80370000005,
            658343.7226
          ],
          [
            183240.05929999985,
            658373.0121999998
          ],
          [
            183239.0416000001,
            658374.0144999996
          ]
        ]
      }
    },
    {
      "type": "Feature",
      "properties": {
        "OBJECTID": 409,
        "Keta": 410,
        "Tochnit_Nu": "תכנית מיתאר ארצית לדרכים מס' ת/מ/א/3",
        "Tochnit_Na": "תמא/ 3",
        "Tochnit_Ty": "תמא",
        "YP_Resu_Nu": " ",
        "YP_Resu_Da": "26/08/1976",
        "Road_No": "לא נמצא",
        "Planed_Tra": 0,
        "Status": "תוכנית מאושרת",
        "Tasrit": "TMA_3.jpg",
        "Scale": "1:250000",
        "Relevance": "2",
        "Digitation": "תשריט מעוגן",
        "Notes": " ",
        "Question_N": " ",
        "TypeRoadtx": "דרך ראשית מוצעת",
        "Type_Road": 39,
        "TypeRoad_1": " ",
        "Type_Road1": 0,
        "Shape_Length": 2367.50064393631
      },
      "geometry": {
        "type": "LineString",
        "coordinates": [
          [
            191334.17250000034,
            659024.2886999995
          ],
          [
            191391.47890000045,
            658890.5928000007
          ],
          [
            191549.67119999975,
            658521.5303000007
          ],
          [
            191640.28220000025,
            658310.1349
          ],
          [
            191674.19820000045,
            658231.0088
          ],
          [
            191774.7982999999,
            657660.9414000008
          ],
          [
            191828.06170000043,
            657404.0938000008
          ],
          [
            191829.32699999958,
            657397.9923999999
          ],
          [
            191958.49480000045,
            656775.1179000009
          ],
          [
            191962.73309999984,
            656754.6798
          ]
        ]
      }
    },
    {
      "type": "Feature",
      "properties": {
        "OBJECTID": 412,
        "Keta": 413,
        "Tochnit_Nu": "תכנית מיתאר ארצית לדרכים מס' ת/מ/א/3",
        "Tochnit_Na": "תמא/ 3",
        "Tochnit_Ty": "תמא",
        "YP_Resu_Nu": " ",
        "YP_Resu_Da": "26/08/1976",
        "Road_No": "461",
        "Planed_Tra": 0,
        "Status": "תוכנית מאושרת",
        "Tasrit": "TMA_3.jpg",
        "Scale": "1:250000",
        "Relevance": "2",
        "Digitation": "תשריט מעוגן",
        "Notes": " ",
        "Question_N": " ",
        "TypeRoadtx": "דרך אזורית קיימת",
        "Type_Road": 13,
        "TypeRoad_1": " ",
        "Type_Road1": 0,
        "Shape_Length": 4031.66433757707
      },
      "geometry": {
        "type": "LineString",
        "coordinates": [
          [
            187677.19639999978,
            660011.4353999998
          ],
          [
            188102.89360000007,
            659974.7444000002
          ],
          [
            188488.52740000002,
            659689.7106999997
          ],
          [
            188692.87060000002,
            659516.0189999994
          ],
          [
            188823.86120000016,
            659404.6769999992
          ],
          [
            188841.67839999963,
            659390.0993000008
          ],
          [
            188857.2218000004,
            659377.3819999993
          ],
          [
            188875.20349999983,
            659362.6697000004
          ],
          [
            189008.29480000027,
            659253.7767999992
          ],
          [
            189158.98089999985,
            659283.9140000008
          ],
          [
            189259.79509999976,
            659304.0768999998
          ],
          [
            189424.36789999995,
            659331.5056999996
          ],
          [
            189561.59549999982,
            659354.3770000003
          ],
          [
            189896.92920000013,
            659354.3770000003
          ],
          [
            190198.7296000002,
            659203.4768000003
          ],
          [
            190384.91110000014,
            659110.3859999999
          ],
          [
            190433.46329999994,
            659086.1098999996
          ],
          [
            190587.9656999996,
            659034.6090999991
          ],
          [
            190785.56369999982,
            658968.7431000005
          ],
          [
            190969.99729999993,
            658951.9763999991
          ],
          [
            191204.73089999985,
            658935.2096999995
          ],
          [
            191334.17250000034,
            659024.2886999995
          ]
        ]
      }
    },
    {
      "type": "Feature",
      "properties": {
        "OBJECTID": 413,
        "Keta": 414,
        "Tochnit_Nu": "תכנית מיתאר ארצית לדרכים מס' ת/מ/א/3",
        "Tochnit_Na": "תמא/ 3",
        "Tochnit_Ty": "תמא",
        "YP_Resu_Nu": " ",
        "YP_Resu_Da": "26/08/1976",
        "Road_No": "461",
        "Planed_Tra": 0,
        "Status": "תוכנית מאושרת",
        "Tasrit": "TMA_3.jpg",
        "Scale": "1:250000",
        "Relevance": "2",
        "Digitation": "תשריט מעוגן",
        "Notes": " ",
        "Question_N": " ",
        "TypeRoadtx": "דרך אזורית קיימת",
        "Type_Road": 13,
        "TypeRoad_1": " ",
        "Type_Road1": 0,
        "Shape_Length": 2377.790350624371
      },
      "geometry": {
        "type": "LineString",
        "coordinates": [
          [
            185331.90409999993,
            660304.6503999997
          ],
          [
            185721.31369999982,
            660350.4188999999
          ],
          [
            187458.72970000003,
            660035.4036999997
          ],
          [
            187512.75009999983,
            660025.6090999991
          ],
          [
            187677.19639999978,
            660011.4353999998
          ]
        ]
      }
    },
    {
      "type": "Feature",
      "properties": {
        "OBJECTID": 415,
        "Keta": 416,
        "Tochnit_Nu": "תכנית מיתאר ארצית לדרכים מס' ת/מ/א/3",
        "Tochnit_Na": "תמא/ 3",
        "Tochnit_Ty": "תמא",
        "YP_Resu_Nu": " ",
        "YP_Resu_Da": "26/08/1976",
        "Road_No": "44",
        "Planed_Tra": 0,
        "Status": "תוכנית מאושרת",
        "Tasrit": "TMA_3.jpg",
        "Scale": "1:250000",
        "Relevance": "2",
        "Digitation": "קומפילציה",
        "Notes": " ",
        "Question_N": " ",
        "TypeRoadtx": "דרך ראשית קיימת",
        "Type_Road": 43,
        "TypeRoad_1": " ",
        "Type_Road1": 0,
        "Shape_Length": 4521.744345259294
      },
      "geometry": {
        "type": "LineString",
        "coordinates": [
          [
            179295.85950000025,
            660582.0901999995
          ],
          [
            179684.3602,
            660339.0541999992
          ],
          [
            180381.48429999966,
            659984.8213999998
          ],
          [
            180713.2335000001,
            659791.4578000009
          ],
          [
            180814.1015999997,
            659732.6657999996
          ],
          [
            181193.71800000034,
            659418.6743000001
          ],
          [
            181353.1785000004,
            659217.3094999995
          ],
          [
            181487.06170000043,
            659048.2434999999
          ],
          [
            181774.24320000038,
            658723.0347000007
          ],
          [
            181847.5758999996,
            658639.9915999994
          ],
          [
            182355.36899999995,
            657947.2290000003
          ],
          [
            182464.0351999998,
            657798.9799000006
          ],
          [
            182573.75719999988,
            657598.8510999996
          ]
        ]
      }
    },
    {
      "type": "Feature",
      "properties": {
        "OBJECTID": 416,
        "Keta": 417,
        "Tochnit_Nu": "תכנית מיתאר ארצית לדרכים מס' ת/מ/א/3",
        "Tochnit_Na": "תמא/ 3",
        "Tochnit_Ty": "תמא",
        "YP_Resu_Nu": " ",
        "YP_Resu_Da": "26/08/1976",
        "Road_No": "4",
        "Planed_Tra": 0,
        "Status": "תוכנית מאושרת",
        "Tasrit": "TMA_3.jpg",
        "Scale": "1:250000",
        "Relevance": "2",
        "Digitation": "תשריט מעוגן",
        "Notes": " ",
        "Question_N": " ",
        "TypeRoadtx": "דרך מהירה קיימת",
        "Type_Road": 19,
        "TypeRoad_1": " ",
        "Type_Road1": 0,
        "Shape_Length": 2405.552860412695
      },
      "geometry": {
        "type": "LineString",
        "coordinates": [
          [
            184062.3688000003,
            660606.6052000001
          ],
          [
            184062.0566999996,
            660605.1490000002
          ],
          [
            184060.86840000004,
            660599.6046999991
          ],
          [
            183822.2494000001,
            659486.2656999994
          ],
          [
            183689.3839999996,
            659178.2597000003
          ],
          [
            183621.0449000001,
            659019.8372000009
          ],
          [
            183603.12600000016,
            658978.2978000008
          ],
          [
            183563.30700000003,
            658885.9901999999
          ],
          [
            183261.91139999963,
            658410.1231999993
          ],
          [
            183249.9534,
            658391.2430000007
          ],
          [
            183239.0416000001,
            658374.0144999996
          ]
        ]
      }
    },
    {
      "type": "Feature",
      "properties": {
        "OBJECTID": 417,
        "Keta": 418,
        "Tochnit_Nu": "תכנית מיתאר ארצית לדרכים מס' ת/מ/א/3",
        "Tochnit_Na": "תמא/ 3",
        "Tochnit_Ty": "תמא",
        "YP_Resu_Nu": " ",
        "YP_Resu_Da": "26/08/1976",
        "Road_No": "461",
        "Planed_Tra": 0,
        "Status": "תוכנית מאושרת",
        "Tasrit": "TMA_3.jpg",
        "Scale": "1:250000",
        "Relevance": "2",
        "Digitation": "תשריט מעוגן",
        "Notes": " ",
        "Question_N": " ",
        "TypeRoadtx": "דרך אזורית קיימת",
        "Type_Road": 13,
        "TypeRoad_1": " ",
        "Type_Road1": 0,
        "Shape_Length": 1322.4999793510651
      },
      "geometry": {
        "type": "LineString",
        "coordinates": [
          [
            184062.3688000003,
            660606.6052000001
          ],
          [
            184067.66700000037,
            660604.8077000007
          ],
          [
            184079.8967000004,
            660600.9061999992
          ],
          [
            184091.2276999997,
            660597.2913000006
          ],
          [
            185095.59420000017,
            660276.8761999998
          ],
          [
            185331.90409999993,
            660304.6503999997
          ]
        ]
      }
    },
    {
      "type": "Feature",
      "properties": {
        "OBJECTID": 422,
        "Keta": 423,
        "Tochnit_Nu": "תכנית מיתאר ארצית לדרכים מס' ת/מ/א/3",
        "Tochnit_Na": "תמא/ 3",
        "Tochnit_Ty": "תמא",
        "YP_Resu_Nu": " ",
        "YP_Resu_Da": "26/08/1976",
        "Road_No": "1",
        "Planed_Tra": 0,
        "Status": "תוכנית מאושרת",
        "Tasrit": "TMA_3.jpg",
        "Scale": "1:250000",
        "Relevance": "2",
        "Digitation": "קומפילציה",
        "Notes": " ",
        "Question_N": " ",
        "TypeRoadtx": "דרך מהירה מוצעת",
        "Type_Road": 16,
        "TypeRoad_1": " ",
        "Type_Road1": 0,
        "Shape_Length": 4606.9009260999255
      },
      "geometry": {
        "type": "LineString",
        "coordinates": [
          [
            179843.53550000023,
            661446.8402999993
          ],
          [
            179878.21109999996,
            661360.1513
          ],
          [
            179994.62799999956,
            661159.0676000006
          ],
          [
            180142.79499999993,
            660979.1504999995
          ],
          [
            180798.96300000045,
            660365.3159999996
          ],
          [
            181910.21520000044,
            659455.1475000009
          ],
          [
            182185.3825000003,
            659222.3136999998
          ],
          [
            182661.6333999997,
            658841.3129999992
          ],
          [
            183145.07270000037,
            658450.4471000005
          ],
          [
            183159.0510999998,
            658439.1455000006
          ],
          [
            183239.0416000001,
            658374.0144999996
          ]
        ]
      }
    },
    {
      "type": "Feature",
      "properties": {
        "OBJECTID": 423,
        "Keta": 424,
        "Tochnit_Nu": "תכנית מיתאר ארצית לדרכים מס' ת/מ/א/3",
        "Tochnit_Na": "תמא/ 3",
        "Tochnit_Ty": "תמא",
        "YP_Resu_Nu": " ",
        "YP_Resu_Da": "26/08/1976",
        "Road_No": "לא נמצא",
        "Planed_Tra": 0,
        "Status": "תוכנית מאושרת",
        "Tasrit": "TMA_3.jpg",
        "Scale": "1:250000",
        "Relevance": "2",
        "Digitation": "תשריט מעוגן",
        "Notes": " ",
        "Question_N": " ",
        "TypeRoadtx": "דרך אזורית קיימת",
        "Type_Road": 13,
        "TypeRoad_1": " ",
        "Type_Road1": 0,
        "Shape_Length": 1481.6109106767142
      },
      "geometry": {
        "type": "LineString",
        "coordinates": [
          [
            187812.86649999954,
            661483.4914999995
          ],
          [
            187783.87710000016,
            661238.2489
          ],
          [
            187712.6643000003,
            660882.1849000007
          ],
          [
            187694.86110000033,
            660312.4825999998
          ],
          [
            187685.0111999996,
            660144.6170000006
          ],
          [
            187681.55599999987,
            660085.7324000001
          ],
          [
            187678.31429999974,
            660030.4869999997
          ],
          [
            187677.19639999978,
            660011.4353999998
          ]
        ]
      }
    },
    {
      "type": "Feature",
      "properties": {
        "OBJECTID": 425,
        "Keta": 426,
        "Tochnit_Nu": "תכנית מיתאר ארצית לדרכים מס' ת/מ/א/3",
        "Tochnit_Na": "תמא/ 3",
        "Tochnit_Ty": "תמא",
        "YP_Resu_Nu": " ",
        "YP_Resu_Da": "26/08/1976",
        "Road_No": "461",
        "Planed_Tra": 0,
        "Status": "תוכנית מאושרת",
        "Tasrit": "TMA_3.jpg",
        "Scale": "1:250000",
        "Relevance": "2",
        "Digitation": "קומפילציה",
        "Notes": " ",
        "Question_N": " ",
        "TypeRoadtx": "דרך אזורית קיימת",
        "Type_Road": 13,
        "TypeRoad_1": " ",
        "Type_Road1": 0,
        "Shape_Length": 4499.003672252459
      },
      "geometry": {
        "type": "LineString",
        "coordinates": [
          [
            184062.3688000003,
            660606.6052000001
          ],
          [
            184011.67119999975,
            660617.1106000002
          ],
          [
            183937.31049999967,
            660632.5195000004
          ],
          [
            183722.26919999998,
            660681.2990000006
          ],
          [
            183684.61710000038,
            660698.7115000002
          ],
          [
            183620.08669999987,
            660728.5539999995
          ],
          [
            183451.9654000001,
            660852.3177000005
          ],
          [
            183335.7586000003,
            660937.8641999997
          ],
          [
            183211.6651999997,
            661026.5212999992
          ],
          [
            183085.14570000023,
            661115.6085000001
          ],
          [
            183077.78060000017,
            661120.7946000006
          ],
          [
            183032.78110000025,
            661147.1019000001
          ],
          [
            182996.9495000001,
            661168.0495999996
          ],
          [
            182964.2561999997,
            661184.6322000008
          ],
          [
            182894.76709999982,
            661219.8782000002
          ],
          [
            182820.90639999975,
            661246.4290999994
          ],
          [
            182793.9428000003,
            661256.1217999998
          ],
          [
            182720.90550000034,
            661282.3765999991
          ],
          [
            182708.91970000044,
            661285.2670000009
          ],
          [
            182694.0133999996,
            661288.8616000004
          ],
          [
            182561.71810000017,
            661320.7645999994
          ],
          [
            182511.98400000017,
            661330.3539000005
          ],
          [
            182435.05769999977,
            661345.1862000003
          ],
          [
            182315.93560000043,
            661368.1544000003
          ],
          [
            182221.22499999963,
            661378.6727000009
          ],
          [
            182151.22329999972,
            661386.4469000008
          ],
          [
            182061.2416000003,
            661397.1176999994
          ],
          [
            181956.2229000004,
            661413.6204000004
          ],
          [
            181787.0362999998,
            661440.2065999992
          ],
          [
            181088.8624999998,
            661586.1576000005
          ],
          [
            180637.03980000038,
            661667.2599999998
          ],
          [
            180615.1398,
            661671.1910999995
          ],
          [
            180340.94790000003,
            661695.2676999997
          ],
          [
            180007.3214999996,
            661680.7554000001
          ],
          [
            179783.32270000037,
            661671.0117000006
          ]
        ]
      }
    },
    {
      "type": "Feature",
      "properties": {
        "OBJECTID": 428,
        "Keta": 429,
        "Tochnit_Nu": "תכנית מיתאר ארצית לדרכים מס' ת/מ/א/3",
        "Tochnit_Na": "תמא/ 3",
        "Tochnit_Ty": "תמא",
        "YP_Resu_Nu": " ",
        "YP_Resu_Da": "26/08/1976",
        "Road_No": "4",
        "Planed_Tra": 0,
        "Status": "תוכנית מאושרת",
        "Tasrit": "TMA_3.jpg",
        "Scale": "1:250000",
        "Relevance": "2",
        "Digitation": "תשריט מעוגן",
        "Notes": " ",
        "Question_N": " ",
        "TypeRoadtx": "דרך מהירה קיימת",
        "Type_Road": 19,
        "TypeRoad_1": " ",
        "Type_Road1": 0,
        "Shape_Length": 2068.7583437386606
      },
      "geometry": {
        "type": "LineString",
        "coordinates": [
          [
            184364.30620000046,
            662653.2108999994
          ],
          [
            184278.70969999954,
            662073.0165999997
          ],
          [
            184086.07699999958,
            660767.3052999992
          ],
          [
            184062.3688000003,
            660606.6052000001
          ]
        ]
      }
    },
    {
      "type": "Feature",
      "properties": {
        "OBJECTID": 435,
        "Keta": 436,
        "Tochnit_Nu": "תכנית מיתאר ארצית לדרכים מס' ת/מ/א/3",
        "Tochnit_Na": "תמא/ 3",
        "Tochnit_Ty": "תמא",
        "YP_Resu_Nu": " ",
        "YP_Resu_Da": "26/08/1976",
        "Road_No": "לא נמצא",
        "Planed_Tra": 0,
        "Status": "תוכנית מאושרת",
        "Tasrit": "TMA_3.jpg",
        "Scale": "1:250000",
        "Relevance": "2",
        "Digitation": "תשריט מעוגן",
        "Notes": " ",
        "Question_N": " ",
        "TypeRoadtx": "דרך ראשית קיימת",
        "Type_Road": 43,
        "TypeRoad_1": " ",
        "Type_Road1": 0,
        "Shape_Length": 4740.299319377835
      },
      "geometry": {
        "type": "LineString",
        "coordinates": [
          [
            191334.17250000034,
            659024.2886999995
          ],
          [
            191336.3766999999,
            659086.3649000004
          ],
          [
            191338.64529999997,
            659150.2528000008
          ],
          [
            191339.0111999996,
            659160.5585999992
          ],
          [
            191372.77630000003,
            660111.4570000004
          ],
          [
            191375.3030000003,
            660182.6151999999
          ],
          [
            191381.82909999974,
            660366.4037999995
          ],
          [
            191260.69620000012,
            661572.6857999992
          ],
          [
            191242.11849999987,
            661757.6889999993
          ],
          [
            191155.4787999997,
            662620.4755000006
          ],
          [
            191131.48570000008,
            663752.1514999997
          ]
        ]
      }
    },
    {
      "type": "Feature",
      "properties": {
        "OBJECTID": 437,
        "Keta": 438,
        "Tochnit_Nu": "תכנית מיתאר ארצית לדרכים מס' ת/מ/א/3",
        "Tochnit_Na": "תמא/ 3",
        "Tochnit_Ty": "תמא",
        "YP_Resu_Nu": " ",
        "YP_Resu_Da": "26/08/1976",
        "Road_No": "לא נמצא",
        "Planed_Tra": 0,
        "Status": "תוכנית מאושרת",
        "Tasrit": "TMA_3.jpg",
        "Scale": "1:250000",
        "Relevance": "1",
        "Digitation": "תשריט מעוגן",
        "Notes": " ",
        "Question_N": " ",
        "TypeRoadtx": "דרך אזורית קיימת",
        "Type_Road": 13,
        "TypeRoad_1": "דרך אזורית קיימת/מאושרת",
        "Type_Road1": 14,
        "Shape_Length": 3637.9594623196726
      },
      "geometry": {
        "type": "LineString",
        "coordinates": [
          [
            186031.13819999993,
            663854.9412999991
          ],
          [
            186112.6004999997,
            663321.2862
          ],
          [
            186162.25989999995,
            662849.5219999999
          ],
          [
            186156.05250000022,
            662272.2315999996
          ],
          [
            186093.97819999978,
            661837.7119999994
          ],
          [
            185988.45199999958,
            661477.6813999992
          ],
          [
            185827.05900000036,
            661161.1028000005
          ],
          [
            185665.6660000002,
            660838.3168000001
          ],
          [
            185474.93960000016,
            660561.0668000001
          ],
          [
            185350.8677000003,
            660431.2502999995
          ]
        ]
      }
    },
    {
      "type": "Feature",
      "properties": {
        "OBJECTID": 1032,
        "Keta": 1033,
        "Tochnit_Nu": "תכנית מתאר ארצית לדרכים מס' ת/מ/א/3  שינוי (מס' 10)",
        "Tochnit_Na": "תמא/ 3/ 10",
        "Tochnit_Ty": "תמא",
        "YP_Resu_Nu": "3956",
        "YP_Resu_Da": "19/12/1991",
        "Road_No": "1",
        "Planed_Tra": 0,
        "Status": "תוכנית מאושרת",
        "Tasrit": "tama_3_10.jpg",
        "Scale": "1:100000",
        "Relevance": "2",
        "Digitation": "תשריט מעוגן",
        "Notes": " ",
        "Question_N": " ",
        "TypeRoadtx": "דרך מהירה מוצעת",
        "Type_Road": 16,
        "TypeRoad_1": " ",
        "Type_Road1": 0,
        "Shape_Length": 4369.030307764455
      },
      "geometry": {
        "type": "LineString",
        "coordinates": [
          [
            193150.93159999978,
            648437.1143999994
          ],
          [
            192766.97539999988,
            649430.7335000001
          ],
          [
            192355.25889999978,
            650514.9201999996
          ],
          [
            191954.04989999998,
            651562.1436000001
          ],
          [
            191950.40440000035,
            651571.6590999998
          ],
          [
            191939.52740000002,
            651602.8837000001
          ],
          [
            191874.4271999998,
            651789.7670000009
          ],
          [
            191741.9863,
            652115.4410999995
          ],
          [
            191596.51860000007,
            652430.2595000006
          ],
          [
            191568.29349999968,
            652508.4212999996
          ]
        ]
      }
    },
    {
      "type": "Feature",
      "properties": {
        "OBJECTID": 1368,
        "Keta": 1397,
        "Tochnit_Nu": "תכנית מתאר ארצית לדרכים, מס' ת/מ/א 3 (שינוי מס' 2)",
        "Tochnit_Na": "תמא/ 3/ 2",
        "Tochnit_Ty": "תמא",
        "YP_Resu_Nu": "לא נמצא",
        "YP_Resu_Da": "08/07/1984",
        "Road_No": "לא נמצא",
        "Planed_Tra": 0,
        "Status": "תוכנית מאושרת",
        "Tasrit": "tama_3_2_2.jpg",
        "Scale": "1:100000",
        "Relevance": "2",
        "Digitation": "תשריט מעוגן",
        "Notes": " ",
        "Question_N": " ",
        "TypeRoadtx": "דרך ראשית מוצעת",
        "Type_Road": 39,
        "TypeRoad_1": " ",
        "Type_Road1": 0,
        "Shape_Length": 9191.995115710126
      },
      "geometry": {
        "type": "LineString",
        "coordinates": [
          [
            191106.14400000032,
            654356.9657000005
          ],
          [
            191129.37519999966,
            654427.3048
          ],
          [
            191361.43929999974,
            655129.9432999995
          ],
          [
            191374.55179999955,
            655169.6450999994
          ],
          [
            191400.89169999957,
            655249.3964000009
          ],
          [
            191496.0990000004,
            655537.6630000006
          ],
          [
            191581.86099999957,
            655817.8189000003
          ],
          [
            191658.58029999956,
            656068.4351000004
          ],
          [
            191837.3097000001,
            656485.4704
          ],
          [
            191849.78100000042,
            656507.0872000009
          ],
          [
            191946.64940000046,
            656674.9924999997
          ],
          [
            191999.7910000002,
            656767.1045999993
          ],
          [
            192061.3923000004,
            656856.3203999996
          ],
          [
            192156.85620000027,
            656994.5784000009
          ],
          [
            192324.75349999964,
            657259.9645000007
          ],
          [
            192331.56539999973,
            657267.7052999996
          ],
          [
            192801.3652999997,
            657801.5687000006
          ],
          [
            193158.82409999985,
            658126.5313000008
          ],
          [
            193299.64120000042,
            658202.3559000008
          ],
          [
            193373.61890000012,
            658243.4546000008
          ],
          [
            193406.00370000023,
            658261.4461000003
          ],
          [
            193494.61870000046,
            658310.6766999997
          ],
          [
            193618.48460000008,
            658394.9055000003
          ],
          [
            193630.0197999999,
            658402.7493999992
          ],
          [
            193716.67640000023,
            658424.4135999996
          ],
          [
            193846.6615000004,
            658456.9099000003
          ],
          [
            193965.81439999957,
            658521.9024
          ],
          [
            194116.2494000001,
            658594.8406000007
          ],
          [
            194144.5438000001,
            658608.5591000002
          ],
          [
            194231.20050000027,
            658673.5515999999
          ],
          [
            194246.27799999993,
            658692.6497000009
          ],
          [
            194312.4411000004,
            658776.4563999996
          ],
          [
            194399.09779999964,
            658895.6093000006
          ],
          [
            194485.7544999998,
            659068.9227000009
          ],
          [
            194534.4989,
            659171.8275000006
          ],
          [
            194551.06929999962,
            659227.7526999991
          ],
          [
            194577.82720000017,
            659318.0605999995
          ],
          [
            194628.84690000024,
            659482.0524000004
          ],
          [
            194653.6518000001,
            659561.7825000007
          ],
          [
            194715.8214999996,
            659789.7381999996
          ],
          [
            194718.6442999998,
            659800.0884000007
          ],
          [
            194767.3887,
            660032.9781999998
          ],
          [
            194805.30099999998,
            660249.6198999994
          ],
          [
            194848.62930000015,
            660477.0936999992
          ],
          [
            194881.1255999999,
            660726.2315999996
          ],
          [
            194927.7489,
            661005.9711000007
          ],
          [
            194929.8700000001,
            661018.6978999991
          ],
          [
            194935.2860000003,
            661192.0112999994
          ],
          [
            194929.8700000001,
            661365.3246999998
          ],
          [
            194908.20579999965,
            661516.9737999998
          ],
          [
            194899.90890000015,
            661568.1378000006
          ],
          [
            194875.70949999988,
            661717.3673999999
          ],
          [
            194859.46140000038,
            661809.4400999993
          ],
          [
            194859.23780000024,
            661810.9414000008
          ],
          [
            194852.7070000004,
            661854.7827000003
          ],
          [
            194842.5641999999,
            661899.9640999995
          ],
          [
            194834.26559999958,
            661947.9118000008
          ],
          [
            194832.85319999978,
            661952.1275999993
          ],
          [
            194817.95629999973,
            661996.5925999992
          ],
          [
            194773.40899999999,
            662129.5595999993
          ]
        ]
      }
    },
    {
      "type": "Feature",
      "properties": {
        "OBJECTID": 1414,
        "Keta": 1443,
        "Tochnit_Nu": "תכנית מתאר ארצית לדרכים ת/מ/3א/ (שינוי מס' 27)",
        "Tochnit_Na": "תמא/ 3/ 27",
        "Tochnit_Ty": "תמא",
        "YP_Resu_Nu": "לא נמצא",
        "YP_Resu_Da": "19/08/1997",
        "Road_No": "453",
        "Planed_Tra": 0,
        "Status": "תוכנית מאושרת",
        "Tasrit": "tama_3_27.jpg",
        "Scale": "1:100000",
        "Relevance": "2",
        "Digitation": "תשריט מעוגן",
        "Notes": " ",
        "Question_N": " ",
        "TypeRoadtx": "דרך אזורית מוצעת",
        "Type_Road": 9,
        "TypeRoad_1": " ",
        "Type_Road1": 0,
        "Shape_Length": 3851.1621527723078
      },
      "geometry": {
        "type": "LineString",
        "coordinates": [
          [
            191359.1216000002,
            655267.0181000009
          ],
          [
            191400.89169999957,
            655249.3964000009
          ],
          [
            191441.5504999999,
            655232.2434999999
          ],
          [
            191665.99000000022,
            655137.5581
          ],
          [
            191881.48330000043,
            655046.6468000002
          ],
          [
            192126.34030000027,
            654973.1897
          ],
          [
            192412.00679999962,
            654883.4087000005
          ],
          [
            192779.2923999997,
            654818.1135000009
          ],
          [
            193081.28270000033,
            654769.1421000008
          ],
          [
            193093.92750000022,
            654768.5539999995
          ],
          [
            193311.84460000042,
            654758.4182999991
          ],
          [
            193432.2444000002,
            654752.8182999995
          ],
          [
            193864.82519999985,
            654752.8182999995
          ],
          [
            194354.53920000046,
            654760.9802000001
          ],
          [
            195129.91980000027,
            654801.7896999996
          ]
        ]
      }
    },
    {
      "type": "Feature",
      "properties": {
        "OBJECTID": 1415,
        "Keta": 1444,
        "Tochnit_Nu": "תכנית מתאר ארצית לדרכים ת/מ/3א/ (שינוי מס' 27)",
        "Tochnit_Na": "תמא/ 3/ 27",
        "Tochnit_Ty": "תמא",
        "YP_Resu_Nu": "לא נמצא",
        "YP_Resu_Da": "19/08/1997",
        "Road_No": "413",
        "Planed_Tra": 0,
        "Status": "תוכנית מאושרת",
        "Tasrit": "tama_3_27.jpg",
        "Scale": "1:100000",
        "Relevance": "2",
        "Digitation": "תשריט מעוגן",
        "Notes": " ",
        "Question_N": " ",
        "TypeRoadtx": "דרך פרברית מהירה מוצעת",
        "Type_Road": 35,
        "TypeRoad_1": " ",
        "Type_Road1": 0,
        "Shape_Length": 4697.259186190147
      },
      "geometry": {
        "type": "LineString",
        "coordinates": [
          [
            184728.03729999997,
            657316.0316000003
          ],
          [
            185063.33019999973,
            657593.8456999995
          ],
          [
            185141.18599999975,
            657646.7875999995
          ],
          [
            185302.82519999985,
            657756.7022999991
          ],
          [
            185379.2725999998,
            657812.2607000005
          ],
          [
            185402.77249999996,
            657829.3394000009
          ],
          [
            185500,
            657900
          ],
          [
            185791.3947999999,
            658044.0962000005
          ],
          [
            185940.39379999973,
            658118.5956999995
          ],
          [
            186059.62909999955,
            658178.2133000009
          ],
          [
            186060.33150000032,
            658178.5305000003
          ],
          [
            186356.60280000046,
            658312.3304999992
          ],
          [
            186835.59269999992,
            658494.3465999998
          ],
          [
            187199.62490000017,
            658570.9849999994
          ],
          [
            187506.1785000004,
            658695.5223999992
          ],
          [
            187589.23639999982,
            658732.8983999994
          ],
          [
            187697.77440000046,
            658781.7404999994
          ],
          [
            187985.16830000002,
            658915.8576999996
          ],
          [
            188013.8853000002,
            658931.6521000005
          ],
          [
            188125.67310000025,
            658993.1353999991
          ],
          [
            188176.7642000001,
            659021.2355000004
          ],
          [
            188416.2592000002,
            659145.7728000004
          ],
          [
            188636.59449999966,
            659260.7303999998
          ],
          [
            188827.1475999998,
            659361.4810000006
          ],
          [
            188857.2218000004,
            659377.3819999993
          ],
          [
            188900,
            659400
          ]
        ]
      }
    },
    {
      "type": "Feature",
      "properties": {
        "OBJECTID": 1416,
        "Keta": 1445,
        "Tochnit_Nu": "תכנית מתאר ארצית לדרכים ת/מ/3א/ (שינוי מס' 27)",
        "Tochnit_Na": "תמא/ 3/ 27",
        "Tochnit_Ty": "תמא",
        "YP_Resu_Nu": "לא נמצא",
        "YP_Resu_Da": "19/08/1997",
        "Road_No": "לא נמצא",
        "Planed_Tra": 0,
        "Status": "תוכנית מאושרת",
        "Tasrit": "tama_3_27.jpg",
        "Scale": "1:100000",
        "Relevance": "2",
        "Digitation": "תשריט מעוגן",
        "Notes": " ",
        "Question_N": " ",
        "TypeRoadtx": "דרך לביטול",
        "Type_Road": 49,
        "TypeRoad_1": " ",
        "Type_Road1": 0,
        "Shape_Length": 2643.9897444772123
      },
      "geometry": {
        "type": "LineString",
        "coordinates": [
          [
            188900,
            659400
          ],
          [
            188901.40419999976,
            659399.3706
          ],
          [
            189158.98089999985,
            659283.9140000008
          ],
          [
            189404.55640000012,
            659173.8368999995
          ],
          [
            189819.7229000004,
            659089.5062000006
          ],
          [
            190056.49760000035,
            659021.3929999992
          ],
          [
            190312.73309999984,
            658943.5492000002
          ],
          [
            190461.9336000001,
            658888.4099000003
          ],
          [
            190604.6470999997,
            658804.0791999996
          ],
          [
            190789.52589999977,
            658674.3397000004
          ],
          [
            191071.70940000005,
            658457.0260000005
          ],
          [
            191271.55319999997,
            658312.9079
          ]
        ]
      }
    },
    {
      "type": "Feature",
      "properties": {
        "OBJECTID": 1417,
        "Keta": 1446,
        "Tochnit_Nu": "תכנית מתאר ארצית לדרכים ת/מ/3א/ (שינוי מס' 27)",
        "Tochnit_Na": "תמא/ 3/ 27",
        "Tochnit_Ty": "תמא",
        "YP_Resu_Nu": "לא נמצא",
        "YP_Resu_Da": "19/08/1997",
        "Road_No": "461",
        "Planed_Tra": 0,
        "Status": "תוכנית מאושרת",
        "Tasrit": "tama_3_27.jpg",
        "Scale": "1:100000",
        "Relevance": "2",
        "Digitation": "תשריט מעוגן",
        "Notes": " ",
        "Question_N": " ",
        "TypeRoadtx": "דרך פרברית מהירה מוצעת",
        "Type_Road": 35,
        "TypeRoad_1": " ",
        "Type_Road1": 0,
        "Shape_Length": 2664.5790392217195
      },
      "geometry": {
        "type": "LineString",
        "coordinates": [
          [
            188900,
            659400
          ],
          [
            188902.5390999997,
            659400.9604000002
          ],
          [
            188965.1202999996,
            659424.6304000001
          ],
          [
            189120.5477,
            659483.4174000006
          ],
          [
            189146.40969999973,
            659493.1991000008
          ],
          [
            189286.4018000001,
            659515.5978999995
          ],
          [
            189387.1961000003,
            659521.1975999996
          ],
          [
            189471.19130000006,
            659521.1975999996
          ],
          [
            189571.98560000025,
            659526.7971999999
          ],
          [
            189661.58050000016,
            659526.7971999999
          ],
          [
            189739.97609999962,
            659526.7971999999
          ],
          [
            189902.3668999998,
            659498.7988000009
          ],
          [
            190053.55840000045,
            659465.2006999999
          ],
          [
            190204.74980000034,
            659403.6042
          ],
          [
            190395.13900000043,
            659336.4079999998
          ],
          [
            190635.92540000007,
            659258.0123999994
          ],
          [
            190882.31149999984,
            659196.4158999994
          ],
          [
            191067.1009999998,
            659162.8178000003
          ],
          [
            191235.0915000001,
            659162.8178000003
          ],
          [
            191339.0111999996,
            659160.5585999992
          ],
          [
            191445.67179999966,
            659158.2399000004
          ],
          [
            191453.9138000002,
            659158.0606999993
          ],
          [
            191467.12189999968,
            659157.7736000009
          ],
          [
            191492.67700000014,
            659157.2181000002
          ]
        ]
      }
    },
    {
      "type": "Feature",
      "properties": {
        "OBJECTID": 1418,
        "Keta": 1447,
        "Tochnit_Nu": "תכנית מתאר ארצית לדרכים ת/מ/3א/ (שינוי מס' 27)",
        "Tochnit_Na": "תמא/ 3/ 27",
        "Tochnit_Ty": "תמא",
        "YP_Resu_Nu": "לא נמצא",
        "YP_Resu_Da": "19/08/1997",
        "Road_No": "461",
        "Planed_Tra": 0,
        "Status": "תוכנית מאושרת",
        "Tasrit": "tama_3_27.jpg",
        "Scale": "1:100000",
        "Relevance": "2",
        "Digitation": "תשריט מעוגן",
        "Notes": " ",
        "Question_N": " ",
        "TypeRoadtx": "דרך פרברית מהירה מוצעת",
        "Type_Road": 35,
        "TypeRoad_1": "דרך פרברית מהירה מוצעת",
        "Type_Road1": 35,
        "Shape_Length": 3426.8567407093497
      },
      "geometry": {
        "type": "LineString",
        "coordinates": [
          [
            184091.32809999958,
            660598.1875
          ],
          [
            184373.5861999998,
            660515.3390999995
          ],
          [
            184800,
            660500
          ],
          [
            185216.60699999984,
            660448.6251999997
          ],
          [
            185423.7566999998,
            660421.8176000006
          ],
          [
            186030.88970000017,
            660343.2474000007
          ],
          [
            186873.91189999972,
            660189.9706999995
          ],
          [
            187481.85929999966,
            660168.6103000008
          ]
        ]
      }
    },
    {
      "type": "Feature",
      "properties": {
        "OBJECTID": 2735,
        "Keta": 2890,
        "Tochnit_Nu": "תכנית מתאר מחוזית, מחוז המרכז, מס' ת/מ/מ/3",
        "Tochnit_Na": "תממ/ 3",
        "Tochnit_Ty": "תמ\"מ",
        "YP_Resu_Nu": " ",
        "YP_Resu_Da": "31/03/1982",
        "Road_No": "לא נמצא",
        "Planed_Tra": 0,
        "Status": "תוכנית מאושרת",
        "Tasrit": "TMM3.jpg",
        "Scale": "1:50000",
        "Relevance": "2",
        "Digitation": "וקטור מקורי",
        "Notes": " ",
        "Question_N": " ",
        "TypeRoadtx": "דרך אזורית קיימת",
        "Type_Road": 13,
        "TypeRoad_1": " ",
        "Type_Road1": 0,
        "Shape_Length": 496.38610562003794
      },
      "geometry": {
        "type": "LineString",
        "coordinates": [
          [
            187459.2123999996,
            649524.3007999994
          ],
          [
            187358.75370000023,
            649769.2752
          ],
          [
            187308.54899999965,
            649891.7022999991
          ],
          [
            187270.62119999994,
            649983.4655000009
          ]
        ]
      }
    },
    {
      "type": "Feature",
      "properties": {
        "OBJECTID": 2736,
        "Keta": 2891,
        "Tochnit_Nu": "תכנית מתאר מחוזית, מחוז המרכז, מס' ת/מ/מ/3",
        "Tochnit_Na": "תממ/ 3",
        "Tochnit_Ty": "תמ\"מ",
        "YP_Resu_Nu": " ",
        "YP_Resu_Da": "31/03/1982",
        "Road_No": "44",
        "Planed_Tra": 0,
        "Status": "תוכנית מאושרת",
        "Tasrit": "TMM3.jpg",
        "Scale": "1:50000",
        "Relevance": "2",
        "Digitation": "וקטור מקורי",
        "Notes": " ",
        "Question_N": " ",
        "TypeRoadtx": "דרך ראשית קיימת",
        "Type_Road": 43,
        "TypeRoad_1": " ",
        "Type_Road1": 0,
        "Shape_Length": 722.2477580702196
      },
      "geometry": {
        "type": "LineString",
        "coordinates": [
          [
            187860.04789999966,
            649566.7489
          ],
          [
            187796.63669999968,
            649619.5462999996
          ],
          [
            187738.26669999957,
            649657.6192000005
          ],
          [
            187636.25760000013,
            649724.1564000007
          ],
          [
            187270.62119999994,
            649983.4655000009
          ]
        ]
      }
    },
    {
      "type": "Feature",
      "properties": {
        "OBJECTID": 2737,
        "Keta": 2892,
        "Tochnit_Nu": "תכנית מתאר מחוזית, מחוז המרכז, מס' ת/מ/מ/3",
        "Tochnit_Na": "תממ/ 3",
        "Tochnit_Ty": "תמ\"מ",
        "YP_Resu_Nu": " ",
        "YP_Resu_Da": "31/03/1982",
        "Road_No": "לא נמצא",
        "Planed_Tra": 0,
        "Status": "תוכנית מאושרת",
        "Tasrit": "TMM3.jpg",
        "Scale": "1:50000",
        "Relevance": "2",
        "Digitation": "וקטור מקורי",
        "Notes": " ",
        "Question_N": " ",
        "TypeRoadtx": "דרך אזורית קיימת",
        "Type_Road": 13,
        "TypeRoad_1": " ",
        "Type_Road1": 0,
        "Shape_Length": 1930.3474455189985
      },
      "geometry": {
        "type": "LineString",
        "coordinates": [
          [
            188634.12980000023,
            648520.4952000007
          ],
          [
            188641.22119999956,
            648660.7453000005
          ],
          [
            188645.18719999958,
            648739.1824999992
          ],
          [
            188686.75519999955,
            648814.7589999996
          ],
          [
            188770.7061999999,
            648967.3936999999
          ],
          [
            189243.8861999996,
            649389.1729000006
          ],
          [
            189438.12239999976,
            649654.1085999999
          ],
          [
            189689.51620000042,
            650073.0078999996
          ]
        ]
      }
    },
    {
      "type": "Feature",
      "properties": {
        "OBJECTID": 2738,
        "Keta": 2893,
        "Tochnit_Nu": "תכנית מתאר מחוזית, מחוז המרכז, מס' ת/מ/מ/3",
        "Tochnit_Na": "תממ/ 3",
        "Tochnit_Ty": "תמ\"מ",
        "YP_Resu_Nu": " ",
        "YP_Resu_Da": "31/03/1982",
        "Road_No": "לא נמצא",
        "Planed_Tra": 0,
        "Status": "תוכנית מאושרת",
        "Tasrit": "TMM3.jpg",
        "Scale": "1:50000",
        "Relevance": "2",
        "Digitation": "וקטור מקורי",
        "Notes": " ",
        "Question_N": " ",
        "TypeRoadtx": "דרך אזורית קיימת",
        "Type_Road": 13,
        "TypeRoad_1": " ",
        "Type_Road1": 0,
        "Shape_Length": 1393.5337383304745
      },
      "geometry": {
        "type": "LineString",
        "coordinates": [
          [
            187270.62119999994,
            649983.4655000009
          ],
          [
            187426.16530000046,
            650002.875
          ],
          [
            187750.3923000004,
            650043.3335999995
          ],
          [
            187983.73000000045,
            650072.4464999996
          ],
          [
            188231.6919999998,
            650253.2146000005
          ],
          [
            188598.47360000014,
            650283.5775000006
          ]
        ]
      }
    },
    {
      "type": "Feature",
      "properties": {
        "OBJECTID": 2739,
        "Keta": 2894,
        "Tochnit_Nu": "תכנית מתאר מחוזית, מחוז המרכז, מס' ת/מ/מ/3",
        "Tochnit_Na": "תממ/ 3",
        "Tochnit_Ty": "תמ\"מ",
        "YP_Resu_Nu": " ",
        "YP_Resu_Da": "31/03/1982",
        "Road_No": "לא נמצא",
        "Planed_Tra": 0,
        "Status": "תוכנית מאושרת",
        "Tasrit": "TMM3.jpg",
        "Scale": "1:50000",
        "Relevance": "2",
        "Digitation": "וקטור מקורי",
        "Notes": " ",
        "Question_N": " ",
        "TypeRoadtx": "דרך אזורית קיימת",
        "Type_Road": 13,
        "TypeRoad_1": " ",
        "Type_Road1": 0,
        "Shape_Length": 1099.7223236963507
      },
      "geometry": {
        "type": "LineString",
        "coordinates": [
          [
            188598.47360000014,
            650283.5775000006
          ],
          [
            188436.89279999956,
            650242.7642999999
          ],
          [
            188309.9336000001,
            650207.7741
          ],
          [
            188056.2489,
            649992.0217000004
          ],
          [
            187903.06149999984,
            649659.9682999998
          ],
          [
            187901.00150000025,
            649655.5030000005
          ],
          [
            187864.3245000001,
            649576.0172000006
          ],
          [
            187860.04789999966,
            649566.7489
          ]
        ]
      }
    },
    {
      "type": "Feature",
      "properties": {
        "OBJECTID": 2740,
        "Keta": 2895,
        "Tochnit_Nu": "תכנית מתאר מחוזית, מחוז המרכז, מס' ת/מ/מ/3",
        "Tochnit_Na": "תממ/ 3",
        "Tochnit_Ty": "תמ\"מ",
        "YP_Resu_Nu": " ",
        "YP_Resu_Da": "31/03/1982",
        "Road_No": "לא נמצא",
        "Planed_Tra": 0,
        "Status": "תוכנית מאושרת",
        "Tasrit": "TMM3.jpg",
        "Scale": "1:50000",
        "Relevance": "2",
        "Digitation": "וקטור מקורי",
        "Notes": " ",
        "Question_N": " ",
        "TypeRoadtx": "דרך אזורית קיימת",
        "Type_Road": 13,
        "TypeRoad_1": " ",
        "Type_Road1": 0,
        "Shape_Length": 1569.6339686610045
      },
      "geometry": {
        "type": "LineString",
        "coordinates": [
          [
            189689.51620000042,
            650073.0078999996
          ],
          [
            189620.53050000034,
            650149.3904999997
          ],
          [
            189504.90529999975,
            650254.3675999995
          ],
          [
            189469.92819999997,
            650470.1393999998
          ],
          [
            189360.0053000003,
            650627.6029000003
          ],
          [
            189123.26559999958,
            650650.9370000008
          ],
          [
            188915.51599999983,
            650598.4671
          ],
          [
            188800.25650000013,
            650464.3472000007
          ],
          [
            188598.47360000014,
            650283.5775000006
          ]
        ]
      }
    },
    {
      "type": "Feature",
      "properties": {
        "OBJECTID": 2741,
        "Keta": 2896,
        "Tochnit_Nu": "תכנית מתאר מחוזית, מחוז המרכז, מס' ת/מ/מ/3",
        "Tochnit_Na": "תממ/ 3",
        "Tochnit_Ty": "תמ\"מ",
        "YP_Resu_Nu": " ",
        "YP_Resu_Da": "31/03/1982",
        "Road_No": "412",
        "Planed_Tra": 0,
        "Status": "תוכנית מאושרת",
        "Tasrit": "TMM3.jpg",
        "Scale": "1:50000",
        "Relevance": "2",
        "Digitation": "וקטור מקורי",
        "Notes": " ",
        "Question_N": " ",
        "TypeRoadtx": "דרך אזורית קיימת",
        "Type_Road": 13,
        "TypeRoad_1": " ",
        "Type_Road1": 0,
        "Shape_Length": 1670.8009505290456
      },
      "geometry": {
        "type": "LineString",
        "coordinates": [
          [
            181180.83600000013,
            649238.7668999992
          ],
          [
            181199.3075000001,
            649378.8782000002
          ],
          [
            181261.74149999954,
            649852.4557000007
          ],
          [
            181292.9974999996,
            650068.5627999995
          ],
          [
            181322.06369999982,
            650269.5294000003
          ],
          [
            181346.8585000001,
            650403.0051000006
          ],
          [
            181372.90909999982,
            650573.3297000006
          ],
          [
            181380.5884999996,
            650623.5391000006
          ],
          [
            181421.64099999983,
            650891.9487999994
          ]
        ]
      }
    },
    {
      "type": "Feature",
      "properties": {
        "OBJECTID": 2742,
        "Keta": 2897,
        "Tochnit_Nu": "תכנית מתאר מחוזית, מחוז המרכז, מס' ת/מ/מ/3",
        "Tochnit_Na": "תממ/ 3",
        "Tochnit_Ty": "תמ\"מ",
        "YP_Resu_Nu": " ",
        "YP_Resu_Da": "31/03/1982",
        "Road_No": "לא נמצא",
        "Planed_Tra": 0,
        "Status": "תוכנית מאושרת",
        "Tasrit": "TMM3.jpg",
        "Scale": "1:50000",
        "Relevance": "2",
        "Digitation": "וקטור מקורי",
        "Notes": " ",
        "Question_N": " ",
        "TypeRoadtx": "דרך אזורית מוצעת",
        "Type_Road": 9,
        "TypeRoad_1": " ",
        "Type_Road1": 0,
        "Shape_Length": 3681.7532659041894
      },
      "geometry": {
        "type": "LineString",
        "coordinates": [
          [
            184394.56240000017,
            649004.6022999994
          ],
          [
            184328.1509999996,
            649188.6560999993
          ],
          [
            184180.42700000014,
            649536.9723000005
          ],
          [
            183975.2078999998,
            649714.4400999993
          ],
          [
            183728.10730000027,
            649921.4777000006
          ],
          [
            183443.50349999964,
            650039.7909999993
          ],
          [
            183225.61890000012,
            650103.5463999994
          ],
          [
            183133.78419999965,
            650130.4182999991
          ],
          [
            182980.56649999972,
            650188.5846999995
          ],
          [
            182948.1799999997,
            650210.8101000004
          ],
          [
            182666.5399000002,
            650404.0868999995
          ],
          [
            182508.36429999955,
            650478.8695999999
          ],
          [
            182193.91669999994,
            650615.9107000008
          ],
          [
            182163.3130999999,
            650627.2422000002
          ],
          [
            181544.89140000008,
            650856.2236000001
          ],
          [
            181463.32629999984,
            650879.8660000004
          ],
          [
            181421.64099999983,
            650891.9487999994
          ]
        ]
      }
    },
    {
      "type": "Feature",
      "properties": {
        "OBJECTID": 2743,
        "Keta": 2898,
        "Tochnit_Nu": "תכנית מתאר מחוזית, מחוז המרכז, מס' ת/מ/מ/3",
        "Tochnit_Na": "תממ/ 3",
        "Tochnit_Ty": "תמ\"מ",
        "YP_Resu_Nu": " ",
        "YP_Resu_Da": "31/03/1982",
        "Road_No": "44",
        "Planed_Tra": 0,
        "Status": "תוכנית מאושרת",
        "Tasrit": "TMM3.jpg",
        "Scale": "1:50000",
        "Relevance": "2",
        "Digitation": "וקטור מקורי",
        "Notes": " ",
        "Question_N": " ",
        "TypeRoadtx": "דרך ראשית קיימת",
        "Type_Road": 43,
        "TypeRoad_1": " ",
        "Type_Road1": 0,
        "Shape_Length": 1203.4412449684744
      },
      "geometry": {
        "type": "LineString",
        "coordinates": [
          [
            187270.62119999994,
            649983.4655000009
          ],
          [
            187267.02799999993,
            649988.2045000009
          ],
          [
            187033.0066999998,
            650296.8443999998
          ],
          [
            186840.11870000046,
            650551.2354000006
          ],
          [
            186621.36980000045,
            650990.7185999993
          ]
        ]
      }
    },
    {
      "type": "Feature",
      "properties": {
        "OBJECTID": 2744,
        "Keta": 2899,
        "Tochnit_Nu": "תכנית מתאר מחוזית, מחוז המרכז, מס' ת/מ/מ/3",
        "Tochnit_Na": "תממ/ 3",
        "Tochnit_Ty": "תמ\"מ",
        "YP_Resu_Nu": " ",
        "YP_Resu_Da": "31/03/1982",
        "Road_No": "לא נמצא",
        "Planed_Tra": 0,
        "Status": "תוכנית מאושרת",
        "Tasrit": "TMM3.jpg",
        "Scale": "1:50000",
        "Relevance": "2",
        "Digitation": "וקטור מקורי",
        "Notes": " ",
        "Question_N": " ",
        "TypeRoadtx": "דרך אזורית קיימת",
        "Type_Road": 13,
        "TypeRoad_1": " ",
        "Type_Road1": 0,
        "Shape_Length": 263.5923227116474
      },
      "geometry": {
        "type": "LineString",
        "coordinates": [
          [
            185461.5175999999,
            651358.6509000007
          ],
          [
            185724.99399999995,
            651366.4674999993
          ]
        ]
      }
    },
    {
      "type": "Feature",
      "properties": {
        "OBJECTID": 2745,
        "Keta": 2900,
        "Tochnit_Nu": "תכנית מתאר מחוזית, מחוז המרכז, מס' ת/מ/מ/3",
        "Tochnit_Na": "תממ/ 3",
        "Tochnit_Ty": "תמ\"מ",
        "YP_Resu_Nu": " ",
        "YP_Resu_Da": "31/03/1982",
        "Road_No": "לא נמצא",
        "Planed_Tra": 0,
        "Status": "תוכנית מאושרת",
        "Tasrit": "TMM3.jpg",
        "Scale": "1:50000",
        "Relevance": "2",
        "Digitation": "וקטור מקורי",
        "Notes": " ",
        "Question_N": " ",
        "TypeRoadtx": "דרך אזורית קיימת",
        "Type_Road": 13,
        "TypeRoad_1": " ",
        "Type_Road1": 0,
        "Shape_Length": 3036.7924275820124
      },
      "geometry": {
        "type": "LineString",
        "coordinates": [
          [
            184427.1350999996,
            648936.3944000006
          ],
          [
            184471.27469999995,
            649158.6249000002
          ],
          [
            184480.74619999994,
            649225.5238000005
          ],
          [
            184503.2751000002,
            649384.6490000002
          ],
          [
            184470.32400000002,
            649779.3750999998
          ],
          [
            184462.5876000002,
            649934.5653000008
          ],
          [
            184485.8267000001,
            649972.4784999993
          ],
          [
            184731.70519999973,
            650373.6143999994
          ],
          [
            184898.73890000023,
            650591.3707999997
          ],
          [
            185142.12409999967,
            650701.1248000003
          ],
          [
            185182.6579,
            650718.1179000009
          ],
          [
            185319.88049999997,
            650760.9750999995
          ],
          [
            185370.5842000004,
            650776.8107999992
          ],
          [
            185372.08160000015,
            650792.1736999992
          ],
          [
            185376.6557,
            650839.1020999998
          ],
          [
            185389.03110000025,
            650966.0687000006
          ],
          [
            185436.5362999998,
            651114.2682000007
          ],
          [
            185620.81489999965,
            651310.4997000005
          ],
          [
            185724.99399999995,
            651366.4674999993
          ]
        ]
      }
    },
    {
      "type": "Feature",
      "properties": {
        "OBJECTID": 2746,
        "Keta": 2901,
        "Tochnit_Nu": "תכנית מתאר מחוזית, מחוז המרכז, מס' ת/מ/מ/3",
        "Tochnit_Na": "תממ/ 3",
        "Tochnit_Ty": "תמ\"מ",
        "YP_Resu_Nu": " ",
        "YP_Resu_Da": "31/03/1982",
        "Road_No": "לא נמצא",
        "Planed_Tra": 0,
        "Status": "תוכנית מאושרת",
        "Tasrit": "TMM3.jpg",
        "Scale": "1:50000",
        "Relevance": "2",
        "Digitation": "וקטור מקורי",
        "Notes": " ",
        "Question_N": " ",
        "TypeRoadtx": "דרך אזורית קיימת",
        "Type_Road": 13,
        "TypeRoad_1": " ",
        "Type_Road1": 0,
        "Shape_Length": 972.0308509776535
      },
      "geometry": {
        "type": "LineString",
        "coordinates": [
          [
            185724.99399999995,
            651366.4674999993
          ],
          [
            185898.29030000046,
            651293.8246999998
          ],
          [
            186433.64389999956,
            651074.9503000006
          ],
          [
            186464.65189999994,
            651061.0372000001
          ],
          [
            186517.67679999955,
            651037.2452000007
          ],
          [
            186531.30399999954,
            651031.1306999996
          ],
          [
            186621.36980000045,
            650990.7185999993
          ]
        ]
      }
    },
    {
      "type": "Feature",
      "properties": {
        "OBJECTID": 2748,
        "Keta": 2903,
        "Tochnit_Nu": "תכנית מתאר מחוזית, מחוז המרכז, מס' ת/מ/מ/3",
        "Tochnit_Na": "תממ/ 3",
        "Tochnit_Ty": "תמ\"מ",
        "YP_Resu_Nu": " ",
        "YP_Resu_Da": "31/03/1982",
        "Road_No": "לא נמצא",
        "Planed_Tra": 0,
        "Status": "תוכנית מאושרת",
        "Tasrit": "TMM3.jpg",
        "Scale": "1:50000",
        "Relevance": "2",
        "Digitation": "וקטור מקורי",
        "Notes": " ",
        "Question_N": " ",
        "TypeRoadtx": "דרך אזורית קיימת",
        "Type_Road": 13,
        "TypeRoad_1": " ",
        "Type_Road1": 0,
        "Shape_Length": 2241.9038373868048
      },
      "geometry": {
        "type": "LineString",
        "coordinates": [
          [
            189689.51620000042,
            650073.0078999996
          ],
          [
            190111.54839999974,
            650653.2542000003
          ],
          [
            190320.17109999992,
            650833.5656000003
          ],
          [
            190410.06859999988,
            650864.3544999994
          ],
          [
            190572.2023,
            650919.8835000005
          ],
          [
            190932.95069999993,
            651062.7365000006
          ],
          [
            191156.38790000044,
            651365.5031000003
          ],
          [
            191316.78839999996,
            651491.3480999991
          ],
          [
            191327.87870000023,
            651500.0492000002
          ]
        ]
      }
    },
    {
      "type": "Feature",
      "properties": {
        "OBJECTID": 2749,
        "Keta": 2904,
        "Tochnit_Nu": "תכנית מתאר מחוזית, מחוז המרכז, מס' ת/מ/מ/3",
        "Tochnit_Na": "תממ/ 3",
        "Tochnit_Ty": "תמ\"מ",
        "YP_Resu_Nu": " ",
        "YP_Resu_Da": "31/03/1982",
        "Road_No": "6",
        "Planed_Tra": 0,
        "Status": "תוכנית מאושרת",
        "Tasrit": "TMM3.jpg",
        "Scale": "1:50000",
        "Relevance": "2",
        "Digitation": "וקטור מקורי",
        "Notes": " ",
        "Question_N": " ",
        "TypeRoadtx": "דרך מהירה מוצעת",
        "Type_Road": 16,
        "TypeRoad_1": " ",
        "Type_Road1": 0,
        "Shape_Length": 5270.761567861217
      },
      "geometry": {
        "type": "LineString",
        "coordinates": [
          [
            191327.87870000023,
            651500.0492000002
          ],
          [
            191337.30200000014,
            651440.9388999995
          ],
          [
            191343.18350000028,
            651404.0456000008
          ],
          [
            191250.0750000002,
            650738.3881999999
          ],
          [
            191132.61739999987,
            650595.7562000006
          ],
          [
            190556.51910000015,
            650262.9548000004
          ],
          [
            190075.08129999973,
            649597.3300999999
          ],
          [
            189793.41789999977,
            649109.9860999994
          ],
          [
            189429.47750000004,
            648551.3319000006
          ],
          [
            189383.6299999999,
            648427.6542000007
          ],
          [
            189283.37509999983,
            648157.2080000006
          ],
          [
            189271.87509999983,
            648126.1857999992
          ],
          [
            189208.57880000025,
            647955.4385000002
          ],
          [
            189368.67370000016,
            647506.5018000007
          ],
          [
            189532.60830000043,
            647046.7978000008
          ]
        ]
      }
    },
    {
      "type": "Feature",
      "properties": {
        "OBJECTID": 2753,
        "Keta": 2908,
        "Tochnit_Nu": "תכנית מתאר מחוזית, מחוז המרכז, מס' ת/מ/מ/3",
        "Tochnit_Na": "תממ/ 3",
        "Tochnit_Ty": "תמ\"מ",
        "YP_Resu_Nu": " ",
        "YP_Resu_Da": "31/03/1982",
        "Road_No": "לא נמצא",
        "Planed_Tra": 0,
        "Status": "תוכנית מאושרת",
        "Tasrit": "TMM3.jpg",
        "Scale": "1:50000",
        "Relevance": "2",
        "Digitation": "וקטור מקורי",
        "Notes": " ",
        "Question_N": " ",
        "TypeRoadtx": "דרך אזורית מוצעת",
        "Type_Road": 9,
        "TypeRoad_1": " ",
        "Type_Road1": 0,
        "Shape_Length": 1754.8678239481849
      },
      "geometry": {
        "type": "LineString",
        "coordinates": [
          [
            181421.64099999983,
            650891.9487999994
          ],
          [
            181376.51779999956,
            650908.1547999997
          ],
          [
            180906.27379999962,
            651077.0427999999
          ],
          [
            180550.5558000002,
            651203.8109000009
          ],
          [
            180274.33389999997,
            651313.6815000009
          ],
          [
            180086.53550000023,
            651408.1576000005
          ],
          [
            179935.83800000045,
            651488.4455999993
          ],
          [
            179925.64250000007,
            651495.3048999999
          ],
          [
            179883.93979999982,
            651523.3615000006
          ],
          [
            179810.2265999997,
            651572.9539999999
          ]
        ]
      }
    },
    {
      "type": "Feature",
      "properties": {
        "OBJECTID": 2754,
        "Keta": 2909,
        "Tochnit_Nu": "תכנית מתאר מחוזית, מחוז המרכז, מס' ת/מ/מ/3",
        "Tochnit_Na": "תממ/ 3",
        "Tochnit_Ty": "תמ\"מ",
        "YP_Resu_Nu": " ",
        "YP_Resu_Da": "31/03/1982",
        "Road_No": "לא נמצא",
        "Planed_Tra": 0,
        "Status": "תוכנית מאושרת",
        "Tasrit": "TMM3.jpg",
        "Scale": "1:50000",
        "Relevance": "2",
        "Digitation": "וקטור מקורי",
        "Notes": " ",
        "Question_N": " ",
        "TypeRoadtx": "דרך אזורית קיימת",
        "Type_Road": 13,
        "TypeRoad_1": " ",
        "Type_Road1": 0,
        "Shape_Length": 2688.1916334751404
      },
      "geometry": {
        "type": "LineString",
        "coordinates": [
          [
            191327.87870000023,
            651500.0492000002
          ],
          [
            191354.7293999996,
            651551.5295000002
          ],
          [
            191363.35960000008,
            651555.6007000003
          ],
          [
            191400.87600000016,
            651573.2982999999
          ],
          [
            191517.1183000002,
            651628.1335000005
          ],
          [
            191686.90170000028,
            651595.2939999998
          ],
          [
            191805.71590000018,
            651593.4142000005
          ],
          [
            191906.33389999997,
            651591.8222000003
          ],
          [
            191939.52740000002,
            651602.8837000001
          ],
          [
            192245.62289999984,
            651704.8882999998
          ],
          [
            192700.52500000037,
            651788.7704000007
          ],
          [
            193277.17430000007,
            651785.0181000009
          ],
          [
            193670.81620000023,
            651777.6976999994
          ],
          [
            193938.03340000007,
            651792.2741
          ]
        ]
      }
    },
    {
      "type": "Feature",
      "properties": {
        "OBJECTID": 2757,
        "Keta": 2912,
        "Tochnit_Nu": "תכנית מתאר מחוזית, מחוז המרכז, מס' ת/מ/מ/3",
        "Tochnit_Na": "תממ/ 3",
        "Tochnit_Ty": "תמ\"מ",
        "YP_Resu_Nu": " ",
        "YP_Resu_Da": "31/03/1982",
        "Road_No": "412",
        "Planed_Tra": 0,
        "Status": "תוכנית מאושרת",
        "Tasrit": "TMM3.jpg",
        "Scale": "1:50000",
        "Relevance": "2",
        "Digitation": "וקטור מקורי",
        "Notes": " ",
        "Question_N": " ",
        "TypeRoadtx": "דרך אזורית קיימת",
        "Type_Road": 13,
        "TypeRoad_1": " ",
        "Type_Road1": 0,
        "Shape_Length": 941.9499836868633
      },
      "geometry": {
        "type": "LineString",
        "coordinates": [
          [
            181421.64099999983,
            650891.9487999994
          ],
          [
            181435.24729999993,
            650983.8099000007
          ],
          [
            181470.92599999998,
            651357.3180999998
          ],
          [
            181445.01219999976,
            651639.8446999993
          ],
          [
            181441.32409999985,
            651680.0540999994
          ],
          [
            181387.31269999966,
            651819.7647999991
          ]
        ]
      }
    },
    {
      "type": "Feature",
      "properties": {
        "OBJECTID": 2760,
        "Keta": 2915,
        "Tochnit_Nu": "תכנית מתאר מחוזית, מחוז המרכז, מס' ת/מ/מ/3",
        "Tochnit_Na": "תממ/ 3",
        "Tochnit_Ty": "תמ\"מ",
        "YP_Resu_Nu": " ",
        "YP_Resu_Da": "31/03/1982",
        "Road_No": "412",
        "Planed_Tra": 0,
        "Status": "תוכנית מאושרת",
        "Tasrit": "TMM3.jpg",
        "Scale": "1:50000",
        "Relevance": "2",
        "Digitation": "וקטור מקורי",
        "Notes": " ",
        "Question_N": " ",
        "TypeRoadtx": "דרך אזורית קיימת",
        "Type_Road": 13,
        "TypeRoad_1": " ",
        "Type_Road1": 0,
        "Shape_Length": 368.5793841995007
      },
      "geometry": {
        "type": "LineString",
        "coordinates": [
          [
            181387.31269999966,
            651819.7647999991
          ],
          [
            181487.8914999999,
            652083.7924000006
          ],
          [
            181514.74629999977,
            652154.2885999996
          ],
          [
            181518.52159999963,
            652164.1991000008
          ]
        ]
      }
    },
    {
      "type": "Feature",
      "properties": {
        "OBJECTID": 2761,
        "Keta": 2916,
        "Tochnit_Nu": "תכנית מתאר מחוזית, מחוז המרכז, מס' ת/מ/מ/3",
        "Tochnit_Na": "תממ/ 3",
        "Tochnit_Ty": "תמ\"מ",
        "YP_Resu_Nu": " ",
        "YP_Resu_Da": "31/03/1982",
        "Road_No": "לא נמצא",
        "Planed_Tra": 0,
        "Status": "תוכנית מאושרת",
        "Tasrit": "TMM3.jpg",
        "Scale": "1:50000",
        "Relevance": "2",
        "Digitation": "וקטור מקורי",
        "Notes": " ",
        "Question_N": " ",
        "TypeRoadtx": "דרך אזורית קיימת",
        "Type_Road": 13,
        "TypeRoad_1": " ",
        "Type_Road1": 0,
        "Shape_Length": 4343.935934020851
      },
      "geometry": {
        "type": "LineString",
        "coordinates": [
          [
            181518.52159999963,
            652164.1991000008
          ],
          [
            181604.4216,
            652152.4715999998
          ],
          [
            181786.96490000002,
            652127.5500000007
          ],
          [
            181805.32270000037,
            652125.0437000003
          ],
          [
            182262.48610000033,
            652171.9900000002
          ],
          [
            182339.21600000001,
            652185.6668999996
          ],
          [
            182525.8986999998,
            652218.9425000008
          ],
          [
            182748.8119000001,
            652226.5606999993
          ],
          [
            182865.95199999958,
            652230.5640999991
          ],
          [
            182983.1091,
            652234.568
          ],
          [
            183071.36349999998,
            652195.8571000006
          ],
          [
            183198.71520000044,
            652139.9970999993
          ],
          [
            183269.4358000001,
            652108.977
          ],
          [
            183476.5588999996,
            652031.9924999997
          ],
          [
            183786.6512000002,
            651961.5255999994
          ],
          [
            183941.6821999997,
            651938.0249000005
          ],
          [
            184174.1967000002,
            651922.3570000008
          ],
          [
            184437.80080000032,
            651851.8915999997
          ],
          [
            184569.62480000034,
            651797.0909000002
          ],
          [
            184685.78110000025,
            651859.7086999994
          ],
          [
            184825.30599999987,
            651836.2085999995
          ],
          [
            184887.4347000001,
            651750.0994000006
          ],
          [
            184934.22530000005,
            651562.2230999991
          ],
          [
            184980.9285000004,
            651429.1333000008
          ],
          [
            185058.50629999954,
            651374.3344
          ],
          [
            185384.01049999986,
            651366.4886000007
          ],
          [
            185461.5175999999,
            651358.6509000007
          ]
        ]
      }
    },
    {
      "type": "Feature",
      "properties": {
        "OBJECTID": 2764,
        "Keta": 2919,
        "Tochnit_Nu": "תכנית מתאר מחוזית, מחוז המרכז, מס' ת/מ/מ/3",
        "Tochnit_Na": "תממ/ 3",
        "Tochnit_Ty": "תמ\"מ",
        "YP_Resu_Nu": " ",
        "YP_Resu_Da": "31/03/1982",
        "Road_No": "לא נמצא",
        "Planed_Tra": 0,
        "Status": "תוכנית מאושרת",
        "Tasrit": "TMM3.jpg",
        "Scale": "1:50000",
        "Relevance": "2",
        "Digitation": "וקטור מקורי",
        "Notes": " ",
        "Question_N": " ",
        "TypeRoadtx": "דרך אזורית קיימת",
        "Type_Road": 13,
        "TypeRoad_1": " ",
        "Type_Road1": 0,
        "Shape_Length": 2398.5056277126428
      },
      "geometry": {
        "type": "LineString",
        "coordinates": [
          [
            185461.5175999999,
            651358.6509000007
          ],
          [
            185302.892,
            651664.0184000004
          ],
          [
            185085.64499999955,
            651828.4245999996
          ],
          [
            184965.12909999955,
            651972.2292
          ],
          [
            184685.92370000016,
            652324.0840000007
          ],
          [
            184623.54289999977,
            652574.5922999997
          ],
          [
            184840.50430000015,
            652590.2356000002
          ],
          [
            185057.42870000005,
            652637.1996999998
          ],
          [
            185251.70320000034,
            652764.7860000003
          ],
          [
            185355.7818,
            652832.1431000009
          ],
          [
            185421.26300000027,
            652895.5091999993
          ]
        ]
      }
    },
    {
      "type": "Feature",
      "properties": {
        "OBJECTID": 2765,
        "Keta": 2920,
        "Tochnit_Nu": "תכנית מתאר מחוזית, מחוז המרכז, מס' ת/מ/מ/3",
        "Tochnit_Na": "תממ/ 3",
        "Tochnit_Ty": "תמ\"מ",
        "YP_Resu_Nu": " ",
        "YP_Resu_Da": "31/03/1982",
        "Road_No": "44",
        "Planed_Tra": 0,
        "Status": "תוכנית מאושרת",
        "Tasrit": "TMM3.jpg",
        "Scale": "1:50000",
        "Relevance": "2",
        "Digitation": "וקטור מקורי",
        "Notes": " ",
        "Question_N": " ",
        "TypeRoadtx": "דרך ראשית קיימת",
        "Type_Road": 43,
        "TypeRoad_1": " ",
        "Type_Road1": 0,
        "Shape_Length": 2262.135630113754
      },
      "geometry": {
        "type": "LineString",
        "coordinates": [
          [
            186621.36980000045,
            650990.7185999993
          ],
          [
            186522.7390999999,
            651186.2923000008
          ],
          [
            186318.98849999998,
            651644.0736999996
          ],
          [
            186220.32809999958,
            651768.5932999998
          ],
          [
            185906.05140000023,
            652268.3318000007
          ],
          [
            185781.54200000037,
            652438.9274000004
          ],
          [
            185560.08949999977,
            652719.5743000004
          ],
          [
            185498.73589999974,
            652797.3278000001
          ],
          [
            185490.95459999982,
            652807.1889999993
          ],
          [
            185421.26300000027,
            652895.5091999993
          ]
        ]
      }
    },
    {
      "type": "Feature",
      "properties": {
        "OBJECTID": 2766,
        "Keta": 2921,
        "Tochnit_Nu": "תכנית מתאר מחוזית, מחוז המרכז, מס' ת/מ/מ/3",
        "Tochnit_Na": "תממ/ 3",
        "Tochnit_Ty": "תמ\"מ",
        "YP_Resu_Nu": " ",
        "YP_Resu_Da": "31/03/1982",
        "Road_No": "6",
        "Planed_Tra": 0,
        "Status": "תוכנית מאושרת",
        "Tasrit": "TMM3.jpg",
        "Scale": "1:50000",
        "Relevance": "2",
        "Digitation": "וקטור מקורי",
        "Notes": " ",
        "Question_N": " ",
        "TypeRoadtx": "דרך מהירה מוצעת",
        "Type_Road": 16,
        "TypeRoad_1": " ",
        "Type_Road1": 0,
        "Shape_Length": 2370.072064510624
      },
      "geometry": {
        "type": "LineString",
        "coordinates": [
          [
            191191.19510000013,
            653830.2136000004
          ],
          [
            191190.84520000033,
            653827.8929999992
          ],
          [
            191182.64169999957,
            653773.4781999998
          ],
          [
            191136.34979999997,
            653466.4175000004
          ],
          [
            191081.69079999998,
            653103.8566999994
          ],
          [
            191058.76429999992,
            652711.5914999992
          ],
          [
            191086.4802000001,
            652535.3909000009
          ],
          [
            191132.50490000006,
            652242.7934000008
          ],
          [
            191313.01449999958,
            651556.5578000005
          ],
          [
            191327.87870000023,
            651500.0492000002
          ]
        ]
      }
    },
    {
      "type": "Feature",
      "properties": {
        "OBJECTID": 2767,
        "Keta": 2922,
        "Tochnit_Nu": "תכנית מתאר מחוזית, מחוז המרכז, מס' ת/מ/מ/3",
        "Tochnit_Na": "תממ/ 3",
        "Tochnit_Ty": "תמ\"מ",
        "YP_Resu_Nu": " ",
        "YP_Resu_Da": "31/03/1982",
        "Road_No": "1",
        "Planed_Tra": 0,
        "Status": "תוכנית מאושרת",
        "Tasrit": "TMM3.jpg",
        "Scale": "1:50000",
        "Relevance": "2",
        "Digitation": "וקטור מקורי",
        "Notes": " ",
        "Question_N": " ",
        "TypeRoadtx": "דרך מהירה קיימת",
        "Type_Road": 19,
        "TypeRoad_1": " ",
        "Type_Road1": 0,
        "Shape_Length": 3587.1716754571235
      },
      "geometry": {
        "type": "LineString",
        "coordinates": [
          [
            193938.03340000007,
            651792.2741
          ],
          [
            193938.23230000027,
            651794.3997000009
          ],
          [
            193964.7999999998,
            652078.3712000009
          ],
          [
            193866.3015999999,
            652216.2613999993
          ],
          [
            193543.87100000028,
            652409.3136999998
          ],
          [
            193174.74320000038,
            652604.7800999992
          ],
          [
            192977.25289999973,
            652709.3583000004
          ],
          [
            192440.98000000045,
            653004.1652000006
          ],
          [
            191736.78000000026,
            653409.8646000009
          ],
          [
            191485.22049999982,
            653603.6799999997
          ],
          [
            191191.19510000013,
            653830.2136000004
          ]
        ]
      }
    },
    {
      "type": "Feature",
      "properties": {
        "OBJECTID": 2768,
        "Keta": 2923,
        "Tochnit_Nu": "תכנית מתאר מחוזית, מחוז המרכז, מס' ת/מ/מ/3",
        "Tochnit_Na": "תממ/ 3",
        "Tochnit_Ty": "תמ\"מ",
        "YP_Resu_Nu": " ",
        "YP_Resu_Da": "31/03/1982",
        "Road_No": "4",
        "Planed_Tra": 0,
        "Status": "תוכנית מאושרת",
        "Tasrit": "TMM3.jpg",
        "Scale": "1:50000",
        "Relevance": "2",
        "Digitation": "וקטור מקורי",
        "Notes": " ",
        "Question_N": " ",
        "TypeRoadtx": "דרך מהירה קיימת",
        "Type_Road": 19,
        "TypeRoad_1": " ",
        "Type_Road1": 0,
        "Shape_Length": 1763.3077507141343
      },
      "geometry": {
        "type": "LineString",
        "coordinates": [
          [
            180584.51570000034,
            654066.0440999996
          ],
          [
            180494.23809999973,
            653836.5829000007
          ],
          [
            180437.34190000035,
            653691.9682999998
          ],
          [
            180071.64130000025,
            652762.4568000007
          ],
          [
            179894.32180000003,
            652492.6856999993
          ],
          [
            179872.55489999987,
            652459.5700000003
          ]
        ]
      }
    },
    {
      "type": "Feature",
      "properties": {
        "OBJECTID": 2769,
        "Keta": 2924,
        "Tochnit_Nu": "תכנית מתאר מחוזית, מחוז המרכז, מס' ת/מ/מ/3",
        "Tochnit_Na": "תממ/ 3",
        "Tochnit_Ty": "תמ\"מ",
        "YP_Resu_Nu": " ",
        "YP_Resu_Da": "31/03/1982",
        "Road_No": "לא נמצא",
        "Planed_Tra": 0,
        "Status": "תוכנית מאושרת",
        "Tasrit": "TMM3.jpg",
        "Scale": "1:50000",
        "Relevance": "2",
        "Digitation": "וקטור מקורי",
        "Notes": " ",
        "Question_N": " ",
        "TypeRoadtx": "דרך אזורית קיימת",
        "Type_Road": 13,
        "TypeRoad_1": " ",
        "Type_Road1": 0,
        "Shape_Length": 2431.8400997159038
      },
      "geometry": {
        "type": "LineString",
        "coordinates": [
          [
            180584.51570000034,
            654066.0440999996
          ],
          [
            180755.01169999968,
            653875.8242000006
          ],
          [
            180862.85219999962,
            653711.7332000006
          ],
          [
            180937.57579999976,
            653598.0331999995
          ],
          [
            181009.21559999976,
            653457.3364000004
          ],
          [
            181055.24509999994,
            653249.5448000003
          ],
          [
            181117.09860000014,
            652970.3181999996
          ],
          [
            181174.8674999997,
            652562.6687000003
          ],
          [
            181251.28610000014,
            652174.2929999996
          ],
          [
            181322.4611999998,
            651988.7881000005
          ],
          [
            181387.31269999966,
            651819.7647999991
          ]
        ]
      }
    },
    {
      "type": "Feature",
      "properties": {
        "OBJECTID": 2772,
        "Keta": 2927,
        "Tochnit_Nu": "תכנית מתאר מחוזית, מחוז המרכז, מס' ת/מ/מ/3",
        "Tochnit_Na": "תממ/ 3",
        "Tochnit_Ty": "תמ\"מ",
        "YP_Resu_Nu": " ",
        "YP_Resu_Da": "31/03/1982",
        "Road_No": "6",
        "Planed_Tra": 0,
        "Status": "תוכנית מאושרת",
        "Tasrit": "TMM3.jpg",
        "Scale": "1:50000",
        "Relevance": "2",
        "Digitation": "וקטור מקורי",
        "Notes": " ",
        "Question_N": " ",
        "TypeRoadtx": "דרך מהירה מוצעת",
        "Type_Road": 16,
        "TypeRoad_1": " ",
        "Type_Road1": 0,
        "Shape_Length": 1342.7561715290356
      },
      "geometry": {
        "type": "LineString",
        "coordinates": [
          [
            191401.69460000005,
            655156.3606000002
          ],
          [
            191391.07430000044,
            655091.7386000007
          ],
          [
            191346.71630000044,
            654821.8297000006
          ],
          [
            191191.19510000013,
            653830.2136000004
          ]
        ]
      }
    },
    {
      "type": "Feature",
      "properties": {
        "OBJECTID": 2773,
        "Keta": 2928,
        "Tochnit_Nu": "תכנית מתאר מחוזית, מחוז המרכז, מס' ת/מ/מ/3",
        "Tochnit_Na": "תממ/ 3",
        "Tochnit_Ty": "תמ\"מ",
        "YP_Resu_Nu": " ",
        "YP_Resu_Da": "31/03/1982",
        "Road_No": "453",
        "Planed_Tra": 0,
        "Status": "תוכנית מאושרת",
        "Tasrit": "TMM3.jpg",
        "Scale": "1:50000",
        "Relevance": "2",
        "Digitation": "וקטור מקורי",
        "Notes": " ",
        "Question_N": " ",
        "TypeRoadtx": "דרך אזורית קיימת",
        "Type_Road": 13,
        "TypeRoad_1": " ",
        "Type_Road1": 0,
        "Shape_Length": 4511.846098801532
      },
      "geometry": {
        "type": "LineString",
        "coordinates": [
          [
            195565.63150000013,
            654616.0061000008
          ],
          [
            195556.87530000042,
            654613.7942999993
          ],
          [
            195514.04569999967,
            654602.9757000003
          ],
          [
            195470.34279999975,
            654637.0521000009
          ],
          [
            195371.95529999956,
            654713.7677999996
          ],
          [
            195093.14209999982,
            654662.9159999993
          ],
          [
            194801.3071999997,
            654609.6893000007
          ],
          [
            194630.9310999997,
            654574.7204
          ],
          [
            194436.8191999998,
            654537.8706
          ],
          [
            194265.66399999987,
            654567.3452000003
          ],
          [
            193794.0038999999,
            654658.1171000004
          ],
          [
            193571.92810000014,
            654702.4870999996
          ],
          [
            193311.84460000042,
            654758.4182999991
          ],
          [
            193152.6185999997,
            654792.6600000001
          ],
          [
            193093.92750000022,
            654768.5539999995
          ],
          [
            193024.4031999996,
            654739.9984000009
          ],
          [
            192695.5423999997,
            654625.5977999996
          ],
          [
            192133.80260000005,
            654677.7941999994
          ],
          [
            191981.61390000023,
            654713.3213
          ],
          [
            191680.63719999976,
            654738.1568999998
          ],
          [
            191666.82990000024,
            654739.2961999997
          ],
          [
            191652.95309999958,
            654759.8752999995
          ],
          [
            191620.3384999996,
            654808.2424999997
          ],
          [
            191508.3055999996,
            654974.3860999998
          ],
          [
            191401.69460000005,
            655156.3606000002
          ]
        ]
      }
    },
    {
      "type": "Feature",
      "properties": {
        "OBJECTID": 2775,
        "Keta": 2930,
        "Tochnit_Nu": "תכנית מתאר מחוזית, מחוז המרכז, מס' ת/מ/מ/3",
        "Tochnit_Na": "תממ/ 3",
        "Tochnit_Ty": "תמ\"מ",
        "YP_Resu_Nu": " ",
        "YP_Resu_Da": "31/03/1982",
        "Road_No": "4",
        "Planed_Tra": 0,
        "Status": "תוכנית מאושרת",
        "Tasrit": "TMM3.jpg",
        "Scale": "1:50000",
        "Relevance": "2",
        "Digitation": "וקטור מקורי",
        "Notes": " ",
        "Question_N": " ",
        "TypeRoadtx": "דרך מהירה קיימת",
        "Type_Road": 19,
        "TypeRoad_1": " ",
        "Type_Road1": 0,
        "Shape_Length": 2065.1782377661084
      },
      "geometry": {
        "type": "LineString",
        "coordinates": [
          [
            181328.73330000043,
            655989.6161000002
          ],
          [
            181311.0711000003,
            655966.6698000003
          ],
          [
            181256.2472000001,
            655830.8836000003
          ],
          [
            181070.39809999987,
            655370.5779999997
          ],
          [
            181057.18030000012,
            655296.2687999997
          ],
          [
            180828.19400000013,
            654700.2763
          ],
          [
            180584.51570000034,
            654066.0440999996
          ]
        ]
      }
    },
    {
      "type": "Feature",
      "properties": {
        "OBJECTID": 2780,
        "Keta": 2935,
        "Tochnit_Nu": "תכנית מתאר מחוזית, מחוז המרכז, מס' ת/מ/מ/3",
        "Tochnit_Na": "תממ/ 3",
        "Tochnit_Ty": "תמ\"מ",
        "YP_Resu_Nu": " ",
        "YP_Resu_Da": "31/03/1982",
        "Road_No": "412",
        "Planed_Tra": 0,
        "Status": "תוכנית מאושרת",
        "Tasrit": "TMM3.jpg",
        "Scale": "1:50000",
        "Relevance": "2",
        "Digitation": "וקטור מקורי",
        "Notes": " ",
        "Question_N": " ",
        "TypeRoadtx": "דרך אזורית קיימת",
        "Type_Road": 13,
        "TypeRoad_1": " ",
        "Type_Road1": 0,
        "Shape_Length": 4863.110396674018
      },
      "geometry": {
        "type": "LineString",
        "coordinates": [
          [
            181518.52159999963,
            652164.1991000008
          ],
          [
            181500.92480000015,
            652314.5336000007
          ],
          [
            181460.46250000037,
            652660.2157000005
          ],
          [
            181690.54480000027,
            653025.4145999998
          ],
          [
            181744.3975999998,
            653110.8925999999
          ],
          [
            181769.0153000001,
            653193.0245999992
          ],
          [
            181851.53670000006,
            653468.3398000002
          ],
          [
            181988.84009999968,
            653885.0326000005
          ],
          [
            182203.6277999999,
            654618.3552000001
          ],
          [
            182326.04459999967,
            655053.4965000004
          ],
          [
            182417.86149999965,
            655372.0869999994
          ],
          [
            182563.62409999967,
            655616.4072999991
          ],
          [
            182640.3797000004,
            655745.0614
          ],
          [
            182691.75439999998,
            655790.5182000007
          ],
          [
            182919.9444000004,
            655992.4223999996
          ],
          [
            183073.3217000002,
            656112.2247000001
          ],
          [
            183128.10360000003,
            656288.1689999998
          ],
          [
            183211.74069999997,
            656556.7885999996
          ],
          [
            183212.81170000043,
            656560.2282999996
          ]
        ]
      }
    },
    {
      "type": "Feature",
      "properties": {
        "OBJECTID": 2781,
        "Keta": 2936,
        "Tochnit_Nu": "תכנית מתאר מחוזית, מחוז המרכז, מס' ת/מ/מ/3",
        "Tochnit_Na": "תממ/ 3",
        "Tochnit_Ty": "תמ\"מ",
        "YP_Resu_Nu": " ",
        "YP_Resu_Da": "31/03/1982",
        "Road_No": "44",
        "Planed_Tra": 0,
        "Status": "תוכנית מאושרת",
        "Tasrit": "TMM3.jpg",
        "Scale": "1:50000",
        "Relevance": "2",
        "Digitation": "וקטור מקורי",
        "Notes": " ",
        "Question_N": " ",
        "TypeRoadtx": "דרך ראשית קיימת",
        "Type_Road": 43,
        "TypeRoad_1": " ",
        "Type_Road1": 0,
        "Shape_Length": 4281.899745690018
      },
      "geometry": {
        "type": "LineString",
        "coordinates": [
          [
            185421.26300000027,
            652895.5091999993
          ],
          [
            185367.6930999998,
            652965.6392000001
          ],
          [
            185117.32660000026,
            653410.1263999995
          ],
          [
            185007.70110000018,
            653604.7495000008
          ],
          [
            184736.27720000036,
            654059.5562999994
          ],
          [
            184701.94189999998,
            654122.7403999995
          ],
          [
            184302.07519999985,
            654858.5780999996
          ],
          [
            184151.09410000034,
            655086.9730999991
          ],
          [
            183946.71879999992,
            655396.1396999992
          ],
          [
            183638.80379999988,
            655864.4160999991
          ],
          [
            183592.79700000025,
            655934.3830999993
          ],
          [
            183484.2455000002,
            656099.4679000005
          ],
          [
            183301.33519999962,
            656396.7323000003
          ],
          [
            183268.8931,
            656456.6502999999
          ],
          [
            183237.1102,
            656515.3508000001
          ],
          [
            183212.81170000043,
            656560.2282999996
          ]
        ]
      }
    },
    {
      "type": "Feature",
      "properties": {
        "OBJECTID": 2784,
        "Keta": 2939,
        "Tochnit_Nu": "תכנית מתאר מחוזית, מחוז המרכז, מס' ת/מ/מ/3",
        "Tochnit_Na": "תממ/ 3",
        "Tochnit_Ty": "תמ\"מ",
        "YP_Resu_Nu": " ",
        "YP_Resu_Da": "31/03/1982",
        "Road_No": "6",
        "Planed_Tra": 0,
        "Status": "תוכנית מאושרת",
        "Tasrit": "TMM3.jpg",
        "Scale": "1:50000",
        "Relevance": "2",
        "Digitation": "וקטור מקורי",
        "Notes": " ",
        "Question_N": " ",
        "TypeRoadtx": "דרך מהירה מוצעת",
        "Type_Road": 16,
        "TypeRoad_1": " ",
        "Type_Road1": 0,
        "Shape_Length": 1777.9507315144954
      },
      "geometry": {
        "type": "LineString",
        "coordinates": [
          [
            192093.48249999993,
            656792.4437000006
          ],
          [
            191878.03579999972,
            656242.466
          ],
          [
            191837.57050000038,
            656134.5559999999
          ],
          [
            191707.96310000028,
            655788.9280999992
          ],
          [
            191465.84869999997,
            655278.5054000001
          ],
          [
            191441.5504999999,
            655232.2434999999
          ],
          [
            191401.69460000005,
            655156.3606000002
          ]
        ]
      }
    },
    {
      "type": "Feature",
      "properties": {
        "OBJECTID": 2785,
        "Keta": 2940,
        "Tochnit_Nu": "תכנית מתאר מחוזית, מחוז המרכז, מס' ת/מ/מ/3",
        "Tochnit_Na": "תממ/ 3",
        "Tochnit_Ty": "תמ\"מ",
        "YP_Resu_Nu": " ",
        "YP_Resu_Da": "31/03/1982",
        "Road_No": "412",
        "Planed_Tra": 0,
        "Status": "תוכנית מאושרת",
        "Tasrit": "TMM3.jpg",
        "Scale": "1:50000",
        "Relevance": "2",
        "Digitation": "וקטור מקורי",
        "Notes": " ",
        "Question_N": " ",
        "TypeRoadtx": "דרך אזורית קיימת",
        "Type_Road": 13,
        "TypeRoad_1": " ",
        "Type_Road1": 0,
        "Shape_Length": 1715.5446305320895
      },
      "geometry": {
        "type": "LineString",
        "coordinates": [
          [
            183212.81170000043,
            656560.2282999996
          ],
          [
            183223.9057,
            656562.7918999996
          ],
          [
            183574.83669999987,
            656643.8844000008
          ],
          [
            183625.65270000044,
            656815.8681000005
          ],
          [
            183821.25569999963,
            656944.8482000008
          ],
          [
            184344.64800000004,
            657060.9148999993
          ],
          [
            184517.24600000028,
            657112.6293000001
          ],
          [
            184519.1765999999,
            657115.2348999996
          ],
          [
            184617.16530000046,
            657247.4802000001
          ],
          [
            184644.68479999993,
            657284.6205000002
          ]
        ]
      }
    },
    {
      "type": "Feature",
      "properties": {
        "OBJECTID": 2786,
        "Keta": 2941,
        "Tochnit_Nu": "תכנית מתאר מחוזית, מחוז המרכז, מס' ת/מ/מ/3",
        "Tochnit_Na": "תממ/ 3",
        "Tochnit_Ty": "תמ\"מ",
        "YP_Resu_Nu": " ",
        "YP_Resu_Da": "31/03/1982",
        "Road_No": "1",
        "Planed_Tra": 0,
        "Status": "תוכנית מאושרת",
        "Tasrit": "TMM3.jpg",
        "Scale": "1:50000",
        "Relevance": "2",
        "Digitation": "וקטור מקורי",
        "Notes": " ",
        "Question_N": " ",
        "TypeRoadtx": "דרך מהירה קיימת",
        "Type_Road": 19,
        "TypeRoad_1": " ",
        "Type_Road1": 0,
        "Shape_Length": 8146.791028105854
      },
      "geometry": {
        "type": "LineString",
        "coordinates": [
          [
            191191.19510000013,
            653830.2136000004
          ],
          [
            191151.79370000027,
            653863.1757999994
          ],
          [
            191100.53039999958,
            653906.0613000002
          ],
          [
            190922.26669999957,
            654055.1921999995
          ],
          [
            190782.2790000001,
            654196.9273000006
          ],
          [
            190702.27579999994,
            654277.9291999992
          ],
          [
            190339.05009999964,
            654553.5556000005
          ],
          [
            190260.25050000008,
            654587.6502
          ],
          [
            190071.3342000004,
            654669.3893999998
          ],
          [
            189992.62210000027,
            654705.3377
          ],
          [
            189841.8613,
            654774.1909999996
          ],
          [
            189759.27610000037,
            654839.2901000008
          ],
          [
            189666.92960000038,
            654912.0836999994
          ],
          [
            189491.45639999956,
            655101.5272000004
          ],
          [
            189207.4938000003,
            655494.0955999997
          ],
          [
            189111.03139999975,
            655627.4514000006
          ],
          [
            188873.81989999954,
            655838.6899999995
          ],
          [
            188645.43039999995,
            655971.0391000006
          ],
          [
            188454.2773000002,
            656009.6536999997
          ],
          [
            188283.0423999997,
            655955.2765999995
          ],
          [
            188263.27639999986,
            655948.9997000005
          ],
          [
            188213.27969999984,
            655922.1972000003
          ],
          [
            187903.22149999999,
            655755.9796999991
          ],
          [
            187873.61710000038,
            655742.6817000005
          ],
          [
            187504.19680000003,
            655576.7419000007
          ],
          [
            187363.06329999957,
            655513.3462000005
          ],
          [
            187139.29530000035,
            655452.6832999997
          ],
          [
            187076.54459999967,
            655454.7337999996
          ],
          [
            186970.03440000024,
            655458.2142999992
          ],
          [
            186784.31379999965,
            655513.3751999997
          ],
          [
            186724.50710000005,
            655573.6959000006
          ],
          [
            186662.16959999967,
            655636.5691999998
          ],
          [
            186483.5477,
            655816.7262999993
          ],
          [
            186199.26269999985,
            656059.4167
          ],
          [
            185926.3395999996,
            656286.7548999991
          ],
          [
            184877.6375000002,
            657102.5523000006
          ],
          [
            184756.61330000032,
            657197.2222000007
          ],
          [
            184688.50299999956,
            657250.5007000007
          ],
          [
            184644.68479999993,
            657284.6205000002
          ]
        ]
      }
    },
    {
      "type": "Feature",
      "properties": {
        "OBJECTID": 2787,
        "Keta": 2942,
        "Tochnit_Nu": "תכנית מתאר מחוזית, מחוז המרכז, מס' ת/מ/מ/3",
        "Tochnit_Na": "תממ/ 3",
        "Tochnit_Ty": "תמ\"מ",
        "YP_Resu_Nu": " ",
        "YP_Resu_Da": "31/03/1982",
        "Road_No": "44",
        "Planed_Tra": 0,
        "Status": "תוכנית מאושרת",
        "Tasrit": "TMM3.jpg",
        "Scale": "1:50000",
        "Relevance": "2",
        "Digitation": "וקטור מקורי",
        "Notes": " ",
        "Question_N": " ",
        "TypeRoadtx": "דרך ראשית קיימת",
        "Type_Road": 43,
        "TypeRoad_1": " ",
        "Type_Road1": 0,
        "Shape_Length": 974.7368746301845
      },
      "geometry": {
        "type": "LineString",
        "coordinates": [
          [
            183212.81170000043,
            656560.2282999996
          ],
          [
            183168.0722000003,
            656628.1153999995
          ],
          [
            182803.06149999984,
            657181.9773999993
          ],
          [
            182679.05989999976,
            657375.8197000008
          ]
        ]
      }
    },
    {
      "type": "Feature",
      "properties": {
        "OBJECTID": 2789,
        "Keta": 2944,
        "Tochnit_Nu": "תכנית מתאר מחוזית, מחוז המרכז, מס' ת/מ/מ/3",
        "Tochnit_Na": "תממ/ 3",
        "Tochnit_Ty": "תמ\"מ",
        "YP_Resu_Nu": " ",
        "YP_Resu_Da": "31/03/1982",
        "Road_No": "40",
        "Planed_Tra": 0,
        "Status": "תוכנית מאושרת",
        "Tasrit": "TMM3.jpg",
        "Scale": "1:50000",
        "Relevance": "2",
        "Digitation": "וקטור מקורי",
        "Notes": " ",
        "Question_N": " ",
        "TypeRoadtx": "דרך ראשית מוצעת",
        "Type_Road": 39,
        "TypeRoad_1": " ",
        "Type_Road1": 0,
        "Shape_Length": 1598.695046237901
      },
      "geometry": {
        "type": "LineString",
        "coordinates": [
          [
            191590.94120000023,
            658301.3814000003
          ],
          [
            191707.95160000026,
            657721.4060999993
          ],
          [
            191825.54640000034,
            657408.0661999993
          ],
          [
            191829.32699999958,
            657397.9923999999
          ],
          [
            191947.62540000025,
            657082.7775999997
          ],
          [
            192024.84609999973,
            656929.0669999998
          ],
          [
            192028.77529999986,
            656921.2457999997
          ],
          [
            192061.3923000004,
            656856.3203999996
          ],
          [
            192093.48249999993,
            656792.4437000006
          ]
        ]
      }
    },
    {
      "type": "Feature",
      "properties": {
        "OBJECTID": 2790,
        "Keta": 2945,
        "Tochnit_Nu": "תכנית מתאר מחוזית, מחוז המרכז, מס' ת/מ/מ/3",
        "Tochnit_Na": "תממ/ 3",
        "Tochnit_Ty": "תמ\"מ",
        "YP_Resu_Nu": " ",
        "YP_Resu_Da": "31/03/1982",
        "Road_No": "לא נמצא",
        "Planed_Tra": 0,
        "Status": "תוכנית מאושרת",
        "Tasrit": "TMM3.jpg",
        "Scale": "1:50000",
        "Relevance": "2",
        "Digitation": "וקטור מקורי",
        "Notes": " ",
        "Question_N": " ",
        "TypeRoadtx": "דרך אזורית קיימת",
        "Type_Road": 13,
        "TypeRoad_1": " ",
        "Type_Road1": 0,
        "Shape_Length": 3380.3486242576455
      },
      "geometry": {
        "type": "LineString",
        "coordinates": [
          [
            191401.69460000005,
            655156.3606000002
          ],
          [
            191374.55179999955,
            655169.6450999994
          ],
          [
            191323.46140000038,
            655194.6502999999
          ],
          [
            191188.6442999998,
            655260.6339999996
          ],
          [
            191085.2720999997,
            655358.3926999997
          ],
          [
            191106.8080000002,
            655540.4127999991
          ],
          [
            191199.23560000025,
            656020.5648999996
          ],
          [
            191308.48419999983,
            657039.6305
          ],
          [
            191287.94660000037,
            658275.6656999998
          ],
          [
            191290.39010000043,
            658304.8751999997
          ],
          [
            191293.57409999985,
            658342.9364
          ]
        ]
      }
    },
    {
      "type": "Feature",
      "properties": {
        "OBJECTID": 2791,
        "Keta": 2946,
        "Tochnit_Nu": "תכנית מתאר מחוזית, מחוז המרכז, מס' ת/מ/מ/3",
        "Tochnit_Na": "תממ/ 3",
        "Tochnit_Ty": "תמ\"מ",
        "YP_Resu_Nu": " ",
        "YP_Resu_Da": "31/03/1982",
        "Road_No": "לא נמצא",
        "Planed_Tra": 0,
        "Status": "תוכנית מאושרת",
        "Tasrit": "TMM3.jpg",
        "Scale": "1:50000",
        "Relevance": "2",
        "Digitation": "וקטור מקורי",
        "Notes": " ",
        "Question_N": " ",
        "TypeRoadtx": "דרך אזורית קיימת",
        "Type_Road": 13,
        "TypeRoad_1": " ",
        "Type_Road1": 0,
        "Shape_Length": 300.25657392905174
      },
      "geometry": {
        "type": "LineString",
        "coordinates": [
          [
            191293.57409999985,
            658342.9364
          ],
          [
            191590.94120000023,
            658301.3814000003
          ]
        ]
      }
    },
    {
      "type": "Feature",
      "properties": {
        "OBJECTID": 2792,
        "Keta": 2947,
        "Tochnit_Nu": "תכנית מתאר מחוזית, מחוז המרכז, מס' ת/מ/מ/3",
        "Tochnit_Na": "תממ/ 3",
        "Tochnit_Ty": "תמ\"מ",
        "YP_Resu_Nu": " ",
        "YP_Resu_Da": "31/03/1982",
        "Road_No": "4",
        "Planed_Tra": 0,
        "Status": "תוכנית מאושרת",
        "Tasrit": "TMM3.jpg",
        "Scale": "1:50000",
        "Relevance": "2",
        "Digitation": "וקטור מקורי",
        "Notes": " ",
        "Question_N": " ",
        "TypeRoadtx": "דרך מהירה קיימת",
        "Type_Road": 19,
        "TypeRoad_1": " ",
        "Type_Road1": 0,
        "Shape_Length": 1153.2919292467245
      },
      "geometry": {
        "type": "LineString",
        "coordinates": [
          [
            183279.88669999968,
            658360.2431000005
          ],
          [
            183271.94189999998,
            658347.2259999998
          ],
          [
            183269.80370000005,
            658343.7226
          ],
          [
            183181.53000000026,
            658199.0907000005
          ],
          [
            183023.5449000001,
            657940.2403999995
          ],
          [
            182701.7424999997,
            657412.9839999992
          ],
          [
            182694.65770000033,
            657401.3759000003
          ],
          [
            182679.05989999976,
            657375.8197000008
          ]
        ]
      }
    },
    {
      "type": "Feature",
      "properties": {
        "OBJECTID": 2793,
        "Keta": 2948,
        "Tochnit_Nu": "תכנית מתאר מחוזית, מחוז המרכז, מס' ת/מ/מ/3",
        "Tochnit_Na": "תממ/ 3",
        "Tochnit_Ty": "תמ\"מ",
        "YP_Resu_Nu": " ",
        "YP_Resu_Da": "31/03/1982",
        "Road_No": "1",
        "Planed_Tra": 0,
        "Status": "תוכנית מאושרת",
        "Tasrit": "TMM3.jpg",
        "Scale": "1:50000",
        "Relevance": "2",
        "Digitation": "וקטור מקורי",
        "Notes": " ",
        "Question_N": " ",
        "TypeRoadtx": "דרך מהירה קיימת",
        "Type_Road": 19,
        "TypeRoad_1": " ",
        "Type_Road1": 0,
        "Shape_Length": 1739.0692353543138
      },
      "geometry": {
        "type": "LineString",
        "coordinates": [
          [
            184644.68479999993,
            657284.6205000002
          ],
          [
            183369.82710000034,
            658309.9637000002
          ],
          [
            183279.88669999968,
            658360.2431000005
          ]
        ]
      }
    },
    {
      "type": "Feature",
      "properties": {
        "OBJECTID": 2794,
        "Keta": 2949,
        "Tochnit_Nu": "תכנית מתאר מחוזית, מחוז המרכז, מס' ת/מ/מ/3",
        "Tochnit_Na": "תממ/ 3",
        "Tochnit_Ty": "תמ\"מ",
        "YP_Resu_Nu": " ",
        "YP_Resu_Da": "31/03/1982",
        "Road_No": "לא נמצא",
        "Planed_Tra": 0,
        "Status": "תוכנית מאושרת",
        "Tasrit": "TMM3.jpg",
        "Scale": "1:50000",
        "Relevance": "2",
        "Digitation": "וקטור מקורי",
        "Notes": " ",
        "Question_N": " ",
        "TypeRoadtx": "דרך אזורית קיימת",
        "Type_Road": 13,
        "TypeRoad_1": " ",
        "Type_Road1": 0,
        "Shape_Length": 1481.4095143416553
      },
      "geometry": {
        "type": "LineString",
        "coordinates": [
          [
            191590.94120000023,
            658301.3814000003
          ],
          [
            191640.28220000025,
            658310.1349
          ],
          [
            191958.32969999965,
            658366.5594999995
          ],
          [
            192332.50820000004,
            658360.0163000003
          ],
          [
            192620.52969999984,
            658311.3133000005
          ],
          [
            192953.19859999977,
            658265.6202000007
          ],
          [
            193014.96079999954,
            658257.1370000001
          ],
          [
            193058.35730000027,
            658251.1763000004
          ]
        ]
      }
    },
    {
      "type": "Feature",
      "properties": {
        "OBJECTID": 2797,
        "Keta": 2952,
        "Tochnit_Nu": "תכנית מתאר מחוזית, מחוז המרכז, מס' ת/מ/מ/3",
        "Tochnit_Na": "תממ/ 3",
        "Tochnit_Ty": "תמ\"מ",
        "YP_Resu_Nu": " ",
        "YP_Resu_Da": "31/03/1982",
        "Road_No": "40",
        "Planed_Tra": 0,
        "Status": "תוכנית מאושרת",
        "Tasrit": "TMM3.jpg",
        "Scale": "1:50000",
        "Relevance": "2",
        "Digitation": "וקטור מקורי",
        "Notes": " ",
        "Question_N": " ",
        "TypeRoadtx": "דרך ראשית קיימת",
        "Type_Road": 43,
        "TypeRoad_1": " ",
        "Type_Road1": 0,
        "Shape_Length": 799.5932965687692
      },
      "geometry": {
        "type": "LineString",
        "coordinates": [
          [
            191590.94120000023,
            658301.3814000003
          ],
          [
            191549.67119999975,
            658521.5303000007
          ],
          [
            191470.29820000008,
            658944.9340000004
          ],
          [
            191459.38269999996,
            659089.3522999994
          ]
        ]
      }
    },
    {
      "type": "Feature",
      "properties": {
        "OBJECTID": 2798,
        "Keta": 2953,
        "Tochnit_Nu": "תכנית מתאר מחוזית, מחוז המרכז, מס' ת/מ/מ/3",
        "Tochnit_Na": "תממ/ 3",
        "Tochnit_Ty": "תמ\"מ",
        "YP_Resu_Nu": " ",
        "YP_Resu_Da": "31/03/1982",
        "Road_No": "לא נמצא",
        "Planed_Tra": 0,
        "Status": "תוכנית מאושרת",
        "Tasrit": "TMM3.jpg",
        "Scale": "1:50000",
        "Relevance": "2",
        "Digitation": "וקטור מקורי",
        "Notes": " ",
        "Question_N": " ",
        "TypeRoadtx": "דרך אזורית מוצעת",
        "Type_Road": 9,
        "TypeRoad_1": " ",
        "Type_Road1": 0,
        "Shape_Length": 1330.1167444810364
      },
      "geometry": {
        "type": "LineString",
        "coordinates": [
          [
            190338.88709999993,
            659266.4418000001
          ],
          [
            190482.52240000013,
            659149.2580999993
          ],
          [
            190532.86780000012,
            659094.5173000004
          ],
          [
            190587.9656999996,
            659034.6090999991
          ],
          [
            190838.88900000043,
            658761.7791000009
          ],
          [
            191132.4084999999,
            658483.9048999995
          ],
          [
            191282.84810000006,
            658352.3181999996
          ],
          [
            191293.57409999985,
            658342.9364
          ]
        ]
      }
    },
    {
      "type": "Feature",
      "properties": {
        "OBJECTID": 2799,
        "Keta": 2954,
        "Tochnit_Nu": "תכנית מתאר מחוזית, מחוז המרכז, מס' ת/מ/מ/3",
        "Tochnit_Na": "תממ/ 3",
        "Tochnit_Ty": "תמ\"מ",
        "YP_Resu_Nu": " ",
        "YP_Resu_Da": "31/03/1982",
        "Road_No": "461",
        "Planed_Tra": 0,
        "Status": "תוכנית מאושרת",
        "Tasrit": "TMM3.jpg",
        "Scale": "1:50000",
        "Relevance": "2",
        "Digitation": "וקטור מקורי",
        "Notes": " ",
        "Question_N": " ",
        "TypeRoadtx": "דרך אזורית קיימת",
        "Type_Road": 13,
        "TypeRoad_1": " ",
        "Type_Road1": 0,
        "Shape_Length": 1146.5905994733
      },
      "geometry": {
        "type": "LineString",
        "coordinates": [
          [
            191459.38269999996,
            659089.3522999994
          ],
          [
            191448.05360000022,
            659089.0771999992
          ],
          [
            191336.3766999999,
            659086.3649000004
          ],
          [
            191106.09949999955,
            659080.7720999997
          ],
          [
            191046.28440000024,
            659089.8935000002
          ],
          [
            190909.15979999956,
            659115.0720000006
          ],
          [
            190533.32710000034,
            659184.0815999992
          ],
          [
            190338.88709999993,
            659266.4418000001
          ]
        ]
      }
    },
    {
      "type": "Feature",
      "properties": {
        "OBJECTID": 2800,
        "Keta": 2955,
        "Tochnit_Nu": "תכנית מתאר מחוזית, מחוז המרכז, מס' ת/מ/מ/3",
        "Tochnit_Na": "תממ/ 3",
        "Tochnit_Ty": "תמ\"מ",
        "YP_Resu_Nu": " ",
        "YP_Resu_Da": "31/03/1982",
        "Road_No": "412",
        "Planed_Tra": 0,
        "Status": "תוכנית מאושרת",
        "Tasrit": "TMM3.jpg",
        "Scale": "1:50000",
        "Relevance": "2",
        "Digitation": "וקטור מקורי",
        "Notes": " ",
        "Question_N": " ",
        "TypeRoadtx": "דרך אזורית קיימת",
        "Type_Road": 13,
        "TypeRoad_1": " ",
        "Type_Road1": 0,
        "Shape_Length": 4778.27141430586
      },
      "geometry": {
        "type": "LineString",
        "coordinates": [
          [
            184644.68479999993,
            657284.6205000002
          ],
          [
            184715.56950000022,
            657382.8813000005
          ],
          [
            185005.85429999977,
            657701.6743000001
          ],
          [
            185402.77249999996,
            657829.3394000009
          ],
          [
            185432.64879999962,
            657838.9488999993
          ],
          [
            185825.12650000025,
            657965.1857999992
          ],
          [
            185950.24820000026,
            658075.7003000006
          ],
          [
            186046.37349999975,
            658163.2876999993
          ],
          [
            186060.33150000032,
            658178.5305000003
          ],
          [
            186166.94620000012,
            658294.9586999994
          ],
          [
            186237.1140999999,
            658371.5853000004
          ],
          [
            186362.1679999996,
            658409.0515999999
          ],
          [
            186848.14400000032,
            658554.6503999997
          ],
          [
            186989.69120000023,
            658597.0581
          ],
          [
            188106.06680000015,
            658986.2993999999
          ],
          [
            188125.67310000025,
            658993.1353999991
          ],
          [
            188321.28980000038,
            659061.3400999997
          ],
          [
            188848.83040000033,
            659325.7271999996
          ]
        ]
      }
    },
    {
      "type": "Feature",
      "properties": {
        "OBJECTID": 2801,
        "Keta": 2956,
        "Tochnit_Nu": "תכנית מתאר מחוזית, מחוז המרכז, מס' ת/מ/מ/3",
        "Tochnit_Na": "תממ/ 3",
        "Tochnit_Ty": "תמ\"מ",
        "YP_Resu_Nu": " ",
        "YP_Resu_Da": "31/03/1982",
        "Road_No": "461",
        "Planed_Tra": 0,
        "Status": "תוכנית מאושרת",
        "Tasrit": "TMM3.jpg",
        "Scale": "1:50000",
        "Relevance": "2",
        "Digitation": "וקטור מקורי",
        "Notes": " ",
        "Question_N": " ",
        "TypeRoadtx": "דרך אזורית קיימת",
        "Type_Road": 13,
        "TypeRoad_1": " ",
        "Type_Road1": 0,
        "Shape_Length": 1580.1116826464652
      },
      "geometry": {
        "type": "LineString",
        "coordinates": [
          [
            190338.88709999993,
            659266.4418000001
          ],
          [
            189924.23849999998,
            659442.0944999997
          ],
          [
            189334.26919999998,
            659488.6667999998
          ],
          [
            189167.80250000022,
            659459.7897999994
          ],
          [
            188965.1202999996,
            659424.6304000001
          ],
          [
            188912.98010000028,
            659415.5855999999
          ],
          [
            188902.5390999997,
            659400.9604000002
          ],
          [
            188901.40419999976,
            659399.3706
          ],
          [
            188875.20349999983,
            659362.6697000004
          ],
          [
            188848.83040000033,
            659325.7271999996
          ]
        ]
      }
    },
    {
      "type": "Feature",
      "properties": {
        "OBJECTID": 2802,
        "Keta": 2957,
        "Tochnit_Nu": "תכנית מתאר מחוזית, מחוז המרכז, מס' ת/מ/מ/3",
        "Tochnit_Na": "תממ/ 3",
        "Tochnit_Ty": "תמ\"מ",
        "YP_Resu_Nu": " ",
        "YP_Resu_Da": "31/03/1982",
        "Road_No": "461",
        "Planed_Tra": 0,
        "Status": "תוכנית מאושרת",
        "Tasrit": "TMM3.jpg",
        "Scale": "1:50000",
        "Relevance": "2",
        "Digitation": "וקטור מקורי",
        "Notes": " ",
        "Question_N": " ",
        "TypeRoadtx": "דרך אזורית קיימת",
        "Type_Road": 13,
        "TypeRoad_1": " ",
        "Type_Road1": 0,
        "Shape_Length": 1757.9761301376543
      },
      "geometry": {
        "type": "LineString",
        "coordinates": [
          [
            188848.83040000033,
            659325.7271999996
          ],
          [
            188827.1475999998,
            659361.4810000006
          ],
          [
            188820.57870000042,
            659372.3126999997
          ],
          [
            188803.84300000034,
            659399.9089000002
          ],
          [
            188692.87060000002,
            659516.0189999994
          ],
          [
            188522.95469999965,
            659693.8015000001
          ],
          [
            188258.05460000038,
            659955.3116999995
          ],
          [
            188254.62370000035,
            659958.6985999998
          ],
          [
            188252.46160000004,
            659960.8331000004
          ],
          [
            188195.8228000002,
            659989.4210000001
          ],
          [
            188147.8652999997,
            660009.6566000003
          ],
          [
            188111.26900000032,
            660025.0984000005
          ],
          [
            188021.78259999957,
            660026.2122000009
          ],
          [
            187678.31429999974,
            660030.4869999997
          ],
          [
            187646.1096999999,
            660030.8878000006
          ],
          [
            187458.72970000003,
            660035.4036999997
          ],
          [
            187404.91170000006,
            660036.7006999999
          ],
          [
            187382.00910000037,
            660037.1824999992
          ]
        ]
      }
    },
    {
      "type": "Feature",
      "properties": {
        "OBJECTID": 2807,
        "Keta": 2962,
        "Tochnit_Nu": "תכנית מתאר מחוזית, מחוז המרכז, מס' ת/מ/מ/3",
        "Tochnit_Na": "תממ/ 3",
        "Tochnit_Ty": "תמ\"מ",
        "YP_Resu_Nu": " ",
        "YP_Resu_Da": "31/03/1982",
        "Road_No": "40",
        "Planed_Tra": 0,
        "Status": "תוכנית מאושרת",
        "Tasrit": "TMM3.jpg",
        "Scale": "1:50000",
        "Relevance": "2",
        "Digitation": "וקטור מקורי",
        "Notes": " ",
        "Question_N": " ",
        "TypeRoadtx": "דרך ראשית קיימת",
        "Type_Road": 43,
        "TypeRoad_1": " ",
        "Type_Road1": 0,
        "Shape_Length": 4765.655996663398
      },
      "geometry": {
        "type": "LineString",
        "coordinates": [
          [
            191459.38269999996,
            659089.3522999994
          ],
          [
            191456.92679999955,
            659120.2073999997
          ],
          [
            191453.9138000002,
            659158.0606999993
          ],
          [
            191453.8509999998,
            659158.8502999991
          ],
          [
            191418.1821999997,
            659606.9723000005
          ],
          [
            191383.61089999974,
            659981.7642999999
          ],
          [
            191382.39639999997,
            659997.3808999993
          ],
          [
            191372.77630000003,
            660111.4570000004
          ],
          [
            191339.56290000025,
            660505.3039999995
          ],
          [
            191328.36510000005,
            660638.0878999997
          ],
          [
            191260.69620000012,
            661572.6857999992
          ],
          [
            191252.42200000025,
            661686.9631999992
          ],
          [
            191242.11849999987,
            661757.6889999993
          ],
          [
            191154.07430000044,
            662362.0440999996
          ],
          [
            191141.18369999994,
            662450.5283000004
          ],
          [
            191088.71019999962,
            662764.6709000003
          ],
          [
            191072.43269999977,
            663254.4560000002
          ],
          [
            191022.8049999997,
            663749.7259
          ],
          [
            191020.25210000016,
            663784.5945999995
          ],
          [
            191016.83019999973,
            663831.3313999996
          ]
        ]
      }
    },
    {
      "type": "Feature",
      "properties": {
        "OBJECTID": 3163,
        "Keta": 3338,
        "Tochnit_Nu": "תכנית מתאר מחוזית, מחוז המרכז, תמ''מ/ 3  שינוי מס' 21",
        "Tochnit_Na": "תממ/ 3/ 21",
        "Tochnit_Ty": "תמ\"מ",
        "YP_Resu_Nu": " ",
        "YP_Resu_Da": "12/11/2003",
        "Road_No": "44",
        "Planed_Tra": 0,
        "Status": "תוכנית מאושרת",
        "Tasrit": "tmm3_21_yk.jpg",
        "Scale": "1:50000",
        "Relevance": "1",
        "Digitation": "וקטור מקורי",
        "Notes": " ",
        "Question_N": " ",
        "TypeRoadtx": "דרך ראשית",
        "Type_Road": 3,
        "TypeRoad_1": "דרך ראשית קיימת/מאושרת",
        "Type_Road1": 44,
        "Shape_Length": 13195.291879413284
      },
      "geometry": {
        "type": "LineString",
        "coordinates": [
          [
            182672.17229999974,
            657458.7972999997
          ],
          [
            182701.7424999997,
            657412.9839999992
          ],
          [
            182830.32809999958,
            657213.7656999994
          ],
          [
            182987.2893000003,
            656956.1044999994
          ],
          [
            183060.50989999995,
            656837.5567000005
          ],
          [
            183126.75710000005,
            656725.9824999999
          ],
          [
            183223.9057,
            656562.7918999996
          ],
          [
            183279.18070000038,
            656469.9407000002
          ],
          [
            183303.30769999977,
            656429.4121000003
          ],
          [
            183542.81549999956,
            656027.9390999991
          ],
          [
            183638.80379999988,
            655864.4160999991
          ],
          [
            183712.57359999977,
            655738.7437999994
          ],
          [
            183970.40110000037,
            655299.5156999994
          ],
          [
            184497.75650000013,
            654401.3632999994
          ],
          [
            184690.14130000025,
            654118.6051000003
          ],
          [
            184839.80489999987,
            653849.8278999999
          ],
          [
            185035.31070000026,
            653540.0711000003
          ],
          [
            185108.5491000004,
            653424.0332999993
          ],
          [
            185117.32660000026,
            653410.1263999995
          ],
          [
            185222.70770000014,
            653243.1616999991
          ],
          [
            185281.60929999966,
            653149.8388999999
          ],
          [
            185374.24450000003,
            653004.8969
          ],
          [
            185498.73589999974,
            652797.3278000001
          ],
          [
            185657.0625,
            652533.3439000007
          ],
          [
            185880.20529999956,
            652166.9229000006
          ],
          [
            185898.57809999958,
            652134.8906999994
          ],
          [
            185963.25009999983,
            652022.1875
          ],
          [
            186258.45309999958,
            651507.7186999992
          ],
          [
            186464.58710000012,
            651148.4811000004
          ],
          [
            186506.36369999964,
            651060.9488999993
          ],
          [
            186517.67679999955,
            651037.2452000007
          ],
          [
            186538.5625,
            650993.4845000003
          ],
          [
            186657.04930000007,
            650745.1638999991
          ],
          [
            186710.00420000032,
            650673.7303999998
          ],
          [
            186835.16930000018,
            650504.8886999991
          ],
          [
            186899.2912999997,
            650420.0914999992
          ],
          [
            187019.71889999975,
            650309.0936999992
          ],
          [
            187033.0066999998,
            650296.8443999998
          ],
          [
            187151.87509999983,
            650187.2656999994
          ],
          [
            187381.2736999998,
            650033.0533000007
          ],
          [
            187426.16530000046,
            650002.875
          ],
          [
            187476.71870000008,
            649968.8906999994
          ],
          [
            187801.59370000008,
            649741.3750999998
          ],
          [
            187879.26570000034,
            649679.0625
          ],
          [
            187903.06149999984,
            649659.9682999998
          ],
          [
            188108.04690000042,
            649495.4845000003
          ],
          [
            188266.01570000034,
            649340.5625
          ],
          [
            188386.9285000004,
            649217.4633000009
          ],
          [
            188554.1875,
            649039.7345000003
          ],
          [
            188686.75519999955,
            648814.7589999996
          ],
          [
            188694.01570000034,
            648802.4375
          ],
          [
            188737.88829999976,
            648718.9660999998
          ],
          [
            188861.95309999958,
            648482.9219000004
          ],
          [
            188983.85360000003,
            648231.2323000003
          ],
          [
            189030.00009999983,
            648135.9530999996
          ],
          [
            189042.7695000004,
            648093.1082000006
          ],
          [
            189068.59929999989,
            648006.4417000003
          ],
          [
            189072.8479000004,
            647992.1863000002
          ],
          [
            189072.90390000027,
            647992.0369000006
          ],
          [
            189164.9620000003,
            647747.1160000004
          ],
          [
            189245.40629999992,
            647533.0936999992
          ],
          [
            189479.04690000042,
            646994.2969000004
          ],
          [
            189581.96870000008,
            646729.4375
          ],
          [
            189656.84389999975,
            646528.4845000003
          ],
          [
            189679.07789999992,
            646463.5011
          ]
        ]
      }
    },
    {
      "type": "Feature",
      "properties": {
        "OBJECTID": 3176,
        "Keta": 3354,
        "Tochnit_Nu": "תכנית מתאר מחוזית, מחוז המרכז, תמ''מ/ 3  שינוי מס' 21",
        "Tochnit_Na": "תממ/ 3/ 21",
        "Tochnit_Ty": "תמ\"מ",
        "YP_Resu_Nu": " ",
        "YP_Resu_Da": "12/11/2003",
        "Road_No": "431 + 20",
        "Planed_Tra": 0,
        "Status": "תוכנית מאושרת",
        "Tasrit": "tmm3_21_yk.jpg",
        "Scale": "1:50000",
        "Relevance": "2",
        "Digitation": "וקטור מקורי",
        "Notes": " ",
        "Question_N": " ",
        "TypeRoadtx": "דרך פרברית מהירה",
        "Type_Road": 2,
        "TypeRoad_1": " ",
        "Type_Road1": 0,
        "Shape_Length": 2878.845895263724
      },
      "geometry": {
        "type": "LineString",
        "coordinates": [
          [
            182714.03050000034,
            649684.0166999996
          ],
          [
            183055.99370000046,
            649263.6776999999
          ],
          [
            183269.80869999994,
            649004.1433000006
          ],
          [
            183298.23220000044,
            648969.6420000009
          ],
          [
            183469.19570000004,
            648762.1218999997
          ],
          [
            183711.41029999964,
            648479.5990999993
          ],
          [
            183871.71310000028,
            648329.3839999996
          ],
          [
            183915.90990000032,
            648287.9683999997
          ],
          [
            183974.9578999998,
            648232.6362999994
          ],
          [
            184373.7720999997,
            647965.0386999995
          ],
          [
            184779.6677000001,
            647754.2086999994
          ],
          [
            184794.63480000012,
            647748.1073000003
          ]
        ]
      }
    },
    {
      "type": "Feature",
      "properties": {
        "OBJECTID": 3177,
        "Keta": 3355,
        "Tochnit_Nu": "תכנית מתאר מחוזית, מחוז המרכז, תמ''מ/ 3  שינוי מס' 21",
        "Tochnit_Na": "תממ/ 3/ 21",
        "Tochnit_Ty": "תמ\"מ",
        "YP_Resu_Nu": " ",
        "YP_Resu_Da": "12/11/2003",
        "Road_No": "לא נמצא",
        "Planed_Tra": 0,
        "Status": "תוכנית מאושרת",
        "Tasrit": "tmm3_21_yk.jpg",
        "Scale": "1:50000",
        "Relevance": "2",
        "Digitation": "וקטור מקורי",
        "Notes": " ",
        "Question_N": " ",
        "TypeRoadtx": "דרך עורקית עירונית",
        "Type_Road": 32,
        "TypeRoad_1": " ",
        "Type_Road1": 0,
        "Shape_Length": 2677.3716350514824
      },
      "geometry": {
        "type": "LineString",
        "coordinates": [
          [
            185389.48039999977,
            648423.9483000003
          ],
          [
            185403.30480000004,
            648453.1415999997
          ],
          [
            185468.05460000038,
            648589.8751999997
          ],
          [
            185559.8649000004,
            648760.9342999998
          ],
          [
            185686.41509999987,
            648892.3271999992
          ],
          [
            185870.03560000006,
            649028.6785000004
          ],
          [
            186081.28309999965,
            649191.2156000007
          ],
          [
            186258.89400000032,
            649475.1351999994
          ],
          [
            186385.07749999966,
            649661.2369999997
          ],
          [
            186535.29559999984,
            649799.3125999998
          ],
          [
            186769.63630000036,
            649889.3617000002
          ],
          [
            186979.94180000015,
            649907.3716000002
          ],
          [
            186991.5580000002,
            649910.0796000008
          ],
          [
            187160.20390000008,
            649949.3946000002
          ],
          [
            187267.02799999993,
            649988.2045000009
          ],
          [
            187358.49170000013,
            650021.4338000007
          ]
        ]
      }
    },
    {
      "type": "Feature",
      "properties": {
        "OBJECTID": 3178,
        "Keta": 3356,
        "Tochnit_Nu": "תכנית מתאר מחוזית, מחוז המרכז, תמ''מ/ 3  שינוי מס' 21",
        "Tochnit_Na": "תממ/ 3/ 21",
        "Tochnit_Ty": "תמ\"מ",
        "YP_Resu_Nu": " ",
        "YP_Resu_Da": "12/11/2003",
        "Road_No": "לא נמצא",
        "Planed_Tra": 0,
        "Status": "תוכנית מאושרת",
        "Tasrit": "tmm3_21_yk.jpg",
        "Scale": "1:50000",
        "Relevance": "2",
        "Digitation": "תשריט מעוגן",
        "Notes": " ",
        "Question_N": " ",
        "TypeRoadtx": "דרך עורקית עירונית",
        "Type_Road": 32,
        "TypeRoad_1": " ",
        "Type_Road1": 0,
        "Shape_Length": 25.574055295065673
      },
      "geometry": {
        "type": "LineString",
        "coordinates": [
          [
            187358.49170000013,
            650021.4338000007
          ],
          [
            187381.2736999998,
            650033.0533000007
          ]
        ]
      }
    },
    {
      "type": "Feature",
      "properties": {
        "OBJECTID": 3179,
        "Keta": 3358,
        "Tochnit_Nu": "תכנית מתאר מחוזית, מחוז המרכז, תמ''מ/ 3  שינוי מס' 21",
        "Tochnit_Na": "תממ/ 3/ 21",
        "Tochnit_Ty": "תמ\"מ",
        "YP_Resu_Nu": " ",
        "YP_Resu_Da": "12/11/2003",
        "Road_No": "431 + 20",
        "Planed_Tra": 0,
        "Status": "תוכנית מאושרת",
        "Tasrit": "tmm3_21_yk.jpg",
        "Scale": "1:50000",
        "Relevance": "2",
        "Digitation": "וקטור מקורי",
        "Notes": " ",
        "Question_N": " ",
        "TypeRoadtx": "דרך פרברית מהירה",
        "Type_Road": 2,
        "TypeRoad_1": " ",
        "Type_Road1": 0,
        "Shape_Length": 995.7299742532282
      },
      "geometry": {
        "type": "LineString",
        "coordinates": [
          [
            181974.70529999956,
            650347.9679000005
          ],
          [
            182072.97229999956,
            650280.2331000008
          ],
          [
            182400.6096999999,
            649998.1147000007
          ],
          [
            182642.79169999994,
            649765.2343000006
          ],
          [
            182714.03050000034,
            649684.0166999996
          ]
        ]
      }
    },
    {
      "type": "Feature",
      "properties": {
        "OBJECTID": 3180,
        "Keta": 3359,
        "Tochnit_Nu": "תכנית מתאר מחוזית, מחוז המרכז, תמ''מ/ 3  שינוי מס' 21",
        "Tochnit_Na": "תממ/ 3/ 21",
        "Tochnit_Ty": "תמ\"מ",
        "YP_Resu_Nu": " ",
        "YP_Resu_Da": "12/11/2003",
        "Road_No": "412",
        "Planed_Tra": 0,
        "Status": "תוכנית מאושרת",
        "Tasrit": "tmm3_21_yk.jpg",
        "Scale": "1:50000",
        "Relevance": "2",
        "Digitation": "וקטור מקורי",
        "Notes": " ",
        "Question_N": " ",
        "TypeRoadtx": "דרך עורקית עירונית",
        "Type_Road": 32,
        "TypeRoad_1": " ",
        "Type_Road1": 0,
        "Shape_Length": 1269.976797583983
      },
      "geometry": {
        "type": "LineString",
        "coordinates": [
          [
            181141.0100999996,
            649389.3561000004
          ],
          [
            181183.57050000038,
            649623.5843000002
          ],
          [
            181233.1174999997,
            650063.5061000008
          ],
          [
            181315.08449999988,
            650581.0631000008
          ],
          [
            181325.28369999956,
            650645.4630999994
          ]
        ]
      }
    },
    {
      "type": "Feature",
      "properties": {
        "OBJECTID": 3181,
        "Keta": 3360,
        "Tochnit_Nu": "תכנית מתאר מחוזית, מחוז המרכז, תמ''מ/ 3  שינוי מס' 21",
        "Tochnit_Na": "תממ/ 3/ 21",
        "Tochnit_Ty": "תמ\"מ",
        "YP_Resu_Nu": " ",
        "YP_Resu_Da": "12/11/2003",
        "Road_No": "431 + 20",
        "Planed_Tra": 0,
        "Status": "תוכנית מאושרת",
        "Tasrit": "tmm3_21_yk.jpg",
        "Scale": "1:50000",
        "Relevance": "2",
        "Digitation": "וקטור מקורי",
        "Notes": " ",
        "Question_N": " ",
        "TypeRoadtx": "דרך פרברית מהירה",
        "Type_Road": 2,
        "TypeRoad_1": " ",
        "Type_Road1": 0,
        "Shape_Length": 717.5750462303125
      },
      "geometry": {
        "type": "LineString",
        "coordinates": [
          [
            181325.28369999956,
            650645.4630999994
          ],
          [
            181380.5884999996,
            650623.5391000006
          ],
          [
            181407.28959999979,
            650612.9541999996
          ],
          [
            181575.64070000034,
            650546.2163999993
          ],
          [
            181837.95370000042,
            650442.2301000003
          ],
          [
            181974.70529999956,
            650347.9679000005
          ]
        ]
      }
    },
    {
      "type": "Feature",
      "properties": {
        "OBJECTID": 3184,
        "Keta": 3367,
        "Tochnit_Nu": "תכנית מתאר מחוזית, מחוז המרכז, תמ''מ/ 3  שינוי מס' 21",
        "Tochnit_Na": "תממ/ 3/ 21",
        "Tochnit_Ty": "תמ\"מ",
        "YP_Resu_Nu": " ",
        "YP_Resu_Da": "12/11/2003",
        "Road_No": "431 + 20",
        "Planed_Tra": 0,
        "Status": "תוכנית מאושרת",
        "Tasrit": "tmm3_21_yk.jpg",
        "Scale": "1:50000",
        "Relevance": "2",
        "Digitation": "וקטור מקורי",
        "Notes": " ",
        "Question_N": " ",
        "TypeRoadtx": "דרך פרברית מהירה",
        "Type_Road": 2,
        "TypeRoad_1": " ",
        "Type_Road1": 0,
        "Shape_Length": 1581.107222479966
      },
      "geometry": {
        "type": "LineString",
        "coordinates": [
          [
            179848.47229999956,
            651208.0007000007
          ],
          [
            179868.7659,
            651194.1113000009
          ],
          [
            179919.30229999963,
            651174.4515000004
          ],
          [
            180307.08069999982,
            651023.5965
          ],
          [
            180876.70830000006,
            650806.4493000004
          ],
          [
            181325.28369999956,
            650645.4630999994
          ]
        ]
      }
    },
    {
      "type": "Feature",
      "properties": {
        "OBJECTID": 3185,
        "Keta": 3368,
        "Tochnit_Nu": "תכנית מתאר מחוזית, מחוז המרכז, תמ''מ/ 3  שינוי מס' 21",
        "Tochnit_Na": "תממ/ 3/ 21",
        "Tochnit_Ty": "תמ\"מ",
        "YP_Resu_Nu": " ",
        "YP_Resu_Da": "12/11/2003",
        "Road_No": "412",
        "Planed_Tra": 0,
        "Status": "תוכנית מאושרת",
        "Tasrit": "tmm3_21_yk.jpg",
        "Scale": "1:50000",
        "Relevance": "2",
        "Digitation": "וקטור מקורי",
        "Notes": " ",
        "Question_N": " ",
        "TypeRoadtx": "דרך עורקית עירונית",
        "Type_Road": 32,
        "TypeRoad_1": " ",
        "Type_Road1": 0,
        "Shape_Length": 805.6699524117971
      },
      "geometry": {
        "type": "LineString",
        "coordinates": [
          [
            181325.28369999956,
            650645.4630999994
          ],
          [
            181376.51779999956,
            650908.1547999997
          ],
          [
            181382.04470000044,
            650936.4924999997
          ],
          [
            181410.34549999982,
            651206.1118999999
          ],
          [
            181424.42929999996,
            651443.7512999997
          ]
        ]
      }
    },
    {
      "type": "Feature",
      "properties": {
        "OBJECTID": 3188,
        "Keta": 3371,
        "Tochnit_Nu": "תכנית מתאר מחוזית, מחוז המרכז, תמ''מ/ 3  שינוי מס' 21",
        "Tochnit_Na": "תממ/ 3/ 21",
        "Tochnit_Ty": "תמ\"מ",
        "YP_Resu_Nu": " ",
        "YP_Resu_Da": "12/11/2003",
        "Road_No": "1",
        "Planed_Tra": 0,
        "Status": "תוכנית מאושרת",
        "Tasrit": "tmm3_21_yk.jpg",
        "Scale": "1:50000",
        "Relevance": "1",
        "Digitation": "וקטור מקורי",
        "Notes": " ",
        "Question_N": " ",
        "TypeRoadtx": "דרך מהירה",
        "Type_Road": 1,
        "TypeRoad_1": "דרך מהירה קיימת/מאושרת",
        "Type_Road1": 20,
        "Shape_Length": 3342.8994091944473
      },
      "geometry": {
        "type": "LineString",
        "coordinates": [
          [
            191822.33770000003,
            651544.8026999999
          ],
          [
            191915.59449999966,
            651306.6954999994
          ],
          [
            192037.88709999993,
            650914.4115999993
          ],
          [
            192117.30759999994,
            650592.1059000008
          ],
          [
            192275.46669999976,
            650108.7818
          ],
          [
            192368.9606999997,
            649814.5749999993
          ],
          [
            192498.08320000023,
            649485.4276999999
          ],
          [
            192612.92459999956,
            649177.2694000006
          ],
          [
            192742.10610000044,
            648834.0969999991
          ],
          [
            192914.21939999983,
            648406.9219000004
          ],
          [
            192924.0066999998,
            648392.5044999998
          ]
        ]
      }
    },
    {
      "type": "Feature",
      "properties": {
        "OBJECTID": 3189,
        "Keta": 3373,
        "Tochnit_Nu": "תכנית מתאר מחוזית, מחוז המרכז, תמ''מ/ 3  שינוי מס' 21",
        "Tochnit_Na": "תממ/ 3/ 21",
        "Tochnit_Ty": "תמ\"מ",
        "YP_Resu_Nu": " ",
        "YP_Resu_Da": "12/11/2003",
        "Road_No": "443",
        "Planed_Tra": 0,
        "Status": "תוכנית מאושרת",
        "Tasrit": "tmm3_21_yk.jpg",
        "Scale": "1:50000",
        "Relevance": "1",
        "Digitation": "וקטור מקורי",
        "Notes": " ",
        "Question_N": " ",
        "TypeRoadtx": "דרך אזורית",
        "Type_Road": 4,
        "TypeRoad_1": "דרך אזורית קיימת/מאושרת",
        "Type_Road1": 14,
        "Shape_Length": 532.4086144863488
      },
      "geometry": {
        "type": "LineString",
        "coordinates": [
          [
            191290.07440000027,
            651556.9937999994
          ],
          [
            191290.3476999998,
            651556.9887000006
          ],
          [
            191313.01449999958,
            651556.5578000005
          ],
          [
            191363.35960000008,
            651555.6007000003
          ],
          [
            191400.87600000016,
            651554.8873999994
          ],
          [
            191602.33050000016,
            651551.0572999995
          ],
          [
            191822.33770000003,
            651544.8026999999
          ]
        ]
      }
    },
    {
      "type": "Feature",
      "properties": {
        "OBJECTID": 3192,
        "Keta": 3376,
        "Tochnit_Nu": "תכנית מתאר מחוזית, מחוז המרכז, תמ''מ/ 3  שינוי מס' 21",
        "Tochnit_Na": "תממ/ 3/ 21",
        "Tochnit_Ty": "תמ\"מ",
        "YP_Resu_Nu": " ",
        "YP_Resu_Da": "12/11/2003",
        "Road_No": "443",
        "Planed_Tra": 0,
        "Status": "תוכנית מאושרת",
        "Tasrit": "tmm3_21_yk.jpg",
        "Scale": "1:50000",
        "Relevance": "1",
        "Digitation": "וקטור מקורי",
        "Notes": " ",
        "Question_N": " ",
        "TypeRoadtx": "דרך אזורית",
        "Type_Road": 4,
        "TypeRoad_1": "דרך אזורית קיימת/מאושרת",
        "Type_Road1": 14,
        "Shape_Length": 1944.0534182520564
      },
      "geometry": {
        "type": "LineString",
        "coordinates": [
          [
            191822.33770000003,
            651544.8026999999
          ],
          [
            191907.4606999997,
            651552.1083000004
          ],
          [
            191954.04989999998,
            651562.1436000001
          ],
          [
            192006.71609999985,
            651573.4879000001
          ],
          [
            192141.39329999965,
            651609.0146999992
          ],
          [
            192361.10369999986,
            651672.8852999993
          ],
          [
            192524.13489999995,
            651715.5220999997
          ],
          [
            192673.09329999983,
            651730.0604999997
          ],
          [
            192772.46729999967,
            651723.3904999997
          ],
          [
            192878.99729999993,
            651702.7194999997
          ],
          [
            193035.28770000022,
            651661.1827000007
          ],
          [
            193205.91970000044,
            651584.6316999998
          ],
          [
            193340.9517000001,
            651536.0090999994
          ],
          [
            193475.89529999997,
            651508.4236999992
          ],
          [
            193639.1939000003,
            651487.9481000006
          ],
          [
            193707.06149999984,
            651481.8965000007
          ]
        ]
      }
    },
    {
      "type": "Feature",
      "properties": {
        "OBJECTID": 3195,
        "Keta": 3379,
        "Tochnit_Nu": "תכנית מתאר מחוזית, מחוז המרכז, תמ''מ/ 3  שינוי מס' 21",
        "Tochnit_Na": "תממ/ 3/ 21",
        "Tochnit_Ty": "תמ\"מ",
        "YP_Resu_Nu": " ",
        "YP_Resu_Da": "12/11/2003",
        "Road_No": "4",
        "Planed_Tra": 0,
        "Status": "תוכנית מאושרת",
        "Tasrit": "tmm3_21_yk.jpg",
        "Scale": "1:50000",
        "Relevance": "1",
        "Digitation": "וקטור מקורי",
        "Notes": " ",
        "Question_N": " ",
        "TypeRoadtx": "דרך מהירה",
        "Type_Road": 1,
        "TypeRoad_1": "דרך מהירה קיימת/מאושרת",
        "Type_Road1": 20,
        "Shape_Length": 40015.745145510016
      },
      "geometry": {
        "type": "MultiLineString",
        "coordinates": [
          [
            [
              181091.4458999997,
              655473.9269999992
            ],
            [
              181058.83069999982,
              655399.2015000004
            ],
            [
              180831.45189999975,
              654752.7783000004
            ],
            [
              180794.2198999999,
              654653.7853999995
            ],
            [
              180497.45069999993,
              653864.7321000006
            ],
            [
              180488.21609999985,
              653838.1903000008
            ],
            [
              180437.34190000035,
              653691.9682999998
            ],
            [
              180326.92040000018,
              653374.5962000005
            ],
            [
              180028.40220000036,
              652656.9191999994
            ],
            [
              179957.3208999997,
              652493.4732000008
            ],
            [
              179899.79619999975,
              652410.7448999994
            ],
            [
              179869.42140000034,
              652367.0617999993
            ],
            [
              179843.52880000044,
              652329.8246999998
            ],
            [
              179708.38150000013,
              652166.0758999996
            ],
            [
              179366.81759999972,
              651965.8909000009
            ],
            [
              179001.1375000002,
              651849.8465
            ],
            [
              178640.8694000002,
              651735.5195000004
            ],
            [
              178099.94409999996,
              651598.2162999995
            ],
            [
              177779.6679999996,
              651504.5077
            ],
            [
              177359.78639999963,
              651325.2270999998
            ],
            [
              177266.2834999999,
              651271.9802999999
            ],
            [
              177146.31879999954,
              651203.6643000003
            ],
            [
              177146.3069000002,
              651203.6575000007
            ],
            [
              176790.59310000017,
              650868.6631000005
            ],
            [
              176399.0828999998,
              650449.7756999992
            ],
            [
              176271.29370000027,
              650313.0505999997
            ],
            [
              176029.4587000003,
              650006.9616
            ],
            [
              175844.58609999996,
              649679.8672000002
            ],
            [
              175745.0998999998,
              649409.9107000008
            ],
            [
              175652.7547000004,
              649104.5296999998
            ],
            [
              175634.17709999997,
              648945.5446000006
            ],
            [
              175560.72059999965,
              648316.9134
            ],
            [
              175540.2923999997,
              648160.0195000004
            ],
            [
              175509.3557000002,
              647922.4167999998
            ],
            [
              175491.7516999999,
              647787.2131999992
            ],
            [
              175411.96659999993,
              647174.4419
            ],
            [
              175312.7731999997,
              646450.6166999992
            ],
            [
              175227.63430000003,
              646010.5272000004
            ],
            [
              175114.0069000004,
              645591.5775000006
            ],
            [
              174943.4171000002,
              645193.6338
            ],
            [
              174786.31099999975,
              644777.4225999992
            ],
            [
              174659.15859999973,
              644440.5656000003
            ],
            [
              174541.45770000014,
              644199.9677000009
            ],
            [
              174494.1858000001,
              644103.3370999992
            ],
            [
              174461.20889999997,
              644035.9274000004
            ],
            [
              174339.2435999997,
              643786.6127000004
            ],
            [
              173969.46590000018,
              643182.0664000008
            ],
            [
              173756.14630000014,
              642812.2872000001
            ],
            [
              173474.85759999976,
              642415.2310000006
            ],
            [
              173315.1551000001,
              642146.9886000007
            ],
            [
              173206.10149999987,
              641912.3826000001
            ],
            [
              173004.7472000001,
              641485.0543000009
            ],
            [
              172820.39250000007,
              641041.0543000009
            ],
            [
              172783.20010000002,
              640956.8184999991
            ],
            [
              172694.62090000045,
              640756.1982000005
            ],
            [
              172652.93329999968,
              640605.4774999991
            ],
            [
              172620.09869999997,
              640362.7683000006
            ],
            [
              172595.6239,
              640145.1842999998
            ],
            [
              172563.92150000017,
              639634.7874999996
            ],
            [
              172564.8289999999,
              639420.1026000008
            ],
            [
              172565.5833999999,
              639241.6205000002
            ],
            [
              172567.28110000025,
              638840.0879999995
            ],
            [
              172560.01919999998,
              638555.6400000006
            ],
            [
              172543.65529999975,
              638421.7375000007
            ],
            [
              172518.75490000006,
              638304.5363999996
            ],
            [
              172443.1721999999,
              638162.0647999998
            ],
            [
              172317.08239999972,
              637952.4956999999
            ],
            [
              172228.90730000008,
              637820.6605999991
            ],
            [
              172014.25459999964,
              637499.7223000005
            ],
            [
              172011.53270000033,
              637495.8342000004
            ],
            [
              171833.70739999972,
              637241.8186000008
            ],
            [
              171764.41110000014,
              637142.8319000006
            ],
            [
              171761.82739999983,
              637139.1411000006
            ],
            [
              171732.5184000004,
              637063.7519000005
            ],
            [
              171646.55829999968,
              636906.3892000001
            ],
            [
              171570.94550000038,
              636746.0168999992
            ],
            [
              171500.6196999997,
              636532.3044000007
            ],
            [
              171476.12849999964,
              636293.3583000004
            ],
            [
              171477.02049999963,
              636246.4013999999
            ],
            [
              171479.31410000008,
              636125.6659999993
            ],
            [
              171491.67640000023,
              636038.2504999992
            ],
            [
              171508.0460000001,
              635922.4981999993
            ],
            [
              171525.5549999997,
              635798.8638000004
            ],
            [
              171503.83349999972,
              635696.3348999992
            ],
            [
              171450.45490000024,
              635592.7125000004
            ],
            [
              171438.25739999954,
              635569.0339000002
            ],
            [
              171355.0706000002,
              635395.9276
            ],
            [
              171210.92080000043,
              635217.5050000008
            ],
            [
              171112.3515999997,
              635079.9132000003
            ],
            [
              170993.60140000004,
              634904.1292000003
            ],
            [
              170930.49789999984,
              634794.6245000008
            ],
            [
              170847.2818,
              634629.1410000008
            ],
            [
              170784.3345999997,
              634478.9813000001
            ],
            [
              170680.7324000001,
              634328.6653000005
            ],
            [
              170554.39850000013,
              634142.6882000007
            ],
            [
              170448.2553000003,
              633992.3625000007
            ],
            [
              170362.13260000013,
              633840.2936000004
            ],
            [
              170357.39680000022,
              633831.9315000009
            ],
            [
              170350.2357999999,
              633825.0335000008
            ],
            [
              170225.5981999999,
              633704.9743000008
            ],
            [
              170185.2478,
              633666.1061000004
            ],
            [
              170072.44070000015,
              633548.7006000001
            ],
            [
              170030.8657999998,
              633505.4309999999
            ],
            [
              169923.5560999997,
              633427.9264000002
            ],
            [
              169861.09169999976,
              633382.8114
            ],
            [
              169832.35190000013,
              633346.3118999992
            ]
          ],
          [
            [
              181088.21879999992,
              655476.1875
            ],
            [
              181155.54690000042,
              655656
            ],
            [
              181171.13989999983,
              655702.0206000004
            ],
            [
              181197.625,
              655780.1875
            ],
            [
              181221.75,
              655846.0625
            ],
            [
              181243.53129999992,
              655897
            ],
            [
              181255.73440000042,
              655920.875
            ],
            [
              181272.42190000042,
              655952.1875
            ],
            [
              181293.625,
              655986.6875
            ],
            [
              181312.40629999992,
              656013.75
            ],
            [
              181329.34379999992,
              656039.375
            ],
            [
              181342.57809999958,
              656059.1875
            ],
            [
              181362.5,
              656088.875
            ],
            [
              181408.82809999958,
              656145.125
            ],
            [
              181420.9375,
              656155.625
            ],
            [
              181517.20309999958,
              656248.375
            ],
            [
              181635.90629999992,
              656345.375
            ],
            [
              181746.67059999984,
              656440.1510000005
            ]
          ],
          [
            [
              181746.67059999984,
              656440.1510000005
            ],
            [
              181746.1277999999,
              656439.5458000004
            ]
          ],
          [
            [
              181746.67059999984,
              656440.1510000005
            ],
            [
              181773.8125,
              656463.375
            ]
          ],
          [
            [
              182341.59499999974,
              657065.4511999991
            ],
            [
              182343.48230000027,
              657067.8773999996
            ]
          ],
          [
            [
              182343.48230000027,
              657067.8773999996
            ],
            [
              182248.58949999977,
              656969.1002999991
            ],
            [
              182183.2050999999,
              656901.0332999993
            ],
            [
              182111.32050000038,
              656826.2061000001
            ],
            [
              182009.77749999985,
              656720.5021000002
            ],
            [
              182006.4609000003,
              656717.0494999997
            ],
            [
              181901.14850000013,
              656607.4214999992
            ],
            [
              181834.02749999985,
              656537.5504999999
            ],
            [
              181770.18039999995,
              656466.3635000009
            ],
            [
              181746.67059999984,
              656440.1510000005
            ]
          ],
          [
            [
              182343.48230000027,
              657067.8773999996
            ],
            [
              182358.84379999992,
              657087.625
            ],
            [
              182438.6621000003,
              657242.2155000009
            ],
            [
              182587.12229999993,
              657529.7502999995
            ],
            [
              182598.5625,
              657549.0625
            ],
            [
              182601.44039999973,
              657553.6341999993
            ],
            [
              182603,
              657556.1116000004
            ],
            [
              182611.625,
              657569.8125
            ],
            [
              182635.39059999958,
              657612.5625
            ],
            [
              182662.70309999958,
              657656.5625
            ],
            [
              182687.64059999958,
              657699.3125
            ],
            [
              182724.46879999992,
              657748
            ],
            [
              182775.54690000042,
              657801.4375
            ],
            [
              182895.51559999958,
              657889.1875
            ],
            [
              182997.78129999992,
              657976.8125
            ],
            [
              183088.14059999958,
              658105.8125
            ],
            [
              183236.86500000022,
              658367.3938999996
            ],
            [
              183240.05929999985,
              658373.0121999998
            ],
            [
              183240.12679999974,
              658373.1308999993
            ],
            [
              183244.67190000042,
              658381.125
            ],
            [
              183250.4375,
              658390.8125
            ],
            [
              183261.91139999963,
              658410.1231999993
            ],
            [
              183455.98440000042,
              658736.75
            ],
            [
              183603.12600000016,
              658978.2978000008
            ],
            [
              183689.75,
              659120.5
            ],
            [
              183952.89059999958,
              659561.8125
            ],
            [
              183970.45309999958,
              659599.75
            ],
            [
              183985.90629999992,
              659638.9375
            ],
            [
              183994.625,
              659672.375
            ],
            [
              183996.71879999992,
              659707.8125
            ],
            [
              183996.71879999992,
              659751.625
            ],
            [
              183997.5,
              659788.625
            ],
            [
              184000.67190000042,
              659829.9375
            ],
            [
              184000.67190000042,
              659888.625
            ],
            [
              184008.45309999958,
              660013.8125
            ],
            [
              184016.90629999992,
              660234.8125
            ],
            [
              184046.76559999958,
              660368.3125
            ],
            [
              184067.04690000042,
              660437.3125
            ],
            [
              184082.59379999992,
              660520.1875
            ],
            [
              184091.2276999997,
              660597.2913000006
            ],
            [
              184091.32809999958,
              660598.1875
            ],
            [
              184092.21879999992,
              660669.1875
            ],
            [
              184090.40629999992,
              660739.1875
            ],
            [
              184086.07699999958,
              660767.3052999992
            ],
            [
              184081.3125,
              660798.25
            ],
            [
              184070.40629999992,
              660861.875
            ],
            [
              184056.76559999958,
              660937.3125
            ],
            [
              184052.21879999992,
              660991.875
            ],
            [
              184048.14059999958,
              661065.5625
            ],
            [
              184054.75,
              661195.1875
            ],
            [
              184062.6875,
              661309
            ],
            [
              184065.34379999992,
              661379.0625
            ],
            [
              184069.3125,
              661443.9375
            ],
            [
              184077.25,
              661494.1875
            ],
            [
              184090.46879999992,
              661553.6875
            ],
            [
              184101.0625,
              661597.375
            ],
            [
              184115.60940000042,
              661650.3125
            ],
            [
              184138.09379999992,
              661713.8125
            ],
            [
              184168.53129999992,
              661797.125
            ],
            [
              184206.89059999958,
              661893.6875
            ],
            [
              184237.3125,
              661970.4375
            ],
            [
              184278.70969999954,
              662073.0165999997
            ],
            [
              184290.40629999992,
              662102
            ],
            [
              184333.625,
              662197.5
            ],
            [
              184399.65629999992,
              662298.6875
            ],
            [
              184456.98440000042,
              662363.3125
            ],
            [
              184503.85940000042,
              662428.125
            ],
            [
              184544.375,
              662511.625
            ],
            [
              184564.46879999992,
              662587.4375
            ],
            [
              184572.54690000042,
              662631.1875
            ],
            [
              184576.6875,
              662682.1875
            ],
            [
              184575.28129999992,
              662784.6875
            ],
            [
              184607.73440000042,
              662969.25
            ],
            [
              184744,
              663322.4375
            ],
            [
              184863.90629999992,
              663629.375
            ],
            [
              184931.84379999992,
              663714.0625
            ],
            [
              185184.53129999992,
              664096.375
            ],
            [
              185185.45689999964,
              664097.9782999996
            ],
            [
              185185.6763000004,
              664098.3584000003
            ],
            [
              185293.28129999992,
              664284.75
            ],
            [
              185352.01559999958,
              664433.1875
            ],
            [
              185384.5625,
              664556.25
            ],
            [
              185397.59379999992,
              664631.3125
            ],
            [
              185438.53129999992,
              664922.9375
            ],
            [
              185494.09379999992,
              665243.625
            ],
            [
              185541.2048000004,
              665527.0091999993
            ],
            [
              185543.3125,
              665539.6875
            ],
            [
              185593.3125,
              665841.3125
            ],
            [
              185601.25,
              666200.875
            ],
            [
              185599.65629999992,
              666423.9375
            ],
            [
              185602.04690000042,
              666627.125
            ],
            [
              185602.92509999964,
              666637.6894000005
            ],
            [
              185603.9782999996,
              666681.6699999999
            ],
            [
              185607.54690000042,
              666830.6875
            ],
            [
              185613.79690000042,
              666955.8125
            ],
            [
              185633.14059999958,
              667063.375
            ],
            [
              185664.89059999958,
              667177.1875
            ],
            [
              185725.75,
              667354.4375
            ],
            [
              185732.89749999996,
              667379.8234999999
            ],
            [
              185774.96879999992,
              667529.25
            ],
            [
              185775.01350000035,
              667529.4492000006
            ],
            [
              185801.20079999976,
              667646.2831999995
            ],
            [
              185838.28509999998,
              667811.7345000003
            ],
            [
              185838.77589999977,
              667813.9240000006
            ],
            [
              185852.03129999992,
              667873.0625
            ]
          ]
        ]
      }
    },
    {
      "type": "Feature",
      "properties": {
        "OBJECTID": 3199,
        "Keta": 3383,
        "Tochnit_Nu": "תכנית מתאר מחוזית, מחוז המרכז, תמ''מ/ 3  שינוי מס' 21",
        "Tochnit_Na": "תממ/ 3/ 21",
        "Tochnit_Ty": "תמ\"מ",
        "YP_Resu_Nu": " ",
        "YP_Resu_Da": "12/11/2003",
        "Road_No": "לא נמצא",
        "Planed_Tra": 0,
        "Status": "תוכנית מאושרת",
        "Tasrit": "tmm3_21_yk.jpg",
        "Scale": "1:50000",
        "Relevance": "2",
        "Digitation": "וקטור מקורי",
        "Notes": " ",
        "Question_N": " ",
        "TypeRoadtx": "דרך עורקית עירונית",
        "Type_Road": 32,
        "TypeRoad_1": " ",
        "Type_Road1": 0,
        "Shape_Length": 2172.8044993245153
      },
      "geometry": {
        "type": "LineString",
        "coordinates": [
          [
            181974.70529999956,
            650347.9679000005
          ],
          [
            182064.4430999998,
            650480.8440000005
          ],
          [
            182163.3130999999,
            650627.2422000002
          ],
          [
            182599.3967000004,
            651272.9576999992
          ],
          [
            183198.71520000044,
            652139.9970999993
          ],
          [
            183200.20419999957,
            652142.1512000002
          ]
        ]
      }
    },
    {
      "type": "Feature",
      "properties": {
        "OBJECTID": 3200,
        "Keta": 3384,
        "Tochnit_Nu": "תכנית מתאר מחוזית, מחוז המרכז, תמ''מ/ 3  שינוי מס' 21",
        "Tochnit_Na": "תממ/ 3/ 21",
        "Tochnit_Ty": "תמ\"מ",
        "YP_Resu_Nu": " ",
        "YP_Resu_Da": "12/11/2003",
        "Road_No": "412",
        "Planed_Tra": 0,
        "Status": "תוכנית מאושרת",
        "Tasrit": "tmm3_21_yk.jpg",
        "Scale": "1:50000",
        "Relevance": "2",
        "Digitation": "וקטור מקורי",
        "Notes": " ",
        "Question_N": " ",
        "TypeRoadtx": "דרך עורקית עירונית",
        "Type_Road": 32,
        "TypeRoad_1": " ",
        "Type_Road1": 0,
        "Shape_Length": 718.3271699533908
      },
      "geometry": {
        "type": "LineString",
        "coordinates": [
          [
            181424.42929999996,
            651443.7512999997
          ],
          [
            181445.01219999976,
            651639.8446999993
          ],
          [
            181459.80489999987,
            651780.7752999999
          ],
          [
            181487.8914999999,
            652083.7924000006
          ],
          [
            181488.08249999955,
            652085.8534999993
          ],
          [
            181492.17929999996,
            652158.8043000009
          ]
        ]
      }
    },
    {
      "type": "Feature",
      "properties": {
        "OBJECTID": 3201,
        "Keta": 3385,
        "Tochnit_Nu": "תכנית מתאר מחוזית, מחוז המרכז, תמ''מ/ 3  שינוי מס' 21",
        "Tochnit_Na": "תממ/ 3/ 21",
        "Tochnit_Ty": "תמ\"מ",
        "YP_Resu_Nu": " ",
        "YP_Resu_Da": "12/11/2003",
        "Road_No": "לא נמצא",
        "Planed_Tra": 0,
        "Status": "תוכנית מאושרת",
        "Tasrit": "tmm3_21_yk.jpg",
        "Scale": "1:50000",
        "Relevance": "2",
        "Digitation": "וקטור מקורי",
        "Notes": " ",
        "Question_N": " ",
        "TypeRoadtx": "דרך עורקית עירונית",
        "Type_Road": 32,
        "TypeRoad_1": " ",
        "Type_Road1": 0,
        "Shape_Length": 1731.3215915047608
      },
      "geometry": {
        "type": "LineString",
        "coordinates": [
          [
            183200.20419999957,
            652142.1512000002
          ],
          [
            183072.00050000008,
            652195.6800999995
          ],
          [
            183071.36349999998,
            652195.8571000006
          ],
          [
            182964.3998999996,
            652225.5840000007
          ],
          [
            182865.95199999958,
            652230.5640999991
          ],
          [
            182810.03019999992,
            652233.3928999994
          ],
          [
            182748.8119000001,
            652226.5606999993
          ],
          [
            182668.23809999973,
            652217.5683999993
          ],
          [
            182441.1705,
            652197.0877999999
          ],
          [
            182339.21600000001,
            652185.6668999996
          ],
          [
            182188.39389999956,
            652168.7718000002
          ],
          [
            181894.73290000018,
            652137.2573000006
          ],
          [
            181803.27500000037,
            652127.8046000004
          ],
          [
            181786.96490000002,
            652127.5500000007
          ],
          [
            181702.35639999993,
            652126.2292
          ],
          [
            181602.7762000002,
            652136.9436000008
          ],
          [
            181599.86050000042,
            652137.2573000006
          ],
          [
            181514.74629999977,
            652154.2885999996
          ],
          [
            181492.17929999996,
            652158.8043000009
          ]
        ]
      }
    },
    {
      "type": "Feature",
      "properties": {
        "OBJECTID": 3203,
        "Keta": 3389,
        "Tochnit_Nu": "תכנית מתאר מחוזית, מחוז המרכז, תמ''מ/ 3  שינוי מס' 21",
        "Tochnit_Na": "תממ/ 3/ 21",
        "Tochnit_Ty": "תמ\"מ",
        "YP_Resu_Nu": " ",
        "YP_Resu_Da": "12/11/2003",
        "Road_No": "לא נמצא",
        "Planed_Tra": 0,
        "Status": "תוכנית מאושרת",
        "Tasrit": "tmm3_21_yk.jpg",
        "Scale": "1:50000",
        "Relevance": "2",
        "Digitation": "וקטור מקורי",
        "Notes": " ",
        "Question_N": " ",
        "TypeRoadtx": "דרך עורקית עירונית",
        "Type_Road": 32,
        "TypeRoad_1": " ",
        "Type_Road1": 0,
        "Shape_Length": 898.474574238458
      },
      "geometry": {
        "type": "LineString",
        "coordinates": [
          [
            183200.20419999957,
            652142.1512000002
          ],
          [
            183458.0560999997,
            652515.1877999995
          ],
          [
            183604.54590000026,
            652690.7010999992
          ],
          [
            183691.14319999982,
            652761.4888000004
          ],
          [
            183778.68929999974,
            652818.6102000009
          ]
        ]
      }
    },
    {
      "type": "Feature",
      "properties": {
        "OBJECTID": 3204,
        "Keta": 3390,
        "Tochnit_Nu": "תכנית מתאר מחוזית, מחוז המרכז, תמ''מ/ 3  שינוי מס' 21",
        "Tochnit_Na": "תממ/ 3/ 21",
        "Tochnit_Ty": "תמ\"מ",
        "YP_Resu_Nu": " ",
        "YP_Resu_Da": "12/11/2003",
        "Road_No": "44",
        "Planed_Tra": 0,
        "Status": "תוכנית מאושרת",
        "Tasrit": "tmm3_21_yk.jpg",
        "Scale": "1:50000",
        "Relevance": "1",
        "Digitation": "וקטור מקורי",
        "Notes": " ",
        "Question_N": " ",
        "TypeRoadtx": "דרך ראשית",
        "Type_Road": 3,
        "TypeRoad_1": "דרך ראשית קיימת/מאושרת",
        "Type_Road1": 44,
        "Shape_Length": 271.32805771983305
      },
      "geometry": {
        "type": "LineString",
        "coordinates": [
          [
            185374.24450000003,
            653004.8969
          ],
          [
            185490.95459999982,
            652807.1889999993
          ],
          [
            185512.17430000007,
            652771.2426999994
          ]
        ]
      }
    },
    {
      "type": "Feature",
      "properties": {
        "OBJECTID": 3208,
        "Keta": 3395,
        "Tochnit_Nu": "תכנית מתאר מחוזית, מחוז המרכז, תמ''מ/ 3  שינוי מס' 21",
        "Tochnit_Na": "תממ/ 3/ 21",
        "Tochnit_Ty": "תמ\"מ",
        "YP_Resu_Nu": " ",
        "YP_Resu_Da": "12/11/2003",
        "Road_No": "לא נמצא",
        "Planed_Tra": 0,
        "Status": "תוכנית מאושרת",
        "Tasrit": "tmm3_21_yk.jpg",
        "Scale": "1:50000",
        "Relevance": "2",
        "Digitation": "וקטור מקורי",
        "Notes": " ",
        "Question_N": " ",
        "TypeRoadtx": "דרך עורקית עירונית",
        "Type_Road": 32,
        "TypeRoad_1": " ",
        "Type_Road1": 0,
        "Shape_Length": 1450.032612325821
      },
      "geometry": {
        "type": "LineString",
        "coordinates": [
          [
            183778.68929999974,
            652818.6102000009
          ],
          [
            183819.7263000002,
            652845.3857000005
          ],
          [
            184029.65899999999,
            652955.5002999995
          ],
          [
            184299.94689999986,
            653104.9415000007
          ],
          [
            184504.63109999988,
            653222.9210999999
          ],
          [
            184761.79800000042,
            653364.4969999995
          ],
          [
            184945.48869999964,
            653474.6116000004
          ],
          [
            185035.31070000026,
            653540.0711000003
          ]
        ]
      }
    },
    {
      "type": "Feature",
      "properties": {
        "OBJECTID": 3209,
        "Keta": 3397,
        "Tochnit_Nu": "תכנית מתאר מחוזית, מחוז המרכז, תמ''מ/ 3  שינוי מס' 21",
        "Tochnit_Na": "תממ/ 3/ 21",
        "Tochnit_Ty": "תמ\"מ",
        "YP_Resu_Nu": " ",
        "YP_Resu_Da": "12/11/2003",
        "Road_No": "לא נמצא",
        "Planed_Tra": 0,
        "Status": "תוכנית מאושרת",
        "Tasrit": "tmm3_21_yk.jpg",
        "Scale": "1:50000",
        "Relevance": "2",
        "Digitation": "וקטור מקורי",
        "Notes": " ",
        "Question_N": " ",
        "TypeRoadtx": "דרך עורקית עירונית",
        "Type_Road": 32,
        "TypeRoad_1": " ",
        "Type_Road1": 0,
        "Shape_Length": 2318.476223491181
      },
      "geometry": {
        "type": "LineString",
        "coordinates": [
          [
            180832.24280000012,
            653661.3105999995
          ],
          [
            180860.64419999998,
            653639.5163000003
          ],
          [
            180953.28619999997,
            653483.9368999992
          ],
          [
            181055.24509999994,
            653249.5448000003
          ],
          [
            181088.74069999997,
            653172.5419999994
          ],
          [
            181181.54250000045,
            652768.7536999993
          ],
          [
            181274.4040000001,
            652272.7725000009
          ],
          [
            181317.2753999997,
            652024.7647999991
          ],
          [
            181322.4611999998,
            651988.7881000005
          ],
          [
            181345.8783999998,
            651826.3322000001
          ],
          [
            181403.02780000027,
            651514.5669999998
          ],
          [
            181424.42929999996,
            651443.7512999997
          ]
        ]
      }
    },
    {
      "type": "Feature",
      "properties": {
        "OBJECTID": 3210,
        "Keta": 3398,
        "Tochnit_Nu": "תכנית מתאר מחוזית, מחוז המרכז, תמ''מ/ 3  שינוי מס' 21",
        "Tochnit_Na": "תממ/ 3/ 21",
        "Tochnit_Ty": "תמ\"מ",
        "YP_Resu_Nu": " ",
        "YP_Resu_Da": "12/11/2003",
        "Road_No": "לא נמצא",
        "Planed_Tra": 0,
        "Status": "תוכנית מאושרת",
        "Tasrit": "tmm3_21_yk.jpg",
        "Scale": "1:50000",
        "Relevance": "2",
        "Digitation": "וקטור מקורי",
        "Notes": " ",
        "Question_N": " ",
        "TypeRoadtx": "דרך עורקית עירונית",
        "Type_Road": 32,
        "TypeRoad_1": " ",
        "Type_Road1": 0,
        "Shape_Length": 2047.4802987322644
      },
      "geometry": {
        "type": "LineString",
        "coordinates": [
          [
            183778.68929999974,
            652818.6102000009
          ],
          [
            183727.88129999954,
            652924.0391000006
          ],
          [
            183643.90830000024,
            653049.8839999996
          ],
          [
            183565.1836000001,
            653139.0245999992
          ],
          [
            183436.59979999997,
            653209.8124000002
          ],
          [
            183255.53330000024,
            653293.7092000004
          ],
          [
            183129.5736999996,
            653351.3881999999
          ],
          [
            183014.11089999974,
            653411.6887999997
          ],
          [
            182056.93620000035,
            653831.2551000006
          ]
        ]
      }
    },
    {
      "type": "Feature",
      "properties": {
        "OBJECTID": 3211,
        "Keta": 3399,
        "Tochnit_Nu": "תכנית מתאר מחוזית, מחוז המרכז, תמ''מ/ 3  שינוי מס' 21",
        "Tochnit_Na": "תממ/ 3/ 21",
        "Tochnit_Ty": "תמ\"מ",
        "YP_Resu_Nu": " ",
        "YP_Resu_Da": "12/11/2003",
        "Road_No": "412",
        "Planed_Tra": 0,
        "Status": "תוכנית מאושרת",
        "Tasrit": "tmm3_21_yk.jpg",
        "Scale": "1:50000",
        "Relevance": "2",
        "Digitation": "וקטור מקורי",
        "Notes": " ",
        "Question_N": " ",
        "TypeRoadtx": "דרך עורקית עירונית",
        "Type_Road": 32,
        "TypeRoad_1": " ",
        "Type_Road1": 0,
        "Shape_Length": 1786.7568665031718
      },
      "geometry": {
        "type": "LineString",
        "coordinates": [
          [
            181492.17929999996,
            652158.8043000009
          ],
          [
            181500.92480000015,
            652314.5336000007
          ],
          [
            181509.1958999997,
            652461.8143000007
          ],
          [
            181537.53789999988,
            652667.6086999997
          ],
          [
            181622.82330000028,
            652880.7641000003
          ],
          [
            181690.54480000027,
            653025.4145999998
          ],
          [
            181769.0153000001,
            653193.0245999992
          ],
          [
            181779.2171,
            653214.8150999993
          ],
          [
            181914.30549999978,
            653470.7566999998
          ],
          [
            181978.24909999967,
            653662.5357000008
          ],
          [
            182035.4084999999,
            653826.9364999998
          ],
          [
            182038.7843000004,
            653837.8649000004
          ],
          [
            182038.7977,
            653837.9082999993
          ]
        ]
      }
    },
    {
      "type": "Feature",
      "properties": {
        "OBJECTID": 3212,
        "Keta": 3400,
        "Tochnit_Nu": "תכנית מתאר מחוזית, מחוז המרכז, תמ''מ/ 3  שינוי מס' 21",
        "Tochnit_Na": "תממ/ 3/ 21",
        "Tochnit_Ty": "תמ\"מ",
        "YP_Resu_Nu": " ",
        "YP_Resu_Da": "12/11/2003",
        "Road_No": "לא נמצא",
        "Planed_Tra": 0,
        "Status": "תוכנית מאושרת",
        "Tasrit": "tmm3_21_yk.jpg",
        "Scale": "1:50000",
        "Relevance": "2",
        "Digitation": "תשריט מעוגן",
        "Notes": " ",
        "Question_N": " ",
        "TypeRoadtx": "דרך עורקית עירונית",
        "Type_Road": 32,
        "TypeRoad_1": " ",
        "Type_Road1": 0,
        "Shape_Length": 19.32020322062241
      },
      "geometry": {
        "type": "LineString",
        "coordinates": [
          [
            182056.93620000035,
            653831.2551000006
          ],
          [
            182047.72059999965,
            653834.6353999991
          ],
          [
            182038.7977,
            653837.9082999993
          ]
        ]
      }
    },
    {
      "type": "Feature",
      "properties": {
        "OBJECTID": 3213,
        "Keta": 3402,
        "Tochnit_Nu": "תכנית מתאר מחוזית, מחוז המרכז, תמ''מ/ 3  שינוי מס' 21",
        "Tochnit_Na": "תממ/ 3/ 21",
        "Tochnit_Ty": "תמ\"מ",
        "YP_Resu_Nu": " ",
        "YP_Resu_Da": "12/11/2003",
        "Road_No": "לא נמצא",
        "Planed_Tra": 0,
        "Status": "תוכנית מאושרת",
        "Tasrit": "tmm3_21_yk.jpg",
        "Scale": "1:50000",
        "Relevance": "2",
        "Digitation": "וקטור מקורי",
        "Notes": " ",
        "Question_N": " ",
        "TypeRoadtx": "דרך עורקית עירונית",
        "Type_Road": 32,
        "TypeRoad_1": " ",
        "Type_Road1": 0,
        "Shape_Length": 391.4840592816191
      },
      "geometry": {
        "type": "LineString",
        "coordinates": [
          [
            180488.21609999985,
            653838.1903000008
          ],
          [
            180494.23809999973,
            653836.5829000007
          ],
          [
            180547.3077999996,
            653822.4177999999
          ],
          [
            180703.95770000014,
            653759.3341000006
          ],
          [
            180832.24280000012,
            653661.3105999995
          ]
        ]
      }
    },
    {
      "type": "Feature",
      "properties": {
        "OBJECTID": 3214,
        "Keta": 3404,
        "Tochnit_Nu": "תכנית מתאר מחוזית, מחוז המרכז, תמ''מ/ 3  שינוי מס' 21",
        "Tochnit_Na": "תממ/ 3/ 21",
        "Tochnit_Ty": "תמ\"מ",
        "YP_Resu_Nu": " ",
        "YP_Resu_Da": "12/11/2003",
        "Road_No": "1",
        "Planed_Tra": 0,
        "Status": "תוכנית מאושרת",
        "Tasrit": "tmm3_21_yk.jpg",
        "Scale": "1:50000",
        "Relevance": "1",
        "Digitation": "וקטור מקורי",
        "Notes": " ",
        "Question_N": " ",
        "TypeRoadtx": "דרך מהירה",
        "Type_Road": 1,
        "TypeRoad_1": "דרך מהירה קיימת/מאושרת",
        "Type_Road1": 20,
        "Shape_Length": 2410.4918629611925
      },
      "geometry": {
        "type": "LineString",
        "coordinates": [
          [
            191151.82749999966,
            653859.1076999996
          ],
          [
            191151.9763000002,
            653858.6942999996
          ],
          [
            191182.64169999957,
            653773.4781999998
          ],
          [
            191245.96590000018,
            653597.5066999998
          ],
          [
            191332.54169999994,
            653261.2003000006
          ],
          [
            191356.17069999967,
            653173.1805000007
          ],
          [
            191394.87880000006,
            653028.9897000007
          ],
          [
            191422.96839999966,
            652924.3537000008
          ],
          [
            191462.31670000032,
            652777.7783000004
          ],
          [
            191599.12829999998,
            652308.4063000008
          ],
          [
            191772.04289999977,
            651691.8933000006
          ],
          [
            191805.71590000018,
            651593.4142000005
          ],
          [
            191822.33770000003,
            651544.8026999999
          ]
        ]
      }
    },
    {
      "type": "Feature",
      "properties": {
        "OBJECTID": 3215,
        "Keta": 3405,
        "Tochnit_Nu": "תכנית מתאר מחוזית, מחוז המרכז, תמ''מ/ 3  שינוי מס' 21",
        "Tochnit_Na": "תממ/ 3/ 21",
        "Tochnit_Ty": "תמ\"מ",
        "YP_Resu_Nu": " ",
        "YP_Resu_Da": "12/11/2003",
        "Road_No": "1",
        "Planed_Tra": 0,
        "Status": "תוכנית מאושרת",
        "Tasrit": "tmm3_21_yk.jpg",
        "Scale": "1:50000",
        "Relevance": "1",
        "Digitation": "וקטור מקורי",
        "Notes": " ",
        "Question_N": " ",
        "TypeRoadtx": "דרך מהירה",
        "Type_Road": 1,
        "TypeRoad_1": "דרך מהירה קיימת/מאושרת",
        "Type_Road1": 20,
        "Shape_Length": 12478.369357915053
      },
      "geometry": {
        "type": "LineString",
        "coordinates": [
          [
            183251.01070000045,
            658390.1314000003
          ],
          [
            183267.90649999958,
            658376.0515000001
          ],
          [
            183291.84219999984,
            658357.7477000002
          ],
          [
            183490.3680999996,
            658200.0534000006
          ],
          [
            183900.56089999992,
            657851.1078999992
          ],
          [
            184367.65830000024,
            657446.6418999992
          ],
          [
            184617.16530000046,
            657247.4802000001
          ],
          [
            184691.79609999992,
            657187.9082999993
          ],
          [
            184731.48230000027,
            657154.8581000008
          ],
          [
            184745.13949999958,
            657143.4846999999
          ],
          [
            184944.55570000038,
            656995.5022999998
          ],
          [
            185165.3640999999,
            656790.8874999993
          ],
          [
            185386.17229999974,
            656586.2730999999
          ],
          [
            185685.3356999997,
            656304.0203000009
          ],
          [
            186077.04470000044,
            656015.1137000006
          ],
          [
            186354.80590000004,
            655803.6766999997
          ],
          [
            186632.4110000003,
            655620.6980000008
          ],
          [
            186675.2792999996,
            655592.4420999996
          ],
          [
            186724.50710000005,
            655573.6959000006
          ],
          [
            186896.01049999986,
            655508.3864999991
          ],
          [
            187059.33829999994,
            655458.4496999998
          ],
          [
            187076.54459999967,
            655454.7337999996
          ],
          [
            187205.68090000004,
            655426.8454999998
          ],
          [
            187400.52190000005,
            655451.5976999998
          ],
          [
            187545.3331000004,
            655532.7847000007
          ],
          [
            187659.83389999997,
            655596.9784999993
          ],
          [
            187873.61710000038,
            655742.6817000005
          ],
          [
            187967.61010000017,
            655806.7423
          ],
          [
            188178.32270000037,
            655919.8475000001
          ],
          [
            188213.27969999984,
            655922.1972000003
          ],
          [
            188311.8975999998,
            655928.8259999994
          ],
          [
            188430.05530000012,
            655936.7683000006
          ],
          [
            188625.03149999958,
            655929.4133000001
          ],
          [
            188820.41509999987,
            655825.7343000006
          ],
          [
            189073.06429999974,
            655625.9283000007
          ],
          [
            189207.4938000003,
            655494.0955999997
          ],
          [
            189342.23010000028,
            655361.9618999995
          ],
          [
            189578.76989999972,
            655129.9921000004
          ],
          [
            189896.6026999997,
            654882.2478999998
          ],
          [
            190260.25050000008,
            654587.6502
          ],
          [
            190271.53189999983,
            654578.5109000001
          ],
          [
            190782.2790000001,
            654196.9273000006
          ],
          [
            190784.8850999996,
            654194.9802999999
          ],
          [
            191100.53039999958,
            653906.0613000002
          ],
          [
            191151.82749999966,
            653859.1076999996
          ],
          [
            191152.04669999983,
            653858.9322999995
          ],
          [
            191190.84520000033,
            653827.8929999992
          ],
          [
            191484.05829999968,
            653593.3190000001
          ],
          [
            191771.2489,
            653363.5631000008
          ],
          [
            191983.28509999998,
            653163.6173
          ],
          [
            192260.26750000007,
            652971.9214999992
          ],
          [
            192463.8421,
            652852.2169000003
          ],
          [
            192675.40270000044,
            652764.6480999999
          ],
          [
            193171.55989999976,
            652605.8162999991
          ],
          [
            193174.74320000038,
            652604.7800999992
          ],
          [
            193412.61199999973,
            652512.7397000007
          ]
        ]
      }
    },
    {
      "type": "Feature",
      "properties": {
        "OBJECTID": 3222,
        "Keta": 3412,
        "Tochnit_Nu": "תכנית מתאר מחוזית, מחוז המרכז, תמ''מ/ 3  שינוי מס' 21",
        "Tochnit_Na": "תממ/ 3/ 21",
        "Tochnit_Ty": "תמ\"מ",
        "YP_Resu_Nu": " ",
        "YP_Resu_Da": "12/11/2003",
        "Road_No": "40",
        "Planed_Tra": 0,
        "Status": "תוכנית מאושרת",
        "Tasrit": "tmm3_21_yk.jpg",
        "Scale": "1:50000",
        "Relevance": "1",
        "Digitation": "וקטור מקורי",
        "Notes": " ",
        "Question_N": " ",
        "TypeRoadtx": "דרך ראשית",
        "Type_Road": 3,
        "TypeRoad_1": "דרך ראשית קיימת/מאושרת",
        "Type_Road1": 44,
        "Shape_Length": 8948.819008365082
      },
      "geometry": {
        "type": "LineString",
        "coordinates": [
          [
            187413.2045,
            647312.9886000007
          ],
          [
            187559.14499999955,
            647360.6998999994
          ],
          [
            187738.7642000001,
            647430.8637000006
          ],
          [
            188044.67810000014,
            647529.0929000005
          ],
          [
            188215.87770000007,
            647585.2238999996
          ],
          [
            188415.84009999968,
            647643.5537999999
          ],
          [
            188805.85450000037,
            647806.6431000009
          ],
          [
            189027.43429999985,
            647960.4704999998
          ],
          [
            189072.90390000027,
            647992.0369000006
          ],
          [
            189073.11909999978,
            647992.1863000002
          ],
          [
            189075.9478000002,
            647994.1986999996
          ],
          [
            189243.18450000044,
            648113.1780999992
          ],
          [
            189259.25829999987,
            648130.7873999998
          ],
          [
            189283.37509999983,
            648157.2080000006
          ],
          [
            189404.8903000001,
            648290.3309000004
          ],
          [
            189501.78450000007,
            648427.1245000008
          ],
          [
            189646.9735000003,
            648668.4371000007
          ],
          [
            189665.95820000023,
            648704.7522
          ],
          [
            190033.73570000008,
            649408.2592999991
          ],
          [
            190235.30730000045,
            649762.1448999997
          ],
          [
            190429.0957000004,
            650035.7324999999
          ],
          [
            190526.16029999964,
            650132.3918999992
          ],
          [
            190607.11450000014,
            650196.8872999996
          ],
          [
            190850.3513000002,
            650302.0772999991
          ],
          [
            191085.4313000003,
            650415.2663000003
          ],
          [
            191206.8973000003,
            650503.9823000003
          ],
          [
            191368.5686999997,
            650689.1616999991
          ],
          [
            191388.50600000005,
            650728.9678000007
          ],
          [
            191424.95210000034,
            650801.7346999999
          ],
          [
            191465.05570000038,
            650922.2793000005
          ],
          [
            191456.22009999957,
            651090.8169
          ],
          [
            191400.87600000016,
            651256.7775999997
          ],
          [
            191349.26910000015,
            651411.5315000005
          ],
          [
            191337.30200000014,
            651440.9388999995
          ],
          [
            191316.78839999996,
            651491.3480999991
          ],
          [
            191290.07440000027,
            651556.9937999994
          ],
          [
            191111.1001000004,
            652028.7950999998
          ],
          [
            190993.08490000013,
            652385.9098000005
          ],
          [
            190954.7692999998,
            652501.8531
          ],
          [
            190904.60809999984,
            652838.8177000005
          ],
          [
            190911.98369999975,
            653015.4383000005
          ],
          [
            190975.91289999988,
            653264.4977000002
          ],
          [
            191064.1462000003,
            653562.7357000001
          ],
          [
            191151.82749999966,
            653859.1076999996
          ],
          [
            191151.79370000027,
            653863.1757999994
          ],
          [
            191150.22900000028,
            654051.5243999995
          ]
        ]
      }
    },
    {
      "type": "Feature",
      "properties": {
        "OBJECTID": 3223,
        "Keta": 3414,
        "Tochnit_Nu": "תכנית מתאר מחוזית, מחוז המרכז, תמ''מ/ 3  שינוי מס' 21",
        "Tochnit_Na": "תממ/ 3/ 21",
        "Tochnit_Ty": "תמ\"מ",
        "YP_Resu_Nu": " ",
        "YP_Resu_Da": "12/11/2003",
        "Road_No": "412",
        "Planed_Tra": 0,
        "Status": "תוכנית מאושרת",
        "Tasrit": "tmm3_21_yk.jpg",
        "Scale": "1:50000",
        "Relevance": "2",
        "Digitation": "וקטור מקורי",
        "Notes": " ",
        "Question_N": " ",
        "TypeRoadtx": "דרך עורקית עירונית",
        "Type_Road": 32,
        "TypeRoad_1": " ",
        "Type_Road1": 0,
        "Shape_Length": 1853.2724189310456
      },
      "geometry": {
        "type": "LineString",
        "coordinates": [
          [
            182038.7977,
            653837.9082999993
          ],
          [
            182072.71879999992,
            653947.7225000001
          ],
          [
            182184.2717000004,
            654308.8573000003
          ],
          [
            182345.13760000002,
            654854.7157000005
          ],
          [
            182418.67310000025,
            655104.2399000004
          ],
          [
            182510.99430000037,
            655445.0797000006
          ],
          [
            182577.13370000012,
            655610.3815000001
          ]
        ]
      }
    },
    {
      "type": "Feature",
      "properties": {
        "OBJECTID": 3224,
        "Keta": 3415,
        "Tochnit_Nu": "תכנית מתאר מחוזית, מחוז המרכז, תמ''מ/ 3  שינוי מס' 21",
        "Tochnit_Na": "תממ/ 3/ 21",
        "Tochnit_Ty": "תמ\"מ",
        "YP_Resu_Nu": " ",
        "YP_Resu_Da": "12/11/2003",
        "Road_No": "לא נמצא",
        "Planed_Tra": 0,
        "Status": "תוכנית מאושרת",
        "Tasrit": "tmm3_21_yk.jpg",
        "Scale": "1:50000",
        "Relevance": "2",
        "Digitation": "תשריט מעוגן",
        "Notes": " ",
        "Question_N": " ",
        "TypeRoadtx": "דרך עורקית עירונית",
        "Type_Road": 32,
        "TypeRoad_1": " ",
        "Type_Road1": 0,
        "Shape_Length": 3.0444835652669453
      },
      "geometry": {
        "type": "LineString",
        "coordinates": [
          [
            182574.38200000022,
            655611.6842
          ],
          [
            182577.13370000012,
            655610.3815000001
          ]
        ]
      }
    },
    {
      "type": "Feature",
      "properties": {
        "OBJECTID": 3225,
        "Keta": 3417,
        "Tochnit_Nu": "תכנית מתאר מחוזית, מחוז המרכז, תמ''מ/ 3  שינוי מס' 21",
        "Tochnit_Na": "תממ/ 3/ 21",
        "Tochnit_Ty": "תמ\"מ",
        "YP_Resu_Nu": " ",
        "YP_Resu_Da": "12/11/2003",
        "Road_No": "לא נמצא",
        "Planed_Tra": 0,
        "Status": "תוכנית מאושרת",
        "Tasrit": "tmm3_21_yk.jpg",
        "Scale": "1:50000",
        "Relevance": "2",
        "Digitation": "וקטור מקורי",
        "Notes": " ",
        "Question_N": " ",
        "TypeRoadtx": "דרך עורקית עירונית",
        "Type_Road": 32,
        "TypeRoad_1": " ",
        "Type_Road1": 0,
        "Shape_Length": 3072.5484050777663
      },
      "geometry": {
        "type": "LineString",
        "coordinates": [
          [
            180832.24280000012,
            653661.3105999995
          ],
          [
            180862.85219999962,
            653711.7332000006
          ],
          [
            181310.9731999999,
            654449.9175000004
          ],
          [
            181363.5444,
            654589.9675999992
          ],
          [
            181561.03039999958,
            655118.5614999998
          ],
          [
            181699.29849999957,
            655467.4822000004
          ],
          [
            181747.48869999964,
            655555.0134999994
          ],
          [
            181810.37359999958,
            655670.2650000006
          ],
          [
            181893.59920000006,
            655753.4146999996
          ],
          [
            182031.24110000022,
            655782.1971000005
          ],
          [
            182198.7248999998,
            655745.3942000009
          ],
          [
            182295.10539999977,
            655723.5112999994
          ],
          [
            182424.34300000034,
            655677.5573999994
          ],
          [
            182563.62409999967,
            655616.4072999991
          ],
          [
            182574.38200000022,
            655611.6842
          ]
        ]
      }
    },
    {
      "type": "Feature",
      "properties": {
        "OBJECTID": 3226,
        "Keta": 3418,
        "Tochnit_Nu": "תכנית מתאר מחוזית, מחוז המרכז, תמ''מ/ 3  שינוי מס' 21",
        "Tochnit_Na": "תממ/ 3/ 21",
        "Tochnit_Ty": "תמ\"מ",
        "YP_Resu_Nu": " ",
        "YP_Resu_Da": "12/11/2003",
        "Road_No": "412",
        "Planed_Tra": 0,
        "Status": "תוכנית מאושרת",
        "Tasrit": "tmm3_21_yk.jpg",
        "Scale": "1:50000",
        "Relevance": "2",
        "Digitation": "וקטור מקורי",
        "Notes": " ",
        "Question_N": " ",
        "TypeRoadtx": "דרך עורקית עירונית",
        "Type_Road": 32,
        "TypeRoad_1": " ",
        "Type_Road1": 0,
        "Shape_Length": 365.4817742060348
      },
      "geometry": {
        "type": "LineString",
        "coordinates": [
          [
            182577.13370000012,
            655610.3815000001
          ],
          [
            182582.0661000004,
            655622.7089000009
          ],
          [
            182691.75439999998,
            655790.5182000007
          ],
          [
            182702.96329999994,
            655807.6663000006
          ],
          [
            182788.32189999986,
            655907.3544999994
          ]
        ]
      }
    },
    {
      "type": "Feature",
      "properties": {
        "OBJECTID": 3227,
        "Keta": 3420,
        "Tochnit_Nu": "תכנית מתאר מחוזית, מחוז המרכז, תמ''מ/ 3  שינוי מס' 21",
        "Tochnit_Na": "תממ/ 3/ 21",
        "Tochnit_Ty": "תמ\"מ",
        "YP_Resu_Nu": " ",
        "YP_Resu_Da": "12/11/2003",
        "Road_No": "לא נמצא",
        "Planed_Tra": 0,
        "Status": "תוכנית מאושרת",
        "Tasrit": "tmm3_21_yk.jpg",
        "Scale": "1:50000",
        "Relevance": "2",
        "Digitation": "וקטור מקורי",
        "Notes": " ",
        "Question_N": " ",
        "TypeRoadtx": "דרך עורקית עירונית",
        "Type_Road": 32,
        "TypeRoad_1": " ",
        "Type_Road1": 0,
        "Shape_Length": 1200.804217473146
      },
      "geometry": {
        "type": "LineString",
        "coordinates": [
          [
            182788.32189999986,
            655907.3544999994
          ],
          [
            182531.96870000008,
            656037.3375000004
          ],
          [
            182161.69290000014,
            656205.7862999998
          ],
          [
            181961.17559999973,
            656277.9032000005
          ],
          [
            181900.3019000003,
            656299.7967000008
          ],
          [
            181870.87619999982,
            656310.3797999993
          ],
          [
            181869.76269999985,
            656310.7803000007
          ],
          [
            181681.91959999967,
            656367.9560000002
          ]
        ]
      }
    },
    {
      "type": "Feature",
      "properties": {
        "OBJECTID": 3228,
        "Keta": 3421,
        "Tochnit_Nu": "תכנית מתאר מחוזית, מחוז המרכז, תמ''מ/ 3  שינוי מס' 21",
        "Tochnit_Na": "תממ/ 3/ 21",
        "Tochnit_Ty": "תמ\"מ",
        "YP_Resu_Nu": " ",
        "YP_Resu_Da": "12/11/2003",
        "Road_No": "412",
        "Planed_Tra": 0,
        "Status": "תוכנית מאושרת",
        "Tasrit": "tmm3_21_yk.jpg",
        "Scale": "1:50000",
        "Relevance": "2",
        "Digitation": "וקטור מקורי",
        "Notes": " ",
        "Question_N": " ",
        "TypeRoadtx": "דרך עורקית עירונית",
        "Type_Road": 32,
        "TypeRoad_1": " ",
        "Type_Road1": 0,
        "Shape_Length": 748.6283618740176
      },
      "geometry": {
        "type": "LineString",
        "coordinates": [
          [
            182788.32189999986,
            655907.3544999994
          ],
          [
            182937.68850000016,
            656099.5379000008
          ],
          [
            183115.5384999998,
            656277.6724999994
          ],
          [
            183128.10360000003,
            656288.1689999998
          ],
          [
            183158.22690000013,
            656313.3333
          ],
          [
            183268.8931,
            656456.6502999999
          ],
          [
            183271.21079999954,
            656459.6519000009
          ],
          [
            183279.14169999957,
            656469.9227000009
          ],
          [
            183279.18070000038,
            656469.9407000002
          ]
        ]
      }
    },
    {
      "type": "Feature",
      "properties": {
        "OBJECTID": 3229,
        "Keta": 3424,
        "Tochnit_Nu": "תכנית מתאר מחוזית, מחוז המרכז, תמ''מ/ 3  שינוי מס' 21",
        "Tochnit_Na": "תממ/ 3/ 21",
        "Tochnit_Ty": "תמ\"מ",
        "YP_Resu_Nu": " ",
        "YP_Resu_Da": "12/11/2003",
        "Road_No": "412",
        "Planed_Tra": 0,
        "Status": "תוכנית מאושרת",
        "Tasrit": "tmm3_21_yk.jpg",
        "Scale": "1:50000",
        "Relevance": "1",
        "Digitation": "וקטור מקורי",
        "Notes": " ",
        "Question_N": " ",
        "TypeRoadtx": "דרך אזורית",
        "Type_Road": 4,
        "TypeRoad_1": "דרך אזורית קיימת/מאושרת",
        "Type_Road1": 14,
        "Shape_Length": 1649.8629046169854
      },
      "geometry": {
        "type": "LineString",
        "coordinates": [
          [
            183279.18070000038,
            656469.9407000002
          ],
          [
            183407.2402999997,
            656527.2634999994
          ],
          [
            183556.68489999976,
            656598.8882999998
          ],
          [
            183656.28089999966,
            656698.6435000002
          ],
          [
            183762.99069999997,
            656805.5249000005
          ],
          [
            183891.09329999983,
            656855.7732999995
          ],
          [
            184097.5131000001,
            656885.1173
          ],
          [
            184318.1621000003,
            656928.7118999995
          ],
          [
            184496.0943,
            656979.1963
          ],
          [
            184597.74039999954,
            657038.3250999991
          ],
          [
            184631.29650000017,
            657057.8451000005
          ],
          [
            184731.48230000027,
            657154.8581000008
          ]
        ]
      }
    },
    {
      "type": "Feature",
      "properties": {
        "OBJECTID": 3230,
        "Keta": 3428,
        "Tochnit_Nu": "תכנית מתאר מחוזית, מחוז המרכז, תמ''מ/ 3  שינוי מס' 21",
        "Tochnit_Na": "תממ/ 3/ 21",
        "Tochnit_Ty": "תמ\"מ",
        "YP_Resu_Nu": " ",
        "YP_Resu_Da": "12/11/2003",
        "Road_No": "44",
        "Planed_Tra": 0,
        "Status": "תוכנית מאושרת",
        "Tasrit": "tmm3_21_yk.jpg",
        "Scale": "1:50000",
        "Relevance": "1",
        "Digitation": "וקטור מקורי",
        "Notes": " ",
        "Question_N": " ",
        "TypeRoadtx": "דרך ראשית",
        "Type_Road": 3,
        "TypeRoad_1": "דרך ראשית קיימת/מאושרת",
        "Type_Road1": 44,
        "Shape_Length": 118.67175107028135
      },
      "geometry": {
        "type": "LineString",
        "coordinates": [
          [
            182598.2742999997,
            657551.6524
          ],
          [
            182621.5510999998,
            657522.4210999999
          ],
          [
            182672.17229999974,
            657458.7972999997
          ]
        ]
      }
    },
    {
      "type": "Feature",
      "properties": {
        "OBJECTID": 3231,
        "Keta": 3429,
        "Tochnit_Nu": "תכנית מתאר מחוזית, מחוז המרכז, תמ''מ/ 3  שינוי מס' 21",
        "Tochnit_Na": "תממ/ 3/ 21",
        "Tochnit_Ty": "תמ\"מ",
        "YP_Resu_Nu": " ",
        "YP_Resu_Da": "12/11/2003",
        "Road_No": "4",
        "Planed_Tra": 0,
        "Status": "תוכנית מאושרת",
        "Tasrit": "tmm3_21_yk.jpg",
        "Scale": "1:50000",
        "Relevance": "2",
        "Digitation": "וקטור מקורי",
        "Notes": " ",
        "Question_N": " ",
        "TypeRoadtx": "דרך מהירה",
        "Type_Road": 1,
        "TypeRoad_1": " ",
        "Type_Road1": 0,
        "Shape_Length": 1084.8835681584865
      },
      "geometry": {
        "type": "LineString",
        "coordinates": [
          [
            183239.0416000001,
            658374.0144999996
          ],
          [
            183236.86500000022,
            658367.3938999996
          ],
          [
            183181.53000000026,
            658199.0907000005
          ],
          [
            183171.2686999999,
            658167.8806999996
          ],
          [
            183121.81410000008,
            658091.6717000008
          ],
          [
            183023.5449000001,
            657940.2403999995
          ],
          [
            182976.9093000004,
            657868.3757000007
          ],
          [
            182908.14070000034,
            657762.4046999998
          ],
          [
            182847.2720999997,
            657684.0878999997
          ],
          [
            182672.17229999974,
            657458.7972999997
          ]
        ]
      }
    },
    {
      "type": "Feature",
      "properties": {
        "OBJECTID": 3232,
        "Keta": 3431,
        "Tochnit_Nu": "תכנית מתאר מחוזית, מחוז המרכז, תמ''מ/ 3  שינוי מס' 21",
        "Tochnit_Na": "תממ/ 3/ 21",
        "Tochnit_Ty": "תמ\"מ",
        "YP_Resu_Nu": " ",
        "YP_Resu_Da": "12/11/2003",
        "Road_No": "1",
        "Planed_Tra": 0,
        "Status": "תוכנית מאושרת",
        "Tasrit": "tmm3_21_yk.jpg",
        "Scale": "1:50000",
        "Relevance": "2",
        "Digitation": "וקטור מקורי",
        "Notes": " ",
        "Question_N": " ",
        "TypeRoadtx": "דרך מהירה",
        "Type_Road": 1,
        "TypeRoad_1": " ",
        "Type_Road1": 0,
        "Shape_Length": 121.12852118818091
      },
      "geometry": {
        "type": "LineString",
        "coordinates": [
          [
            183145.07270000037,
            658450.4471000005
          ],
          [
            183159.0510999998,
            658439.1455000006
          ],
          [
            183239.0416000001,
            658374.0144999996
          ]
        ]
      }
    },
    {
      "type": "Feature",
      "properties": {
        "OBJECTID": 3233,
        "Keta": 3433,
        "Tochnit_Nu": "תכנית מתאר מחוזית, מחוז המרכז, תמ''מ/ 3  שינוי מס' 21",
        "Tochnit_Na": "תממ/ 3/ 21",
        "Tochnit_Ty": "תמ\"מ",
        "YP_Resu_Nu": " ",
        "YP_Resu_Da": "12/11/2003",
        "Road_No": "4",
        "Planed_Tra": 0,
        "Status": "תוכנית מאושרת",
        "Tasrit": "tmm3_21_yk.jpg",
        "Scale": "1:50000",
        "Relevance": "2",
        "Digitation": "וקטור מקורי",
        "Notes": " ",
        "Question_N": " ",
        "TypeRoadtx": "דרך מהירה",
        "Type_Road": 1,
        "TypeRoad_1": " ",
        "Type_Road1": 0,
        "Shape_Length": 1250.2608972949886
      },
      "geometry": {
        "type": "LineString",
        "coordinates": [
          [
            183801.60470000003,
            659482.6964999996
          ],
          [
            183758.84370000008,
            659366.6925000008
          ],
          [
            183715.09130000044,
            659247.9992999993
          ],
          [
            183689.3839999996,
            659178.2597000003
          ],
          [
            183645.08810000028,
            659058.0921
          ],
          [
            183621.0449000001,
            659019.8372000009
          ],
          [
            183477.35390000045,
            658791.2115000002
          ],
          [
            183265.2547000004,
            658453.7426999994
          ],
          [
            183245.8931,
            658394.8534999993
          ],
          [
            183239.0416000001,
            658374.0144999996
          ]
        ]
      }
    },
    {
      "type": "Feature",
      "properties": {
        "OBJECTID": 3234,
        "Keta": 3434,
        "Tochnit_Nu": "תכנית מתאר מחוזית, מחוז המרכז, תמ''מ/ 3  שינוי מס' 21",
        "Tochnit_Na": "תממ/ 3/ 21",
        "Tochnit_Ty": "תמ\"מ",
        "YP_Resu_Nu": " ",
        "YP_Resu_Da": "12/11/2003",
        "Road_No": "412",
        "Planed_Tra": 0,
        "Status": "תוכנית מאושרת",
        "Tasrit": "tmm3_21_yk.jpg",
        "Scale": "1:50000",
        "Relevance": "1",
        "Digitation": "וקטור מקורי",
        "Notes": " ",
        "Question_N": " ",
        "TypeRoadtx": "דרך פרברית מהירה",
        "Type_Road": 2,
        "TypeRoad_1": "דרך פרברית מהירה קיימת/מאושרת",
        "Type_Road1": 2,
        "Shape_Length": 5014.49975674391
      },
      "geometry": {
        "type": "LineString",
        "coordinates": [
          [
            189014.8864000002,
            659536.2486000005
          ],
          [
            188882.7268000003,
            659424.7350999992
          ],
          [
            188841.67839999963,
            659390.0993000008
          ],
          [
            188820.6200000001,
            659372.3307000007
          ],
          [
            188820.57870000042,
            659372.3126999997
          ],
          [
            188541.36180000007,
            659250.9322999995
          ],
          [
            188359.2368999999,
            659141.6409000009
          ],
          [
            188195.3245000001,
            659032.3686999995
          ],
          [
            188122.4746000003,
            658995.9510999992
          ],
          [
            188106.06680000015,
            658986.2993999999
          ],
          [
            188019.2706000004,
            658935.2423
          ],
          [
            188013.8853000002,
            658931.6521000005
          ],
          [
            187928.2081000004,
            658874.5332999993
          ],
          [
            187779.82320000045,
            658800.4715
          ],
          [
            187646.26520000026,
            658751.9081999995
          ],
          [
            187589.23639999982,
            658732.8983999994
          ],
          [
            187464.14010000043,
            658691.1993000004
          ],
          [
            187221.30659999978,
            658630.4904999994
          ],
          [
            187140.53120000008,
            658616.5635000002
          ],
          [
            187045.25299999956,
            658600.1359999999
          ],
          [
            186942.0488,
            658563.6992000006
          ],
          [
            186848.14400000032,
            658554.6503999997
          ],
          [
            186737.8842000002,
            658544.0256999992
          ],
          [
            186708.48950000014,
            658534.2557999995
          ],
          [
            186562.38690000027,
            658485.6959000006
          ],
          [
            186368.70569999982,
            658413.0947999991
          ],
          [
            186362.1679999996,
            658409.0515999999
          ],
          [
            186270.08829999994,
            658352.1048000008
          ],
          [
            186168.80640000012,
            658296.3975000009
          ],
          [
            186166.94620000012,
            658294.9586999994
          ],
          [
            186013.50789999962,
            658176.2782000005
          ],
          [
            185940.39379999973,
            658118.5956999995
          ],
          [
            185923.6520999996,
            658105.3874999993
          ],
          [
            185853.43030000012,
            658049.9868000001
          ],
          [
            185755.85020000022,
            657996.5256999992
          ],
          [
            185599.66119999997,
            657910.9546000008
          ],
          [
            185448.74129999988,
            657846.9951000009
          ],
          [
            185432.64879999962,
            657838.9488999993
          ],
          [
            185379.2725999998,
            657812.2607000005
          ],
          [
            185336.39070000034,
            657790.8198000006
          ],
          [
            185218.93329999968,
            657724.4308000002
          ],
          [
            185142.3306,
            657647.8281999994
          ],
          [
            185141.18599999975,
            657646.7875999995
          ],
          [
            185086.15529999975,
            657596.7597000003
          ],
          [
            185004.44579999987,
            657520.1569999997
          ],
          [
            184932.94990000036,
            657443.5543000009
          ],
          [
            184851.24039999954,
            657356.7379999999
          ],
          [
            184756.61330000032,
            657197.2222000007
          ],
          [
            184731.48230000027,
            657154.8581000008
          ]
        ]
      }
    },
    {
      "type": "Feature",
      "properties": {
        "OBJECTID": 3235,
        "Keta": 3435,
        "Tochnit_Nu": "תכנית מתאר מחוזית, מחוז המרכז, תמ''מ/ 3  שינוי מס' 21",
        "Tochnit_Na": "תממ/ 3/ 21",
        "Tochnit_Ty": "תמ\"מ",
        "YP_Resu_Nu": " ",
        "YP_Resu_Da": "12/11/2003",
        "Road_No": "461",
        "Planed_Tra": 0,
        "Status": "תוכנית מאושרת",
        "Tasrit": "tmm3_21_yk.jpg",
        "Scale": "1:50000",
        "Relevance": "1",
        "Digitation": "וקטור מקורי",
        "Notes": " ",
        "Question_N": " ",
        "TypeRoadtx": "דרך פרברית מהירה",
        "Type_Road": 2,
        "TypeRoad_1": "דרך פרברית מהירה קיימת/מאושרת",
        "Type_Road1": 2,
        "Shape_Length": 1763.7506101191957
      },
      "geometry": {
        "type": "LineString",
        "coordinates": [
          [
            189014.8864000002,
            659536.2486000005
          ],
          [
            189120.5477,
            659483.4174000006
          ],
          [
            189167.80250000022,
            659459.7897999994
          ],
          [
            189424.36789999995,
            659331.5056999996
          ],
          [
            189439.84420000017,
            659323.7675000001
          ],
          [
            189609.82770000026,
            659275.2042999994
          ],
          [
            189895.15629999992,
            659190.2234000005
          ],
          [
            190222.9807000002,
            659135.5777000003
          ],
          [
            190384.91110000014,
            659110.3859999999
          ],
          [
            190496.16839999985,
            659093.0776000004
          ],
          [
            190532.86780000012,
            659094.5173000004
          ],
          [
            190701.3219999997,
            659101.1254999992
          ]
        ]
      }
    },
    {
      "type": "Feature",
      "properties": {
        "OBJECTID": 3236,
        "Keta": 3437,
        "Tochnit_Nu": "תכנית מתאר מחוזית, מחוז המרכז, תמ''מ/ 3  שינוי מס' 21",
        "Tochnit_Na": "תממ/ 3/ 21",
        "Tochnit_Ty": "תמ\"מ",
        "YP_Resu_Nu": " ",
        "YP_Resu_Da": "12/11/2003",
        "Road_No": "461",
        "Planed_Tra": 0,
        "Status": "תוכנית מאושרת",
        "Tasrit": "tmm3_21_yk.jpg",
        "Scale": "1:50000",
        "Relevance": "2",
        "Digitation": "וקטור מקורי",
        "Notes": " ",
        "Question_N": " ",
        "TypeRoadtx": "דרך פרברית מהירה",
        "Type_Road": 2,
        "TypeRoad_1": " ",
        "Type_Road1": 0,
        "Shape_Length": 101.82373818729904
      },
      "geometry": {
        "type": "LineString",
        "coordinates": [
          [
            187380.61539999954,
            660179.4614000004
          ],
          [
            187481.85929999966,
            660168.6103000008
          ]
        ]
      }
    },
    {
      "type": "Feature",
      "properties": {
        "OBJECTID": 3241,
        "Keta": 3443,
        "Tochnit_Nu": "תכנית מתאר מחוזית, מחוז המרכז, תמ''מ/ 3  שינוי מס' 21",
        "Tochnit_Na": "תממ/ 3/ 21",
        "Tochnit_Ty": "תמ\"מ",
        "YP_Resu_Nu": " ",
        "YP_Resu_Da": "12/11/2003",
        "Road_No": "לא נמצא",
        "Planed_Tra": 0,
        "Status": "תוכנית מאושרת",
        "Tasrit": "tmm3_21_yk.jpg",
        "Scale": "1:50000",
        "Relevance": "1",
        "Digitation": "וקטור מקורי",
        "Notes": " ",
        "Question_N": " ",
        "TypeRoadtx": "דרך אזורית",
        "Type_Road": 4,
        "TypeRoad_1": "דרך אזורית קיימת/מאושרת",
        "Type_Road1": 14,
        "Shape_Length": 4054.645290357954
      },
      "geometry": {
        "type": "LineString",
        "coordinates": [
          [
            186961.8951000003,
            664099.0215000007
          ],
          [
            187010.5351999998,
            663523.0666000005
          ],
          [
            187206.44830000028,
            663160.1701999996
          ],
          [
            187348.53029999975,
            662723.9662999995
          ],
          [
            187363.06579999998,
            662627.2872000001
          ],
          [
            187323.33750000037,
            661882.6060000006
          ],
          [
            187443.80620000046,
            661657.1353999991
          ],
          [
            187462.4972000001,
            661598.7639000006
          ],
          [
            187485.20409999974,
            661431.4813000001
          ],
          [
            187554.9134999998,
            661122.9480000008
          ],
          [
            187554.9134999998,
            660733.5486999992
          ],
          [
            187505.15409999993,
            660471.7054999992
          ],
          [
            187481.85929999966,
            660168.6103000008
          ]
        ]
      }
    },
    {
      "type": "Feature",
      "properties": {
        "OBJECTID": 3246,
        "Keta": 3449,
        "Tochnit_Nu": "תכנית מתאר מחוזית, מחוז המרכז, תמ''מ/ 3  שינוי מס' 21",
        "Tochnit_Na": "תממ/ 3/ 21",
        "Tochnit_Ty": "תמ\"מ",
        "YP_Resu_Nu": " ",
        "YP_Resu_Da": "12/11/2003",
        "Road_No": "40",
        "Planed_Tra": 0,
        "Status": "תוכנית מאושרת",
        "Tasrit": "tmm3_21_yk.jpg",
        "Scale": "1:50000",
        "Relevance": "1",
        "Digitation": "וקטור מקורי",
        "Notes": " ",
        "Question_N": " ",
        "TypeRoadtx": "דרך ראשית",
        "Type_Road": 3,
        "TypeRoad_1": "דרך ראשית קיימת/מאושרת",
        "Type_Road1": 44,
        "Shape_Length": 5799.090125320452
      },
      "geometry": {
        "type": "LineString",
        "coordinates": [
          [
            191338.5292999996,
            665350.3155000005
          ],
          [
            191334.31549999956,
            665334.0988999996
          ],
          [
            191321.8786000004,
            665299.9100000001
          ],
          [
            191201.26169999968,
            664968.3346999995
          ],
          [
            191169.1797000002,
            664635.9554999992
          ],
          [
            191087.42650000006,
            664120.7194999997
          ],
          [
            191080.3230999997,
            663835.8006999996
          ],
          [
            191079.92870000005,
            663819.9801000003
          ],
          [
            191078.62200000044,
            663767.5701000001
          ],
          [
            191073.3406999996,
            663555.7357000001
          ],
          [
            191127.73730000015,
            662774.8400999997
          ],
          [
            191131.23950000014,
            662724.5625
          ],
          [
            191146.5421000002,
            662460.8554999996
          ],
          [
            191154.07430000044,
            662362.0440999996
          ],
          [
            191162.86670000013,
            662246.7015000004
          ],
          [
            191182.13389999978,
            661993.9442999996
          ],
          [
            191232.8724999996,
            661620.3735000007
          ],
          [
            191252.08270000014,
            661478.9366999995
          ],
          [
            191270.49710000027,
            661256.9254999999
          ],
          [
            191282.6076999996,
            661110.9160999991
          ],
          [
            191287.91249999963,
            661046.9603000004
          ],
          [
            191302.53830000013,
            660867.4980999995
          ],
          [
            191339.56290000025,
            660505.3039999995
          ],
          [
            191358.92030000035,
            660315.9393000007
          ],
          [
            191375.3030000003,
            660182.6151999999
          ],
          [
            191395.76539999992,
            659598.2331000008
          ]
        ]
      }
    },
    {
      "type": "Feature",
      "properties": {
        "OBJECTID": 3991,
        "Keta": 4321,
        "Tochnit_Nu": "תוכנית מתאר מחוזית, מחוז תל אביב, תמ''מ 5",
        "Tochnit_Na": "תממ/ 5",
        "Tochnit_Ty": "תמ\"מ",
        "YP_Resu_Nu": " ",
        "YP_Resu_Da": "15/04/2010",
        "Road_No": "הקוממיות",
        "Planed_Tra": 0,
        "Status": "תוכנית מאושרת",
        "Tasrit": "tmm_5_yeudekarka.jpg",
        "Scale": "1:20000",
        "Relevance": "2",
        "Digitation": "וקטור מקורי",
        "Notes": " ",
        "Question_N": " ",
        "TypeRoadtx": "דרך עורקית מטרופולינית מתוכננת",
        "Type_Road": 30,
        "TypeRoad_1": " ",
        "Type_Road1": 0,
        "Shape_Length": 100.84477998817643
      },
      "geometry": {
        "type": "LineString",
        "coordinates": [
          [
            181976.60940000042,
            656086.4375
          ],
          [
            182071.4963999996,
            656120.5861000009
          ]
        ]
      }
    },
    {
      "type": "Feature",
      "properties": {
        "OBJECTID": 3992,
        "Keta": 4323,
        "Tochnit_Nu": "תוכנית מתאר מחוזית, מחוז תל אביב, תמ''מ 5",
        "Tochnit_Na": "תממ/ 5",
        "Tochnit_Ty": "תמ\"מ",
        "YP_Resu_Nu": " ",
        "YP_Resu_Da": "15/04/2010",
        "Road_No": "הקוממיות",
        "Planed_Tra": 0,
        "Status": "תוכנית מאושרת",
        "Tasrit": "tmm_5_yeudekarka.jpg",
        "Scale": "1:20000",
        "Relevance": "2",
        "Digitation": "וקטור מקורי",
        "Notes": " ",
        "Question_N": " ",
        "TypeRoadtx": "דרך עורקית מטרופולינית מתוכננת",
        "Type_Road": 30,
        "TypeRoad_1": " ",
        "Type_Road1": 0,
        "Shape_Length": 580.3944255698473
      },
      "geometry": {
        "type": "LineString",
        "coordinates": [
          [
            181408.82809999958,
            656145.125
          ],
          [
            181467.70100000035,
            656126.2890000008
          ],
          [
            181584.64059999958,
            656088.875
          ],
          [
            181656.57809999958,
            656076.5
          ],
          [
            181673.95309999958,
            656071.5625
          ],
          [
            181688.82809999958,
            656071.5625
          ],
          [
            181708.6875,
            656071.5625
          ],
          [
            181758.29690000042,
            656069.0625
          ],
          [
            181788.0625,
            656066.5625
          ],
          [
            181815.24990000017,
            656066.5625
          ],
          [
            181835.20309999958,
            656066.5625
          ],
          [
            181882.32809999958,
            656069.0625
          ],
          [
            181914.57809999958,
            656071.5625
          ],
          [
            181976.60940000042,
            656086.4375
          ]
        ]
      }
    },
    {
      "type": "Feature",
      "properties": {
        "OBJECTID": 3993,
        "Keta": 4324,
        "Tochnit_Nu": "תוכנית מתאר מחוזית, מחוז תל אביב, תמ''מ 5",
        "Tochnit_Na": "תממ/ 5",
        "Tochnit_Ty": "תמ\"מ",
        "YP_Resu_Nu": " ",
        "YP_Resu_Da": "15/04/2010",
        "Road_No": "הקוממיות",
        "Planed_Tra": 0,
        "Status": "תוכנית מאושרת",
        "Tasrit": "tmm_5_yeudekarka.jpg",
        "Scale": "1:20000",
        "Relevance": "2",
        "Digitation": "וקטור מקורי",
        "Notes": " ",
        "Question_N": " ",
        "TypeRoadtx": "דרך עורקית מטרופולינית מתוכננת",
        "Type_Road": 30,
        "TypeRoad_1": " ",
        "Type_Road1": 0,
        "Shape_Length": 3897.962540774869
      },
      "geometry": {
        "type": "LineString",
        "coordinates": [
          [
            178152.07409999985,
            655918.8092
          ],
          [
            178373.08019999973,
            655826.2949999999
          ],
          [
            178642.95569999982,
            655709.8781000003
          ],
          [
            178801.70610000007,
            655641.0863000005
          ],
          [
            179050.4149000002,
            655535.2528000008
          ],
          [
            179325.58210000023,
            655413.5441999994
          ],
          [
            179714.55790000036,
            655338.6093000006
          ],
          [
            180049.98610000033,
            655274.5052000005
          ],
          [
            180349.0625,
            655321
          ],
          [
            180616.29690000042,
            655401.6875
          ],
          [
            180847.48440000042,
            655581.25
          ],
          [
            181000.15629999992,
            656080.625
          ],
          [
            181143.0625,
            656230.1875
          ],
          [
            181408.82809999958,
            656145.125
          ]
        ]
      }
    },
    {
      "type": "Feature",
      "properties": {
        "OBJECTID": 3994,
        "Keta": 4326,
        "Tochnit_Nu": "תוכנית מתאר מחוזית, מחוז תל אביב, תמ''מ 5",
        "Tochnit_Na": "תממ/ 5",
        "Tochnit_Ty": "תמ\"מ",
        "YP_Resu_Nu": " ",
        "YP_Resu_Da": "15/04/2010",
        "Road_No": "לא נמצא",
        "Planed_Tra": 0,
        "Status": "תוכנית מאושרת",
        "Tasrit": "tmm_5_yeudekarka.jpg",
        "Scale": "1:20000",
        "Relevance": "2",
        "Digitation": "וקטור מקורי",
        "Notes": " ",
        "Question_N": " ",
        "TypeRoadtx": "דרך עורקית מטרופולינית מתוכננת",
        "Type_Road": 30,
        "TypeRoad_1": " ",
        "Type_Road1": 0,
        "Shape_Length": 430.32130982515355
      },
      "geometry": {
        "type": "LineString",
        "coordinates": [
          [
            181773.8125,
            656463.375
          ],
          [
            181802.95309999958,
            656431
          ],
          [
            181832.71879999992,
            656388.875
          ],
          [
            181850.07809999958,
            656351.6875
          ],
          [
            181869.92190000042,
            656312
          ],
          [
            181870.87619999982,
            656310.3797999993
          ],
          [
            181894.73440000042,
            656269.875
          ],
          [
            181918.5064000003,
            656216.1063999999
          ],
          [
            181941.875,
            656163.25
          ],
          [
            181976.60940000042,
            656086.4375
          ]
        ]
      }
    },
    {
      "type": "Feature",
      "properties": {
        "OBJECTID": 3998,
        "Keta": 4330,
        "Tochnit_Nu": "תוכנית מתאר מחוזית, מחוז תל אביב, תמ''מ 5",
        "Tochnit_Na": "תממ/ 5",
        "Tochnit_Ty": "תמ\"מ",
        "YP_Resu_Nu": " ",
        "YP_Resu_Da": "15/04/2010",
        "Road_No": "לא נמצא",
        "Planed_Tra": 0,
        "Status": "תוכנית מאושרת",
        "Tasrit": "tmm_5_yeudekarka.jpg",
        "Scale": "1:20000",
        "Relevance": "2",
        "Digitation": "וקטור מקורי",
        "Notes": " ",
        "Question_N": " ",
        "TypeRoadtx": "דרך עורקית מטרופולינית קיימת",
        "Type_Road": 31,
        "TypeRoad_1": " ",
        "Type_Road1": 0,
        "Shape_Length": 1486.4315861492767
      },
      "geometry": {
        "type": "LineString",
        "coordinates": [
          [
            180751.54690000042,
            657534.1875
          ],
          [
            180904.76559999958,
            657344.125
          ],
          [
            180998.35940000042,
            657228.9375
          ],
          [
            181063.4375,
            657143.1875
          ],
          [
            181165.04690000042,
            657025.75
          ],
          [
            181301.5625,
            656864.875
          ],
          [
            181439.15629999992,
            656741.8125
          ],
          [
            181568.79690000042,
            656632.0625
          ],
          [
            181770.18039999995,
            656466.3635000009
          ],
          [
            181773.8125,
            656463.375
          ]
        ]
      }
    },
    {
      "type": "Feature",
      "properties": {
        "OBJECTID": 3999,
        "Keta": 4331,
        "Tochnit_Nu": "תוכנית מתאר מחוזית, מחוז תל אביב, תמ''מ 5",
        "Tochnit_Na": "תממ/ 5",
        "Tochnit_Ty": "תמ\"מ",
        "YP_Resu_Nu": " ",
        "YP_Resu_Da": "15/04/2010",
        "Road_No": "4",
        "Planed_Tra": 0,
        "Status": "תוכנית מאושרת",
        "Tasrit": "tmm_5_yeudekarka.jpg",
        "Scale": "1:20000",
        "Relevance": "2",
        "Digitation": "וקטור מקורי",
        "Notes": " ",
        "Question_N": " ",
        "TypeRoadtx": "דרך מהירה",
        "Type_Road": 1,
        "TypeRoad_1": " ",
        "Type_Road1": 0,
        "Shape_Length": 831.4774755956968
      },
      "geometry": {
        "type": "LineString",
        "coordinates": [
          [
            181773.8125,
            656463.375
          ],
          [
            181976.625,
            656632.25
          ],
          [
            182060.39059999958,
            656709.8125
          ],
          [
            182181.04690000042,
            656859.0625
          ],
          [
            182341.59499999974,
            657065.4511999991
          ]
        ]
      }
    },
    {
      "type": "Feature",
      "properties": {
        "OBJECTID": 4000,
        "Keta": 4332,
        "Tochnit_Nu": "תוכנית מתאר מחוזית, מחוז תל אביב, תמ''מ 5",
        "Tochnit_Na": "תממ/ 5",
        "Tochnit_Ty": "תמ\"מ",
        "YP_Resu_Nu": " ",
        "YP_Resu_Da": "15/04/2010",
        "Road_No": "44",
        "Planed_Tra": 0,
        "Status": "תוכנית מאושרת",
        "Tasrit": "tmm_5_yeudekarka.jpg",
        "Scale": "1:20000",
        "Relevance": "2",
        "Digitation": "וקטור מקורי",
        "Notes": " ",
        "Question_N": " ",
        "TypeRoadtx": "דרך ראשית",
        "Type_Road": 3,
        "TypeRoad_1": " ",
        "Type_Road1": 0,
        "Shape_Length": 177.4786990592508
      },
      "geometry": {
        "type": "LineString",
        "coordinates": [
          [
            182598.5625,
            657549.0625
          ],
          [
            182661.4994000001,
            657445.0646000002
          ],
          [
            182690.45160000026,
            657397.2235000003
          ]
        ]
      }
    },
    {
      "type": "Feature",
      "properties": {
        "OBJECTID": 4002,
        "Keta": 4334,
        "Tochnit_Nu": "תוכנית מתאר מחוזית, מחוז תל אביב, תמ''מ 5",
        "Tochnit_Na": "תממ/ 5",
        "Tochnit_Ty": "תמ\"מ",
        "YP_Resu_Nu": " ",
        "YP_Resu_Da": "15/04/2010",
        "Road_No": "המלאכה",
        "Planed_Tra": 0,
        "Status": "תוכנית מאושרת",
        "Tasrit": "tmm_5_yeudekarka.jpg",
        "Scale": "1:20000",
        "Relevance": "2",
        "Digitation": "וקטור מקורי",
        "Notes": " ",
        "Question_N": " ",
        "TypeRoadtx": "דרך עורקית מטרופולינית קיימת",
        "Type_Road": 31,
        "TypeRoad_1": " ",
        "Type_Road1": 0,
        "Shape_Length": 2407.3230192435108
      },
      "geometry": {
        "type": "LineString",
        "coordinates": [
          [
            178401.07809999958,
            657922.1875
          ],
          [
            178875.48440000042,
            657839.6875
          ],
          [
            179130.28129999992,
            657771.4375
          ],
          [
            179519.21879999992,
            657646
          ],
          [
            179835.14059999958,
            657556.3125
          ],
          [
            180036.75,
            657542
          ],
          [
            180167.71879999992,
            657530.125
          ],
          [
            180381.23440000042,
            657516.625
          ],
          [
            180522.53129999992,
            657504.6875
          ],
          [
            180643.45309999958,
            657497.375
          ],
          [
            180700.46879999992,
            657512.8125
          ],
          [
            180751.54690000042,
            657534.1875
          ]
        ]
      }
    },
    {
      "type": "Feature",
      "properties": {
        "OBJECTID": 4005,
        "Keta": 4339,
        "Tochnit_Nu": "תוכנית מתאר מחוזית, מחוז תל אביב, תמ''מ 5",
        "Tochnit_Na": "תממ/ 5",
        "Tochnit_Ty": "תמ\"מ",
        "YP_Resu_Nu": " ",
        "YP_Resu_Da": "15/04/2010",
        "Road_No": "המלאכה",
        "Planed_Tra": 0,
        "Status": "תוכנית מאושרת",
        "Tasrit": "tmm_5_yeudekarka.jpg",
        "Scale": "1:20000",
        "Relevance": "2",
        "Digitation": "וקטור מקורי",
        "Notes": " ",
        "Question_N": " ",
        "TypeRoadtx": "דרך עורקית מטרופולינית קיימת",
        "Type_Road": 31,
        "TypeRoad_1": " ",
        "Type_Road1": 0,
        "Shape_Length": 1616.5468270677065
      },
      "geometry": {
        "type": "LineString",
        "coordinates": [
          [
            180751.54690000042,
            657534.1875
          ],
          [
            180876.26559999958,
            657624.4375
          ],
          [
            180939.21879999992,
            657677.9375
          ],
          [
            181001.54690000042,
            657762
          ],
          [
            181115.01559999958,
            657934.5
          ],
          [
            181290.79690000042,
            658118.5625
          ],
          [
            181371.1875,
            658213.1875
          ],
          [
            181403.4375,
            658262.75
          ],
          [
            181422.65629999992,
            658294.375
          ],
          [
            181434.53129999992,
            658334.75
          ],
          [
            181448.78129999992,
            658396.5
          ],
          [
            181480.26559999958,
            658444.9375
          ],
          [
            181774.24320000038,
            658723.0347000007
          ],
          [
            181793.23440000042,
            658741
          ]
        ]
      }
    },
    {
      "type": "Feature",
      "properties": {
        "OBJECTID": 4006,
        "Keta": 4340,
        "Tochnit_Nu": "תוכנית מתאר מחוזית, מחוז תל אביב, תמ''מ 5",
        "Tochnit_Na": "תממ/ 5",
        "Tochnit_Ty": "תמ\"מ",
        "YP_Resu_Nu": " ",
        "YP_Resu_Da": "15/04/2010",
        "Road_No": "44",
        "Planed_Tra": 0,
        "Status": "תוכנית מאושרת",
        "Tasrit": "tmm_5_yeudekarka.jpg",
        "Scale": "1:20000",
        "Relevance": "1",
        "Digitation": "וקטור מקורי",
        "Notes": " ",
        "Question_N": " ",
        "TypeRoadtx": "דרך ראשית",
        "Type_Road": 3,
        "TypeRoad_1": "דרך ראשית קיימת/מאושרת",
        "Type_Road1": 44,
        "Shape_Length": 4659.935960691443
      },
      "geometry": {
        "type": "LineString",
        "coordinates": [
          [
            179236.09379999992,
            660640.5
          ],
          [
            179303.16970000044,
            660598.0143999998
          ],
          [
            179384.5,
            660546.5
          ],
          [
            179547.21879999992,
            660464.5
          ],
          [
            179937.48440000042,
            660277.9375
          ],
          [
            180170.32809999958,
            660143
          ],
          [
            180310.54690000042,
            660074.25
          ],
          [
            180368.76559999958,
            660037.1875
          ],
          [
            180419.03129999992,
            660005.4375
          ],
          [
            180542.5,
            659921.625
          ],
          [
            180685.03129999992,
            659814.75
          ],
          [
            180713.2335000001,
            659791.4578000009
          ],
          [
            180821.625,
            659701.9375
          ],
          [
            181084.125,
            659457.25
          ],
          [
            181227.84379999992,
            659332.5
          ],
          [
            181353.1785000004,
            659217.3094999995
          ],
          [
            181375.14059999958,
            659197.125
          ],
          [
            181517.79690000042,
            659020.1875
          ],
          [
            181613.04690000042,
            658931.3125
          ],
          [
            181668.60940000042,
            658877.3125
          ],
          [
            181755.125,
            658801.125
          ],
          [
            181793.23440000042,
            658741
          ],
          [
            181896.57809999958,
            658603.1875
          ],
          [
            182062.875,
            658394.125
          ],
          [
            182128.20309999958,
            658301.5
          ],
          [
            182222.03129999992,
            658155.375
          ],
          [
            182355.36899999995,
            657947.2290000003
          ],
          [
            182357.4375,
            657944
          ],
          [
            182413.26559999958,
            657844.1875
          ],
          [
            182469.09379999992,
            657744.4375
          ],
          [
            182570.77909999993,
            657590.9891999997
          ],
          [
            182598.5625,
            657549.0625
          ]
        ]
      }
    },
    {
      "type": "Feature",
      "properties": {
        "OBJECTID": 4008,
        "Keta": 4342,
        "Tochnit_Nu": "תוכנית מתאר מחוזית, מחוז תל אביב, תמ''מ 5",
        "Tochnit_Na": "תממ/ 5",
        "Tochnit_Ty": "תמ\"מ",
        "YP_Resu_Nu": " ",
        "YP_Resu_Da": "15/04/2010",
        "Road_No": "לא נמצא",
        "Planed_Tra": 0,
        "Status": "תוכנית מאושרת",
        "Tasrit": "tmm_5_yeudekarka.jpg",
        "Scale": "1:20000",
        "Relevance": "2",
        "Digitation": "וקטור מקורי",
        "Notes": " ",
        "Question_N": " ",
        "TypeRoadtx": "דרך עורקית מטרופולינית קיימת",
        "Type_Road": 31,
        "TypeRoad_1": " ",
        "Type_Road1": 0,
        "Shape_Length": 3104.4926383513625
      },
      "geometry": {
        "type": "LineString",
        "coordinates": [
          [
            178746.5625,
            659603.3125
          ],
          [
            178908.09379999992,
            659580.75
          ],
          [
            179176.53129999992,
            659535.625
          ],
          [
            179453.29690000042,
            659473.875
          ],
          [
            179500.42190000042,
            659456.125
          ],
          [
            179561.375,
            659432.25
          ],
          [
            179604.14059999958,
            659407.3125
          ],
          [
            179639.78129999992,
            659375.25
          ],
          [
            179658.78129999992,
            659344.375
          ],
          [
            179692.03129999992,
            659285
          ],
          [
            179728.85940000042,
            659213.75
          ],
          [
            179801.3125,
            659077.125
          ],
          [
            179855.95309999958,
            658978.5625
          ],
          [
            179879.3125,
            658937.4375
          ],
          [
            179907.01559999958,
            658891.3125
          ],
          [
            179926.14059999958,
            658866.75
          ],
          [
            179955.46879999992,
            658809.6875
          ],
          [
            180015,
            658623.8125
          ],
          [
            180082.82809999958,
            658439.3125
          ],
          [
            180091.14059999958,
            658414.375
          ],
          [
            180099.34379999992,
            658398.1875
          ],
          [
            180116.07809999958,
            658370.375
          ],
          [
            180145.78129999992,
            658326.4375
          ],
          [
            180244.35940000042,
            658210.0625
          ],
          [
            180295.4375,
            658155.375
          ],
          [
            180389.26559999958,
            658065.125
          ],
          [
            180454.59379999992,
            657991.5
          ],
          [
            180500.92190000042,
            657916.6875
          ],
          [
            180546.0625,
            657827.5625
          ],
          [
            180563.875,
            657797.875
          ],
          [
            180584.0625,
            657764.625
          ],
          [
            180617.32809999958,
            657712.375
          ],
          [
            180641.07809999958,
            657682.6875
          ],
          [
            180677.90629999992,
            657631.5625
          ],
          [
            180751.54690000042,
            657534.1875
          ]
        ]
      }
    },
    {
      "type": "Feature",
      "properties": {
        "OBJECTID": 4010,
        "Keta": 4345,
        "Tochnit_Nu": "תוכנית מתאר מחוזית, מחוז תל אביב, תמ''מ 5",
        "Tochnit_Na": "תממ/ 5",
        "Tochnit_Ty": "תמ\"מ",
        "YP_Resu_Nu": " ",
        "YP_Resu_Da": "15/04/2010",
        "Road_No": "461",
        "Planed_Tra": 0,
        "Status": "תוכנית מאושרת",
        "Tasrit": "tmm_5_yeudekarka.jpg",
        "Scale": "1:20000",
        "Relevance": "2",
        "Digitation": "וקטור מקורי",
        "Notes": " ",
        "Question_N": " ",
        "TypeRoadtx": "דרך פרברית מהירה",
        "Type_Road": 2,
        "TypeRoad_1": "דרך פרברית מהירה קיימת/מאושרת",
        "Type_Road1": 2,
        "Shape_Length": 70.23383621576231
      },
      "geometry": {
        "type": "LineString",
        "coordinates": [
          [
            184023,
            660614.4375
          ],
          [
            184062.0566999996,
            660605.1490000002
          ],
          [
            184079.8967000004,
            660600.9061999992
          ],
          [
            184091.32809999958,
            660598.1875
          ]
        ]
      }
    },
    {
      "type": "Feature",
      "properties": {
        "OBJECTID": 4014,
        "Keta": 4353,
        "Tochnit_Nu": "תוכנית מתאר מחוזית, מחוז תל אביב, תמ''מ 5",
        "Tochnit_Na": "תממ/ 5",
        "Tochnit_Ty": "תמ\"מ",
        "YP_Resu_Nu": " ",
        "YP_Resu_Da": "15/04/2010",
        "Road_No": "461",
        "Planed_Tra": 0,
        "Status": "תוכנית מאושרת",
        "Tasrit": "tmm_5_yeudekarka.jpg",
        "Scale": "1:20000",
        "Relevance": "1",
        "Digitation": "וקטור מקורי",
        "Notes": " ",
        "Question_N": " ",
        "TypeRoadtx": "דרך אזורית",
        "Type_Road": 4,
        "TypeRoad_1": "דרך אזורית קיימת/מאושרת",
        "Type_Road1": 14,
        "Shape_Length": 4200.320058378572
      },
      "geometry": {
        "type": "LineString",
        "coordinates": [
          [
            180055.9375,
            661602.25
          ],
          [
            180106,
            661602
          ],
          [
            180147.54690000042,
            661615.125
          ],
          [
            180194.625,
            661640.375
          ],
          [
            180255.48440000042,
            661653.5625
          ],
          [
            180300.46879999992,
            661650.9375
          ],
          [
            180371.90629999992,
            661648.3125
          ],
          [
            180468.46879999992,
            661652.25
          ],
          [
            180637.03980000038,
            661667.2599999998
          ],
          [
            180721.15629999992,
            661674.75
          ],
          [
            180916.9375,
            661652.25
          ],
          [
            181151.5,
            661598
          ],
          [
            181165.29690000042,
            661594.8125
          ],
          [
            181956.2229000004,
            661413.6204000004
          ],
          [
            182014.85940000042,
            661400.1875
          ],
          [
            182153.14059999958,
            661383.5
          ],
          [
            182221.22499999963,
            661378.6727000009
          ],
          [
            182295.0625,
            661373.4375
          ],
          [
            182435.05769999977,
            661345.1862000003
          ],
          [
            182511.85940000042,
            661329.6875
          ],
          [
            182694.0133999996,
            661288.8616000004
          ],
          [
            182706.78129999992,
            661286
          ],
          [
            182708.91970000044,
            661285.2670000009
          ],
          [
            182793.9428000003,
            661256.1217999998
          ],
          [
            182815.8125,
            661248.625
          ],
          [
            182820.90639999975,
            661246.4290999994
          ],
          [
            182964.2561999997,
            661184.6322000008
          ],
          [
            182985.875,
            661175.3125
          ],
          [
            183032.78110000025,
            661147.1019000001
          ],
          [
            183085.14570000023,
            661115.6085000001
          ],
          [
            183202.85940000042,
            661044.8125
          ],
          [
            183277.625,
            660986.1875
          ],
          [
            183362.65629999992,
            660918.75
          ],
          [
            183437.42190000042,
            660864.5
          ],
          [
            183451.9654000001,
            660852.3177000005
          ],
          [
            183500.84379999992,
            660811.375
          ],
          [
            183535.65629999992,
            660783.875
          ],
          [
            183600.15629999992,
            660736.9375
          ],
          [
            183674.9375,
            660701.75
          ],
          [
            183684.61710000038,
            660698.7115000002
          ],
          [
            183741.4375,
            660680.875
          ],
          [
            184011.67119999975,
            660617.1106000002
          ],
          [
            184023,
            660614.4375
          ]
        ]
      }
    },
    {
      "type": "Feature",
      "properties": {
        "OBJECTID": 4015,
        "Keta": 4355,
        "Tochnit_Nu": "תוכנית מתאר מחוזית, מחוז תל אביב, תמ''מ 5",
        "Tochnit_Na": "תממ/ 5",
        "Tochnit_Ty": "תמ\"מ",
        "YP_Resu_Nu": " ",
        "YP_Resu_Da": "15/04/2010",
        "Road_No": "1",
        "Planed_Tra": 0,
        "Status": "תוכנית מאושרת",
        "Tasrit": "tmm_5_yeudekarka.jpg",
        "Scale": "1:20000",
        "Relevance": "1",
        "Digitation": "וקטור מקורי",
        "Notes": " ",
        "Question_N": " ",
        "TypeRoadtx": "דרך מהירה",
        "Type_Road": 1,
        "TypeRoad_1": "דרך מהירה קיימת/מאושרת",
        "Type_Road1": 20,
        "Shape_Length": 5065.362640695657
      },
      "geometry": {
        "type": "LineString",
        "coordinates": [
          [
            179824.375,
            662000.125
          ],
          [
            179849.78129999992,
            661937.6875
          ],
          [
            179879.48440000042,
            661887.1875
          ],
          [
            180007.3214999996,
            661680.7554000001
          ],
          [
            180055.9375,
            661602.25
          ],
          [
            180135.07809999958,
            661387.125
          ],
          [
            180257.59379999992,
            661019.25
          ],
          [
            180293.03129999992,
            660961.6875
          ],
          [
            180423.20309999958,
            660837.0625
          ],
          [
            180602.59379999992,
            660660.875
          ],
          [
            180754.20309999958,
            660529.875
          ],
          [
            181052.65629999992,
            660278.25
          ],
          [
            181383.71879999992,
            659993.3125
          ],
          [
            182031.34379999992,
            659450.375
          ],
          [
            182402.03129999992,
            659138.4375
          ],
          [
            182586.17190000042,
            658983.6875
          ],
          [
            182956.85940000042,
            658651.875
          ],
          [
            183245.8931,
            658394.8534999993
          ],
          [
            183249.9534,
            658391.2430000007
          ],
          [
            183250.4375,
            658390.8125
          ]
        ]
      }
    },
    {
      "type": "Feature",
      "properties": {
        "OBJECTID": 4434,
        "Keta": 3426,
        "Tochnit_Nu": "תכנית מתאר מחוזית, מחוז המרכז, תמ''מ/ 3  שינוי מס' 21",
        "Tochnit_Na": "תממ/ 3/ 21",
        "Tochnit_Ty": "תמ\"מ",
        "YP_Resu_Nu": " ",
        "YP_Resu_Da": "12/11/2003",
        "Road_No": "4",
        "Planed_Tra": 0,
        "Status": "תוכנית מאושרת",
        "Tasrit": "tmm3_21_yk.jpg",
        "Scale": "1:50000",
        "Relevance": "2",
        "Digitation": "וקטור מקורי",
        "Notes": " ",
        "Question_N": " ",
        "TypeRoadtx": "דרך מהירה",
        "Type_Road": 1,
        "TypeRoad_1": " ",
        "Type_Road1": 0,
        "Shape_Length": 96.16544291657408
      },
      "geometry": {
        "type": "LineString",
        "coordinates": [
          [
            181746.1277999999,
            656439.5458000004
          ],
          [
            181724.1769000003,
            656415.0713
          ],
          [
            181681.91959999967,
            656367.9560000002
          ]
        ]
      }
    },
    {
      "type": "Feature",
      "properties": {
        "OBJECTID": 4435,
        "Keta": 3419,
        "Tochnit_Nu": "תכנית מתאר מחוזית, מחוז המרכז, תמ''מ/ 3  שינוי מס' 21",
        "Tochnit_Na": "תממ/ 3/ 21",
        "Tochnit_Ty": "תמ\"מ",
        "YP_Resu_Nu": " ",
        "YP_Resu_Da": "12/11/2003",
        "Road_No": "4",
        "Planed_Tra": 0,
        "Status": "תוכנית מאושרת",
        "Tasrit": "tmm3_21_yk.jpg",
        "Scale": "1:50000",
        "Relevance": "2",
        "Digitation": "וקטור מקורי",
        "Notes": " ",
        "Question_N": " ",
        "TypeRoadtx": "דרך מהירה",
        "Type_Road": 1,
        "TypeRoad_1": " ",
        "Type_Road1": 0,
        "Shape_Length": 1080.6571899190421
      },
      "geometry": {
        "type": "LineString",
        "coordinates": [
          [
            181681.91959999967,
            656367.9560000002
          ],
          [
            181521.02990000043,
            656188.5702999998
          ],
          [
            181467.70100000035,
            656126.2890000008
          ],
          [
            181417.44269999955,
            656067.5936999992
          ],
          [
            181412.26150000002,
            656061.5427000001
          ],
          [
            181392.99170000013,
            656039.0381000005
          ],
          [
            181378.41729999986,
            656016.8527000006
          ],
          [
            181256.2472000001,
            655830.8836000003
          ],
          [
            181229.42449999973,
            655790.0537
          ],
          [
            181091.4458999997,
            655473.9269999992
          ]
        ]
      }
    },
    {
      "type": "Feature",
      "properties": {
        "OBJECTID": 4436,
        "Keta": 3426,
        "Tochnit_Nu": "תכנית מתאר מחוזית, מחוז המרכז, תמ''מ/ 3  שינוי מס' 21",
        "Tochnit_Na": "תממ/ 3/ 21",
        "Tochnit_Ty": "תמ\"מ",
        "YP_Resu_Nu": " ",
        "YP_Resu_Da": "12/11/2003",
        "Road_No": "4",
        "Planed_Tra": 0,
        "Status": "תוכנית מאושרת",
        "Tasrit": "tmm3_21_yk.jpg",
        "Scale": "1:50000",
        "Relevance": "2",
        "Digitation": "וקטור מקורי",
        "Notes": " ",
        "Question_N": " ",
        "TypeRoadtx": "דרך מהירה",
        "Type_Road": 1,
        "TypeRoad_1": " ",
        "Type_Road1": 0,
        "Shape_Length": 483.51493934786436
      },
      "geometry": {
        "type": "LineString",
        "coordinates": [
          [
            182672.17229999974,
            657458.7972999997
          ],
          [
            182665.08530000038,
            657449.6786000002
          ],
          [
            182661.4994000001,
            657445.0646000002
          ],
          [
            182559.62629999965,
            657313.9860999994
          ],
          [
            182454.12310000043,
            657192.1210999992
          ],
          [
            182392.8964999998,
            657121.3994999994
          ],
          [
            182374.62810000032,
            657100.2981000002
          ],
          [
            182362.52610000037,
            657087.7006999999
          ]
        ]
      }
    },
    {
      "type": "Feature",
      "properties": {
        "OBJECTID": 4490,
        "Keta": 3326,
        "Tochnit_Nu": "תכנית מתאר מחוזית, מחוז המרכז, תמ''מ/ 3  שינוי מס' 21",
        "Tochnit_Na": "תממ/ 3/ 21",
        "Tochnit_Ty": "תמ\"מ",
        "YP_Resu_Nu": " ",
        "YP_Resu_Da": "12/11/2003",
        "Road_No": "423",
        "Planed_Tra": 0,
        "Status": "תוכנית מאושרת",
        "Tasrit": "tmm3_21_yk.jpg",
        "Scale": "1:50000",
        "Relevance": "2",
        "Digitation": "וקטור מקורי",
        "Notes": " ",
        "Question_N": " ",
        "TypeRoadtx": "דרך אזורית",
        "Type_Road": 4,
        "TypeRoad_1": "דרך אזורית קיימת/מאושרת",
        "Type_Road1": 14,
        "Shape_Length": 865.4896953928156
      },
      "geometry": {
        "type": "LineString",
        "coordinates": [
          [
            183176.10360000003,
            650082.1655000001
          ],
          [
            183175.46999999974,
            650081.8920000009
          ],
          [
            183112.43269999977,
            650054.6722999997
          ],
          [
            183005.70930000022,
            649969.0662999991
          ],
          [
            182714.03050000034,
            649684.0166999996
          ],
          [
            182657.17310000025,
            649541.9131000005
          ],
          [
            182646.1275000004,
            649444.1046999991
          ]
        ]
      }
    },
    {
      "type": "Feature",
      "properties": {
        "OBJECTID": 4491,
        "Keta": 3326,
        "Tochnit_Nu": "תכנית מתאר מחוזית, מחוז המרכז, תמ''מ/ 3  שינוי מס' 21",
        "Tochnit_Na": "תממ/ 3/ 21",
        "Tochnit_Ty": "תמ\"מ",
        "YP_Resu_Nu": " ",
        "YP_Resu_Da": "12/11/2003",
        "Road_No": "423",
        "Planed_Tra": 0,
        "Status": "תוכנית מאושרת",
        "Tasrit": "tmm3_21_yk.jpg",
        "Scale": "1:50000",
        "Relevance": "1",
        "Digitation": "וקטור מקורי",
        "Notes": " ",
        "Question_N": " ",
        "TypeRoadtx": "דרך אזורית",
        "Type_Road": 4,
        "TypeRoad_1": "דרך אזורית קיימת/מאושרת",
        "Type_Road1": 14,
        "Shape_Length": 3566.351301415272
      },
      "geometry": {
        "type": "LineString",
        "coordinates": [
          [
            186538.5625,
            650993.4845000003
          ],
          [
            186300.9508999996,
            651005.8720999993
          ],
          [
            186101.64529999997,
            650983.6533000004
          ],
          [
            185802.6967000002,
            650932.5965
          ],
          [
            185525.12729999982,
            650846.1820999999
          ],
          [
            185372.08160000015,
            650792.1736999992
          ],
          [
            185322.36290000007,
            650774.6283999998
          ],
          [
            184934.41789999977,
            650637.7260999996
          ],
          [
            184336.63129999954,
            650365.4109000005
          ],
          [
            184172.95409999974,
            650286.6269000005
          ],
          [
            184002.15909999982,
            650207.8096999992
          ],
          [
            183852.70490000024,
            650150.3686999995
          ],
          [
            183697.61890000012,
            650124.7577
          ],
          [
            183574.8724999996,
            650146.6151999999
          ],
          [
            183466.9018000001,
            650166.0328000002
          ],
          [
            183370.59329999983,
            650182.9660999998
          ],
          [
            183298.62650000025,
            650175.5578000005
          ],
          [
            183233.0097000003,
            650161.7993999999
          ],
          [
            183150.59889999963,
            650120.9548000004
          ]
        ]
      }
    },
    {
      "type": "Feature",
      "properties": {
        "OBJECTID": 4517,
        "Keta": 3435,
        "Tochnit_Nu": "תכנית מתאר מחוזית, מחוז המרכז, תמ''מ/ 3  שינוי מס' 21",
        "Tochnit_Na": "תממ/ 3/ 21",
        "Tochnit_Ty": "תמ\"מ",
        "YP_Resu_Nu": " ",
        "YP_Resu_Da": "12/11/2003",
        "Road_No": "461",
        "Planed_Tra": 0,
        "Status": "תוכנית מאושרת",
        "Tasrit": "tmm3_21_yk.jpg",
        "Scale": "1:50000",
        "Relevance": "2",
        "Digitation": "וקטור מקורי",
        "Notes": " ",
        "Question_N": " ",
        "TypeRoadtx": "דרך פרברית מהירה",
        "Type_Road": 2,
        "TypeRoad_1": "דרך פרברית מהירה קיימת/מאושרת",
        "Type_Road1": 2,
        "Shape_Length": 1678.7876174740002
      },
      "geometry": {
        "type": "LineString",
        "coordinates": [
          [
            187481.85929999966,
            660168.6103000008
          ],
          [
            187661.09119999968,
            660149.4004999995
          ],
          [
            187685.0111999996,
            660144.6170000006
          ],
          [
            187994.98730000015,
            660082.6284999996
          ],
          [
            188147.8652999997,
            660009.6566000003
          ],
          [
            188254.62370000035,
            659958.6985999998
          ],
          [
            188262.10369999986,
            659955.1283
          ],
          [
            188268.48550000042,
            659951.8346999995
          ],
          [
            188281.44189999998,
            659945.148
          ],
          [
            188352.52410000004,
            659908.4628999997
          ],
          [
            188450.2993999999,
            659858.0018000007
          ],
          [
            188492.5859000003,
            659835.6620000005
          ],
          [
            188492.94159999955,
            659835.4740999993
          ],
          [
            188772.0532999998,
            659688.0207000002
          ],
          [
            189014.8864000002,
            659536.2486000005
          ]
        ]
      }
    },
    {
      "type": "Feature",
      "properties": {
        "OBJECTID": 4518,
        "Keta": null,
        "Tochnit_Nu": "תמא/ 3/ 108 - שינוי שדרוג דרך 461",
        "Tochnit_Na": "תמא/ 3/ 108",
        "Tochnit_Ty": "תמא",
        "YP_Resu_Nu": "לא נמצא",
        "YP_Resu_Da": null,
        "Road_No": "461",
        "Planed_Tra": null,
        "Status": "תוכנית מאושרת",
        "Tasrit": "tma_3_108_me_jpg",
        "Scale": "1:100000",
        "Relevance": "1",
        "Digitation": "ווקטור מקורי",
        "Notes": null,
        "Question_N": null,
        "TypeRoadtx": "דרך אזורית קיימת/מאושרת",
        "Type_Road": null,
        "TypeRoad_1": "דרך אזורית קיימת/מאושרת",
        "Type_Road1": null,
        "Shape_Length": 5105.64435818335
      },
      "geometry": {
        "type": "LineString",
        "coordinates": [
          [
            189014.8864000002,
            659536.2486000005
          ],
          [
            188772.0532999998,
            659688.0207000002
          ],
          [
            188492.94159999955,
            659835.4740999993
          ],
          [
            188492.5859000003,
            659835.6620000005
          ],
          [
            188450.2993999999,
            659858.0018000007
          ],
          [
            188352.52410000004,
            659908.4628999997
          ],
          [
            188281.44189999998,
            659945.148
          ],
          [
            188268.48550000042,
            659951.8346999995
          ],
          [
            188262.10369999986,
            659955.1283
          ],
          [
            188254.62370000035,
            659958.6985999998
          ],
          [
            188147.8652999997,
            660009.6566000003
          ],
          [
            187994.98730000015,
            660082.6284999996
          ],
          [
            187685.0111999996,
            660144.6170000006
          ],
          [
            187661.09119999968,
            660149.4004999995
          ],
          [
            187481.85929999966,
            660168.6103000008
          ],
          [
            186873.91189999972,
            660189.9706999995
          ],
          [
            186030.88970000017,
            660343.2474000007
          ],
          [
            185423.7566999998,
            660421.8176000006
          ],
          [
            185350.8677000003,
            660431.2502999995
          ],
          [
            185216.60699999984,
            660448.6251999997
          ],
          [
            184800,
            660500
          ],
          [
            184373.5861999998,
            660515.3390999995
          ],
          [
            184091.32809999958,
            660598.1875
          ]
        ]
      }
    },
    {
      "type": "Feature",
      "properties": {
        "OBJECTID": 4532,
        "Keta": 3412,
        "Tochnit_Nu": "תכנית מתאר מחוזית, מחוז המרכז, תמ''מ/ 3  שינוי מס' 21",
        "Tochnit_Na": "תממ/ 3/ 21",
        "Tochnit_Ty": "תמ\"מ",
        "YP_Resu_Nu": " ",
        "YP_Resu_Da": "12/11/2003",
        "Road_No": "40",
        "Planed_Tra": 0,
        "Status": "תוכנית מאושרת",
        "Tasrit": "tmm3_21_yk.jpg",
        "Scale": "1:50000",
        "Relevance": "1",
        "Digitation": "וקטור מקורי",
        "Notes": " ",
        "Question_N": " ",
        "TypeRoadtx": "דרך ראשית",
        "Type_Road": 3,
        "TypeRoad_1": "דרך ראשית קיימת/מאושרת",
        "Type_Road1": 44,
        "Shape_Length": 2614.5362771311434
      },
      "geometry": {
        "type": "LineString",
        "coordinates": [
          [
            191760.7081000004,
            656282.4823000003
          ],
          [
            191800.97109999973,
            656386.3532999996
          ],
          [
            191849.78100000042,
            656507.0872000009
          ],
          [
            191956.2653000001,
            656770.4823000003
          ],
          [
            191958.49480000045,
            656775.1179000009
          ],
          [
            191972.90589999966,
            656805.0815999992
          ],
          [
            192028.77529999986,
            656921.2457999997
          ],
          [
            192062.4254999999,
            656991.2116999999
          ],
          [
            192058.65770000033,
            656998.3807999995
          ],
          [
            191930.23330000043,
            657242.7379000001
          ],
          [
            191828.06170000043,
            657404.0938000008
          ],
          [
            191825.54640000034,
            657408.0661999993
          ],
          [
            191644.65950000007,
            657693.7344000004
          ],
          [
            191404.20849999972,
            658011.2259999998
          ],
          [
            191314.42260000017,
            658153.6977999993
          ],
          [
            191290.39010000043,
            658304.8751999997
          ],
          [
            191282.84810000006,
            658352.3181999996
          ],
          [
            191242.32249999978,
            658607.2463000007
          ]
        ]
      }
    },
    {
      "type": "Feature",
      "properties": {
        "OBJECTID": 4533,
        "Keta": 3412,
        "Tochnit_Nu": "תכנית מתאר מחוזית, מחוז המרכז, תמ''מ/ 3  שינוי מס' 21",
        "Tochnit_Na": "תממ/ 3/ 21",
        "Tochnit_Ty": "תמ\"מ",
        "YP_Resu_Nu": " ",
        "YP_Resu_Da": "12/11/2003",
        "Road_No": "40",
        "Planed_Tra": 0,
        "Status": "תוכנית מאושרת",
        "Tasrit": "tmm3_21_yk.jpg",
        "Scale": "1:50000",
        "Relevance": "2",
        "Digitation": "וקטור מקורי",
        "Notes": " ",
        "Question_N": " ",
        "TypeRoadtx": "דרך ראשית",
        "Type_Road": 3,
        "TypeRoad_1": "דרך ראשית קיימת/מאושרת",
        "Type_Road1": 44,
        "Shape_Length": 2345.7950101999377
      },
      "geometry": {
        "type": "LineString",
        "coordinates": [
          [
            191150.22900000028,
            654051.5243999995
          ],
          [
            191150.0390999997,
            654074.3833000008
          ],
          [
            191124.26269999985,
            654310.9801000003
          ],
          [
            191129.37519999966,
            654427.3048
          ],
          [
            191131.79669999983,
            654482.3997000009
          ],
          [
            191155.81329999957,
            654662.0366999991
          ],
          [
            191204.53770000022,
            654858.0824999996
          ],
          [
            191318.77909999993,
            655184.9397
          ],
          [
            191323.46140000038,
            655194.6502999999
          ],
          [
            191425.2106999997,
            655405.6690999996
          ],
          [
            191581.86099999957,
            655817.8189000003
          ],
          [
            191645.74590000045,
            655985.9011000004
          ],
          [
            191760.7081000004,
            656282.4823000003
          ]
        ]
      }
    },
    {
      "type": "Feature",
      "properties": {
        "OBJECTID": 4534,
        "Keta": 3409,
        "Tochnit_Nu": "תכנית מתאר מחוזית, מחוז המרכז, תמ''מ/ 3  שינוי מס' 21",
        "Tochnit_Na": "תממ/ 3/ 21",
        "Tochnit_Ty": "תמ\"מ",
        "YP_Resu_Nu": " ",
        "YP_Resu_Da": "12/11/2003",
        "Road_No": "453",
        "Planed_Tra": 0,
        "Status": "תוכנית מאושרת",
        "Tasrit": "tmm3_21_yk.jpg",
        "Scale": "1:50000",
        "Relevance": "2",
        "Digitation": "וקטור מקורי",
        "Notes": " ",
        "Question_N": " ",
        "TypeRoadtx": "דרך אזורית",
        "Type_Road": 4,
        "TypeRoad_1": "דרך אזורית קיימת/מאושרת",
        "Type_Road1": 14,
        "Shape_Length": 887.5016531518036
      },
      "geometry": {
        "type": "LineString",
        "coordinates": [
          [
            191318.77909999993,
            655184.9397
          ],
          [
            191361.43929999974,
            655129.9432999995
          ],
          [
            191391.07430000044,
            655091.7386000007
          ],
          [
            191451.37200000044,
            655014.0044
          ],
          [
            191609.2193,
            654794.1850000005
          ],
          [
            191617.98979999963,
            654787.3044000007
          ],
          [
            191652.95309999958,
            654759.8752999995
          ],
          [
            191680.63719999976,
            654738.1568999998
          ],
          [
            191733.51429999992,
            654696.6742000002
          ],
          [
            191915.44730000012,
            654640.1699999999
          ],
          [
            191966.69079999998,
            654630.9759
          ]
        ]
      }
    }
  ]
}