{
  "type": "FeatureCollection",
  "name": "tama1_forest",
  "description": "תמ\"א 1 – יער",
  "crs": {
    "type": "name",
    "properties": {
      "name": "urn:ogc:def:crs:EPSG::2039"
    }
  },
  "features": [
    {
      "type": "Feature",
      "properties": {
        "OBJECTID": 2781,
        "PL_NAME": "תוכנית מיתאר ארצית אחודה",
        "PL_NUMBER": "תמא/ 1",
        "SCENARIO": "ראשי",
        "stage": "שטחים פתוחים",
        "type_name": "מוגנים",
        "MAVAT_NAME": "יער פארק",
        "NAME": "איילון",
        "MAVAT_CODE": 10302,
        "STATUS": "מאושרת",
        "DATA_DATE": 1563062400000,
        "LABEL": "איילון",
        "NUM": "3103",
        "LEGAL_AREA": 2314,
        "LAST_UPDATE": "14/07/2019",
        "LEN": null,
        "TYPE_CODE": 3103,
        "PL_change": null,
        "PL_URL": null,
        "REMARKS": null,
        "Layer_Name": "יער",
        "scale": "1:100000",
        "AREA": 1790501.0322173196,
        "DEFQ": null,
        "place_no": 2849
      },
      "geometry": {
        "type": "MultiPolygon",
        "coordinates": [
          [
            [
              [
                195462.46329999994,
                654929.6316999998
              ],
              [
                195481.35620000027,
                654894.2073999997
              ],
              [
                195475.12959999964,
                654892.6432000007
              ],
              [
                195464.69359999988,
                654890.0261000004
              ],
              [
                195459.8066999996,
                654887.6027000006
              ],
              [
                195457.2536000004,
                654886.5088999998
              ],
              [
                195453.67300000042,
                654885.2051999997
              ],
              [
                195450.25800000038,
                654883.8954000007
              ],
              [
                195445.84130000044,
                654882.6898999996
              ],
              [
                195444.6299999999,
                654882.5067999996
              ],
              [
                195430.37150000036,
                654880.7074999996
              ],
              [
                195428.50829999987,
                654880.0698000006
              ],
              [
                195429.1514999997,
                654878.3940999992
              ],
              [
                195441.60830000043,
                654845.9476999994
              ],
              [
                195447.8501000004,
                654829.6890999991
              ],
              [
                195448.02850000001,
                654829.2245000005
              ],
              [
                195451.36990000028,
                654820.5212999992
              ],
              [
                195452.05530000012,
                654813.2402999997
              ],
              [
                195457.8532999996,
                654751.6384999994
              ],
              [
                195461.76190000027,
                654710.1092000008
              ],
              [
                195469.58430000022,
                654705.9284000006
              ],
              [
                195470.4639999997,
                654705.4342999998
              ],
              [
                195493.5279000001,
                654691.648
              ],
              [
                195495.76510000043,
                654690.1410000008
              ],
              [
                195501.22429999989,
                654686.0184000004
              ],
              [
                195503.75490000006,
                654684.0798000004
              ],
              [
                195514.50349999964,
                654675.8456999995
              ],
              [
                195515.3376000002,
                654675.1779999994
              ],
              [
                195521.58330000006,
                654669.9550000001
              ],
              [
                195530.41199999955,
                654664.9701000005
              ],
              [
                195537.32419999968,
                654662.4471000005
              ],
              [
                195551.92300000042,
                654663.5217000004
              ],
              [
                195566.733,
                654660.0266999993
              ],
              [
                195574.8278000001,
                654662.0800000001
              ],
              [
                195594.02280000038,
                654598.6206999999
              ],
              [
                195562.60879999958,
                654613.4712000005
              ],
              [
                195501.46509999968,
                654631.0351
              ],
              [
                195463.55310000014,
                654658.2265000008
              ],
              [
                195435.60859999992,
                654685.9671
              ],
              [
                195424.4961000001,
                654745.2338999994
              ],
              [
                195413.38350000046,
                654841.5424000006
              ],
              [
                195408.09190000035,
                654853.1841000002
              ],
              [
                195394.8627000004,
                654863.2382999994
              ],
              [
                195364.61309999973,
                654876.3193999995
              ],
              [
                195322.97750000004,
                654905.5490000006
              ],
              [
                195318.9955000002,
                654909.4250000007
              ],
              [
                195310.75370000023,
                654915.2327999994
              ],
              [
                195302.4902999997,
                654920.6708000004
              ],
              [
                195299.52610000037,
                654924.4137999993
              ],
              [
                195289.33820000011,
                654930.0281000007
              ],
              [
                195288.25349999964,
                654930.5998999998
              ],
              [
                195282.57940000016,
                654933.2634999994
              ],
              [
                195278.15600000042,
                654935.3399999999
              ],
              [
                195272.45529999956,
                654938.0161000006
              ],
              [
                195264.39350000024,
                654941.3552999999
              ],
              [
                195256.33150000032,
                654944.6947000008
              ],
              [
                195239.91650000028,
                654950.6217
              ],
              [
                195231.59499999974,
                654953.1985999998
              ],
              [
                195223.24509999994,
                654955.7842999995
              ],
              [
                195206.3532999996,
                654960.1712999996
              ],
              [
                195189.27670000028,
                654963.7734999992
              ],
              [
                195183.66009999998,
                654964.7795000002
              ],
              [
                195182.45409999974,
                654964.9092999995
              ],
              [
                195182.4464999996,
                654964.9100000001
              ],
              [
                195170.58710000012,
                654966.0183000006
              ],
              [
                195153.00760000013,
                654964.2462000009
              ],
              [
                195150.77990000043,
                654964.1217
              ],
              [
                195122.9400000004,
                654963.8109000009
              ],
              [
                195122.33210000023,
                654963.8145000003
              ],
              [
                195076.50210000016,
                654964.6725999992
              ],
              [
                195048.24519999977,
                654962.5559
              ],
              [
                195001.4411000004,
                654959.8517000005
              ],
              [
                195000.40089999977,
                654959.8133000005
              ],
              [
                194995.05680000037,
                654959.7276000008
              ],
              [
                194945.79870000016,
                654958.9377999995
              ],
              [
                194943.99089999963,
                654958.9088000003
              ],
              [
                194930.90419999976,
                654957.0230999999
              ],
              [
                194912.16619999986,
                654954.3231000006
              ],
              [
                194861.83860000037,
                654941.5754000004
              ],
              [
                194861.24120000005,
                654941.4319000002
              ],
              [
                194843.93290000036,
                654937.4978
              ],
              [
                194805.59229999967,
                654928.8436999992
              ],
              [
                194745.15409999993,
                654914.2687999997
              ],
              [
                194733.69180000015,
                654911.7084999997
              ],
              [
                194684.91729999986,
                654901.0508999992
              ],
              [
                194651.20380000025,
                654894.0286999997
              ],
              [
                194632.8552000001,
                654890.1657999996
              ],
              [
                194605.17239999957,
                654882.8697999995
              ],
              [
                194604.52799999993,
                654882.6999999993
              ],
              [
                194575.3713999996,
                654875.0155999996
              ],
              [
                194573.63200000022,
                654874.6228999998
              ],
              [
                194520.77350000013,
                654864.6568999998
              ],
              [
                194494.7890999997,
                654858.5365999993
              ],
              [
                194494.53249999974,
                654858.4761999995
              ],
              [
                194477.50150000025,
                654854.4636000004
              ],
              [
                194447.71960000042,
                654841.8368999995
              ],
              [
                194428.18450000044,
                654832.4291999992
              ],
              [
                194423.8859000001,
                654830.3590999991
              ],
              [
                194419.47200000007,
                654828.2334000003
              ],
              [
                194413.37789999973,
                654824.9332999997
              ],
              [
                194413.36610000022,
                654824.9268999994
              ],
              [
                194400.6046000002,
                654818.0164000001
              ],
              [
                194400.02919999976,
                654817.7144000009
              ],
              [
                194396.53409999982,
                654816.2591999993
              ],
              [
                194392.85929999966,
                654815.3485000003
              ],
              [
                194389.08910000045,
                654815.0031000003
              ],
              [
                194385.31010000035,
                654815.2310000006
              ],
              [
                194381.60869999975,
                654816.0270000007
              ],
              [
                194378.0700000003,
                654817.3727000002
              ],
              [
                194370.51499999966,
                654820.9220000003
              ],
              [
                194362.32129999995,
                654824.2923000008
              ],
              [
                194360.2714999998,
                654825.1519000009
              ],
              [
                194353.36479999963,
                654828.0483999997
              ],
              [
                194346.63389999978,
                654830.8710999992
              ],
              [
                194333.59200000018,
                654836.4844000004
              ],
              [
                194333.83029999956,
                654836.2415999994
              ],
              [
                194333.31579999998,
                654836.6032999996
              ],
              [
                194326.31859999988,
                654843.8931000009
              ],
              [
                194321.33449999988,
                654848.9697999991
              ],
              [
                194308.33719999995,
                654851.5772999991
              ],
              [
                194297.73929999955,
                654853.8366999999
              ],
              [
                194289.13219999988,
                654855.6519000009
              ],
              [
                194280.40919999965,
                654856.7854999993
              ],
              [
                194271.62409999967,
                654857.2304999996
              ],
              [
                194235.90350000001,
                654856.8038999997
              ],
              [
                194226.30790000036,
                654856.4912999999
              ],
              [
                194216.7463999996,
                654855.6264999993
              ],
              [
                194207.25050000008,
                654854.2125000004
              ],
              [
                194202.18420000002,
                654852.7489
              ],
              [
                194197.27300000004,
                654850.8285000008
              ],
              [
                194192.55769999977,
                654848.4672999997
              ],
              [
                194188.07809999958,
                654845.6851000004
              ],
              [
                194163.06379999965,
                654837.5670999996
              ],
              [
                194156.6518000001,
                654834.4397999998
              ],
              [
                194150.43769999966,
                654830.9359000009
              ],
              [
                194121.5,
                654833.5
              ],
              [
                194056.8476999998,
                654835.5990999993
              ],
              [
                194050.5619000001,
                654839.8465
              ],
              [
                194044.02130000014,
                654843.6899999995
              ],
              [
                194037.25189999957,
                654847.1144999992
              ],
              [
                194030.90220000036,
                654850.3248999994
              ],
              [
                194024.28060000017,
                654852.9285000004
              ],
              [
                194017.4447999997,
                654854.9026999995
              ],
              [
                194010.45459999982,
                654856.2302000001
              ],
              [
                194003.3711000001,
                654856.8992999997
              ],
              [
                193904.89190000016,
                654858.5183000006
              ],
              [
                193891.0038999999,
                654858.9385000002
              ],
              [
                193855.47869999986,
                654860.9374000002
              ],
              [
                193819.99760000035,
                654863.6066999994
              ],
              [
                193784.57320000045,
                654866.9453999996
              ],
              [
                193784.5,
                654867
              ],
              [
                193754,
                654884.5
              ],
              [
                193718,
                654897
              ],
              [
                193674.5,
                654904.5
              ],
              [
                193631,
                654909.5
              ],
              [
                193531.5,
                654957
              ],
              [
                193524,
                654970
              ],
              [
                193511,
                654998
              ],
              [
                193495,
                655020.5
              ],
              [
                193490.5,
                655041
              ],
              [
                193490.5,
                655069
              ],
              [
                193497.5,
                655097.5
              ],
              [
                193520.5,
                655163
              ],
              [
                193522.5,
                655184
              ],
              [
                193527.5,
                655202
              ],
              [
                193535,
                655229.5
              ],
              [
                193540,
                655265.5
              ],
              [
                193542,
                655289
              ],
              [
                193545,
                655303.5
              ],
              [
                193544.5,
                655319.5
              ],
              [
                193534,
                655337.5
              ],
              [
                193523.5,
                655352
              ],
              [
                193514,
                655364.5
              ],
              [
                193485,
                655387.5
              ],
              [
                193462,
                655402.5
              ],
              [
                193429,
                655415
              ],
              [
                193411,
                655430.5
              ],
              [
                193383.5,
                655440
              ],
              [
                193344.5,
                655450
              ],
              [
                193273.5,
                655480.5
              ],
              [
                193257.5,
                655516
              ],
              [
                193257,
                655554
              ],
              [
                193267.5,
                655592.5
              ],
              [
                193292.5,
                655639
              ],
              [
                193320.5,
                655679.5
              ],
              [
                193351,
                655710
              ],
              [
                193381.5,
                655738.5
              ],
              [
                193401.5,
                655764
              ],
              [
                193414,
                655779.5
              ],
              [
                193424,
                655810
              ],
              [
                193441.5,
                655851
              ],
              [
                193451,
                655892.5
              ],
              [
                193454,
                655925
              ],
              [
                193441,
                655948
              ],
              [
                193412.5,
                655957.5
              ],
              [
                193380,
                655962.5
              ],
              [
                193344,
                655962.5
              ],
              [
                193306,
                655967.5
              ],
              [
                193264.5,
                655969.5
              ],
              [
                193229,
                655977.5
              ],
              [
                193203.5,
                655995
              ],
              [
                193144.5,
                656099.5
              ],
              [
                193133.5,
                656129
              ],
              [
                193133.5,
                656157.5
              ],
              [
                193135.5,
                656198.5
              ],
              [
                193138,
                656236.5
              ],
              [
                193138,
                656277
              ],
              [
                193137.5,
                656305.5
              ],
              [
                193137.5,
                656333.5
              ],
              [
                193139.5,
                656372
              ],
              [
                193139.5,
                656397
              ],
              [
                193139,
                656412
              ],
              [
                193133.5,
                656455.5
              ],
              [
                193118.5,
                656489
              ],
              [
                193098,
                656509
              ],
              [
                193059,
                656539.5
              ],
              [
                193006,
                656569.5
              ],
              [
                192964.5,
                656600
              ],
              [
                192941.5,
                656630.5
              ],
              [
                192933.5,
                656650.5
              ],
              [
                192928.5,
                656673.5
              ],
              [
                192926,
                656696.5
              ],
              [
                192918,
                656729.5
              ],
              [
                192907.5,
                656755
              ],
              [
                192892.5,
                656770.5
              ],
              [
                192874.5,
                656772.5
              ],
              [
                192849,
                656772.5
              ],
              [
                192775.5,
                656757
              ],
              [
                192742,
                656756.5
              ],
              [
                192703.5,
                656756.5
              ],
              [
                192673,
                656753
              ],
              [
                192653,
                656753
              ],
              [
                192630,
                656753
              ],
              [
                192604.5,
                656758
              ],
              [
                192573.5,
                656783
              ],
              [
                192548,
                656816
              ],
              [
                192530,
                656846.5
              ],
              [
                192509.5,
                656877
              ],
              [
                192483,
                656897.5
              ],
              [
                192455.5,
                656919.5
              ],
              [
                192427,
                656937.5
              ],
              [
                192396,
                656965.5
              ],
              [
                192358,
                657003.5
              ],
              [
                192330,
                657026.5
              ],
              [
                192306.5,
                657051.5
              ],
              [
                192294,
                657077
              ],
              [
                192283,
                657112.5
              ],
              [
                192269.5,
                657214
              ],
              [
                192264.5,
                657247.5
              ],
              [
                192254.5,
                657285.5
              ],
              [
                192238.5,
                657321.5
              ],
              [
                192220,
                657364.5
              ],
              [
                192205,
                657390
              ],
              [
                192187,
                657415
              ],
              [
                192163.5,
                657445.5
              ],
              [
                192133,
                657474
              ],
              [
                192092,
                657508.5
              ],
              [
                192058.5,
                657529.5
              ],
              [
                192020,
                657562
              ],
              [
                191987,
                657585
              ],
              [
                191958.5,
                657602.5
              ],
              [
                191925.5,
                657622.5
              ],
              [
                191897,
                657633
              ],
              [
                191872,
                657632.5
              ],
              [
                191821,
                657632
              ],
              [
                191778,
                657632
              ],
              [
                191731.5,
                657631.5
              ],
              [
                191686,
                657646
              ],
              [
                191660.5,
                657669
              ],
              [
                191644.5,
                657709.5
              ],
              [
                191626,
                657758
              ],
              [
                191616,
                657783
              ],
              [
                191595,
                657822
              ],
              [
                191572.5,
                657865
              ],
              [
                191543.5,
                657908
              ],
              [
                191518,
                657943
              ],
              [
                191500,
                657969
              ],
              [
                191469,
                658007
              ],
              [
                191448.5,
                658037.5
              ],
              [
                191428,
                658080.5
              ],
              [
                191402,
                658108
              ],
              [
                191379.5,
                658133.5
              ],
              [
                191350.5,
                658161.5
              ],
              [
                191323,
                658181.5
              ],
              [
                191292,
                658199
              ],
              [
                191274.68379999977,
                658202.8767000008
              ],
              [
                191274.68379999977,
                658164.0120999999
              ],
              [
                191233.0614,
                658161.4213999994
              ],
              [
                191227.33999999985,
                658161.3498999998
              ],
              [
                191221.63769999985,
                658161.8238999993
              ],
              [
                191216.00659999996,
                658162.8388999999
              ],
              [
                191148.12660000008,
                658178.4486999996
              ],
              [
                191141.76319999993,
                658180.2872000001
              ],
              [
                191135.64120000042,
                658182.8158999998
              ],
              [
                191129.83530000038,
                658186.0039000008
              ],
              [
                191060.95550000016,
                658228.9373000003
              ],
              [
                191056.86400000006,
                658231.7284999993
              ],
              [
                191051.5,
                658236.2313999999
              ],
              [
                191013.30319999997,
                658272.3311999999
              ],
              [
                191008.71580000035,
                658277.1772000007
              ],
              [
                191004.6950000003,
                658282.5028000008
              ],
              [
                191001.29030000046,
                658288.2418000009
              ],
              [
                190964.4665000001,
                658359.0089999996
              ],
              [
                190962.28720000014,
                658363.6762000006
              ],
              [
                190960.51620000042,
                658368.5131000001
              ],
              [
                190959.1666000001,
                658373.4840999991
              ],
              [
                190942.3831000002,
                658447.7803000007
              ],
              [
                190911.70349999983,
                658544.3813000005
              ],
              [
                190874.40699999966,
                658624.4340000004
              ],
              [
                190837.19579999987,
                658667.5954999998
              ],
              [
                190796.1679999996,
                658704.8111000005
              ],
              [
                190765.65629999992,
                658720.4924999997
              ],
              [
                190716.6297000004,
                658740.5412000008
              ],
              [
                190675.6975999996,
                658751.5834999997
              ],
              [
                190565.79260000028,
                658754.4723000005
              ],
              [
                190437.06020000018,
                658757.1884000003
              ],
              [
                190321.44099999964,
                658758.5669999998
              ],
              [
                190320.34949999955,
                658758.5899
              ],
              [
                190203.03249999974,
                658762.1243999992
              ],
              [
                190060.3228000002,
                658759.2003000006
              ],
              [
                190059.09370000008,
                658759.1876999997
              ],
              [
                189995.14070000034,
                658759.1876999997
              ],
              [
                189988.5329,
                658759.5526999999
              ],
              [
                189982.00540000014,
                658760.6431000009
              ],
              [
                189894.53660000023,
                658780.2678999994
              ],
              [
                189890.4637000002,
                658781.3331000004
              ],
              [
                189885.62239999976,
                658783.0109000001
              ],
              [
                189827.71140000038,
                658805.8938999996
              ],
              [
                189825.9961000001,
                658806.6024999991
              ],
              [
                189823.3872999996,
                658807.8026999999
              ],
              [
                189750.09509999957,
                658843.6699000001
              ],
              [
                189744.2279000003,
                658846.9609999992
              ],
              [
                189738.76609999966,
                658850.8881000001
              ],
              [
                189733.7781999996,
                658855.4020000007
              ],
              [
                189686.49459999986,
                658903.2798999995
              ],
              [
                189651.75820000004,
                658924.9901999999
              ],
              [
                189615.74239999987,
                658936.6021999996
              ],
              [
                189543.5092000002,
                658956.3256999999
              ],
              [
                189452.36589999963,
                658963.6063999999
              ],
              [
                189430.20309999958,
                658958.1704999991
              ],
              [
                189360.4336000001,
                658925.9090999998
              ],
              [
                189319.3225999996,
                658894.9627999999
              ],
              [
                189253.07930000033,
                658834.8859000001
              ],
              [
                189196.18010000046,
                658771.8313999996
              ],
              [
                189134.34169999976,
                658703.3036000002
              ],
              [
                189130.97140000015,
                658699.8576999996
              ],
              [
                189125.4154000003,
                658695.2171
              ],
              [
                189060.7357999999,
                658647.9364
              ],
              [
                189055.32830000017,
                658644.4135999996
              ],
              [
                189050.94600000046,
                658642.1188999992
              ],
              [
                188973.7740000002,
                658605.6812999994
              ],
              [
                188968.9548000004,
                658603.6577000003
              ],
              [
                188963.9779000003,
                658602.0611000005
              ],
              [
                188958.8808000004,
                658600.9036999997
              ],
              [
                188901.27479999978,
                658590.4389999993
              ],
              [
                188894.19180000015,
                658589.6016000006
              ],
              [
                188889.2555999998,
                658589.5175999999
              ],
              [
                188808.97439999972,
                658591.4550000001
              ],
              [
                188802.17239999957,
                658592.0073000006
              ],
              [
                188795.47719999962,
                658593.3285000008
              ],
              [
                188704.10219999962,
                658616.8287000004
              ],
              [
                188699.07660000026,
                658618.3586999997
              ],
              [
                188694.20419999957,
                658620.3223000001
              ],
              [
                188689.52219999954,
                658622.7047000006
              ],
              [
                188648.81570000015,
                658645.7153999992
              ],
              [
                188647.33110000007,
                658646.5913999993
              ],
              [
                188598.9707000004,
                658676.0932
              ],
              [
                188546.3125,
                658688.5
              ],
              [
                188483.37040000036,
                658712.2771000005
              ],
              [
                188434.1277999999,
                658716.9509999994
              ],
              [
                188378.24120000005,
                658707.3507000003
              ],
              [
                188296.08189999964,
                658665.3730999995
              ],
              [
                188218.3306,
                658605.5373
              ],
              [
                188153.0259999996,
                658553.3707999997
              ],
              [
                188148.35209999979,
                658549.9919000007
              ],
              [
                188143.37530000042,
                658547.0774000008
              ],
              [
                188075.1096999999,
                658511.3900000006
              ],
              [
                188070.3426000001,
                658509.1583999991
              ],
              [
                188065.39829999954,
                658507.3531999998
              ],
              [
                188060.31489999965,
                658505.9882999994
              ],
              [
                188003.15869999956,
                658493.3006999996
              ],
              [
                187996.40589999966,
                658492.2013000008
              ],
              [
                187989.57180000003,
                658491.8776999991
              ],
              [
                187912.5873999996,
                658492.6276999991
              ],
              [
                187906.1185999997,
                658493.0408999994
              ],
              [
                187899.73209999967,
                658494.1494999994
              ],
              [
                187811.16079999972,
                658514.5065000001
              ],
              [
                187730.1275000004,
                658533.3004000001
              ],
              [
                187653.0027999999,
                658535.2726000007
              ],
              [
                187620.00519999955,
                658525.2873999998
              ],
              [
                187573.66229999997,
                658502.3116999995
              ],
              [
                187528.4319000002,
                658473.7040999997
              ],
              [
                187471.76709999982,
                658436.7719
              ],
              [
                187453.1048999997,
                658424.6087999996
              ],
              [
                187447.74000000022,
                658421.4855000004
              ],
              [
                187442.0706000002,
                658418.9569000006
              ],
              [
                187436.16220000014,
                658417.0524000004
              ],
              [
                187429.5109000001,
                658414.6944999993
              ],
              [
                187426.05659999978,
                658413.7716000006
              ],
              [
                187417.15280000027,
                658411.7424999997
              ],
              [
                187415.8498999998,
                658411.4013999999
              ],
              [
                187414.5532999998,
                658411.0859999992
              ],
              [
                187413.68379999977,
                658410.8824000005
              ],
              [
                187410.36649999954,
                658410.1230999995
              ],
              [
                187395.60730000027,
                658406.3087000009
              ],
              [
                187379.86620000005,
                658398.0537
              ],
              [
                187375.76489999983,
                658396.0971000008
              ],
              [
                187369.8373999996,
                658393.9027999993
              ],
              [
                187291.5373999998,
                658369.5228000004
              ],
              [
                187290.90830000024,
                658369.3307000007
              ],
              [
                187287.18829999957,
                658368.3457999993
              ],
              [
                187275.9974999996,
                658365.7641000003
              ],
              [
                187274.14240000024,
                658365.3359999992
              ],
              [
                187251.68780000042,
                658360.1557
              ],
              [
                187248.61899999995,
                658359.5316000003
              ],
              [
                187244.1107999999,
                658358.9119000006
              ],
              [
                187204.41079999972,
                658354.9818999991
              ],
              [
                187201.9888000004,
                658354.7916000001
              ],
              [
                187198.1660000002,
                658354.6909999996
              ],
              [
                187111.4252000004,
                658355.1740000006
              ],
              [
                187076.50600000005,
                658351.8002000004
              ],
              [
                187049.43790000025,
                658345.9955000002
              ],
              [
                187020.2128999997,
                658334.4427000005
              ],
              [
                186990.44079999998,
                658319.6613999996
              ],
              [
                186962.94570000004,
                658303.2761000004
              ],
              [
                186942.6503999997,
                658288.3061999995
              ],
              [
                186940.12899999972,
                658286.4262000006
              ],
              [
                186932.07380000036,
                658279.0258000009
              ],
              [
                186931.64319999982,
                658278.6301000006
              ],
              [
                186922.30319999997,
                658270.0493999999
              ],
              [
                186891.41839999985,
                658235.0972000007
              ],
              [
                186877.41420000046,
                658218.4949999992
              ],
              [
                186869.56659999955,
                658209.1413000003
              ],
              [
                186867.06730000023,
                658205.8238999993
              ],
              [
                186865.78450000007,
                658204.1316999998
              ],
              [
                186848.70179999992,
                658173.7693000007
              ],
              [
                186846.53940000013,
                658170.2195999995
              ],
              [
                186845.74590000045,
                658169.0437000003
              ],
              [
                186831.42590000015,
                658148.3537000008
              ],
              [
                186828.0527999997,
                658143.9328000005
              ],
              [
                186826.31929999962,
                658141.9565999992
              ],
              [
                186787.81929999962,
                658099.9565999992
              ],
              [
                186785.02460000012,
                658097.1043999996
              ],
              [
                186741.30460000038,
                658055.3609999996
              ],
              [
                186735.82959999982,
                658050.7526999991
              ],
              [
                186733.2008999996,
                658048.9031000007
              ],
              [
                186707.61089999974,
                658031.9031000007
              ],
              [
                186704.41009999998,
                658029.9186000004
              ],
              [
                186702.17179999966,
                658028.6889999993
              ],
              [
                186677.52529999986,
                658015.8255000003
              ],
              [
                186674.09009999968,
                658013.8038999997
              ],
              [
                186647.7154000001,
                657998.2840999998
              ],
              [
                186641.65500000026,
                657995.1971000005
              ],
              [
                186602.25999999978,
                657977.8720999993
              ],
              [
                186595.50829999987,
                657975.4006999992
              ],
              [
                186591.4583999999,
                657974.3407000005
              ],
              [
                186546.65840000007,
                657964.2707000002
              ],
              [
                186541.36230000015,
                657963.3275000006
              ],
              [
                186536.00310000032,
                657962.8622999992
              ],
              [
                186497.20309999958,
                657961.2423
              ],
              [
                186493.2335000001,
                657961.2080000006
              ],
              [
                186452.33349999972,
                657962.2080000006
              ],
              [
                186450.3114,
                657962.2916000001
              ],
              [
                186443.6311999997,
                657963.0581
              ],
              [
                186411.7871000003,
                657968.5342999995
              ],
              [
                186400.05069999956,
                657969.3261999991
              ],
              [
                186393.67119999975,
                657970.1016000006
              ],
              [
                186391.99560000002,
                657970.4217000008
              ],
              [
                186374.40560000017,
                657974.0417
              ],
              [
                186368.02699999977,
                657975.7247000001
              ],
              [
                186361.87170000002,
                657978.0976999998
              ],
              [
                186356.0142000001,
                657981.1322000008
              ],
              [
                186350.5251000002,
                657984.7914000005
              ],
              [
                186345.4709999999,
                657989.0309999995
              ],
              [
                186340.91280000005,
                657993.7999000009
              ],
              [
                186336.9057,
                657999.0403000005
              ],
              [
                186318.06649999972,
                658026.7075999994
              ],
              [
                186304.5279000001,
                658038.2020999994
              ],
              [
                186298.07809999958,
                658037.6216000002
              ],
              [
                186291.97009999957,
                658037.3845000006
              ],
              [
                186285.8696999997,
                658037.7700999994
              ],
              [
                186279.84020000044,
                658038.7743999995
              ],
              [
                186273.9441999998,
                658040.3870000001
              ],
              [
                186257.4441999998,
                658045.8169999998
              ],
              [
                186252.4353,
                658047.7171
              ],
              [
                186246.43549999967,
                658050.7134000007
              ],
              [
                186243.36510000005,
                658052.4675999992
              ],
              [
                186242.5719999997,
                658052.5222999994
              ],
              [
                186240.87959999964,
                658052.6631000005
              ],
              [
                186230.32519999985,
                658053.6918000001
              ],
              [
                186232.9489000002,
                658035.9322999995
              ],
              [
                186207.6821999997,
                658047.1809999999
              ],
              [
                186186.73699999973,
                658035.1221999992
              ],
              [
                186180.72800000012,
                658032.0977999996
              ],
              [
                186174.41830000002,
                658029.7651000004
              ],
              [
                186167.8870000001,
                658028.1533000004
              ],
              [
                186161.21640000027,
                658027.2829
              ],
              [
                186154.4902999997,
                658027.1645999998
              ],
              [
                186147.7932000002,
                658027.8000000007
              ],
              [
                186141.20940000005,
                658029.1810999997
              ],
              [
                186134.8214999996,
                658031.2905000001
              ],
              [
                186128.70990000013,
                658034.1018000003
              ],
              [
                186122.95150000043,
                658037.5795000009
              ],
              [
                186117.61849999987,
                658041.6799999997
              ],
              [
                186112.77809999976,
                658046.3517000005
              ],
              [
                186108.4910000004,
                658051.5359000005
              ],
              [
                186104.81130000018,
                658057.1674000006
              ],
              [
                186101.78509999998,
                658063.1754999999
              ],
              [
                186099.69340000022,
                658068.8278999999
              ],
              [
                186097.82689999975,
                658071.6546999998
              ],
              [
                186097.75569999963,
                658076.6345000006
              ],
              [
                186096.96420000028,
                658082.6855999995
              ],
              [
                186096.84389999975,
                658089.4116999991
              ],
              [
                186097.47730000038,
                658096.1088999994
              ],
              [
                186068.8228000002,
                658106.9624000005
              ],
              [
                186055.17459999956,
                658118.2054999992
              ],
              [
                186045.93699999992,
                658125.3363000005
              ],
              [
                186039.44159999955,
                658128.3347999994
              ],
              [
                186034.59009999968,
                658130.8486000001
              ],
              [
                186032.24689999968,
                658132.2738000005
              ],
              [
                186019.67179999966,
                658140.3220000006
              ],
              [
                186009.5066999998,
                658146.8703000005
              ],
              [
                186006.17059999984,
                658149.1827000007
              ],
              [
                186005.45650000032,
                658149.7226
              ],
              [
                186000.23099999968,
                658153.7355000004
              ],
              [
                185997.64250000007,
                658155.7103000004
              ],
              [
                185992.04629999958,
                658157.6819000002
              ],
              [
                185980.26750000007,
                658159.2822999991
              ],
              [
                185948.31410000008,
                658163.0282000005
              ],
              [
                185946.52859999985,
                658163.2646999992
              ],
              [
                185915.03450000007,
                658167.9188999999
              ],
              [
                185900.39099999983,
                658169.7232000008
              ],
              [
                185893.6336000003,
                658169.4355999995
              ],
              [
                185880.0887000002,
                658168.0998
              ],
              [
                185879.35390000045,
                658168.0318999998
              ],
              [
                185860.56390000042,
                658166.4119000006
              ],
              [
                185855.26939999964,
                658166.1903000008
              ],
              [
                185849.97589999996,
                658166.4368999992
              ],
              [
                185844.7248999998,
                658167.1498000007
              ],
              [
                185818.54870000016,
                658172.0079999994
              ],
              [
                185813.0089999996,
                658173.3109000009
              ],
              [
                185807.6177000003,
                658175.1327
              ],
              [
                185802.4232999999,
                658177.4572000001
              ],
              [
                185797.47250000015,
                658180.2631999999
              ],
              [
                185778.27249999996,
                658192.3831999991
              ],
              [
                185773.88669999968,
                658195.4330000002
              ],
              [
                185769.78959999979,
                658198.8607000001
              ],
              [
                185766.01360000018,
                658202.6392000001
              ],
              [
                185762.58860000037,
                658206.7386000007
              ],
              [
                185756.19859999977,
                658215.1185999997
              ],
              [
                185752.82760000043,
                658220.0265999995
              ],
              [
                185749.95969999954,
                658225.2445
              ],
              [
                185747.62310000043,
                658230.7210000008
              ],
              [
                185745.8406999996,
                658236.4021000005
              ],
              [
                185743.63069999963,
                658244.9021000005
              ],
              [
                185742.3694000002,
                658251.0628999993
              ],
              [
                185741.75989999995,
                658257.3219000008
              ],
              [
                185741.80879999977,
                658263.6104000006
              ],
              [
                185742.51570000034,
                658269.8592000008
              ],
              [
                185743.87260000035,
                658275.9996000007
              ],
              [
                185745.8649000004,
                658281.9644000009
              ],
              [
                185748.47049999982,
                658287.6877999995
              ],
              [
                185752.47049999982,
                658295.3778000008
              ],
              [
                185753.38680000044,
                658297.0724
              ],
              [
                185757.98680000007,
                658305.2623999994
              ],
              [
                185761.24739999976,
                658310.4319000002
              ],
              [
                185765.017,
                658315.2429000009
              ],
              [
                185769.25659999996,
                658319.6453000009
              ],
              [
                185775.28749999963,
                658325.2681000009
              ],
              [
                185779.68319999985,
                658328.9880999997
              ],
              [
                185784.41530000046,
                658332.2694000006
              ],
              [
                185789.44010000024,
                658335.0821000002
              ],
              [
                185794.71140000038,
                658337.4001000002
              ],
              [
                185800.18070000038,
                658339.2020999994
              ],
              [
                185810.07070000004,
                658341.9420999996
              ],
              [
                185815.7916000001,
                658343.2294999994
              ],
              [
                185823.2319,
                658344.5105000008
              ],
              [
                185829.92140000034,
                658345.2785999998
              ],
              [
                185834.32359999977,
                658345.2785999998
              ],
              [
                185834.7171,
                658345.5339000002
              ],
              [
                185839.1520999996,
                658352.0184000004
              ],
              [
                185843.44039999973,
                658362.3533999994
              ],
              [
                185849.73280000035,
                658380.7386000007
              ],
              [
                185850.11849999987,
                658381.8312999997
              ],
              [
                185850.73869999964,
                658383.4611000009
              ],
              [
                185857.82230000012,
                658401.2928999998
              ],
              [
                185863.4057,
                658417.0501000006
              ],
              [
                185862.57079999987,
                658418.2195999995
              ],
              [
                185859.05829999968,
                658424.3096999992
              ],
              [
                185853.53450000007,
                658435.3573000003
              ],
              [
                185850.81850000005,
                658441.6688999999
              ],
              [
                185848.92700000014,
                658447.8987000007
              ],
              [
                185844.8722000001,
                658464.4359000009
              ],
              [
                185843.80840000045,
                658469.9781999998
              ],
              [
                185843.27029999997,
                658475.5960000008
              ],
              [
                185843.26269999985,
                658481.2394999992
              ],
              [
                185844.26269999985,
                658503.1195
              ],
              [
                185844.81109999958,
                658508.9208000004
              ],
              [
                185845.91970000044,
                658514.6415999997
              ],
              [
                185847.57789999992,
                658520.2278000005
              ],
              [
                185851.18369999994,
                658530.5143999998
              ],
              [
                185852.14379999973,
                658536.2155000009
              ],
              [
                185852.2128999997,
                658542.6697000004
              ],
              [
                185850.62820000015,
                658548.398
              ],
              [
                185822.71380000003,
                658557.9980999995
              ],
              [
                185809.68159999978,
                658560.4036999997
              ],
              [
                185806.44460000005,
                658560.2762000002
              ],
              [
                185797.65409999993,
                658557.2300000004
              ],
              [
                185789.95990000013,
                658553.6115000006
              ],
              [
                185783.42059999984,
                658547.0051000006
              ],
              [
                185763.37540000025,
                658523.4728999995
              ],
              [
                185758.87459999975,
                658518.7377000004
              ],
              [
                185758.0552000003,
                658517.9789000005
              ],
              [
                185741.26520000026,
                658502.7189000007
              ],
              [
                185736.40689999983,
                658498.7467999998
              ],
              [
                185731.1604000004,
                658495.3038999997
              ],
              [
                185725.5828999998,
                658492.4277999997
              ],
              [
                185715.76290000044,
                658487.9978
              ],
              [
                185709.8515999997,
                658485.6987999994
              ],
              [
                185703.73060000036,
                658484.0366999991
              ],
              [
                185697.46829999983,
                658483.0300999992
              ],
              [
                185691.13480000012,
                658482.6900999993
              ],
              [
                185684.80080000032,
                658483.0206000004
              ],
              [
                185673.51080000028,
                658484.2105999999
              ],
              [
                185667.1333999997,
                658485.2324000001
              ],
              [
                185660.90280000027,
                658486.9337000009
              ],
              [
                185654.89120000042,
                658489.2949999999
              ],
              [
                185649.16830000002,
                658492.2887999993
              ],
              [
                185643.80030000024,
                658495.8804000001
              ],
              [
                185635.5301000001,
                658502.1281000003
              ],
              [
                185630.52560000028,
                658506.3576999996
              ],
              [
                185628.87060000002,
                658507.9805999994
              ],
              [
                185603.97059999965,
                658533.3606000002
              ],
              [
                185600.8373999996,
                658536.8127999995
              ],
              [
                185600.06439999957,
                658537.7533
              ],
              [
                185576.06439999957,
                658567.5633000005
              ],
              [
                185573.94230000023,
                658570.3631999996
              ],
              [
                185546.1423000004,
                658609.3631999996
              ],
              [
                185543.35280000046,
                658613.6524
              ],
              [
                185540.93879999965,
                658618.1635999996
              ],
              [
                185529.23060000036,
                658642.4834000003
              ],
              [
                185511.69859999977,
                658670.7755999994
              ],
              [
                185509.08210000023,
                658675.4520999994
              ],
              [
                185508.7525000004,
                658676.1186999995
              ],
              [
                185499.35250000004,
                658695.4287
              ],
              [
                185496.97950000037,
                658701.0022
              ],
              [
                185495.18049999978,
                658706.7865999993
              ],
              [
                185493.9740000004,
                658712.7228999995
              ],
              [
                185493.37210000027,
                658718.7507000007
              ],
              [
                185492.57210000046,
                658735.0606999993
              ],
              [
                185492.58430000022,
                658741.1774000004
              ],
              [
                185493.21910000034,
                658747.2610999998
              ],
              [
                185494.47009999957,
                658753.2486000005
              ],
              [
                185498.38009999972,
                658768.1285999995
              ],
              [
                185500.02850000001,
                658773.4013
              ],
              [
                185501.08550000004,
                658776.1005000006
              ],
              [
                185510.7352,
                658799.0917000007
              ],
              [
                185505.57629999984,
                658800.9462000001
              ],
              [
                185479.22759999987,
                658808.1860000007
              ],
              [
                185469.59279999975,
                658809.4721000008
              ],
              [
                185461.40689999983,
                658807.9946999997
              ],
              [
                185423.6673999997,
                658796.2222000007
              ],
              [
                185417.68400000036,
                658794.6887999997
              ],
              [
                185411.5747999996,
                658793.7785999998
              ],
              [
                185387.68479999993,
                658791.4685999993
              ],
              [
                185381.56909999996,
                658791.1910999995
              ],
              [
                185375.4570000004,
                658791.5381000005
              ],
              [
                185361.71030000038,
                658793.0252
              ],
              [
                185361.29289999977,
                658788.3355
              ],
              [
                185360.38109999988,
                658783.7162999995
              ],
              [
                185358.9852,
                658779.2196999993
              ],
              [
                185355.4852,
                658768.5997000001
              ],
              [
                185354.96410000045,
                658767.0867999997
              ],
              [
                185350.8328999998,
                658755.5928000007
              ],
              [
                185348.02809999976,
                658749.0721000005
              ],
              [
                185346.2472000001,
                658745.7855999991
              ],
              [
                185344.12729999982,
                658742.1486000009
              ],
              [
                185339.5173000004,
                658734.2514999993
              ],
              [
                185336.9896999998,
                658730.2870000005
              ],
              [
                185334.15940000024,
                658726.5325000007
              ],
              [
                185331.0438000001,
                658723.0111999996
              ],
              [
                185322.5438000001,
                658714.1312000006
              ],
              [
                185321.84289999958,
                658713.4112
              ],
              [
                185311.14290000033,
                658702.6011999995
              ],
              [
                185306.91480000038,
                658698.7199000008
              ],
              [
                185302.33530000038,
                658695.2602999993
              ],
              [
                185297.4461000003,
                658692.2541000005
              ],
              [
                185292.29200000037,
                658689.7288000006
              ],
              [
                185286.92030000035,
                658687.7075999994
              ],
              [
                185277.6202999996,
                658684.7075999994
              ],
              [
                185276.40830000024,
                658684.3307000007
              ],
              [
                185272.96700000018,
                658683.4108000007
              ],
              [
                185263.67700000014,
                658681.2207999993
              ],
              [
                185260.3289999999,
                658680.5316000003
              ],
              [
                185254.60500000045,
                658679.8040999994
              ],
              [
                185244.28500000015,
                658678.9941000007
              ],
              [
                185237.46410000045,
                658678.8477999996
              ],
              [
                185230.67069999967,
                658679.4768000003
              ],
              [
                185221.49069999997,
                658680.8567999993
              ],
              [
                185215.97310000006,
                658681.9528999999
              ],
              [
                185210.5822999999,
                658683.5610000007
              ],
              [
                185205.36589999963,
                658685.6667999998
              ],
              [
                185200.36959999986,
                658688.2520000003
              ],
              [
                185190.5092000002,
                658693.9653999992
              ],
              [
                185186.22919999994,
                658696.6933999993
              ],
              [
                185182.19519999996,
                658699.7733999994
              ],
              [
                185178.43589999992,
                658703.1832999997
              ],
              [
                185165.84590000007,
                658715.6132999994
              ],
              [
                185162.0373999998,
                658719.7427999992
              ],
              [
                185159.00189999957,
                658723.6809999999
              ],
              [
                185150.3019000003,
                658735.9910000004
              ],
              [
                185149.17080000043,
                658737.6495999992
              ],
              [
                185147.11730000004,
                658741.0066
              ],
              [
                185145.58609999996,
                658743.7049000002
              ],
              [
                185143.66899999976,
                658745.4182999991
              ],
              [
                185132.15270000044,
                658754.1109999996
              ],
              [
                185131.37019999977,
                658754.7117999997
              ],
              [
                185114.57019999996,
                658767.8318000007
              ],
              [
                185110.3256000001,
                658771.4777000006
              ],
              [
                185109.90020000003,
                658771.8877000008
              ],
              [
                185106.58910000045,
                658765.4310999997
              ],
              [
                185103.32940000016,
                658759.8396000005
              ],
              [
                185100.4916000003,
                658755.8842999991
              ],
              [
                185087.26750000007,
                658738.9480000008
              ],
              [
                185077.80099999998,
                658725.7134000007
              ],
              [
                185074.91270000022,
                658721.9934
              ],
              [
                185063.27269999962,
                658708.1939000003
              ],
              [
                185059.52469999995,
                658704.1440999992
              ],
              [
                185055.42040000018,
                658700.4558000006
              ],
              [
                185050.9946999997,
                658697.1601
              ],
              [
                185033.58469999954,
                658685.4001000002
              ],
              [
                185028.60390000045,
                658682.3771000002
              ],
              [
                185023.3535000002,
                658679.8515000008
              ],
              [
                185017.88289999962,
                658677.8469999991
              ],
              [
                185012.2435999997,
                658676.3826000001
              ],
              [
                185006.48890000023,
                658675.4719999991
              ],
              [
                185000.67300000042,
                658675.1239
              ],
              [
                184989.97300000023,
                658675.0039000008
              ],
              [
                184983.66610000003,
                658675.2652000003
              ],
              [
                184977.4216,
                658676.1876999997
              ],
              [
                184971.3086000001,
                658677.7610999998
              ],
              [
                184965.3947999999,
                658679.9682
              ],
              [
                184956.54430000018,
                658683.8391999993
              ],
              [
                184950.59009999968,
                658686.8486000001
              ],
              [
                184945.67449999973,
                658690.0155999996
              ],
              [
                184934.49450000003,
                658698.0155999996
              ],
              [
                184930.26609999966,
                658701.3376000002
              ],
              [
                184926.35199999996,
                658705.0249000005
              ],
              [
                184922.78380000032,
                658709.0479000006
              ],
              [
                184910.1738,
                658724.6179000009
              ],
              [
                184906.56159999967,
                658729.5768999998
              ],
              [
                184896.8524000002,
                658744.5541999992
              ],
              [
                184893.58210000023,
                658750.2620999999
              ],
              [
                184893.02850000001,
                658751.3940999992
              ],
              [
                184880.82849999983,
                658777.0141000003
              ],
              [
                184878.61849999987,
                658782.2888999991
              ],
              [
                184877.50989999995,
                658785.6381999999
              ],
              [
                184873.76889999956,
                658798.3440000005
              ],
              [
                184872.76829999965,
                658801.7257000003
              ],
              [
                184871.42860000022,
                658806.8779000007
              ],
              [
                184870.5806,
                658812.1334000006
              ],
              [
                184870.23180000018,
                658817.4454999994
              ],
              [
                184870.38540000003,
                658822.7668999992
              ],
              [
                184870.5661000004,
                658825.8483000007
              ],
              [
                184871.14190000016,
                658835.3231000006
              ],
              [
                184870.40130000003,
                658844.4385000002
              ],
              [
                184868.01549999975,
                658858.7619000003
              ],
              [
                184867.3515999997,
                658864.3585000001
              ],
              [
                184867.21580000035,
                658869.9927999992
              ],
              [
                184867.60919999983,
                658875.6149000004
              ],
              [
                184871.09009999968,
                658905.1443000007
              ],
              [
                184871.09009999968,
                658905.8801000006
              ],
              [
                184871.09009999968,
                658915.1677999999
              ],
              [
                184870.09439999983,
                658918.977
              ],
              [
                184847.27300000004,
                658933.3199000005
              ],
              [
                184843.05790000036,
                658936.2270999998
              ],
              [
                184839.10599999968,
                658939.4831000008
              ],
              [
                184835.44620000012,
                658943.0640999991
              ],
              [
                184827.86400000006,
                658951.1446000002
              ],
              [
                184822.6509999996,
                658955.3197000008
              ],
              [
                184807.99619999994,
                658957.4846999999
              ],
              [
                184778.11950000003,
                658957.3805
              ],
              [
                184774.42140000034,
                658957.4815999996
              ],
              [
                184771.21109999996,
                658957.7552000005
              ],
              [
                184755.10109999962,
                658959.5651999991
              ],
              [
                184748.76389999967,
                658960.6234000009
              ],
              [
                184742.5762,
                658962.3531
              ],
              [
                184736.60890000034,
                658964.7346000001
              ],
              [
                184724.3088999996,
                658970.4245999996
              ],
              [
                184719.50009999983,
                658972.9186000004
              ],
              [
                184713.49210000038,
                658976.8866000008
              ],
              [
                184712.8923000004,
                658977.3390999995
              ],
              [
                184703.38090000022,
                658984.5376999993
              ],
              [
                184698.52689999994,
                658988.6328999996
              ],
              [
                184694.13300000038,
                658993.2182999998
              ],
              [
                184690.2483000001,
                658998.2423999999
              ],
              [
                184686.91640000045,
                659003.6490000002
              ],
              [
                184680.91640000045,
                659014.6490000002
              ],
              [
                184678.84379999992,
                659018.8270999994
              ],
              [
                184677.10209999979,
                659023.1536999997
              ],
              [
                184675.7017000001,
                659027.6023999993
              ],
              [
                184671.41170000006,
                659043.3423999995
              ],
              [
                184670.17459999956,
                659048.9133000001
              ],
              [
                184669.47240000032,
                659054.5765000004
              ],
              [
                184669.31130000018,
                659060.2808999997
              ],
              [
                184669.69290000014,
                659065.9747000001
              ],
              [
                184670.61369999964,
                659071.6065999996
              ],
              [
                184673.31369999982,
                659084.2965999991
              ],
              [
                184674.5418999996,
                659089.0800999999
              ],
              [
                184676.1657999996,
                659093.7441000007
              ],
              [
                184678.17420000024,
                659098.2558999993
              ],
              [
                184677.91370000038,
                659102.3400999997
              ],
              [
                184677.80489999987,
                659112.2377000004
              ],
              [
                184677.5083999997,
                659132.7996999994
              ],
              [
                184677.2111999998,
                659148.2241999991
              ],
              [
                184677.3947999999,
                659154.2094
              ],
              [
                184678.17389999982,
                659160.1464000009
              ],
              [
                184682.2193,
                659182.3194999993
              ],
              [
                184683.0647,
                659186.7526999991
              ],
              [
                184683.25289999973,
                659187.6326000001
              ],
              [
                184664.40710000042,
                659195.3330000006
              ],
              [
                184657.77940000035,
                659198.0377999991
              ],
              [
                184654.3839999996,
                659198.3049999997
              ],
              [
                184653.41559999995,
                659198.3890000004
              ],
              [
                184651.41559999995,
                659198.5789999999
              ],
              [
                184649.2229000004,
                659198.8280999996
              ],
              [
                184648.64719999954,
                659198.9043000005
              ],
              [
                184611.7910000002,
                659194.4666000009
              ],
              [
                184590.72429999989,
                659186.4993999992
              ],
              [
                184586.70830000006,
                659185.1406999994
              ],
              [
                184581.72690000013,
                659183.8791000005
              ],
              [
                184568.22690000013,
                659181.0691
              ],
              [
                184561.91920000035,
                659180.1028000005
              ],
              [
                184555.54459999967,
                659179.8117999993
              ],
              [
                184549.17509999964,
                659180.1995000001
              ],
              [
                184520.26510000043,
                659183.5095000006
              ],
              [
                184514.67349999957,
                659184.4188999999
              ],
              [
                184509.19259999972,
                659185.8516000006
              ],
              [
                184503.87119999994,
                659187.7948000003
              ],
              [
                184498.7569000004,
                659190.2313000001
              ],
              [
                184493.8951000003,
                659193.1392000001
              ],
              [
                184479.6004999997,
                659202.6329999994
              ],
              [
                184476.80829999968,
                659204.4403000008
              ],
              [
                184472.38719999976,
                659207.5945999995
              ],
              [
                184468.2695000004,
                659211.1358000003
              ],
              [
                184464.4888000004,
                659215.0348000005
              ],
              [
                184450.14049999975,
                659231.2393999994
              ],
              [
                184429.73120000027,
                659250.7573000006
              ],
              [
                184428.7736999998,
                659251.6937000006
              ],
              [
                184427.98460000008,
                659252.4827999994
              ],
              [
                184402.64940000046,
                659272.9495999999
              ],
              [
                184380.46499999985,
                659288.1304000001
              ],
              [
                184373.52139999997,
                659291.5830000006
              ],
              [
                184366.89769999962,
                659294.8320000004
              ],
              [
                184330.26680000033,
                659279.0280000009
              ],
              [
                184324.58939999994,
                659276.9119000006
              ],
              [
                184318.72750000004,
                659275.3792000003
              ],
              [
                184312.74089999963,
                659274.4454999994
              ],
              [
                184286.54090000037,
                659271.7054999992
              ],
              [
                184283.7888000002,
                659271.4815999996
              ],
              [
                184277.74569999985,
                659271.4344999995
              ],
              [
                184251.28529999964,
                659272.5620000008
              ],
              [
                184221.9643000001,
                659271.2292
              ],
              [
                184188.00179999974,
                659268.5024999995
              ],
              [
                184182.12349999975,
                659268.3198000006
              ],
              [
                184176.25549999997,
                659268.7133000009
              ],
              [
                184170.45430000033,
                659269.6795000006
              ],
              [
                184147.45430000033,
                659274.6795000006
              ],
              [
                184142.11699999962,
                659276.0998999998
              ],
              [
                184136.93290000036,
                659278.0051000006
              ],
              [
                184131.94600000046,
                659280.3790000007
              ],
              [
                184115.57849999983,
                659289.1158000007
              ],
              [
                184080.28270000033,
                659282.0565000009
              ],
              [
                184095.23089999985,
                659303.2620999999
              ],
              [
                184094.8607999999,
                659303.6114000008
              ],
              [
                184084.90909999982,
                659314.0562999994
              ],
              [
                184078.93740000017,
                659320.3611999992
              ],
              [
                184075.49710000027,
                659324.3277000003
              ],
              [
                184072.41679999977,
                659328.5798000004
              ],
              [
                184069.71999999974,
                659333.0848999992
              ],
              [
                184067.42729999963,
                659337.8084999993
              ],
              [
                184062.78479999956,
                659348.5460000001
              ],
              [
                184056.24990000017,
                659357.9456999991
              ],
              [
                184055.2023,
                659358.0611000005
              ],
              [
                184054.16980000027,
                659357.9833000004
              ],
              [
                184048.71169999987,
                659349.2109999992
              ],
              [
                184047.22890000045,
                659346.4293000009
              ],
              [
                184036.77880000044,
                659326.5493000001
              ],
              [
                184031.39400000032,
                659312.1604999993
              ],
              [
                184028.8180999998,
                659306.2620999999
              ],
              [
                184025.4902999997,
                659300.4656000007
              ],
              [
                184016.29980000015,
                659286.3425999992
              ],
              [
                184013.41199999955,
                659282.3033000007
              ],
              [
                184010.2000000002,
                659278.5167999994
              ],
              [
                184006.68589999992,
                659275.0088
              ],
              [
                183995.59590000007,
                659264.8188000005
              ],
              [
                183990.82959999982,
                659260.8727000002
              ],
              [
                183986.83270000014,
                659258.1405999996
              ],
              [
                183974.2427000003,
                659250.2606000006
              ],
              [
                183969.44010000024,
                659247.5535000004
              ],
              [
                183964.4093000004,
                659245.2985999994
              ],
              [
                183959.19269999955,
                659243.5150000006
              ],
              [
                183953.83449999988,
                659242.2178000007
              ],
              [
                183941.92449999973,
                659239.9078000002
              ],
              [
                183937.0652999999,
                659239.1703999992
              ],
              [
                183932.1621000003,
                659238.8331000004
              ],
              [
                183927.24770000018,
                659238.8982999995
              ],
              [
                183923.7265999997,
                659239.0895000007
              ],
              [
                183916.69849999994,
                659239.4760999996
              ],
              [
                183909.67119999975,
                659240.2916000001
              ],
              [
                183902.99540000036,
                659241.8669000007
              ],
              [
                183882.34860000014,
                659248.0037999991
              ],
              [
                183875.73529999983,
                659250.4070999995
              ],
              [
                183869.46999999974,
                659253.5559999999
              ],
              [
                183847.6398,
                659266.1933999993
              ],
              [
                183845.48759999964,
                659267.5003999993
              ],
              [
                183812.37760000024,
                659288.5703999996
              ],
              [
                183806.81060000043,
                659292.5778000001
              ],
              [
                183803.3490000004,
                659295.7278000005
              ],
              [
                183871.01360000018,
                659397.7511
              ],
              [
                183881.86180000007,
                659386.8791000005
              ],
              [
                183882.6180999996,
                659386.1089999992
              ],
              [
                183908.85020000022,
                659369.4158999994
              ],
              [
                183921.87200000044,
                659361.8775999993
              ],
              [
                183925.71619999968,
                659372.1497000009
              ],
              [
                183928.2921000002,
                659378.0481000002
              ],
              [
                183928.80069999956,
                659379.0376999993
              ],
              [
                183941.17169999983,
                659402.5706999991
              ],
              [
                183943.75270000007,
                659407.4136999995
              ],
              [
                183945.73849999998,
                659410.8588999994
              ],
              [
                183955.94849999994,
                659427.2888999991
              ],
              [
                183958.56900000013,
                659431.1607000008
              ],
              [
                183961.483,
                659434.8168000001
              ],
              [
                183964.67279999983,
                659438.2347999997
              ],
              [
                183975.96279999986,
                659449.4247999992
              ],
              [
                183979.78139999975,
                659452.8969999999
              ],
              [
                183983.88430000003,
                659456.0283000004
              ],
              [
                183988.24110000022,
                659458.7952999994
              ],
              [
                183998.38219999988,
                659464.6289000008
              ],
              [
                184004.53529999964,
                659467.7130999994
              ],
              [
                184007.22279999964,
                659468.7961999997
              ],
              [
                184019.72279999964,
                659473.4861999992
              ],
              [
                184025.42669999972,
                659475.3071999997
              ],
              [
                184031.28369999956,
                659476.5505999997
              ],
              [
                184037.23550000042,
                659477.2040999997
              ],
              [
                184050.88350000046,
                659478.0164000001
              ],
              [
                184056.39360000007,
                659478.0873000007
              ],
              [
                184069.39360000007,
                659477.6572999991
              ],
              [
                184074.0745000001,
                659477.3188000005
              ],
              [
                184078.7145999996,
                659476.6154999994
              ],
              [
                184089.50459999964,
                659474.5454999991
              ],
              [
                184095.13989999983,
                659473.1791999992
              ],
              [
                184100.6168999998,
                659471.2752
              ],
              [
                184105.8844999997,
                659468.8513999991
              ],
              [
                184116.09449999966,
                659463.5414000005
              ],
              [
                184121.0859000003,
                659460.6319999993
              ],
              [
                184125.7742999997,
                659457.2559999991
              ],
              [
                184130.11620000005,
                659453.4447000008
              ],
              [
                184144.0061999997,
                659440.0146999992
              ],
              [
                184148.26279999968,
                659435.4474
              ],
              [
                184151.63439999986,
                659431.0286999997
              ],
              [
                184164.83440000005,
                659411.9586999994
              ],
              [
                184167.95889999997,
                659406.9319000002
              ],
              [
                184170.57290000003,
                659401.6217
              ],
              [
                184173.35369999986,
                659395.1899999995
              ],
              [
                184175.07600000035,
                659393.3824000005
              ],
              [
                184181.09619999956,
                659390.1688999999
              ],
              [
                184187.25930000003,
                659388.8290999997
              ],
              [
                184213.3984000003,
                659390.9276999999
              ],
              [
                184214.71140000038,
                659391.0186000001
              ],
              [
                184215.47559999954,
                659391.0581999999
              ],
              [
                184248.47559999954,
                659392.5581999999
              ],
              [
                184253.7544999998,
                659392.5657000002
              ],
              [
                184278.44689999986,
                659391.5134999994
              ],
              [
                184291.1453999998,
                659392.8414999992
              ],
              [
                184328.53340000007,
                659408.9722000007
              ],
              [
                184333.39740000013,
                659410.8246999998
              ],
              [
                184338.40359999985,
                659412.2487000003
              ],
              [
                184343.51449999958,
                659413.2334000003
              ],
              [
                184361.21449999977,
                659415.8533999994
              ],
              [
                184366.9866000004,
                659416.4243999999
              ],
              [
                184372.78699999955,
                659416.4353
              ],
              [
                184378.56130000018,
                659415.8861999996
              ],
              [
                184384.25549999997,
                659414.7819999997
              ],
              [
                184399.05549999978,
                659411.1620000005
              ],
              [
                184405.25889999978,
                659409.2842999995
              ],
              [
                184411.2235000003,
                659406.7485000007
              ],
              [
                184426.65859999973,
                659399.1767999995
              ],
              [
                184437.62370000035,
                659393.7251999993
              ],
              [
                184440.91009999998,
                659391.9616
              ],
              [
                184444.7944,
                659389.5163000003
              ],
              [
                184472.38439999986,
                659370.6362999994
              ],
              [
                184474.32959999982,
                659369.2475000005
              ],
              [
                184476.20440000016,
                659367.7932999991
              ],
              [
                184505.2944,
                659344.2932999991
              ],
              [
                184508.81539999973,
                659341.2145000007
              ],
              [
                184510.97620000038,
                659339.1664000005
              ],
              [
                184512.12650000025,
                659338.0464999992
              ],
              [
                184513.15299999993,
                659337.0199999996
              ],
              [
                184534.87899999972,
                659316.2429000009
              ],
              [
                184538.33139999956,
                659312.6554000005
              ],
              [
                184548.60890000034,
                659301.0482999999
              ],
              [
                184553.03689999972,
                659300.5414000005
              ],
              [
                184572.5758999996,
                659307.9308000002
              ],
              [
                184573.27159999963,
                659308.1889999993
              ],
              [
                184577.06159999967,
                659309.5690000001
              ],
              [
                184583.64800000004,
                659311.5478000008
              ],
              [
                184590.41760000028,
                659312.7599
              ],
              [
                184641.82760000043,
                659318.9498999994
              ],
              [
                184646.8373999996,
                659319.3410999998
              ],
              [
                184651.86239999998,
                659319.3117999993
              ],
              [
                184656.86730000004,
                659318.8620999996
              ],
              [
                184664.0719999997,
                659317.9169999994
              ],
              [
                184676.5061999997,
                659316.9352000002
              ],
              [
                184682.6305999998,
                659316.1345000006
              ],
              [
                184688.64020000026,
                659314.7083999999
              ],
              [
                184694.47140000015,
                659312.6720000003
              ],
              [
                184709.77309999987,
                659306.4272000007
              ],
              [
                184734.63499999978,
                659296.2686000001
              ],
              [
                184743.17430000007,
                659292.8723000009
              ],
              [
                184744.76489999983,
                659292.2130999994
              ],
              [
                184748.9534,
                659290.2106999997
              ],
              [
                184766.86340000015,
                659280.7807
              ],
              [
                184772.34020000044,
                659277.5141000003
              ],
              [
                184777.43929999974,
                659273.6846999992
              ],
              [
                184786.61930000037,
                659265.9946999997
              ],
              [
                184790.87619999982,
                659262.0636999998
              ],
              [
                184794.7341,
                659257.7404999994
              ],
              [
                184798.15699999966,
                659253.0653000008
              ],
              [
                184799.93890000042,
                659250.0611000005
              ],
              [
                184800,
                659250
              ],
              [
                184800.03189999983,
                659249.9043000005
              ],
              [
                184801.11290000007,
                659248.0817000009
              ],
              [
                184803.57440000027,
                659242.8363000005
              ],
              [
                184807.48440000042,
                659233.3363000005
              ],
              [
                184809.70629999973,
                659226.9315000009
              ],
              [
                184811.19159999955,
                659220.3169
              ],
              [
                184811.92119999975,
                659213.5770999994
              ],
              [
                184811.88580000028,
                659206.7979000006
              ],
              [
                184811.0859000003,
                659200.0659999996
              ],
              [
                184807.67590000015,
                659180.7559999991
              ],
              [
                184806.1492999997,
                659174.2507000007
              ],
              [
                184803.90880000032,
                659167.9556000009
              ],
              [
                184799.7890999997,
                659158.1470999997
              ],
              [
                184797.30480000004,
                659144.5266999993
              ],
              [
                184797.4913999997,
                659134.8204999994
              ],
              [
                184797.7951999996,
                659113.7624999993
              ],
              [
                184797.86799999978,
                659107.1545000002
              ],
              [
                184799.10419999994,
                659097.5008000005
              ],
              [
                184799.58440000005,
                659090.7990000006
              ],
              [
                184799.29250000045,
                659084.0863000005
              ],
              [
                184798.2324000001,
                659077.4514000006
              ],
              [
                184812.0906999996,
                659077.4997000005
              ],
              [
                184815.7888000002,
                659077.3986000009
              ],
              [
                184821.06879999954,
                659076.8559000008
              ],
              [
                184846.59580000024,
                659073.0846999995
              ],
              [
                184850.44240000006,
                659072.5513000004
              ],
              [
                184855.77850000001,
                659071.5635000002
              ],
              [
                184861.00349999964,
                659070.0976
              ],
              [
                184866.07459999993,
                659068.1656
              ],
              [
                184870.95050000027,
                659065.7832999993
              ],
              [
                184884.34049999993,
                659058.4733000007
              ],
              [
                184888.84729999956,
                659055.7496000007
              ],
              [
                184893.0979000004,
                659052.6413000003
              ],
              [
                184906.2078999998,
                659042.1413000003
              ],
              [
                184909.87459999975,
                659038.9525000006
              ],
              [
                184912.4539999999,
                659036.3661000002
              ],
              [
                184917.66789999977,
                659030.8094999995
              ],
              [
                184944.1272,
                659014.1802999992
              ],
              [
                184949.7522,
                659010.1757999994
              ],
              [
                184954.87980000023,
                659005.5516999997
              ],
              [
                184959.44230000023,
                659000.3690000009
              ],
              [
                184966.1523000002,
                658991.7990000006
              ],
              [
                184969.03940000013,
                658987.7806000002
              ],
              [
                184970.3515999997,
                658985.6931999996
              ],
              [
                184977.14159999974,
                658974.3831999991
              ],
              [
                184979.83920000028,
                658969.3642999995
              ],
              [
                184982.04849999957,
                658964.1120999996
              ],
              [
                184983.74969999958,
                658958.6741000004
              ],
              [
                184989.13970000017,
                658938.0540999994
              ],
              [
                184990.22059999965,
                658933.0577000007
              ],
              [
                184990.87229999993,
                658927.9874000009
              ],
              [
                184991.09009999968,
                658922.8801000006
              ],
              [
                184991.09009999968,
                658905.8801000006
              ],
              [
                184991.09009999968,
                658901.6201000009
              ],
              [
                184990.68099999987,
                658894.6252999995
              ],
              [
                184987.78589999955,
                658870.0658
              ],
              [
                184989.1847000001,
                658861.6682999991
              ],
              [
                184989.59439999983,
                658858.7756999992
              ],
              [
                184989.8030000003,
                658856.6690999996
              ],
              [
                184991.10300000012,
                658840.6690999996
              ],
              [
                184991.30009999964,
                658835.8101000004
              ],
              [
                184991.17389999982,
                658831.9199000001
              ],
              [
                184990.77199999988,
                658825.7347999997
              ],
              [
                184991.1640999997,
                658824.4221999999
              ],
              [
                184995.1780000003,
                658815.9930000007
              ],
              [
                185002.40720000025,
                658825.2515999991
              ],
              [
                185012.41110000014,
                658844.7590999994
              ],
              [
                185015.67080000043,
                658850.3506000005
              ],
              [
                185018.12899999972,
                658853.8145000003
              ],
              [
                185028.8289999999,
                658867.8145000003
              ],
              [
                185032.93670000043,
                658872.6381999999
              ],
              [
                185037.53029999975,
                658877.0019000005
              ],
              [
                185042.55829999968,
                658880.8568999991
              ],
              [
                185056.85830000043,
                658890.6668999996
              ],
              [
                185062.6649000002,
                658894.1844999995
              ],
              [
                185068.83160000015,
                658897.0237000007
              ],
              [
                185075.2796,
                658899.148
              ],
              [
                185081.9263000004,
                658900.5303000007
              ],
              [
                185088.68670000043,
                658901.1528999992
              ],
              [
                185100.88669999968,
                658901.5829000007
              ],
              [
                185106.4888000004,
                658901.5186000001
              ],
              [
                185112.59700000007,
                658900.8476
              ],
              [
                185129.50700000022,
                658898.1075999998
              ],
              [
                185135.86170000024,
                658896.7207999993
              ],
              [
                185142.0290000001,
                658894.6542000007
              ],
              [
                185147.9364,
                658891.9321999997
              ],
              [
                185164.02639999986,
                658883.4321999997
              ],
              [
                185169.0423999997,
                658880.4620999992
              ],
              [
                185173.7463999996,
                658877.0193000007
              ],
              [
                185178.09420000017,
                658873.1361999996
              ],
              [
                185191.14209999982,
                658860.2904000003
              ],
              [
                185204.84119999968,
                658849.5920000002
              ],
              [
                185217.94749999978,
                658839.6992000006
              ],
              [
                185221.78419999965,
                658836.5456000008
              ],
              [
                185232.89419999998,
                658826.6155999992
              ],
              [
                185236.96590000018,
                658822.5815999992
              ],
              [
                185240.5898000002,
                658818.1410000008
              ],
              [
                185240.50009999983,
                658820.8801000006
              ],
              [
                185240.71690000035,
                658825.9759999998
              ],
              [
                185241.12689999957,
                658830.7860000003
              ],
              [
                185242.00960000046,
                658837.1238000002
              ],
              [
                185243.56219999958,
                658843.3315999992
              ],
              [
                185245.76719999965,
                658849.3387000002
              ],
              [
                185248.59929999989,
                658855.0767999999
              ],
              [
                185252.02639999986,
                658860.4806999993
              ],
              [
                185256.00960000046,
                658865.4889000002
              ],
              [
                185271.68960000016,
                658883.1788999997
              ],
              [
                185276.27359999996,
                658887.8162999991
              ],
              [
                185281.33389999997,
                658891.9287999999
              ],
              [
                185286.8108000001,
                658895.4678000007
              ],
              [
                185303.14140000008,
                658904.7138999999
              ],
              [
                185307.9375,
                658907.1519000009
              ],
              [
                185312.93269999977,
                658909.1502999999
              ],
              [
                185318.0867999997,
                658910.6932999995
              ],
              [
                185323.3585000001,
                658911.7684000004
              ],
              [
                185338.45849999972,
                658914.1483999994
              ],
              [
                185343.70529999956,
                658914.7401999999
              ],
              [
                185348.98379999958,
                658914.8684
              ],
              [
                185354.25320000015,
                658914.5320999995
              ],
              [
                185380.80790000036,
                658911.6593999993
              ],
              [
                185410,
                658920
              ],
              [
                185415.1414999999,
                658919.2654999997
              ],
              [
                185429.22279999964,
                658923.6579999998
              ],
              [
                185429.8819000004,
                658923.8595000003
              ],
              [
                185436.43329999968,
                658925.4261000007
              ],
              [
                185457.66220000014,
                658929.2573000006
              ],
              [
                185463.79609999992,
                658930.0282000005
              ],
              [
                185469.97670000046,
                658930.1637999993
              ],
              [
                185476.1383999996,
                658929.6625999995
              ],
              [
                185499.1383999996,
                658926.5925999992
              ],
              [
                185501.61899999995,
                658926.2085999995
              ],
              [
                185507.0970999999,
                658924.9758000001
              ],
              [
                185539.5970999999,
                658916.0458000004
              ],
              [
                185540.90830000024,
                658915.6695000008
              ],
              [
                185543.99710000027,
                658914.6526999995
              ],
              [
                185574.5970999999,
                658903.6526999995
              ],
              [
                185578.06489999965,
                658902.2830999997
              ],
              [
                185580.21899999958,
                658901.3029999994
              ],
              [
                185599.0089999996,
                658892.3029999994
              ],
              [
                185603.55939999968,
                658889.8778000008
              ],
              [
                185607.88480000012,
                658887.0708000008
              ],
              [
                185611.95320000034,
                658883.9028999992
              ],
              [
                185621.36319999956,
                658875.9028999992
              ],
              [
                185626.05489999987,
                658871.4572999999
              ],
              [
                185630.24110000022,
                658866.5329
              ],
              [
                185633.8733000001,
                658861.1867999993
              ],
              [
                185636.90940000024,
                658855.4810000006
              ],
              [
                185639.31410000008,
                658849.4816999994
              ],
              [
                185642.22410000023,
                658840.9116999991
              ],
              [
                185643.8158999998,
                658835.3593000006
              ],
              [
                185644.86629999988,
                658829.6795000006
              ],
              [
                185645.3657999998,
                658823.9251000006
              ],
              [
                185645.30960000027,
                658818.1492999997
              ],
              [
                185644.69830000028,
                658812.4057
              ],
              [
                185643.5376000004,
                658806.7475000005
              ],
              [
                185639.82760000043,
                658792.2475000005
              ],
              [
                185638.29399999976,
                658787.1920999996
              ],
              [
                185636.3217000002,
                658782.2912000008
              ],
              [
                185633.92599999998,
                658777.5826999992
              ],
              [
                185625.87090000045,
                658763.3401999995
              ],
              [
                185613.77990000043,
                658734.5326000005
              ],
              [
                185615.31070000026,
                658731.3880000003
              ],
              [
                185632.91160000023,
                658702.9846000001
              ],
              [
                185635.52809999976,
                658698.3081
              ],
              [
                185635.97140000015,
                658697.4066000003
              ],
              [
                185646.8359000003,
                658674.8392999992
              ],
              [
                185670.63790000044,
                658641.4480000008
              ],
              [
                185687.93439999968,
                658619.9642999992
              ],
              [
                185693.52479999978,
                658626.5273000002
              ],
              [
                185696.5577999996,
                658629.8295000009
              ],
              [
                185712.15780000016,
                658645.5895000007
              ],
              [
                185716.0197999999,
                658649.1631000005
              ],
              [
                185720.1799999997,
                658652.3847000003
              ],
              [
                185724.60649999976,
                658655.2293999996
              ],
              [
                185729.26520000026,
                658657.6753000002
              ],
              [
                185749.46520000044,
                658667.1753000002
              ],
              [
                185751.23529999983,
                658667.9730999991
              ],
              [
                185755.35419999994,
                658669.5725999996
              ],
              [
                185775.55420000013,
                658676.5725999996
              ],
              [
                185781.20019999985,
                658678.2238999996
              ],
              [
                185786.9807000002,
                658679.3144000005
              ],
              [
                185792.84020000044,
                658679.8336999994
              ],
              [
                185811.64020000026,
                658680.5736999996
              ],
              [
                185817.4888000004,
                658680.5186000001
              ],
              [
                185824.6551000001,
                658679.6659999993
              ],
              [
                185848.89109999966,
                658675.1933999993
              ],
              [
                185855.20830000006,
                658673.6695000008
              ],
              [
                185857.51300000027,
                658672.9285000004
              ],
              [
                185889.21729999967,
                658662.0251000002
              ],
              [
                185907.6640999997,
                658656.6713999994
              ],
              [
                185914.12679999974,
                658654.3574000001
              ],
              [
                185920.2829,
                658651.3202999998
              ],
              [
                185926.05169999972,
                658647.5997000001
              ],
              [
                185931.3576999996,
                658643.2445999999
              ],
              [
                185936.13150000013,
                658638.3117999993
              ],
              [
                185943.73149999976,
                658629.5018000007
              ],
              [
                185947.3716000002,
                658624.8353000004
              ],
              [
                185950.53419999965,
                658619.8330000006
              ],
              [
                185953.1886,
                658614.5434000008
              ],
              [
                185961.1886,
                658596.4233999997
              ],
              [
                185962.6816999996,
                658592.7113000005
              ],
              [
                185964.12829999998,
                658588.1867999993
              ],
              [
                185970.12829999998,
                658566.4967999998
              ],
              [
                185971.36950000003,
                658561.0263
              ],
              [
                185972.09439999983,
                658555.4638
              ],
              [
                185972.29669999983,
                658549.8578999992
              ],
              [
                185972.08669999987,
                658530.2379000001
              ],
              [
                185971.68439999968,
                658523.9145
              ],
              [
                185971.25700000022,
                658520.9164000005
              ],
              [
                185968.66700000037,
                658505.5363999996
              ],
              [
                185967.8827999998,
                658501.6631000005
              ],
              [
                185966.12229999993,
                658495.6524
              ],
              [
                185963.73550000042,
                658488.8432999998
              ],
              [
                185963.53220000025,
                658484.3959999997
              ],
              [
                185963.84020000044,
                658483.1400000006
              ],
              [
                185968.96439999994,
                658476.5135999992
              ],
              [
                185971.70409999974,
                658472.6667
              ],
              [
                185974.13289999962,
                658468.6162
              ],
              [
                185976.23550000042,
                658464.3872999996
              ],
              [
                185981.03550000023,
                658453.6973000001
              ],
              [
                185983.3194000004,
                658447.7961999997
              ],
              [
                185984.96920000017,
                658441.6874000002
              ],
              [
                185985.96640000027,
                658435.4388999995
              ],
              [
                185986.30009999964,
                658429.1201000009
              ],
              [
                185986.29870000016,
                658424.8344
              ],
              [
                185986.19739999995,
                658414.0486999992
              ],
              [
                185985.76960000023,
                658407.4455999993
              ],
              [
                185984.61739999987,
                658400.9298
              ],
              [
                185982.75459999964,
                658394.5804999992
              ],
              [
                185970.46810000017,
                658359.9097000007
              ],
              [
                185969.76150000002,
                658358.0391000006
              ],
              [
                185962.79739999957,
                658340.5081999991
              ],
              [
                185956.3574000001,
                658321.6916000005
              ],
              [
                185955.97169999965,
                658320.5988999996
              ],
              [
                185955.00870000012,
                658318.125
              ],
              [
                185947.61870000046,
                658300.3149999995
              ],
              [
                185944.96850000042,
                658294.7531000003
              ],
              [
                185941.76180000044,
                658289.4923999999
              ],
              [
                185939.14609999955,
                658285.659
              ],
              [
                185963.18070000038,
                658282.1071000006
              ],
              [
                185994.78610000014,
                658278.4020000007
              ],
              [
                185995.87810000032,
                658278.2638000008
              ],
              [
                186014.27809999976,
                658275.7638000008
              ],
              [
                186020.28050000034,
                658274.6346000005
              ],
              [
                186026.13709999993,
                658272.9009000007
              ],
              [
                186046.3470999999,
                658265.7808999997
              ],
              [
                186051.97809999995,
                658263.4696999993
              ],
              [
                186057.34590000007,
                658260.5998
              ],
              [
                186062.39529999997,
                658257.2007999998
              ],
              [
                186067.5678000003,
                658253.2979000006
              ],
              [
                186073.16920000035,
                658249.0245999992
              ],
              [
                186076.57749999966,
                658246.4074000008
              ],
              [
                186084.50850000046,
                658241.2982999999
              ],
              [
                186093.47090000007,
                658235.5623000003
              ],
              [
                186096.60360000003,
                658234.1161000002
              ],
              [
                186102.2586000003,
                658231.5167999994
              ],
              [
                186108.25999999978,
                658228.3351000007
              ],
              [
                186113.86319999956,
                658224.4955000002
              ],
              [
                186129.25320000015,
                658212.6154999994
              ],
              [
                186130.73929999955,
                658211.4304000009
              ],
              [
                186147.6492999997,
                658197.5003999993
              ],
              [
                186150.67459999956,
                658194.8324999996
              ],
              [
                186152.46380000003,
                658193.0724
              ],
              [
                186171.05379999988,
                658174.0023999996
              ],
              [
                186174.0527999997,
                658170.6874000002
              ],
              [
                186176.65840000007,
                658167.3496000003
              ],
              [
                186178.40330000035,
                658164.9440000001
              ],
              [
                186180.20189999975,
                658165.5995000005
              ],
              [
                186182.48950000014,
                658166.2353000008
              ],
              [
                186208.0795,
                658172.8052999992
              ],
              [
                186213.19259999972,
                658173.8830999993
              ],
              [
                186218.38009999972,
                658174.5120000001
              ],
              [
                186223.6026999997,
                658174.6871000007
              ],
              [
                186228.8206000002,
                658174.4070999995
              ],
              [
                186251.67540000007,
                658172.1795000006
              ],
              [
                186265.32820000034,
                658171.2379000001
              ],
              [
                186272.02520000003,
                658170.3955000006
              ],
              [
                186278.5850999998,
                658168.8061999995
              ],
              [
                186284.9249999998,
                658166.4901999999
              ],
              [
                186290.96470000036,
                658163.4768000003
              ],
              [
                186300.05310000014,
                658158.2842999995
              ],
              [
                186312.21210000012,
                658159.3785999995
              ],
              [
                186318.64599999972,
                658159.6107999999
              ],
              [
                186325.0678000003,
                658159.1523000002
              ],
              [
                186331.40359999985,
                658158.0084000006
              ],
              [
                186337.58019999973,
                658156.1920999996
              ],
              [
                186348.90020000003,
                658152.1920999996
              ],
              [
                186355.09719999973,
                658149.6038000006
              ],
              [
                186360.96600000001,
                658146.3390999995
              ],
              [
                186366.43329999968,
                658142.4389999993
              ],
              [
                186378.82330000028,
                658132.5089999996
              ],
              [
                186380.1327999998,
                658131.4287
              ],
              [
                186401.92279999983,
                658112.9287
              ],
              [
                186405.86349999998,
                658109.2665999997
              ],
              [
                186409.46040000021,
                658105.2663000003
              ],
              [
                186412.68450000044,
                658100.9598999992
              ],
              [
                186421.4012000002,
                658088.1583999991
              ],
              [
                186422.9495000001,
                658088.0539999995
              ],
              [
                186429.0789999999,
                658087.3221000005
              ],
              [
                186459.64890000038,
                658082.0649999995
              ],
              [
                186494.1813000003,
                658081.2206999995
              ],
              [
                186525.60610000044,
                658082.5328000002
              ],
              [
                186559.4682,
                658090.1442000009
              ],
              [
                186590.11280000024,
                658103.6215000004
              ],
              [
                186613.22860000003,
                658117.2247000001
              ],
              [
                186618.19460000005,
                658120.1459999997
              ],
              [
                186620.6484000003,
                658121.5011999998
              ],
              [
                186643.84410000034,
                658133.6074999999
              ],
              [
                186662.3923000004,
                658145.9295000006
              ],
              [
                186700.71079999954,
                658182.5162000004
              ],
              [
                186735.08889999986,
                658220.0196000002
              ],
              [
                186745.48649999965,
                658235.0424000006
              ],
              [
                186763.2083999999,
                658266.5408999994
              ],
              [
                186765.37079999968,
                658270.0906000007
              ],
              [
                186767.68890000042,
                658273.3704000004
              ],
              [
                186771.33279999997,
                658278.1764000002
              ],
              [
                186774.6668999996,
                658282.6022999994
              ],
              [
                186776.62480000034,
                658285.0642000008
              ],
              [
                186785.5697999997,
                658295.7259
              ],
              [
                186800.1372999996,
                658312.9959999993
              ],
              [
                186801.03830000013,
                658314.0395999998
              ],
              [
                186834.44830000028,
                658351.8496000003
              ],
              [
                186838.23560000025,
                658355.7624999993
              ],
              [
                186838.81759999972,
                658356.3044000007
              ],
              [
                186850.4583999999,
                658366.9989
              ],
              [
                186850.8887,
                658367.3940999992
              ],
              [
                186861.2072999999,
                658376.8740999997
              ],
              [
                186865.9358000001,
                658380.7916000001
              ],
              [
                186871.14020000026,
                658384.6715999991
              ],
              [
                186894.08430000022,
                658401.5958999991
              ],
              [
                186898.98450000025,
                658404.8518000003
              ],
              [
                186930.98450000025,
                658423.9218000006
              ],
              [
                186931.70010000002,
                658424.3416000009
              ],
              [
                186935.0186999999,
                658426.1212000009
              ],
              [
                186969.11870000046,
                658443.0512000006
              ],
              [
                186972.03529999964,
                658444.4031000007
              ],
              [
                186973.7427000003,
                658445.1085999999
              ],
              [
                187009.94269999955,
                658459.4186000004
              ],
              [
                187014.7918999996,
                658461.0995000005
              ],
              [
                187019.41930000018,
                658462.2862999998
              ],
              [
                187054.7193,
                658469.8563000001
              ],
              [
                187056.8811999997,
                658470.2785999998
              ],
              [
                187061.52990000043,
                658470.9120000005
              ],
              [
                187102.92989999987,
                658474.9120000005
              ],
              [
                187105.21140000038,
                658475.0886000004
              ],
              [
                187109.03419999965,
                658475.1892000008
              ],
              [
                187195.70419999957,
                658474.7065999992
              ],
              [
                187228.46100000013,
                658477.9493000004
              ],
              [
                187247.1654000003,
                658482.2643999998
              ],
              [
                187249.02020000014,
                658482.6922999993
              ],
              [
                187258.01520000026,
                658484.7675999999
              ],
              [
                187328.95990000013,
                658506.8574000001
              ],
              [
                187346.19660000037,
                658515.8967000004
              ],
              [
                187350.47360000014,
                658517.9287
              ],
              [
                187354.8975999998,
                658519.6171000004
              ],
              [
                187359.4408999998,
                658520.9514000006
              ],
              [
                187382.72200000007,
                658526.7600999996
              ],
              [
                187384.02390000038,
                658527.1057999991
              ],
              [
                187385.31410000008,
                658527.4494000003
              ],
              [
                187386.17929999996,
                658527.6687000003
              ],
              [
                187389.4866000004,
                658528.4663999993
              ],
              [
                187395.41550000012,
                658530.2466000002
              ],
              [
                187406.2444000002,
                658537.3044000007
              ],
              [
                187463.25160000008,
                658574.4596999995
              ],
              [
                187463.9408999998,
                658574.9023000002
              ],
              [
                187512.14910000004,
                658605.3933000006
              ],
              [
                187514.22149999999,
                658606.6461999994
              ],
              [
                187517.57039999962,
                658608.4408
              ],
              [
                187571.1864,
                658635.0223999992
              ],
              [
                187574.07270000037,
                658636.3593000006
              ],
              [
                187580.45940000005,
                658638.6944999993
              ],
              [
                187627.5820000004,
                658652.9539000001
              ],
              [
                187633.7564000003,
                658654.4608999994
              ],
              [
                187640.0555999996,
                658655.3061999995
              ],
              [
                187646.40890000015,
                658655.4804999996
              ],
              [
                187733.3032999998,
                658653.2584000006
              ],
              [
                187751.30599999987,
                658651.5736999996
              ],
              [
                187838.15660000034,
                658631.4305000007
              ],
              [
                187920.26659999974,
                658612.5585999992
              ],
              [
                187983.8657999998,
                658611.9389999993
              ],
              [
                188026.5552000003,
                658621.4153000005
              ],
              [
                188082.65199999977,
                658650.7412
              ],
              [
                188143.85919999983,
                658699.6346000005
              ],
              [
                188144.71410000045,
                658700.3049999997
              ],
              [
                188227.2723000003,
                658763.8399999999
              ],
              [
                188231.7843000004,
                658766.9935999997
              ],
              [
                188236.56630000006,
                658769.7204999998
              ],
              [
                188331.7792999996,
                658818.3676999994
              ],
              [
                188337.25030000042,
                658820.8263000008
              ],
              [
                188342.93939999957,
                658822.7263999991
              ],
              [
                188348.78980000038,
                658824.0489000008
              ],
              [
                188421.68560000043,
                658836.5713
              ],
              [
                188426.93699999992,
                658837.2365000006
              ],
              [
                188432.2265999997,
                658837.4363000002
              ],
              [
                188437.51319999993,
                658837.1689999998
              ],
              [
                188532.8333999999,
                658828.1216000002
              ],
              [
                188539.46129999962,
                658827.1163999997
              ],
              [
                188545.9358000001,
                658825.3780000005
              ],
              [
                188623.5845999997,
                658799.8004000001
              ],
              [
                188629.98780000024,
                658797.2754999995
              ],
              [
                188636.0597000001,
                658794.0338000003
              ],
              [
                188708.97240000032,
                658749.5541999992
              ],
              [
                188741.66980000027,
                658731.0720000006
              ],
              [
                188818.7251000004,
                658711.2545999996
              ],
              [
                188886.01609999966,
                658709.6306999996
              ],
              [
                188929.67119999975,
                658717.5614
              ],
              [
                188994.53839999996,
                658748.1892000008
              ],
              [
                189049.3958999999,
                658788.2886999995
              ],
              [
                189107.09049999993,
                658852.2244000006
              ],
              [
                189166.00200000033,
                658917.5089999996
              ],
              [
                189169.37239999976,
                658920.9549000002
              ],
              [
                189170.23950000014,
                658921.7569999993
              ],
              [
                189240.73950000014,
                658985.6943999995
              ],
              [
                189244.9626000002,
                658989.1864999998
              ],
              [
                189293.49619999994,
                659025.7196999993
              ],
              [
                189299.45309999958,
                659029.6491999999
              ],
              [
                189304.27099999972,
                659032.1473999992
              ],
              [
                189385.09939999972,
                659069.5223999992
              ],
              [
                189390.45220000017,
                659071.6912999991
              ],
              [
                189395.9888000004,
                659073.3355
              ],
              [
                189433.19159999955,
                659082.4603000004
              ],
              [
                189439.48149999976,
                659083.6513999999
              ],
              [
                189445.8624999998,
                659084.1656
              ],
              [
                189452.2620000001,
                659083.9969999995
              ],
              [
                189558.66839999985,
                659075.4969999995
              ],
              [
                189564.30960000027,
                659074.7760000005
              ],
              [
                189569.6952999998,
                659073.5684999991
              ],
              [
                189648.66390000004,
                659052.0058999993
              ],
              [
                189650.0674999999,
                659051.6042999998
              ],
              [
                189651.2708999999,
                659051.2302000001
              ],
              [
                189695.6615000004,
                659036.9179999996
              ],
              [
                189700.29009999987,
                659035.2126000002
              ],
              [
                189704.76300000027,
                659033.1327999998
              ],
              [
                189709.04989999998,
                659030.6926000006
              ],
              [
                189756.05009999964,
                659001.3173999991
              ],
              [
                189759.90259999968,
                658998.6962000001
              ],
              [
                189763.54009999987,
                658995.7839000002
              ],
              [
                189766.94060000032,
                658992.5982000008
              ],
              [
                189811.9972000001,
                658946.9752999991
              ],
              [
                189874.0100999996,
                658916.6279000007
              ],
              [
                189925.37119999994,
                658896.3331000004
              ],
              [
                190001.78899999987,
                658879.1876999997
              ],
              [
                190058.4791000001,
                658879.1876999997
              ],
              [
                190202.09240000043,
                658882.1303000003
              ],
              [
                190205.12829999998,
                658882.1157000009
              ],
              [
                190323.41750000045,
                658878.5518999994
              ],
              [
                190439.04119999986,
                658877.1721000001
              ],
              [
                190568.63480000012,
                658874.4386999998
              ],
              [
                190685.99839999992,
                658871.3542
              ],
              [
                190690.73139999993,
                658871.0421999991
              ],
              [
                190695.42480000015,
                658870.3574000001
              ],
              [
                190700.04949999973,
                658869.3039999995
              ],
              [
                190751.5011,
                658855.4238000009
              ],
              [
                190753.08169999998,
                658854.9740999993
              ],
              [
                190758.5839999998,
                658853.0306000002
              ],
              [
                190813.4824000001,
                658830.5808000006
              ],
              [
                190814.53670000006,
                658830.1379000004
              ],
              [
                190818.19859999977,
                658828.4094999991
              ],
              [
                190858.0515999999,
                658807.9271000009
              ],
              [
                190862.60109999962,
                658805.3318000007
              ],
              [
                190866.90699999966,
                658802.3496000003
              ],
              [
                190870.9364,
                658799.0033
              ],
              [
                190920.5460000001,
                658754.0033
              ],
              [
                190921.40899999999,
                658753.2049000002
              ],
              [
                190925.67750000022,
                658748.7407000009
              ],
              [
                190970.72429999989,
                658696.4907000009
              ],
              [
                190974.12569999974,
                658692.1582999993
              ],
              [
                190977.11539999954,
                658687.5320999995
              ],
              [
                190979.66830000002,
                658682.6513
              ],
              [
                191022.10749999993,
                658591.5603
              ],
              [
                191024.10209999979,
                658586.7426999994
              ],
              [
                191024.90579999983,
                658584.3829999994
              ],
              [
                191057.52919999976,
                658481.6615999993
              ],
              [
                191058.7265999997,
                658477.3370999992
              ],
              [
                191058.8691999996,
                658476.7208999991
              ],
              [
                191074.5047000004,
                658407.5065000001
              ],
              [
                191103.07490000036,
                658352.6009
              ],
              [
                191129.5351999998,
                658327.5932999998
              ],
              [
                191184.79729999974,
                658293.1479000002
              ],
              [
                191234.4151999997,
                658281.7377000004
              ],
              [
                191264.49969999958,
                658283.6102000009
              ],
              [
                191261.84750000015,
                658306.9157999996
              ],
              [
                191275.98429999966,
                658305.0625
              ],
              [
                191328.28120000008,
                658293.375
              ],
              [
                191377.17179999966,
                658265.75
              ],
              [
                191414.95309999958,
                658238.25
              ],
              [
                191451.84370000008,
                658202.625
              ],
              [
                191475.84370000008,
                658175.4375
              ],
              [
                191511.48429999966,
                658137.75
              ],
              [
                191535.59370000008,
                658087.1875
              ],
              [
                191549.40620000008,
                658066.625
              ],
              [
                191579.98429999966,
                658029.125
              ],
              [
                191599.53120000008,
                658000.875
              ],
              [
                191625.39059999958,
                657965.4375
              ],
              [
                191658.51559999958,
                657916.3125
              ],
              [
                191683.32809999958,
                657868.875
              ],
              [
                191706.73429999966,
                657825.375
              ],
              [
                191719.14059999958,
                657794.375
              ],
              [
                191737.71870000008,
                657745.6875
              ],
              [
                191742.79679999966,
                657732.875
              ],
              [
                191746.53120000008,
                657731.6875
              ],
              [
                191777.46870000008,
                657732
              ],
              [
                191820.51559999958,
                657732
              ],
              [
                191870.51559999958,
                657732.5
              ],
              [
                191913.85929999966,
                657733.375
              ],
              [
                191969.09370000008,
                657713
              ],
              [
                192010.57809999958,
                657687.875
              ],
              [
                192041.79679999966,
                657668.6875
              ],
              [
                192080.96870000008,
                657641.375
              ],
              [
                192117.60929999966,
                657610.5
              ],
              [
                192151.03120000008,
                657589.5
              ],
              [
                192199.375,
                657548.875
              ],
              [
                192237.73429999966,
                657513
              ],
              [
                192267.20309999958,
                657474.75
              ],
              [
                192288.85929999966,
                657444.6875
              ],
              [
                192309.375,
                657409.8125
              ],
              [
                192330.125,
                657361.5625
              ],
              [
                192349.15620000008,
                657318.75
              ],
              [
                192362.59370000008,
                657267.6875
              ],
              [
                192368.51559999958,
                657228
              ],
              [
                192381.01559999958,
                657134.0625
              ],
              [
                192387.21870000008,
                657114
              ],
              [
                192389.67179999966,
                657109
              ],
              [
                192398.45309999958,
                657099.6875
              ],
              [
                192425.25,
                657077.6875
              ],
              [
                192464.92179999966,
                657038
              ],
              [
                192487.65620000008,
                657017.5
              ],
              [
                192513.60929999966,
                657001.0625
              ],
              [
                192544.82809999958,
                656976.125
              ],
              [
                192583.46870000008,
                656946.1875
              ],
              [
                192614.625,
                656899.875
              ],
              [
                192630.95309999958,
                656872.1875
              ],
              [
                192646,
                656853
              ],
              [
                192667.28120000008,
                656853
              ],
              [
                192697.78120000008,
                656856.5
              ],
              [
                192741.25,
                656856.5
              ],
              [
                192764.32809999958,
                656856.875
              ],
              [
                192838.57809999958,
                656872.5
              ],
              [
                192880.03120000008,
                656872.5
              ],
              [
                192939.32809999958,
                656865.875
              ],
              [
                192992.67179999966,
                656810.75
              ],
              [
                193013.375,
                656760.5
              ],
              [
                193024.71870000008,
                656713.75
              ],
              [
                193027.34370000008,
                656689.5625
              ],
              [
                193029.42179999966,
                656680
              ],
              [
                193035.51559999958,
                656671.875
              ],
              [
                193060.4375,
                656653.625
              ],
              [
                193114.73429999966,
                656622.875
              ],
              [
                193163.92179999966,
                656584.375
              ],
              [
                193201.98429999966,
                656547.25
              ],
              [
                193230.84370000008,
                656482.8125
              ],
              [
                193238.79679999966,
                656419.9375
              ],
              [
                193239.5,
                656398.6875
              ],
              [
                193239.5,
                656369.375
              ],
              [
                193237.5,
                656330.875
              ],
              [
                193237.5,
                656306.375
              ],
              [
                193238,
                656277.875
              ],
              [
                193238,
                656233.25
              ],
              [
                193235.34370000008,
                656192.75
              ],
              [
                193233.5,
                656155.0625
              ],
              [
                193233.5,
                656147
              ],
              [
                193235.45309999958,
                656141.8125
              ],
              [
                193255.28419999965,
                656107.8747000005
              ],
              [
                193271.11780000012,
                656080.7778999992
              ],
              [
                193278,
                656069
              ],
              [
                193296.88460000046,
                656068.0733000003
              ],
              [
                193314.9375,
                656067.1875
              ],
              [
                193350.54690000042,
                656062.5
              ],
              [
                193387.64059999958,
                656062.5
              ],
              [
                193395.20040000044,
                656061.3391999993
              ],
              [
                193436.07809999958,
                656055.0625
              ],
              [
                193492.41810000036,
                656036.2623999994
              ],
              [
                193501.81240000017,
                656029.4375999998
              ],
              [
                193515.13939999975,
                656020.0526
              ],
              [
                193556.45309999958,
                655947
              ],
              [
                193549.96870000008,
                655876.6875
              ],
              [
                193536.98429999966,
                655820
              ],
              [
                193517.67179999966,
                655774.75
              ],
              [
                193503.32809999958,
                655731
              ],
              [
                193479.76559999958,
                655701.75
              ],
              [
                193455.42179999966,
                655670.6875
              ],
              [
                193420.51559999958,
                655638.125
              ],
              [
                193397.60929999966,
                655615.1875
              ],
              [
                193377.9375,
                655586.75
              ],
              [
                193360.96870000008,
                655555.1875
              ],
              [
                193360.14059999958,
                655552.125
              ],
              [
                193376.84370000008,
                655544.9375
              ],
              [
                193412.29679999966,
                655535.875
              ],
              [
                193461.75,
                655518.75
              ],
              [
                193480.90620000008,
                655502.25
              ],
              [
                193507.54679999966,
                655492.1875
              ],
              [
                193543.51559999958,
                655468.75
              ],
              [
                193585.44319999963,
                655435.4422999993
              ],
              [
                193586,
                655435
              ],
              [
                193603.8125,
                655411.625
              ],
              [
                193617.89059999958,
                655392.125
              ],
              [
                193643.65629999992,
                655348
              ],
              [
                193645.32809999958,
                655294.8125
              ],
              [
                193641.14059999958,
                655274.5625
              ],
              [
                193639.42190000042,
                655254.375
              ],
              [
                193633.17190000042,
                655209.375
              ],
              [
                193623.92190000042,
                655175.5
              ],
              [
                193621.21879999992,
                655165.75
              ],
              [
                193618.89059999958,
                655141.375
              ],
              [
                193606.85470000003,
                655107.1007000003
              ],
              [
                193593.45309999958,
                655068.9375
              ],
              [
                193590.84370000008,
                655058.25
              ],
              [
                193597.82809999958,
                655048.4375
              ],
              [
                193605.17179999966,
                655032.625
              ],
              [
                193659.01559999958,
                655006.9375
              ],
              [
                193688.71870000008,
                655003.5
              ],
              [
                193743.0625,
                654994.125
              ],
              [
                193795.64059999958,
                654975.875
              ],
              [
                193801.45650000032,
                654972.5385999996
              ],
              [
                193801.60259999987,
                654972.4547000006
              ],
              [
                193810.1754999999,
                654961.5144999996
              ],
              [
                193811.63769999985,
                654959.8953000009
              ],
              [
                193813.12770000007,
                654958.3018999994
              ],
              [
                193814.64549999963,
                654956.7346999999
              ],
              [
                193816.19049999956,
                654955.1942999996
              ],
              [
                193817.76190000027,
                654953.6810999997
              ],
              [
                193819.3596999999,
                654952.1954999994
              ],
              [
                193820.98290000018,
                654950.7380999997
              ],
              [
                193822.63150000013,
                654949.3091000002
              ],
              [
                193824.3047000002,
                654947.9092999995
              ],
              [
                193826.00229999982,
                654946.5388999991
              ],
              [
                193827.72329999972,
                654945.1981000006
              ],
              [
                193829.46750000026,
                654943.8877000008
              ],
              [
                193831.23429999966,
                654942.6078999992
              ],
              [
                193833.02329999954,
                654941.3590999991
              ],
              [
                193834.8337000003,
                654940.1418999992
              ],
              [
                193836.66509999987,
                654938.9562999997
              ],
              [
                193838.51690000016,
                654937.8028999995
              ],
              [
                193840.38850000035,
                654936.6819000002
              ],
              [
                193842.27950000018,
                654935.5936999992
              ],
              [
                193844.18910000008,
                654934.5388999991
              ],
              [
                193846.1168999998,
                654933.5175000001
              ],
              [
                193848.06209999975,
                654932.5298999995
              ],
              [
                193850.0242999997,
                654931.5763000008
              ],
              [
                193852.00289999973,
                654930.6570999995
              ],
              [
                193853.99710000027,
                654929.7727000006
              ],
              [
                193856.00650000013,
                654928.9231000002
              ],
              [
                193858.03050000034,
                654928.1088999994
              ],
              [
                193860.0683000004,
                654927.3299000002
              ],
              [
                193862.11950000003,
                654926.5866999999
              ],
              [
                193864.18329999968,
                654925.8793000001
              ],
              [
                193866.25910000037,
                654925.2083
              ],
              [
                193868.34630000032,
                654924.5734999999
              ],
              [
                193870.44429999962,
                654923.9750999995
              ],
              [
                193872.55250000022,
                654923.4134999998
              ],
              [
                193874.67009999976,
                654922.8886999991
              ],
              [
                193876.79650000017,
                654922.4011000004
              ],
              [
                193878.9310999997,
                654921.9505000003
              ],
              [
                193881.07330000028,
                654921.5373
              ],
              [
                193883.22229999956,
                654921.1616999991
              ],
              [
                193885.3775000004,
                654920.8234999999
              ],
              [
                193887.53830000013,
                654920.5229000002
              ],
              [
                193891.31010000035,
                654920.0900999997
              ],
              [
                193892.19409999996,
                654920.0354999993
              ],
              [
                193892.21530000027,
                654920.0350000001
              ],
              [
                193892.28529999964,
                654920.0351
              ],
              [
                193892.28890000004,
                654920.0351
              ],
              [
                193895.65990000032,
                654920.0241999999
              ],
              [
                193937.26939999964,
                654919.9133000001
              ],
              [
                194087.50009999983,
                654919.9901
              ],
              [
                194247.19209999964,
                654920.0669
              ],
              [
                194269.94849999994,
                654920.0778999999
              ],
              [
                194270.2226999998,
                654920.0789000001
              ],
              [
                194270.66650000028,
                654920.0782999992
              ],
              [
                194274.47009999957,
                654920.0800999999
              ],
              [
                194274.65830000024,
                654920.0800999999
              ],
              [
                194274.76769999973,
                654920.0799000002
              ],
              [
                194274.9572999999,
                654920.0792999994
              ],
              [
                194276.9486999996,
                654920.0535000004
              ],
              [
                194277.04330000002,
                654920.0513000004
              ],
              [
                194277.23290000018,
                654920.0469000004
              ],
              [
                194277.32749999966,
                654920.0447000004
              ],
              [
                194277.42250000034,
                654920.0420999993
              ],
              [
                194277.61209999956,
                654920.0369000006
              ],
              [
                194277.70689999964,
                654920.0342999995
              ],
              [
                194277.80169999972,
                654920.0315000005
              ],
              [
                194277.99110000022,
                654920.0256999992
              ],
              [
                194278.0859000003,
                654920.0227000006
              ],
              [
                194278.18070000038,
                654920.0195000004
              ],
              [
                194278.3702999996,
                654920.0129000004
              ],
              [
                194278.46509999968,
                654920.0097000003
              ],
              [
                194278.55989999976,
                654920.0063000005
              ],
              [
                194278.74930000026,
                654919.9990999997
              ],
              [
                194278.84410000034,
                654919.9955000002
              ],
              [
                194278.93890000042,
                654919.9916999992
              ],
              [
                194279.12829999998,
                654919.9838999994
              ],
              [
                194279.22310000006,
                654919.9801000003
              ],
              [
                194279.31790000014,
                654919.9759
              ],
              [
                194279.5072999997,
                654919.9672999997
              ],
              [
                194279.60190000013,
                654919.9630999994
              ],
              [
                194279.6967000002,
                654919.9586999994
              ],
              [
                194279.88630000036,
                654919.9495000001
              ],
              [
                194279.98089999985,
                654919.9451000001
              ],
              [
                194280.07569999993,
                654919.9400999993
              ],
              [
                194280.26510000043,
                654919.9305000007
              ],
              [
                194280.3596999999,
                654919.9254999999
              ],
              [
                194280.4545,
                654919.9202999994
              ],
              [
                194280.6436999999,
                654919.9101
              ],
              [
                194280.73809999973,
                654919.9048999995
              ],
              [
                194280.8331000004,
                654919.8992999997
              ],
              [
                194281.02249999996,
                654919.8882999998
              ],
              [
                194281.11710000038,
                654919.8828999996
              ],
              [
                194281.21169999987,
                654919.8769000005
              ],
              [
                194281.40110000037,
                654919.8652999997
              ],
              [
                194281.4961000001,
                654919.8595000003
              ],
              [
                194281.59030000027,
                654919.8532999996
              ],
              [
                194281.77969999984,
                654919.8409000002
              ],
              [
                194281.8739,
                654919.8346999995
              ],
              [
                194281.96889999975,
                654919.8282999992
              ],
              [
                194282.15809999965,
                654919.8153000008
              ],
              [
                194282.2525000004,
                654919.8087000009
              ],
              [
                194282.33939999994,
                654919.8024000004
              ],
              [
                194282.34729999956,
                654919.8018999994
              ],
              [
                194282.5365000004,
                654919.7883000001
              ],
              [
                194282.63090000022,
                654919.7815000005
              ],
              [
                194282.7254999997,
                654919.7742999997
              ],
              [
                194282.91469999962,
                654919.7600999996
              ],
              [
                194283.00889999978,
                654919.7529000007
              ],
              [
                194283.10369999986,
                654919.7455000002
              ],
              [
                194283.29289999977,
                654919.7304999996
              ],
              [
                194283.3872999996,
                654919.7230999991
              ],
              [
                194283.4819,
                654919.7150999997
              ],
              [
                194283.67090000026,
                654919.6996999998
              ],
              [
                194283.76549999975,
                654919.6919
              ],
              [
                194283.85989999957,
                654919.6837000009
              ],
              [
                194284.04889999982,
                654919.6675000004
              ],
              [
                194284.1436999999,
                654919.6592999995
              ],
              [
                194284.2377000004,
                654919.6509000007
              ],
              [
                194284.42669999972,
                654919.6338999998
              ],
              [
                194284.52109999955,
                654919.6254999992
              ],
              [
                194284.61510000005,
                654919.6169000007
              ],
              [
                194284.80449999962,
                654919.5990999993
              ],
              [
                194284.89890000038,
                654919.5902999993
              ],
              [
                194284.9930999996,
                654919.5812999997
              ],
              [
                194285.1819000002,
                654919.5631000008
              ],
              [
                194285.27630000003,
                654919.5540999994
              ],
              [
                194285.37069999985,
                654919.5447000004
              ],
              [
                194285.55950000044,
                654919.5256999992
              ],
              [
                194285.65369999968,
                654919.5163000003
              ],
              [
                194285.74810000043,
                654919.5065000001
              ],
              [
                194285.93670000043,
                654919.4870999996
              ],
              [
                194286.03110000025,
                654919.4772999994
              ],
              [
                194286.12530000042,
                654919.4672999997
              ],
              [
                194286.31390000042,
                654919.4471000005
              ],
              [
                194286.4084999999,
                654919.4368999992
              ],
              [
                194286.5025000004,
                654919.4265000001
              ],
              [
                194286.6911000004,
                654919.4057
              ],
              [
                194286.78550000023,
                654919.3953000009
              ],
              [
                194286.8794999998,
                654919.3847000003
              ],
              [
                194287.06790000014,
                654919.3632999994
              ],
              [
                194287.16249999963,
                654919.3524999991
              ],
              [
                194287.25629999954,
                654919.3414999992
              ],
              [
                194287.44469999988,
                654919.3192999996
              ],
              [
                194287.5393000003,
                654919.3082999997
              ],
              [
                194287.63289999962,
                654919.2969000004
              ],
              [
                194287.82129999995,
                654919.2741
              ],
              [
                194287.91569999978,
                654919.2627000008
              ],
              [
                194288.0094999997,
                654919.2511
              ],
              [
                194288.19770000037,
                654919.2277000006
              ],
              [
                194288.2921000002,
                654919.2159000002
              ],
              [
                194288.3859000001,
                654919.2039000001
              ],
              [
                194288.57409999985,
                654919.1798999999
              ],
              [
                194288.66810000036,
                654919.1678999998
              ],
              [
                194288.76209999993,
                654919.1555000003
              ],
              [
                194288.95010000002,
                654919.1306999996
              ],
              [
                194289.0440999996,
                654919.1184999999
              ],
              [
                194289.1381000001,
                654919.1056999993
              ],
              [
                194289.32610000018,
                654919.0804999992
              ],
              [
                194289.41970000044,
                654919.0677000005
              ],
              [
                194289.51410000026,
                654919.0547000002
              ],
              [
                194289.70189999975,
                654919.0286999997
              ],
              [
                194289.79569999967,
                654919.0156999994
              ],
              [
                194289.88970000017,
                654919.0024999995
              ],
              [
                194290.07749999966,
                654918.9759
              ],
              [
                194290.17109999992,
                654918.9625000004
              ],
              [
                194290.26510000043,
                654918.9488999993
              ],
              [
                194290.45289999992,
                654918.9214999992
              ],
              [
                194290.54669999983,
                654918.9079
              ],
              [
                194290.64049999975,
                654918.8938999996
              ],
              [
                194290.82809999958,
                654918.8659000006
              ],
              [
                194290.92229999974,
                654918.8519000001
              ],
              [
                194291.01570000034,
                654918.8377
              ],
              [
                194291.20309999958,
                654918.8091000002
              ],
              [
                194291.29669999983,
                654918.7949000001
              ],
              [
                194291.39049999975,
                654918.7803000007
              ],
              [
                194291.57789999992,
                654918.7509000003
              ],
              [
                194291.67190000042,
                654918.7363000009
              ],
              [
                194291.7653000001,
                654918.7215
              ],
              [
                194291.95249999966,
                654918.6915000007
              ],
              [
                194292.04650000017,
                654918.6765000001
              ],
              [
                194292.13989999983,
                654918.6612999998
              ],
              [
                194292.32710000034,
                654918.6308999993
              ],
              [
                194292.4205,
                654918.6154999994
              ],
              [
                194292.51410000026,
                654918.5998999998
              ],
              [
                194292.70129999984,
                654918.5689000003
              ],
              [
                194292.79470000044,
                654918.5533000007
              ],
              [
                194292.88829999976,
                654918.5373
              ],
              [
                194293.07510000002,
                654918.5055
              ],
              [
                194293.16889999993,
                654918.4894999992
              ],
              [
                194293.26209999993,
                654918.4733000007
              ],
              [
                194293.4489000002,
                654918.4408999998
              ],
              [
                194293.54250000045,
                654918.4246999994
              ],
              [
                194293.63570000045,
                654918.4080999997
              ],
              [
                194293.82249999978,
                654918.3750999998
              ],
              [
                194293.91610000003,
                654918.3585000001
              ],
              [
                194294.00930000003,
                654918.3417000007
              ],
              [
                194294.1958999997,
                654918.3079000004
              ],
              [
                194294.2893000003,
                654918.2910999991
              ],
              [
                194294.3822999997,
                654918.2737000007
              ],
              [
                194294.5689000003,
                654918.2394999992
              ],
              [
                194294.6621000003,
                654918.2223000005
              ],
              [
                194294.7553000003,
                654918.2047000006
              ],
              [
                194294.94170000032,
                654918.1697000004
              ],
              [
                194295.03490000032,
                654918.1521000005
              ],
              [
                194295.12810000032,
                654918.1342999991
              ],
              [
                194295.31429999974,
                654918.0987
              ],
              [
                194295.40730000008,
                654918.0809000004
              ],
              [
                194295.50050000008,
                654918.0626999997
              ],
              [
                194295.68670000043,
                654918.0263
              ],
              [
                194295.77950000018,
                654918.0083000008
              ],
              [
                194295.87270000018,
                654917.9897000007
              ],
              [
                194296.0588999996,
                654917.9527000003
              ],
              [
                194296.15170000028,
                654917.9342999998
              ],
              [
                194296.2446999997,
                654917.9155000001
              ],
              [
                194296.43070000038,
                654917.8779000007
              ],
              [
                194296.52350000013,
                654917.8590999991
              ],
              [
                194296.61649999954,
                654917.8399
              ],
              [
                194296.80229999963,
                654917.8016999997
              ],
              [
                194296.89529999997,
                654917.7825000007
              ],
              [
                194296.98790000007,
                654917.7631000001
              ],
              [
                194297.17349999957,
                654917.7243000008
              ],
              [
                194297.26669999957,
                654917.7047000006
              ],
              [
                194297.3591,
                654917.6851000004
              ],
              [
                194297.54470000044,
                654917.6455000006
              ],
              [
                194297.6372999996,
                654917.6257000007
              ],
              [
                194297.73010000028,
                654917.6056999993
              ],
              [
                194297.91530000046,
                654917.5655000005
              ],
              [
                194298.00769999996,
                654917.5454999991
              ],
              [
                194298.1007000003,
                654917.5251000002
              ],
              [
                194298.28589999955,
                654917.4843000006
              ],
              [
                194298.37849999964,
                654917.4638999999
              ],
              [
                194298.47109999973,
                654917.4430999998
              ],
              [
                194298.65610000025,
                654917.4016999993
              ],
              [
                194298.74870000035,
                654917.3808999993
              ],
              [
                194298.84109999985,
                654917.3598999996
              ],
              [
                194299.02610000037,
                654917.3179000001
              ],
              [
                194299.11849999987,
                654917.2969000004
              ],
              [
                194299.2109000003,
                654917.2754999995
              ],
              [
                194299.39570000023,
                654917.2326999996
              ],
              [
                194299.48809999973,
                654917.2115000002
              ],
              [
                194299.58029999956,
                654917.1897
              ],
              [
                194299.76510000043,
                654917.1465000007
              ],
              [
                194299.85709999967,
                654917.1249000002
              ],
              [
                194299.9495000001,
                654917.1027000006
              ],
              [
                194300.13410000037,
                654917.0587000009
              ],
              [
                194300.22609999962,
                654917.0366999991
              ],
              [
                194300.31850000005,
                654917.0144999996
              ],
              [
                194300.50270000007,
                654916.9699000008
              ],
              [
                194300.59509999957,
                654916.9474999998
              ],
              [
                194300.68709999975,
                654916.9249000009
              ],
              [
                194300.87129999977,
                654916.8796999995
              ],
              [
                194300.96310000028,
                654916.8571000006
              ],
              [
                194301.05530000012,
                654916.8341000006
              ],
              [
                194301.23929999955,
                654916.7881000005
              ],
              [
                194301.33150000032,
                654916.7651000004
              ],
              [
                194301.4232999999,
                654916.7419000007
              ],
              [
                194301.60709999967,
                654916.6954999994
              ],
              [
                194301.69909999985,
                654916.6721000001
              ],
              [
                194301.79090000037,
                654916.6484999992
              ],
              [
                194301.97449999955,
                654916.6015000008
              ],
              [
                194302.06670000032,
                654916.5777000003
              ],
              [
                194302.15830000024,
                654916.5538999997
              ],
              [
                194302.34169999976,
                654916.5061000008
              ],
              [
                194302.43329999968,
                654916.4823000003
              ],
              [
                194302.52529999986,
                654916.4581000004
              ],
              [
                194302.7087000003,
                654916.4094999991
              ],
              [
                194302.80009999964,
                654916.3855000008
              ],
              [
                194302.89190000016,
                654916.3608999997
              ],
              [
                194303.07510000002,
                654916.3118999992
              ],
              [
                194303.1668999996,
                654916.2873
              ],
              [
                194303.25829999987,
                654916.2624999993
              ],
              [
                194303.44130000006,
                654916.2127
              ],
              [
                194303.53249999974,
                654916.1878999993
              ],
              [
                194303.62409999967,
                654916.1626999993
              ],
              [
                194303.80709999986,
                654916.1125000007
              ],
              [
                194303.89809999987,
                654916.0873000007
              ],
              [
                194303.9896999998,
                654916.0616999995
              ],
              [
                194304.17250000034,
                654916.0109000001
              ],
              [
                194304.26389999967,
                654915.9853000008
              ],
              [
                194304.35510000028,
                654915.9594999999
              ],
              [
                194304.53749999963,
                654915.9080999997
              ],
              [
                194304.6288999999,
                654915.8820999991
              ],
              [
                194304.72009999957,
                654915.8561000004
              ],
              [
                194304.9023000002,
                654915.8038999997
              ],
              [
                194304.99370000046,
                654915.7776999995
              ],
              [
                194305.08449999988,
                654915.7512999997
              ],
              [
                194305.26669999957,
                654915.6984999999
              ],
              [
                194305.35790000018,
                654915.6721000001
              ],
              [
                194305.4486999996,
                654915.6453000009
              ],
              [
                194305.63069999963,
                654915.5919000003
              ],
              [
                194305.72169999965,
                654915.5650999993
              ],
              [
                194305.81269999966,
                654915.5381000005
              ],
              [
                194305.99430000037,
                654915.4840999991
              ],
              [
                194306.08550000004,
                654915.4569000006
              ],
              [
                194306.1760999998,
                654915.4297000002
              ],
              [
                194306.3576999996,
                654915.3749000002
              ],
              [
                194306.44830000028,
                654915.3475000001
              ],
              [
                194306.5390999997,
                654915.3199000005
              ],
              [
                194306.72049999982,
                654915.2644999996
              ],
              [
                194306.81130000018,
                654915.2368999999
              ],
              [
                194306.90189999994,
                654915.2089000009
              ],
              [
                194307.0831000004,
                654915.1528999992
              ],
              [
                194307.17370000016,
                654915.1249000002
              ],
              [
                194307.26410000026,
                654915.0966999996
              ],
              [
                194307.44510000013,
                654915.0401000008
              ],
              [
                194307.5356999999,
                654915.0117000006
              ],
              [
                194307.6261,
                654914.9831000008
              ],
              [
                194307.8069000002,
                654914.9258999992
              ],
              [
                194307.8973000003,
                654914.8972999994
              ],
              [
                194307.9877000004,
                654914.8683000002
              ],
              [
                194308.16830000002,
                654914.8104999997
              ],
              [
                194308.25829999987,
                654914.7817000002
              ],
              [
                194308.34889999963,
                654914.7522999998
              ],
              [
                194308.5292999996,
                654914.6939000003
              ],
              [
                194308.61930000037,
                654914.6646999996
              ],
              [
                194308.70949999988,
                654914.6350999996
              ],
              [
                194308.88970000017,
                654914.5760999992
              ],
              [
                194308.9798999997,
                654914.5464999992
              ],
              [
                194309.06989999954,
                654914.5166999996
              ],
              [
                194309.24990000017,
                654914.4569000006
              ],
              [
                194309.33990000002,
                654914.4271000009
              ],
              [
                194309.4297000002,
                654914.3969
              ],
              [
                194309.6096999999,
                654914.3365000002
              ],
              [
                194309.69990000036,
                654914.3062999994
              ],
              [
                194309.7893000003,
                654914.2759000007
              ],
              [
                194309.96889999975,
                654914.2150999997
              ],
              [
                194310.0588999996,
                654914.1844999995
              ],
              [
                194310.14829999954,
                654914.1536999997
              ],
              [
                194310.32770000026,
                654914.0922999997
              ],
              [
                194310.4177000001,
                654914.0613000002
              ],
              [
                194310.50710000005,
                654914.0303000007
              ],
              [
                194310.68630000018,
                654913.9681000002
              ],
              [
                194310.77570000011,
                654913.9371000007
              ],
              [
                194310.8652999997,
                654913.9057
              ],
              [
                194311.04430000018,
                654913.8429000005
              ],
              [
                194311.13389999978,
                654913.8113000002
              ],
              [
                194311.22310000006,
                654913.7796999998
              ],
              [
                194311.40170000028,
                654913.7162999995
              ],
              [
                194311.49110000022,
                654913.6846999992
              ],
              [
                194311.58050000016,
                654913.6524999999
              ],
              [
                194311.75889999978,
                654913.5885000005
              ],
              [
                194311.84810000006,
                654913.5567000005
              ],
              [
                194311.93730000034,
                654913.5242999997
              ],
              [
                194312.11569999997,
                654913.4594999999
              ],
              [
                194312.20490000024,
                654913.4273000006
              ],
              [
                194312.29389999993,
                654913.3947000001
              ],
              [
                194312.47190000024,
                654913.3292999994
              ],
              [
                194312.56070000026,
                654913.2969000004
              ],
              [
                194312.6498999996,
                654913.2636999991
              ],
              [
                194312.82770000026,
                654913.1978999991
              ],
              [
                194312.91669999994,
                654913.1648999993
              ],
              [
                194313.00549999997,
                654913.1316999998
              ],
              [
                194313.18310000002,
                654913.0653000008
              ],
              [
                194313.27190000005,
                654913.0318999998
              ],
              [
                194313.36050000042,
                654912.9985000007
              ],
              [
                194313.53789999988,
                654912.9312999994
              ],
              [
                194313.6266999999,
                654912.8979000002
              ],
              [
                194313.71509999968,
                654912.8639000002
              ],
              [
                194313.8923000004,
                654912.7960999999
              ],
              [
                194313.98089999985,
                654912.7622999996
              ],
              [
                194314.06950000022,
                654912.7281
              ],
              [
                194314.24629999977,
                654912.6599000003
              ],
              [
                194314.33469999954,
                654912.6257000007
              ],
              [
                194314.42310000025,
                654912.5912999995
              ],
              [
                194314.5998999998,
                654912.5222999994
              ],
              [
                194314.68829999957,
                654912.4879000001
              ],
              [
                194314.7764999997,
                654912.4530999996
              ],
              [
                194314.95289999992,
                654912.3835000005
              ],
              [
                194315.04110000003,
                654912.3487
              ],
              [
                194315.12909999955,
                654912.3136999998
              ],
              [
                194315.30530000012,
                654912.2434999999
              ],
              [
                194315.39350000024,
                654912.2084999997
              ],
              [
                194315.48149999976,
                654912.1731000002
              ],
              [
                194315.65730000008,
                654912.1022999994
              ],
              [
                194315.7455000002,
                654912.0669
              ],
              [
                194315.83330000006,
                654912.0313000008
              ],
              [
                194316.00889999978,
                654911.9598999992
              ],
              [
                194316.09669999965,
                654911.9243000001
              ],
              [
                194316.18450000044,
                654911.8882999998
              ],
              [
                194316.36010000017,
                654911.8162999991
              ],
              [
                194316.44770000037,
                654911.7803000007
              ],
              [
                194316.53529999964,
                654911.7441000007
              ],
              [
                194316.7106999997,
                654911.6714999992
              ],
              [
                194316.79810000025,
                654911.6350999996
              ],
              [
                194316.88570000045,
                654911.5985000003
              ],
              [
                194317.06070000026,
                654911.5252999999
              ],
              [
                194317.14829999954,
                654911.4887000006
              ],
              [
                194317.23550000042,
                654911.4518999998
              ],
              [
                194317.41029999964,
                654911.3781000003
              ],
              [
                194317.4974999996,
                654911.3412999995
              ],
              [
                194317.58490000013,
                654911.3040999994
              ],
              [
                194317.75930000003,
                654911.2296999991
              ],
              [
                194317.84630000032,
                654911.1925000008
              ],
              [
                194317.93350000028,
                654911.1548999995
              ],
              [
                194318.1076999996,
                654911.0800999999
              ],
              [
                194318.19450000022,
                654911.0425000004
              ],
              [
                194318.28189999983,
                654911.0046999995
              ],
              [
                194318.45569999982,
                654910.9290999994
              ],
              [
                194318.5427000001,
                654910.8913000003
              ],
              [
                194318.6297000004,
                654910.8531
              ],
              [
                194318.8032999998,
                654910.7771000005
              ],
              [
                194318.89010000043,
                654910.7389000002
              ],
              [
                194318.97690000013,
                654910.7005000003
              ],
              [
                194319.15029999986,
                654910.6237000003
              ],
              [
                194319.2368999999,
                654910.5855
              ],
              [
                194319.32349999994,
                654910.5467000008
              ],
              [
                194319.49670000002,
                654910.4693
              ],
              [
                194319.5831000004,
                654910.4307000004
              ],
              [
                194319.66970000044,
                654910.3916999996
              ],
              [
                194319.84269999992,
                654910.3136999998
              ],
              [
                194319.9291000003,
                654910.2747000009
              ],
              [
                194320.0153000001,
                654910.2355000004
              ],
              [
                194320.18790000025,
                654910.1567000002
              ],
              [
                194320.2742999997,
                654910.1174999997
              ],
              [
                194320.36050000042,
                654910.0778999999
              ],
              [
                194320.5329,
                654909.9987000003
              ],
              [
                194320.61870000046,
                654909.9593000002
              ],
              [
                194320.7050999999,
                654909.9192999993
              ],
              [
                194320.87710000016,
                654909.8395000007
              ],
              [
                194320.96310000028,
                654909.7996999994
              ],
              [
                194321.04889999982,
                654909.7595000006
              ],
              [
                194321.22090000007,
                654909.6790999994
              ],
              [
                194321.3066999996,
                654909.6389000006
              ],
              [
                194321.39250000007,
                654909.5985000003
              ],
              [
                194321.56390000042,
                654909.5175000001
              ],
              [
                194321.64969999995,
                654909.4770999998
              ],
              [
                194321.73529999983,
                654909.4363000002
              ],
              [
                194321.90649999958,
                654909.3546999991
              ],
              [
                194321.99230000004,
                654909.3138999995
              ],
              [
                194322.07770000026,
                654909.2729000002
              ],
              [
                194322.24849999975,
                654909.1908999998
              ],
              [
                194322.33409999963,
                654909.1497000009
              ],
              [
                194322.41949999984,
                654909.1083000004
              ],
              [
                194322.59009999968,
                654909.0256999992
              ],
              [
                194322.6754999999,
                654908.9843000006
              ],
              [
                194322.76070000045,
                654908.9427000005
              ],
              [
                194322.9310999997,
                654908.8593000006
              ],
              [
                194323.01609999966,
                654908.8177000005
              ],
              [
                194323.1013000002,
                654908.7756999992
              ],
              [
                194323.27130000014,
                654908.6919
              ],
              [
                194323.3563000001,
                654908.6501000002
              ],
              [
                194323.44130000006,
                654908.6076999996
              ],
              [
                194323.61110000033,
                654908.5232999995
              ],
              [
                194323.69570000004,
                654908.4811000004
              ],
              [
                194323.7807,
                654908.4385000002
              ],
              [
                194323.95029999968,
                654908.3532999996
              ],
              [
                194324.03509999998,
                654908.3106999993
              ],
              [
                194324.1196999997,
                654908.2681000009
              ],
              [
                194324.28890000004,
                654908.1824999992
              ],
              [
                194324.3733000001,
                654908.1396999992
              ],
              [
                194324.4578999998,
                654908.0965
              ],
              [
                194324.62689999957,
                654908.0102999993
              ],
              [
                194324.71129999962,
                654907.9671
              ],
              [
                194324.7955,
                654907.9236999992
              ],
              [
                194324.9643000001,
                654907.8368999995
              ],
              [
                194325.0482999999,
                654907.7935000006
              ],
              [
                194325.13269999996,
                654907.7499000002
              ],
              [
                194325.3010999998,
                654907.6624999996
              ],
              [
                194325.3850999996,
                654907.6186999995
              ],
              [
                194325.46910000034,
                654907.5746999998
              ],
              [
                194325.63709999993,
                654907.4867000002
              ],
              [
                194325.72109999973,
                654907.4429000001
              ],
              [
                194325.80510000046,
                654907.3984999992
              ],
              [
                194325.9726999998,
                654907.3099000007
              ],
              [
                194326.0569000002,
                654907.2654999997
              ],
              [
                194326.1403000001,
                654907.2211000007
              ],
              [
                194326.30769999977,
                654907.1320999991
              ],
              [
                194326.39130000025,
                654907.0875000004
              ],
              [
                194326.4748999998,
                654907.0425000004
              ],
              [
                194326.64209999982,
                654906.9528999999
              ],
              [
                194326.7254999997,
                654906.9080999997
              ],
              [
                194326.8091000002,
                654906.8629000001
              ],
              [
                194326.97589999996,
                654906.7725000009
              ],
              [
                194327.0588999996,
                654906.7274999991
              ],
              [
                194327.14250000007,
                654906.6819000002
              ],
              [
                194327.3088999996,
                654906.5910999998
              ],
              [
                194327.39209999982,
                654906.5459000003
              ],
              [
                194327.47530000005,
                654906.5000999998
              ],
              [
                194327.6414999999,
                654906.4087000005
              ],
              [
                194327.72470000014,
                654906.3627000004
              ],
              [
                194327.8075000001,
                654906.3169
              ],
              [
                194327.97329999972,
                654906.2248999998
              ],
              [
                194328.0563000003,
                654906.1788999997
              ],
              [
                194328.13889999967,
                654906.1327
              ],
              [
                194328.30449999962,
                654906.0401000008
              ],
              [
                194328.3875000002,
                654905.9936999995
              ],
              [
                194328.4698999999,
                654905.9471000005
              ],
              [
                194328.6350999996,
                654905.8541000001
              ],
              [
                194328.71810000017,
                654905.8070999999
              ],
              [
                194328.80009999964,
                654905.7607000005
              ],
              [
                194328.96490000002,
                654905.6668999996
              ],
              [
                194329.04750000034,
                654905.6198999994
              ],
              [
                194329.1297000004,
                654905.5728999991
              ],
              [
                194329.29430000018,
                654905.4787000008
              ],
              [
                194329.37629999965,
                654905.4317000005
              ],
              [
                194329.4587000003,
                654905.3840999994
              ],
              [
                194329.62289999984,
                654905.2893000003
              ],
              [
                194329.7050999999,
                654905.2416999992
              ],
              [
                194329.78689999972,
                654905.1941
              ],
              [
                194329.9508999996,
                654905.0987
              ],
              [
                194330.03309999965,
                654905.0508999992
              ],
              [
                194330.1146999998,
                654905.0029000007
              ],
              [
                194330.27809999976,
                654904.9068999998
              ],
              [
                194330.36010000017,
                654904.8588999994
              ],
              [
                194330.44170000032,
                654904.8106999993
              ],
              [
                194330.6048999997,
                654904.7142999992
              ],
              [
                194330.68649999984,
                654904.6658999994
              ],
              [
                194330.76790000033,
                654904.6173
              ],
              [
                194330.93090000004,
                654904.5203000009
              ],
              [
                194331.0122999996,
                654904.4716999996
              ],
              [
                194331.09370000008,
                654904.4229000006
              ],
              [
                194331.25609999988,
                654904.3253000006
              ],
              [
                194331.33729999978,
                654904.2764999997
              ],
              [
                194331.41849999968,
                654904.2272999994
              ],
              [
                194331.58069999982,
                654904.1291000005
              ],
              [
                194331.66170000006,
                654904.0800999999
              ],
              [
                194331.74289999995,
                654904.0305000003
              ],
              [
                194331.90469999984,
                654903.9317000005
              ],
              [
                194331.98570000008,
                654903.8823000006
              ],
              [
                194332.06649999972,
                654903.8326999992
              ],
              [
                194332.22809999995,
                654903.7333000004
              ],
              [
                194332.30869999994,
                654903.6837000009
              ],
              [
                194332.38949999958,
                654903.6337000001
              ],
              [
                194332.55069999956,
                654903.5339000002
              ],
              [
                194332.63129999954,
                654903.4838999994
              ],
              [
                194332.71169999987,
                654903.4337000009
              ],
              [
                194332.8724999996,
                654903.3333
              ],
              [
                194332.95309999958,
                654903.2829
              ],
              [
                194333.03330000024,
                654903.2324999999
              ],
              [
                194333.1936999997,
                654903.1315000001
              ],
              [
                194333.27390000038,
                654903.0811000001
              ],
              [
                194333.3541000001,
                654903.0303000007
              ],
              [
                194333.51429999992,
                654902.9287
              ],
              [
                194333.5943,
                654902.8779000007
              ],
              [
                194333.67430000007,
                654902.8268999998
              ],
              [
                194333.83409999963,
                654902.7247000001
              ],
              [
                194333.9140999997,
                654902.6736999992
              ],
              [
                194333.99370000046,
                654902.6223000009
              ],
              [
                194334.15330000035,
                654902.5197000001
              ],
              [
                194334.23330000043,
                654902.4681000002
              ],
              [
                194334.3125,
                654902.4167
              ],
              [
                194334.47169999965,
                654902.3135000002
              ],
              [
                194334.5513000004,
                654902.2617000006
              ],
              [
                194334.63049999997,
                654902.2101000007
              ],
              [
                194334.7893000003,
                654902.1063000001
              ],
              [
                194334.86870000046,
                654902.0543000009
              ],
              [
                194334.94790000003,
                654902.0022999998
              ],
              [
                194335.1063000001,
                654901.8979000002
              ],
              [
                194335.18570000026,
                654901.8456999995
              ],
              [
                194335.26449999958,
                654901.7932999991
              ],
              [
                194335.42250000034,
                654901.6885000002
              ],
              [
                194335.5016999999,
                654901.6360999998
              ],
              [
                194335.58050000016,
                654901.5833
              ],
              [
                194335.73809999973,
                654901.4781
              ],
              [
                194335.81689999998,
                654901.4253000002
              ],
              [
                194335.89549999963,
                654901.3723000009
              ],
              [
                194336.05289999954,
                654901.2664999999
              ],
              [
                194336.13129999954,
                654901.2135000005
              ],
              [
                194336.2100999998,
                654901.1601
              ],
              [
                194336.3668999998,
                654901.0537
              ],
              [
                194336.44550000038,
                654901.0004999992
              ],
              [
                194336.5236999998,
                654900.9469000008
              ],
              [
                194336.68030000012,
                654900.8399
              ],
              [
                194336.75870000012,
                654900.7862999998
              ],
              [
                194336.83669999987,
                654900.7326999996
              ],
              [
                194336.99289999995,
                654900.6250999998
              ],
              [
                194337.0708999997,
                654900.5713
              ],
              [
                194337.14890000038,
                654900.5173000004
              ],
              [
                194337.3047000002,
                654900.4090999998
              ],
              [
                194337.38289999962,
                654900.3549000006
              ],
              [
                194337.46030000038,
                654900.3006999996
              ],
              [
                194337.61589999963,
                654900.1920999996
              ],
              [
                194337.6936999997,
                654900.1377000008
              ],
              [
                194337.77109999955,
                654900.0833
              ],
              [
                194337.9260999998,
                654899.9740999993
              ],
              [
                194338.00370000023,
                654899.9195000008
              ],
              [
                194338.08110000007,
                654899.8647000007
              ],
              [
                194338.23570000008,
                654899.7548999991
              ],
              [
                194338.31329999957,
                654899.6998999994
              ],
              [
                194338.3903000001,
                654899.6448999997
              ],
              [
                194338.54470000044,
                654899.5347000007
              ],
              [
                194338.62170000002,
                654899.4796999991
              ],
              [
                194338.6986999996,
                654899.4243000001
              ],
              [
                194338.8526999997,
                654899.3135000002
              ],
              [
                194338.9297000002,
                654899.2580999993
              ],
              [
                194339.00650000013,
                654899.2025000006
              ],
              [
                194339.16009999998,
                654899.0910999998
              ],
              [
                194339.2368999999,
                654899.0354999993
              ],
              [
                194339.31350000016,
                654898.9794999994
              ],
              [
                194339.46669999976,
                654898.8676999994
              ],
              [
                194339.54310000036,
                654898.8118999992
              ],
              [
                194339.61950000003,
                654898.7556999996
              ],
              [
                194339.7723000003,
                654898.6433000006
              ],
              [
                194339.84869999997,
                654898.5870999992
              ],
              [
                194339.92489999998,
                654898.5307
              ],
              [
                194340.0773,
                654898.4177000001
              ],
              [
                194340.15350000001,
                654898.3613000009
              ],
              [
                194340.22970000003,
                654898.3047000002
              ],
              [
                194340.38150000013,
                654898.1912999991
              ],
              [
                194340.45770000014,
                654898.1345000006
              ],
              [
                194340.5334999999,
                654898.0775000006
              ],
              [
                194340.68510000035,
                654897.9637000002
              ],
              [
                194340.76070000045,
                654897.9067000002
              ],
              [
                194340.8365000002,
                654897.8495000005
              ],
              [
                194340.9877000004,
                654897.7348999996
              ],
              [
                194341.0630999999,
                654897.6778999995
              ],
              [
                194341.1387,
                654897.6203000005
              ],
              [
                194341.28949999996,
                654897.5053000003
              ],
              [
                194341.3649000004,
                654897.4478999991
              ],
              [
                194341.44010000024,
                654897.3901000004
              ],
              [
                194341.5906999996,
                654897.2744999994
              ],
              [
                194341.66590000037,
                654897.2167000007
              ],
              [
                194341.74089999963,
                654897.1589000002
              ],
              [
                194341.8909,
                654897.0428999998
              ],
              [
                194341.96590000018,
                654896.9846999999
              ],
              [
                194342.04069999978,
                654896.9265000001
              ],
              [
                194342.1902999999,
                654896.8101000004
              ],
              [
                194342.26510000043,
                654896.7517000008
              ],
              [
                194342.33970000036,
                654896.6932999995
              ],
              [
                194342.4890999999,
                654896.5763000008
              ],
              [
                194342.56369999982,
                654896.5176999997
              ],
              [
                194342.6381000001,
                654896.4589000009
              ],
              [
                194342.78689999972,
                654896.3412999995
              ],
              [
                194342.8613,
                654896.2825000007
              ],
              [
                194342.93549999967,
                654896.2235000003
              ],
              [
                194343.08389999997,
                654896.1054999996
              ],
              [
                194343.15830000024,
                654896.0462999996
              ],
              [
                194343.23209999967,
                654895.9870999996
              ],
              [
                194343.38009999972,
                654895.8684999999
              ],
              [
                194343.45430000033,
                654895.8091000002
              ],
              [
                194343.5279000001,
                654895.7497000005
              ],
              [
                194343.6754999999,
                654895.6306999996
              ],
              [
                194343.74949999992,
                654895.5711000003
              ],
              [
                194343.82290000003,
                654895.5112999994
              ],
              [
                194343.97009999957,
                654895.3916999996
              ],
              [
                194344.04389999993,
                654895.3319000006
              ],
              [
                194344.11710000038,
                654895.2719
              ],
              [
                194344.26389999967,
                654895.1516999993
              ],
              [
                194344.33729999978,
                654895.0917000007
              ],
              [
                194344.41050000023,
                654895.0313000008
              ],
              [
                194344.5569000002,
                654894.9107000008
              ],
              [
                194344.6303000003,
                654894.8502999991
              ],
              [
                194344.70289999992,
                654894.7898999993
              ],
              [
                194344.84889999963,
                654894.6688999999
              ],
              [
                194344.92190000042,
                654894.6083000004
              ],
              [
                194344.9946999997,
                654894.5474999994
              ],
              [
                194345.1403000001,
                654894.4258999992
              ],
              [
                194345.2128999997,
                654894.3651
              ],
              [
                194345.28550000023,
                654894.3038999997
              ],
              [
                194345.43070000038,
                654894.1819000002
              ],
              [
                194345.50310000032,
                654894.1208999995
              ],
              [
                194345.57550000027,
                654894.0594999995
              ],
              [
                194345.72030000016,
                654893.9368999992
              ],
              [
                194345.79250000045,
                654893.8757000007
              ],
              [
                194345.8646999998,
                654893.8138999995
              ],
              [
                194346.00889999978,
                654893.6908999998
              ],
              [
                194346.15309999976,
                654893.5675000008
              ],
              [
                194346.18730000034,
                654893.5381000005
              ],
              [
                194351.65440000035,
                654892.1005000006
              ],
              [
                194357.24390000012,
                654891.2562000006
              ],
              [
                194362.89169999957,
                654891.0147999991
              ],
              [
                194368.53280000016,
                654891.3791000005
              ],
              [
                194451.93879999965,
                654897.9339000005
              ],
              [
                194459.94170000032,
                654901.3268999998
              ],
              [
                194461.14960000012,
                654901.8024000004
              ],
              [
                194463.96700000018,
                654902.6438999996
              ],
              [
                194483.0678000003,
                654907.1440999992
              ],
              [
                194509.8585000001,
                654913.4541999996
              ],
              [
                194510.95820000023,
                654913.6873000003
              ],
              [
                194539.14180000033,
                654920.7803000007
              ],
              [
                194533.60369999986,
                654917.9984000009
              ],
              [
                194684.01800000016,
                654944.9143000003
              ],
              [
                194576.3258999996,
                654926.9746000003
              ],
              [
                194620.71879999992,
                654938.6745999996
              ],
              [
                194621.93979999982,
                654938.9638
              ],
              [
                194640.96630000044,
                654942.9693999998
              ],
              [
                194674.48000000045,
                654949.9494000003
              ],
              [
                194722.92109999992,
                654960.5346000008
              ],
              [
                194733.8443,
                654962.9727999996
              ],
              [
                194794.22709999979,
                654977.5349000003
              ],
              [
                194832.87930000015,
                654986.2606000006
              ],
              [
                194849.85819999967,
                654990.1198999994
              ],
              [
                194901.16160000023,
                655003.1148000006
              ],
              [
                194902.95889999997,
                655003.5002999995
              ],
              [
                194903.73460000008,
                655003.6245000008
              ],
              [
                194913.1760999998,
                655004.9849999994
              ],
              [
                194929.53660000023,
                655007.3423999995
              ],
              [
                194938.43460000027,
                655008.6245000008
              ],
              [
                194941.59929999989,
                655008.8769000005
              ],
              [
                194999.07990000024,
                655009.7985999994
              ],
              [
                195044.9347000001,
                655012.4461000003
              ],
              [
                195073.93099999987,
                655014.6201000009
              ],
              [
                195076.03409999982,
                655014.6878999993
              ],
              [
                195097.81010000035,
                655014.2811999992
              ],
              [
                195112.87349999975,
                655013.9999000002
              ],
              [
                195122.89470000006,
                655013.8126999997
              ],
              [
                195149.10369999986,
                655014.1060000006
              ],
              [
                195212.29980000015,
                655006.1136000007
              ],
              [
                195235.58320000023,
                655000.0000999998
              ],
              [
                195254.63320000004,
                654990.7676999997
              ],
              [
                195302.78749999963,
                654969.0719000008
              ],
              [
                195341.69060000032,
                654951.7084999997
              ],
              [
                195354.32070000004,
                654935.7521000002
              ],
              [
                195363.7751000002,
                654924.6599000003
              ],
              [
                195364.23759999964,
                654924.1108999997
              ],
              [
                195381.5236999998,
                654916.6410000008
              ],
              [
                195462.46329999994,
                654929.6316999998
              ]
            ],
            [
              [
                194464.66889999993,
                654893.0851000007
              ],
              [
                194464.52830000035,
                654893.0416000001
              ],
              [
                194464.84240000043,
                654893.1307999995
              ],
              [
                194464.66889999993,
                654893.0851000007
              ]
            ]
          ]
        ]
      }
    },
    {
      "type": "Feature",
      "properties": {
        "OBJECTID": 2782,
        "PL_NAME": "תוכנית מיתאר ארצית אחודה",
        "PL_NUMBER": "תמא/ 1",
        "SCENARIO": "ראשי",
        "stage": "שטחים פתוחים",
        "type_name": "מוגנים",
        "MAVAT_NAME": "יער פארק",
        "NAME": "איילון",
        "MAVAT_CODE": 10302,
        "STATUS": "מאושרת",
        "DATA_DATE": 1563062400000,
        "LABEL": "איילון",
        "NUM": "3103",
        "LEGAL_AREA": 2314,
        "LAST_UPDATE": "14/07/2019",
        "LEN": null,
        "TYPE_CODE": 3103,
        "PL_change": null,
        "PL_URL": null,
        "REMARKS": null,
        "Layer_Name": "יער",
        "scale": "1:100000",
        "AREA": 249254.26358329313,
        "DEFQ": null,
        "place_no": 2850
      },
      "geometry": {
        "type": "Polygon",
        "coordinates": [
          [
            [
              190139.34370000008,
              654643.5
            ],
            [
              190190,
              654550
            ],
            [
              190290,
              654480
            ],
            [
              190320,
              654390
            ],
            [
              190320,
              654280
            ],
            [
              190330,
              654210
            ],
            [
              190360,
              654110
            ],
            [
              190430,
              654020
            ],
            [
              190450,
              653970
            ],
            [
              190440,
              653880
            ],
            [
              190420,
              653790
            ],
            [
              190410,
              653740
            ],
            [
              190460,
              653660
            ],
            [
              190520,
              653590
            ],
            [
              190570,
              653510
            ],
            [
              190610,
              653450
            ],
            [
              190610,
              653350
            ],
            [
              190600,
              653220
            ],
            [
              190600,
              653140
            ],
            [
              190621.67179999966,
              653092.3125
            ],
            [
              190627.95309999958,
              653035.9375
            ],
            [
              190621.32809999958,
              653012.75
            ],
            [
              190598.55879999977,
              653010.2186999992
            ],
            [
              190589,
              653024.5
            ],
            [
              190576.40629999992,
              653047.3125
            ],
            [
              190572.5,
              653056.875
            ],
            [
              190569.29690000042,
              653082.375
            ],
            [
              190561.79690000042,
              653103.625
            ],
            [
              190553.20309999958,
              653122.8125
            ],
            [
              190543.70309999958,
              653139.125
            ],
            [
              190529.90629999992,
              653159.1875
            ],
            [
              190520.5,
              653168.625
            ],
            [
              190511.79690000042,
              653176.125
            ],
            [
              190497.29690000042,
              653184.3125
            ],
            [
              190480,
              653189.4700000007
            ],
            [
              190480,
              653200
            ],
            [
              190481.6799999997,
              653211.7603999991
            ],
            [
              190503.90629999992,
              653218.5
            ],
            [
              190499,
              653239.125
            ],
            [
              190503.59379999992,
              653272.3125
            ],
            [
              190505.40629999992,
              653276.3125
            ],
            [
              190509.20309999958,
              653285.125
            ],
            [
              190508.97649999987,
              653285.8137999997
            ],
            [
              190550,
              653320
            ],
            [
              190550,
              653380
            ],
            [
              190500,
              653450
            ],
            [
              190440,
              653540
            ],
            [
              190371.1152999997,
              653588.2193
            ],
            [
              190340,
              653610
            ],
            [
              190317.88320000004,
              653645.3869000003
            ],
            [
              190315.0036000004,
              653649.9943000004
            ],
            [
              190290.71850000042,
              653688.8504000008
            ],
            [
              190290,
              653690
            ],
            [
              190290,
              653698.1917000003
            ],
            [
              190290,
              653790
            ],
            [
              190294.13889999967,
              653823.1117000002
            ],
            [
              190304.29690000042,
              653826.875
            ],
            [
              190298.9305999996,
              653861.4453999996
            ],
            [
              190300,
              653870
            ],
            [
              190326.40359999985,
              653940.4094999991
            ],
            [
              190330,
              653950
            ],
            [
              190310,
              654000
            ],
            [
              190283.31390000042,
              654033.3579999991
            ],
            [
              190272.73560000025,
              654046.5804999992
            ],
            [
              190270,
              654050
            ],
            [
              190268.24739999976,
              654052.0448000003
            ],
            [
              190245.1741000004,
              654078.9636000004
            ],
            [
              190241.50549999997,
              654083.2435999997
            ],
            [
              190217.5706000002,
              654111.1676000003
            ],
            [
              190214.12540000025,
              654115.1870000008
            ],
            [
              190210,
              654120
            ],
            [
              190199.0515999999,
              654147.3708999995
            ],
            [
              190197.70830000006,
              654150.7292999998
            ],
            [
              190190,
              654170
            ],
            [
              190197.2405000003,
              654189.3091000002
            ],
            [
              190199.21559999976,
              654194.5749999993
            ],
            [
              190215.6952999998,
              654238.5208999999
            ],
            [
              190215.6964999996,
              654238.5239000004
            ],
            [
              190218.1342000002,
              654245.0243999995
            ],
            [
              190220,
              654250
            ],
            [
              190230,
              654330
            ],
            [
              190180,
              654410
            ],
            [
              190120,
              654480
            ],
            [
              190051.03120000008,
              654561.125
            ],
            [
              190000,
              654580
            ],
            [
              189900,
              654570
            ],
            [
              189880,
              654580
            ],
            [
              189850,
              654610
            ],
            [
              189790,
              654670
            ],
            [
              189800,
              654710
            ],
            [
              189810,
              654760
            ],
            [
              189820,
              654810
            ],
            [
              189830,
              654840
            ],
            [
              189830,
              654870
            ],
            [
              189843.15130000003,
              654889.7149
            ],
            [
              189871.99909999967,
              654908.2122000009
            ],
            [
              189870.64859999996,
              654909.0445000008
            ],
            [
              189960,
              654901.0738999993
            ],
            [
              189960,
              654880
            ],
            [
              189950,
              654850
            ],
            [
              189940,
              654810
            ],
            [
              189940,
              654790
            ],
            [
              189950,
              654760
            ],
            [
              190000,
              654750
            ],
            [
              190139.34370000008,
              654643.5
            ]
          ]
        ]
      }
    },
    {
      "type": "Feature",
      "properties": {
        "OBJECTID": 2815,
        "PL_NAME": "תוכנית מיתאר ארצית אחודה",
        "PL_NUMBER": "תמא/ 1",
        "SCENARIO": "ראשי",
        "stage": "שטחים פתוחים",
        "type_name": "מוגנים",
        "MAVAT_NAME": "יער פארק",
        "NAME": "דן",
        "MAVAT_CODE": 10302,
        "STATUS": "מאושרת",
        "DATA_DATE": 1563062400000,
        "LABEL": "דן",
        "NUM": "3114",
        "LEGAL_AREA": 961,
        "LAST_UPDATE": "14/07/2019",
        "LEN": null,
        "TYPE_CODE": 3114,
        "PL_change": null,
        "PL_URL": null,
        "REMARKS": null,
        "Layer_Name": "יער",
        "scale": "1:100000",
        "AREA": 414139.28194407583,
        "DEFQ": null,
        "place_no": 2883
      },
      "geometry": {
        "type": "Polygon",
        "coordinates": [
          [
            [
              181135.2999999998,
              660771.3272999991
            ],
            [
              181174.20999999996,
              660743.0173000004
            ],
            [
              181177.83430000022,
              660740.1608000007
            ],
            [
              181181.22840000037,
              660737.0343999993
            ],
            [
              181220.7248999998,
              660697.7379000001
            ],
            [
              181283.33129999973,
              660634.8213999998
            ],
            [
              181286.76279999968,
              660631.0673999991
            ],
            [
              181288.93630000018,
              660628.3177000005
            ],
            [
              181299.63630000036,
              660613.9376999997
            ],
            [
              181301.62939999998,
              660611.0906000007
            ],
            [
              181302.68230000045,
              660609.4310999997
            ],
            [
              181308.75930000003,
              660599.4974000007
            ],
            [
              181314.18259999994,
              660592.5951000005
            ],
            [
              181333.8853000002,
              660575.2605000008
            ],
            [
              181366.01489999983,
              660553.7075999994
            ],
            [
              181368.41959999967,
              660552.0075000003
            ],
            [
              181373.18599999975,
              660548.0612000003
            ],
            [
              181393.09750000015,
              660529.7654999997
            ],
            [
              181408.58540000021,
              660515.9156999998
            ],
            [
              181409.66700000037,
              660514.9243000001
            ],
            [
              181439.62550000008,
              660486.7862
            ],
            [
              181489.77290000021,
              660452.7311000004
            ],
            [
              181546.9160000002,
              660418.5749999993
            ],
            [
              181596.58139999956,
              660392.1391000003
            ],
            [
              181652.0762,
              660365.0056999996
            ],
            [
              181681.6785000004,
              660352.9945
            ],
            [
              181703.83910000045,
              660348.3376000002
            ],
            [
              181708.70830000006,
              660347.0995000005
            ],
            [
              181709.78780000005,
              660346.7652000003
            ],
            [
              181713.57870000042,
              660345.5519999992
            ],
            [
              181722.28610000014,
              660342.7656999994
            ],
            [
              181727.76489999983,
              660340.7130999994
            ],
            [
              181734.01889999956,
              660337.5708000008
            ],
            [
              181773.2720999997,
              660314.8701000009
            ],
            [
              181838.31099999975,
              660284.4781
            ],
            [
              181839.60610000044,
              660283.8539000005
            ],
            [
              181934.53249999974,
              660236.6926000006
            ],
            [
              181945.09649999999,
              660231.4433999993
            ],
            [
              181954.1875,
              660226.8425999992
            ],
            [
              181955.41009999998,
              660226.2060000002
            ],
            [
              181980.39879999962,
              660212.8271999992
            ],
            [
              182008.28280000016,
              660202.7451000009
            ],
            [
              182020.34580000024,
              660199.9277999997
            ],
            [
              182023.90830000024,
              660198.9794999994
            ],
            [
              182025.36610000022,
              660198.5227000006
            ],
            [
              182038.16610000003,
              660194.3326999992
            ],
            [
              182042.98149999976,
              660192.5243999995
            ],
            [
              182079.12320000026,
              660177.1536999997
            ],
            [
              182085.50009999983,
              660173.9616
            ],
            [
              182088.95999999996,
              660171.8040999994
            ],
            [
              182103.0301000001,
              660162.3512999993
            ],
            [
              182104.3942999998,
              660161.9244999997
            ],
            [
              182116.3415000001,
              660159.4003999997
            ],
            [
              182119.2912999997,
              660159.4429000001
            ],
            [
              182140.19620000012,
              660178.1942999996
            ],
            [
              182152.80599999987,
              660192.1327
            ],
            [
              182156.1255999999,
              660195.5225000009
            ],
            [
              182161.33629999962,
              660199.9072999991
            ],
            [
              182191.1035000002,
              660222.1974
            ],
            [
              182197.00009999983,
              660226.0815999992
            ],
            [
              182198.68549999967,
              660227.0188999996
            ],
            [
              182215.98550000042,
              660236.2788999993
            ],
            [
              182220.53529999964,
              660238.4730999991
            ],
            [
              182225.06020000018,
              660240.2116999999
            ],
            [
              182244.26020000037,
              660246.7116999999
            ],
            [
              182249.44429999962,
              660248.2105
            ],
            [
              182254.74199999962,
              660249.2375000007
            ],
            [
              182260.11060000025,
              660249.7842999995
            ],
            [
              182265.50659999996,
              660249.8465
            ],
            [
              182287.4927000003,
              660249.1108999997
            ],
            [
              182302.58279999997,
              660250.7803000007
            ],
            [
              182322.73180000018,
              660257.2653000001
            ],
            [
              182344.66009999998,
              660265.2547999993
            ],
            [
              182350.35170000046,
              660267.0138000008
            ],
            [
              182356.1897,
              660268.1996999998
            ],
            [
              182362.1166000003,
              660268.8007999994
            ],
            [
              182368.07380000036,
              660268.8112000003
            ],
            [
              182382.46380000003,
              660268.1212000009
            ],
            [
              182387.63900000043,
              660267.6478000004
            ],
            [
              182392.7538999999,
              660266.7281999998
            ],
            [
              182429.63350000046,
              660258.4349000007
            ],
            [
              182446.28259999957,
              660255.4197000004
            ],
            [
              182452.7982999999,
              660253.8595000003
            ],
            [
              182454.7111999998,
              660253.2517000008
            ],
            [
              182464.75420000032,
              660249.8750999998
            ],
            [
              182471.59530000016,
              660247.6729000006
            ],
            [
              182496.04470000044,
              660250.2815000005
            ],
            [
              182498.92140000034,
              660250.5186000001
            ],
            [
              182502.41009999998,
              660250.6201000009
            ],
            [
              182524.00009999983,
              660250.6201000009
            ],
            [
              182527.4888000004,
              660250.5186000001
            ],
            [
              182534.29200000037,
              660249.7307999991
            ],
            [
              182554.05549999978,
              660246.2896999996
            ],
            [
              182559.5025000004,
              660245.0716999993
            ],
            [
              182564.81280000042,
              660243.3528000005
            ],
            [
              182569.94039999973,
              660241.1479000002
            ],
            [
              182574.84090000018,
              660238.4760999996
            ],
            [
              182581.23089999985,
              660234.5961000007
            ],
            [
              182586.59119999968,
              660230.9300999995
            ],
            [
              182591.5240000002,
              660226.7062999997
            ],
            [
              182595.97140000015,
              660221.9740999993
            ],
            [
              182602.01209999993,
              660214.8057000004
            ],
            [
              182606.21939999983,
              660209.1605999991
            ],
            [
              182609.8342000004,
              660202.8640000001
            ],
            [
              182644.3541000001,
              660132.4805999994
            ],
            [
              182667.43439999968,
              660087.3027999997
            ],
            [
              182668.70100000035,
              660084.6432000007
            ],
            [
              182676.89279999956,
              660066.2883000001
            ],
            [
              182696.8563000001,
              660066.2024000008
            ],
            [
              182728.48790000007,
              660069.2276000008
            ],
            [
              182730.71140000038,
              660069.3986000009
            ],
            [
              182734.56209999975,
              660069.4989999998
            ],
            [
              182747.2932000002,
              660069.4221999999
            ],
            [
              182760.43510000035,
              660072.5197999999
            ],
            [
              182763.78120000008,
              660073.2085999995
            ],
            [
              182766.96669999976,
              660073.6824999992
            ],
            [
              182800.36149999965,
              660077.7379999999
            ],
            [
              182802.5861999998,
              660122.2304999996
            ],
            [
              182802.50019999966,
              660155.0414000005
            ],
            [
              182802.84659999982,
              660161.5591000002
            ],
            [
              182807.37619999982,
              660203.5123999994
            ],
            [
              182808.67879999988,
              660210.9010000005
            ],
            [
              182812.6501000002,
              660227.0350000001
            ],
            [
              182814.52850000001,
              660233.2113000005
            ],
            [
              182815.49039999954,
              660235.6826000009
            ],
            [
              182818.78039999958,
              660243.6126000006
            ],
            [
              182821.08389999997,
              660248.5248000007
            ],
            [
              182823.82180000003,
              660253.2089000009
            ],
            [
              182826.97159999982,
              660257.6263999995
            ],
            [
              182837.3616000004,
              660270.8863999993
            ],
            [
              182841.3638000004,
              660275.4912
            ],
            [
              182845.81280000042,
              660279.6656999998
            ],
            [
              182850.66289999988,
              660283.3669000007
            ],
            [
              182855.8635999998,
              660286.5563999992
            ],
            [
              182879.57359999977,
              660299.4864000008
            ],
            [
              182884.2851999998,
              660301.7945000008
            ],
            [
              182889.18030000012,
              660303.6821999997
            ],
            [
              182894.22169999965,
              660305.1349999998
            ],
            [
              182923.51169999968,
              660312.2050000001
            ],
            [
              182926.33719999995,
              660312.8154000007
            ],
            [
              182947.34590000007,
              660316.8267999999
            ],
            [
              182963.8831000002,
              660322.8928999994
            ],
            [
              182974.81900000013,
              660327.2895
            ],
            [
              182979.9918999998,
              660329.0995000005
            ],
            [
              182982.60140000004,
              660329.8169999998
            ],
            [
              182996.21190000046,
              660333.2312000003
            ],
            [
              183006.1216000002,
              660336.1190000009
            ],
            [
              183014.93120000046,
              660339.9997000005
            ],
            [
              183021.52670000028,
              660342.4266999997
            ],
            [
              183037.50430000015,
              660347.2631000001
            ],
            [
              183043.62980000023,
              660348.7610999998
            ],
            [
              183064.73979999963,
              660352.7610999998
            ],
            [
              183065.49120000005,
              660352.8986000009
            ],
            [
              183071.5292999996,
              660353.6500000004
            ],
            [
              183097.20930000022,
              660355.5299999993
            ],
            [
              183098.10140000004,
              660355.5886000004
            ],
            [
              183102.93570000026,
              660355.6750000007
            ],
            [
              183128.3457000004,
              660355.1050000004
            ],
            [
              183129.42729999963,
              660355.0710000005
            ],
            [
              183154.12729999982,
              660354.0710000005
            ],
            [
              183155.18879999965,
              660354.0186000001
            ],
            [
              183158.12449999992,
              660353.7752
            ],
            [
              183178.92449999973,
              660351.5351999998
            ],
            [
              183182.91899999976,
              660350.9685999993
            ],
            [
              183184.11500000022,
              660350.7452000007
            ],
            [
              183205.70500000007,
              660346.4852000009
            ],
            [
              183207.9265999999,
              660346.0029000007
            ],
            [
              183230.03660000023,
              660340.7629000004
            ],
            [
              183233.40830000024,
              660339.8595000003
            ],
            [
              183236.0867999997,
              660338.9886000007
            ],
            [
              183257.9768000003,
              660331.2985999994
            ],
            [
              183263.12469999958,
              660329.2178000007
            ],
            [
              183268.05819999985,
              660326.6699999999
            ],
            [
              183272.73500000034,
              660323.6771000009
            ],
            [
              183291.5549999997,
              660310.3671000004
            ],
            [
              183295.5850999998,
              660307.2521000002
            ],
            [
              183299.3365000002,
              660303.8065000009
            ],
            [
              183325.3365000002,
              660277.8065000009
            ],
            [
              183328.8728,
              660273.9474
            ],
            [
              183331.62079999968,
              660270.4123999998
            ],
            [
              183346.91079999972,
              660249.1524
            ],
            [
              183348.32940000016,
              660247.0906000007
            ],
            [
              183348.85580000002,
              660246.2759000007
            ],
            [
              183361.87469999958,
              660225.7671000008
            ],
            [
              183377.9698999999,
              660201.0658999998
            ],
            [
              183381.3180999998,
              660195.2380999997
            ],
            [
              183383.71310000028,
              660189.8169999998
            ],
            [
              183394.84439999983,
              660160.8263000008
            ],
            [
              183410.57880000025,
              660121.693
            ],
            [
              183411.29169999994,
              660119.8312999997
            ],
            [
              183413.08019999973,
              660114.0165999997
            ],
            [
              183436.90249999985,
              660111.7247000001
            ],
            [
              183448.61039999966,
              660111.0337000005
            ],
            [
              183478.56060000043,
              660111.6019000001
            ],
            [
              183493.77919999976,
              660112.0892999992
            ],
            [
              183496.99849999975,
              660112.1060000006
            ],
            [
              183520.0985000003,
              660111.6060000006
            ],
            [
              183522.2888000002,
              660111.5186000001
            ],
            [
              183529.35199999996,
              660110.6848000009
            ],
            [
              183547.7748999996,
              660107.3510999996
            ],
            [
              183554.2982999999,
              660105.7895
            ],
            [
              183559.33629999962,
              660104.0336000007
            ],
            [
              183569.65629999992,
              660099.9135999996
            ],
            [
              183575.15479999967,
              660097.3900000006
            ],
            [
              183580.37119999994,
              660094.3256000001
            ],
            [
              183585.2525000004,
              660090.7513999995
            ],
            [
              183589.74899999984,
              660086.7038000003
            ],
            [
              183593.81510000024,
              660082.2239999995
            ],
            [
              183597.40940000024,
              660077.3574000001
            ],
            [
              183604.15440000035,
              660067.1889999993
            ],
            [
              183606.89300000016,
              660062.6129999999
            ],
            [
              183609.21449999977,
              660057.8118999992
            ],
            [
              183611.10039999988,
              660052.8235999998
            ],
            [
              183616.92040000018,
              660035.0835999995
            ],
            [
              183618.63540000003,
              660028.6821999997
            ],
            [
              183619.63389999978,
              660022.1306999996
            ],
            [
              183619.90380000044,
              660015.5090999994
            ],
            [
              183619.44180000015,
              660008.8980999999
            ],
            [
              183618.25349999964,
              660002.3783999998
            ],
            [
              183616.3535000002,
              659996.0295000002
            ],
            [
              183614.2673000004,
              659990.2434
            ],
            [
              183614.32809999958,
              659987.8122000005
            ],
            [
              183617.5809000004,
              659973.8194999993
            ],
            [
              183617.63819999993,
              659973.5731000006
            ],
            [
              183617.64010000043,
              659973.5647999998
            ],
            [
              183617.62930000015,
              659973.5589000005
            ],
            [
              183617.61209999956,
              659973.5492000002
            ],
            [
              183616.90830000024,
              659973.1520000007
            ],
            [
              183615.57699999958,
              659972.4004999995
            ],
            [
              183614.75829999987,
              659971.9385000002
            ],
            [
              183614.28390000015,
              659971.6707000006
            ],
            [
              183613.7708999999,
              659971.3812000006
            ],
            [
              183603.8936999999,
              659965.8061999995
            ],
            [
              183592.63460000046,
              659959.4514000006
            ],
            [
              183576.0159,
              659950.0713999998
            ],
            [
              183572.75409999955,
              659948.2303999998
            ],
            [
              183566.4704,
              659944.6838000007
            ],
            [
              183557.5532999998,
              659939.6508000009
            ],
            [
              183555.57770000026,
              659938.5357000008
            ],
            [
              183553.9042999996,
              659937.5911999997
            ],
            [
              183551.52759999968,
              659936.2497000005
            ],
            [
              183551.0281999996,
              659935.9678000007
            ],
            [
              183550.6473000003,
              659935.7529000007
            ],
            [
              183550.43800000008,
              659935.6347000003
            ],
            [
              183550.19859999977,
              659935.4996000007
            ],
            [
              183550.2538999999,
              659934.6511000004
            ],
            [
              183551.42449999973,
              659916.7062999997
            ],
            [
              183552.37519999966,
              659902.1208999995
            ],
            [
              183552.65770000033,
              659897.7850000001
            ],
            [
              183552.89180000033,
              659892.7708999999
            ],
            [
              183553.51630000025,
              659878.1553000007
            ],
            [
              183553.59030000027,
              659876.4232999999
            ],
            [
              183553.62200000044,
              659875.6818000004
            ],
            [
              183553.63040000014,
              659875.4902999997
            ],
            [
              183539.86519999988,
              659896.9028999992
            ],
            [
              183521.3443,
              659910.1320999991
            ],
            [
              183508.77660000045,
              659937.9134
            ],
            [
              183496.05850000028,
              659966.6042999998
            ],
            [
              183494.1847000001,
              659992.0407999996
            ],
            [
              183482.01099999994,
              659991.6509000007
            ],
            [
              183481.22819999978,
              659991.6308999993
            ],
            [
              183448.54820000008,
              659991.0109000001
            ],
            [
              183443.8981999997,
              659991.1030000001
            ],
            [
              183428.96499999985,
              659991.9843000006
            ],
            [
              183427.23230000027,
              659992.1118000001
            ],
            [
              183382.6423000004,
              659996.0417999998
            ],
            [
              183377.43699999992,
              659996.7312000003
            ],
            [
              183372.3119000001,
              659997.8730999995
            ],
            [
              183367.3063000003,
              659999.4586999994
            ],
            [
              183350.89630000014,
              660005.4586999994
            ],
            [
              183345.38109999988,
              660007.7935000006
            ],
            [
              183340.1261,
              660010.6664000005
            ],
            [
              183335.18379999977,
              660014.0490000006
            ],
            [
              183330.6032999996,
              660017.9074000008
            ],
            [
              183326.4302000003,
              660022.2031999994
            ],
            [
              183318.02020000014,
              660031.7731999997
            ],
            [
              183314.43340000045,
              660036.2728000004
            ],
            [
              183311.2940999996,
              660041.0952000003
            ],
            [
              183308.6311999997,
              660046.1961000003
            ],
            [
              183306.46920000017,
              660051.5286999997
            ],
            [
              183302.67920000013,
              660062.3387000002
            ],
            [
              183301.18049999978,
              660067.2868000008
            ],
            [
              183297.7701000003,
              660080.5865000002
            ],
            [
              183283.33139999956,
              660116.4971999992
            ],
            [
              183282.98709999956,
              660117.3731999993
            ],
            [
              183273.96339999977,
              660140.8748000003
            ],
            [
              183261.1403000001,
              660160.5543000009
            ],
            [
              183260.75439999998,
              660161.1543000005
            ],
            [
              183248.47520000022,
              660180.4978999998
            ],
            [
              183237.0416000001,
              660196.3958
            ],
            [
              183218.09520000033,
              660215.3421999998
            ],
            [
              183210.29169999994,
              660220.8609999996
            ],
            [
              183199.29179999977,
              660224.7252999991
            ],
            [
              183181.35979999974,
              660228.9750999995
            ],
            [
              183163.46320000011,
              660232.5064000003
            ],
            [
              183147.26939999964,
              660234.2502999995
            ],
            [
              183125.1135999998,
              660235.1472999994
            ],
            [
              183103.11120000016,
              660235.6409000009
            ],
            [
              183083.71100000013,
              660234.2205999997
            ],
            [
              183069.11760000046,
              660231.4553999994
            ],
            [
              183059.77469999995,
              660228.6272
            ],
            [
              183050.67899999954,
              660224.6205000002
            ],
            [
              183043.69749999978,
              660222.0785000008
            ],
            [
              183028.69660000037,
              660217.7061999999
            ],
            [
              183026.50879999995,
              660217.1131999996
            ],
            [
              183015.77639999986,
              660214.4210000001
            ],
            [
              183007.79119999986,
              660211.2106999997
            ],
            [
              183006.07290000003,
              660210.5503000002
            ],
            [
              182984.07290000003,
              660202.4802999999
            ],
            [
              182980.6183000002,
              660201.3307000007
            ],
            [
              182974.6629999997,
              660199.8748000003
            ],
            [
              182950.2631000001,
              660195.2159000002
            ],
            [
              182930.07529999968,
              660190.3430000003
            ],
            [
              182926.75380000006,
              660188.5317000002
            ],
            [
              182926.22190000024,
              660186.3715000004
            ],
            [
              182922.5086000003,
              660151.9697999991
            ],
            [
              182922.58999999985,
              660120.8888000008
            ],
            [
              182922.51520000026,
              660117.8137999997
            ],
            [
              182919.51520000026,
              660057.8137999997
            ],
            [
              182919.18439999968,
              660053.8444999997
            ],
            [
              182918.27099999972,
              660048.2981000002
            ],
            [
              182914.98099999968,
              660032.8681000005
            ],
            [
              182913.87210000027,
              660028.4844000004
            ],
            [
              182912.43620000035,
              660024.1966999993
            ],
            [
              182908.16309999954,
              660012.8728999998
            ],
            [
              182904.35309999995,
              660001.7488000002
            ],
            [
              182901.8644000003,
              659995.6107000001
            ],
            [
              182898.7143000001,
              659989.7843999993
            ],
            [
              182894.94120000023,
              659984.3408000004
            ],
            [
              182890.59109999985,
              659979.3462000005
            ],
            [
              182885.71700000018,
              659974.8615000006
            ],
            [
              182880.37829999998,
              659970.9414000008
            ],
            [
              182874.63999999966,
              659967.6336000003
            ],
            [
              182868.5722000003,
              659964.9783999994
            ],
            [
              182862.24859999958,
              659963.0081999991
            ],
            [
              182855.7463999996,
              659961.7470999993
            ],
            [
              182849.1447999999,
              659961.2102000006
            ],
            [
              182832.7039999999,
              659960.7840999998
            ],
            [
              182784.73149999976,
              659954.9582000002
            ],
            [
              182767.85510000028,
              659950.9803999998
            ],
            [
              182763.1933000004,
              659950.0746999998
            ],
            [
              182758.47439999972,
              659949.5405000001
            ],
            [
              182753.72809999995,
              659949.3812000006
            ],
            [
              182736.88210000005,
              659949.4827999994
            ],
            [
              182705.30229999963,
              659946.4626000002
            ],
            [
              182703.07880000025,
              659946.2916000001
            ],
            [
              182699.33210000023,
              659946.1907000002
            ],
            [
              182655.1520999996,
              659946.3806999996
            ],
            [
              182649.3677000003,
              659946.6851000004
            ],
            [
              182643.63970000017,
              659947.5459000003
            ],
            [
              182640.31989999954,
              659948.3785999995
            ],
            [
              182638.02139999997,
              659948.9550999999
            ],
            [
              182632.56510000024,
              659950.8993999995
            ],
            [
              182624.06510000024,
              659954.3993999995
            ],
            [
              182619.39190000016,
              659956.5626999997
            ],
            [
              182614.92129999958,
              659959.1187999994
            ],
            [
              182606.2706000004,
              659964.5702
            ],
            [
              182605.51130000036,
              659965.0486999992
            ],
            [
              182600.6919999998,
              659968.4269999992
            ],
            [
              182596.2268000003,
              659972.2610999998
            ],
            [
              182592.15880000032,
              659976.5142999999
            ],
            [
              182584.35879999958,
              659985.5142999999
            ],
            [
              182580.72780000046,
              659990.1444000006
            ],
            [
              182577.5678000003,
              659995.1078999992
            ],
            [
              182574.90919999965,
              660000.3570000008
            ],
            [
              182559.76190000027,
              660034.2969000004
            ],
            [
              182537.17580000032,
              660078.5074000005
            ],
            [
              182536.82990000024,
              660079.2003000006
            ],
            [
              182511.6118999999,
              660130.6201000009
            ],
            [
              182505.6018000003,
              660130.6201000009
            ],
            [
              182473.06549999956,
              660127.1487000007
            ],
            [
              182467.66559999995,
              660126.8179000001
            ],
            [
              182462.2577999998,
              660126.9748
            ],
            [
              182456.88609999977,
              660127.6182000004
            ],
            [
              182451.59410000034,
              660128.7427999992
            ],
            [
              182441.9841,
              660131.2427999992
            ],
            [
              182439.8819000004,
              660131.8307000007
            ],
            [
              182438.7045,
              660132.1963999998
            ],
            [
              182427.61450000014,
              660135.7664000001
            ],
            [
              182426.87899999972,
              660136.0085000005
            ],
            [
              182420.60450000037,
              660138.1180000007
            ],
            [
              182407.00760000013,
              660140.5804999992
            ],
            [
              182404.5362999998,
              660141.0820000004
            ],
            [
              182373.52630000003,
              660148.0552999992
            ],
            [
              182362.74010000005,
              660144.1253999993
            ],
            [
              182360.5826000003,
              660143.3853999991
            ],
            [
              182333.5826000003,
              660134.6953999996
            ],
            [
              182327.7536000004,
              660133.1380000003
            ],
            [
              182321.79760000017,
              660132.1739000008
            ],
            [
              182296.3975999998,
              660129.3639000002
            ],
            [
              182293.2888000002,
              660129.1016000006
            ],
            [
              182287.79360000044,
              660129.0337000005
            ],
            [
              182272.40189999994,
              660129.5486999992
            ],
            [
              182268.24000000022,
              660128.1396999992
            ],
            [
              182259.3239000002,
              660123.3673
            ],
            [
              182237.9046,
              660107.3280999996
            ],
            [
              182227.0842000004,
              660095.3674999997
            ],
            [
              182223.76460000034,
              660091.9777000006
            ],
            [
              182222.65359999985,
              660090.9556000009
            ],
            [
              182186.15359999985,
              660058.2156000007
            ],
            [
              182181.54449999984,
              660054.4757000003
            ],
            [
              182176.5884999996,
              660051.2094999999
            ],
            [
              182171.3339999998,
              660048.4489999991
            ],
            [
              182165.83249999955,
              660046.2211000007
            ],
            [
              182155.2424999997,
              660042.5310999993
            ],
            [
              182150.04760000017,
              660040.9803999998
            ],
            [
              182144.73390000034,
              660039.9048999995
            ],
            [
              182139.34480000008,
              660039.3134000003
            ],
            [
              182133.9243999999,
              660039.2107999995
            ],
            [
              182123.34389999975,
              660039.4888000004
            ],
            [
              182111.3635999998,
              660039.3162999991
            ],
            [
              182104.6947999997,
              660039.5916000009
            ],
            [
              182098.09779999964,
              660040.6059000008
            ],
            [
              182076.79779999983,
              660045.1059000008
            ],
            [
              182071.9918999998,
              660046.3307000007
            ],
            [
              182071.28259999957,
              660046.5479000006
            ],
            [
              182058.88260000013,
              660050.4278999995
            ],
            [
              182053.47049999982,
              660052.4113999996
            ],
            [
              182048.2736999998,
              660054.9052000009
            ],
            [
              182043.34020000044,
              660057.8860999998
            ],
            [
              182026.77240000013,
              660069.0168999992
            ],
            [
              181998.38760000002,
              660081.0883000009
            ],
            [
              181990.5137,
              660083.6657999996
            ],
            [
              181977.5543999998,
              660086.6923999991
            ],
            [
              181973.9918999998,
              660087.6406999994
            ],
            [
              181970.7982999999,
              660088.6952
            ],
            [
              181935.50829999987,
              660101.4551999997
            ],
            [
              181932.14529999997,
              660102.7871000003
            ],
            [
              181927.59009999968,
              660104.9842000008
            ],
            [
              181899.37770000007,
              660120.0888999999
            ],
            [
              181891.3032999998,
              660124.1760000009
            ],
            [
              181881.14099999983,
              660129.2247000001
            ],
            [
              181786.85790000018,
              660176.0664000008
            ],
            [
              181720.09920000006,
              660207.2620999999
            ],
            [
              181715.4813000001,
              660209.6693999991
            ],
            [
              181679.55790000036,
              660230.4443999995
            ],
            [
              181677.00480000023,
              660231.2613999993
            ],
            [
              181676.14630000014,
              660231.5361000001
            ],
            [
              181651.7511,
              660236.6625999995
            ],
            [
              181646.8819000004,
              660237.9006999992
            ],
            [
              181641.53120000008,
              660239.7825000007
            ],
            [
              181605.03120000008,
              660254.5924999993
            ],
            [
              181603.82529999968,
              660255.0971000008
            ],
            [
              181601.23550000042,
              660256.2880000006
            ],
            [
              181542.94550000038,
              660284.7880000006
            ],
            [
              181541.10830000043,
              660285.7258000001
            ],
            [
              181489.21829999983,
              660313.3457999993
            ],
            [
              181487.41009999998,
              660314.3486000001
            ],
            [
              181486.62640000042,
              660314.8090000004
            ],
            [
              181426.71640000027,
              660350.6190000009
            ],
            [
              181423.7921000002,
              660352.4836999997
            ],
            [
              181368.2921000002,
              660390.1736999992
            ],
            [
              181366.17059999984,
              660391.6827000007
            ],
            [
              181360.92320000008,
              660396.0758999996
            ],
            [
              181328.04789999966,
              660426.9536000006
            ],
            [
              181312.80480000004,
              660440.5844999999
            ],
            [
              181312.20419999957,
              660441.1290000007
            ],
            [
              181295.3644000003,
              660456.6022999994
            ],
            [
              181263.77529999986,
              660477.7926000003
            ],
            [
              181261.37060000002,
              660479.4926999994
            ],
            [
              181257.56740000006,
              660482.5730000008
            ],
            [
              181230.77740000002,
              660506.1429999992
            ],
            [
              181226.82129999995,
              660509.9589000009
            ],
            [
              181223.23099999968,
              660514.1207999997
            ],
            [
              181212.23099999968,
              660528.1207999997
            ],
            [
              181209.28079999983,
              660532.2195999995
            ],
            [
              181208.2279000003,
              660533.8791000005
            ],
            [
              181201.7385999998,
              660544.4867000002
            ],
            [
              181195.23309999984,
              660553.2295999993
            ],
            [
              181135.87509999983,
              660612.8819999993
            ],
            [
              181099.87040000036,
              660648.7039000001
            ],
            [
              181068.58829999994,
              660671.4639999997
            ],
            [
              181035.7293999996,
              660688.1162
            ],
            [
              180993.31969999988,
              660705.8729999997
            ],
            [
              180963.49899999984,
              660716.4002
            ],
            [
              180933.95100000035,
              660726.7584000006
            ],
            [
              180929.2720999997,
              660728.6227000002
            ],
            [
              180924.76599999983,
              660730.8727000002
            ],
            [
              180920.4645999996,
              660733.4927999992
            ],
            [
              180910.55030000024,
              660740.1176999994
            ],
            [
              180899.65809999965,
              660743.4708999991
            ],
            [
              180879.3298000004,
              660743.1353999991
            ],
            [
              180876.06120000035,
              660863.0916000009
            ],
            [
              180876.91980000027,
              660863.1118999999
            ],
            [
              180907.2098000003,
              660863.6118999999
            ],
            [
              180913.42860000022,
              660863.3917999994
            ],
            [
              180919.59109999985,
              660862.5286999997
            ],
            [
              180925.63100000005,
              660861.0318
            ],
            [
              180954.2438000003,
              660852.2241999991
            ],
            [
              180959.70390000008,
              660850.2492999993
            ],
            [
              180964.94749999978,
              660847.7559999991
            ],
            [
              180969.92559999973,
              660844.7674000002
            ],
            [
              180980.81879999954,
              660837.4883999992
            ],
            [
              181003.3211000003,
              660829.5999999996
            ],
            [
              181034.8831000002,
              660818.4582000002
            ],
            [
              181038.08270000014,
              660817.2248
            ],
            [
              181084.08270000014,
              660797.9648000002
            ],
            [
              181084.67489999998,
              660797.7130999994
            ],
            [
              181088.03280000016,
              660796.1397999991
            ],
            [
              181127.1228,
              660776.3298000004
            ],
            [
              181130.00009999983,
              660774.7716000006
            ],
            [
              181135.2999999998,
              660771.3272999991
            ]
          ]
        ]
      }
    },
    {
      "type": "Feature",
      "properties": {
        "OBJECTID": 2816,
        "PL_NAME": "תוכנית מיתאר ארצית אחודה",
        "PL_NUMBER": "תמא/ 1",
        "SCENARIO": "ראשי",
        "stage": "שטחים פתוחים",
        "type_name": "מוגנים",
        "MAVAT_NAME": "יער פארק",
        "NAME": "דן",
        "MAVAT_CODE": 10302,
        "STATUS": "מאושרת",
        "DATA_DATE": 1563062400000,
        "LABEL": "דן",
        "NUM": "3114",
        "LEGAL_AREA": 961,
        "LAST_UPDATE": "14/07/2019",
        "LEN": null,
        "TYPE_CODE": 3114,
        "PL_change": null,
        "PL_URL": null,
        "REMARKS": null,
        "Layer_Name": "יער",
        "scale": "1:100000",
        "AREA": 37341.92394187251,
        "DEFQ": null,
        "place_no": 2884
      },
      "geometry": {
        "type": "Polygon",
        "coordinates": [
          [
            [
              183871.01360000018,
              659397.7511
            ],
            [
              183803.3490000004,
              659295.7278000005
            ],
            [
              183801.73730000015,
              659297.1943999995
            ],
            [
              183796.5376000004,
              659302.5002999995
            ],
            [
              183782.2865000004,
              659316.7810999993
            ],
            [
              183770.91679999977,
              659328.2208999991
            ],
            [
              183775.69639999978,
              659335.6006000005
            ],
            [
              183779.29459999967,
              659341.1556000002
            ],
            [
              183783.8887,
              659348.2484000009
            ],
            [
              183787.62880000006,
              659354.0226000007
            ],
            [
              183790.09329999983,
              659357.8195999991
            ],
            [
              183791.6347000003,
              659360.1712999996
            ],
            [
              183788.2128999997,
              659364.2191000003
            ],
            [
              183783.82770000026,
              659369.4067000002
            ],
            [
              183780.34929999989,
              659373.8757000007
            ],
            [
              183776.3041000003,
              659379.0730000008
            ],
            [
              183772.37399999984,
              659384.2548999991
            ],
            [
              183767.29200000037,
              659391.4623000007
            ],
            [
              183763.5527999997,
              659396.7653000001
            ],
            [
              183759.1325000003,
              659403.7086999994
            ],
            [
              183754.4068,
              659411.1319999993
            ],
            [
              183749.5047000004,
              659419.7003000006
            ],
            [
              183745.9495000001,
              659425.9145999998
            ],
            [
              183744.87380000018,
              659428.0196000002
            ],
            [
              183741.3289999999,
              659434.9563999996
            ],
            [
              183738.19969999976,
              659441.0800999999
            ],
            [
              183736.1425999999,
              659445.4256999996
            ],
            [
              183734.73959999997,
              659448.5932999998
            ],
            [
              183733.5811999999,
              659451.2090000007
            ],
            [
              183741.37990000006,
              659490.8864999991
            ],
            [
              183741.55599999987,
              659496.6105000004
            ],
            [
              183739.53500000015,
              659504.1341999993
            ],
            [
              183731.93570000026,
              659516.4348000009
            ],
            [
              183730.95019999985,
              659517.7916000001
            ],
            [
              183725.01350000035,
              659518.3012000006
            ],
            [
              183719.16110000014,
              659519.4203999992
            ],
            [
              183713.45529999956,
              659521.1373999994
            ],
            [
              183709.85450000037,
              659522.4136999995
            ],
            [
              183704.8183000004,
              659523.1762000006
            ],
            [
              183703.0706000002,
              659523.5204000007
            ],
            [
              183702.8728,
              659524.0872000009
            ],
            [
              183702.03859999962,
              659526.4777000006
            ],
            [
              183700.70600000024,
              659530.3546999991
            ],
            [
              183699.983,
              659532.7706000004
            ],
            [
              183697.98230000027,
              659539.4560000002
            ],
            [
              183696.59939999972,
              659544.0768999998
            ],
            [
              183696.07529999968,
              659546.8367999997
            ],
            [
              183695.53969999962,
              659549.6575000007
            ],
            [
              183694.80879999977,
              659553.5064000003
            ],
            [
              183694.20289999992,
              659557.5591000002
            ],
            [
              183693.62459999975,
              659561.4265999999
            ],
            [
              183693.12689999957,
              659564.7555999998
            ],
            [
              183692.3875000002,
              659569.7006000001
            ],
            [
              183692.1788999997,
              659571.8018999994
            ],
            [
              183691.7399000004,
              659576.2235000003
            ],
            [
              183691.4143000003,
              659579.5035999995
            ],
            [
              183690.76989999972,
              659585.9945999999
            ],
            [
              183690.47049999982,
              659592.0404000003
            ],
            [
              183690.25090000033,
              659596.4750999995
            ],
            [
              183690.06120000035,
              659600.3066000007
            ],
            [
              183689.9600999998,
              659602.3487999998
            ],
            [
              183689.9600999998,
              659607.7193999998
            ],
            [
              183689.9600999998,
              659614.4926999994
            ],
            [
              183690.03230000008,
              659618.2416999992
            ],
            [
              183690.09339999966,
              659621.4151000008
            ],
            [
              183690.33750000037,
              659626.3446999993
            ],
            [
              183690.61980000045,
              659632.0457000006
            ],
            [
              183691.09929999989,
              659638.3957000002
            ],
            [
              183691.51960000023,
              659642.6293000001
            ],
            [
              183692.3875000002,
              659651.3713000007
            ],
            [
              183693.11170000024,
              659656.2151999995
            ],
            [
              183693.95220000017,
              659661.8362000007
            ],
            [
              183694.80879999977,
              659667.5654000007
            ],
            [
              183695.83750000037,
              659672.6955999993
            ],
            [
              183696.8576999996,
              659677.7831999995
            ],
            [
              183698.02809999976,
              659683.6199999992
            ],
            [
              183698.91050000023,
              659687.1139000002
            ],
            [
              183700.27469999995,
              659692.5153999999
            ],
            [
              183703.46310000028,
              659688.0795000009
            ],
            [
              183720.39599999972,
              659664.3998000007
            ],
            [
              183723.40419999976,
              659659.7540000007
            ],
            [
              183725.97159999982,
              659654.8507000003
            ],
            [
              183732.7474999996,
              659640.3151999991
            ],
            [
              183733.4819,
              659640.2039999999
            ],
            [
              183734.91899999976,
              659639.9685999993
            ],
            [
              183735.78210000042,
              659639.7640000004
            ],
            [
              183742.3262,
              659640.4286000002
            ],
            [
              183748.90340000018,
              659640.3546999991
            ],
            [
              183755.43090000004,
              659639.5430999994
            ],
            [
              183761.82600000035,
              659638.0041000005
            ],
            [
              183774.25710000005,
              659634.3017999995
            ],
            [
              183779.26159999985,
              659632.5634000003
            ],
            [
              183784.0932,
              659630.3902000003
            ],
            [
              183788.71420000028,
              659627.7992000002
            ],
            [
              183793.0887000002,
              659624.8106999993
            ],
            [
              183804.6677000001,
              659616.0638999995
            ],
            [
              183809.20160000026,
              659612.2739000004
            ],
            [
              183813.3406999996,
              659608.0562999994
            ],
            [
              183817.0449000001,
              659603.4519999996
            ],
            [
              183830.3448999999,
              659585.1420000009
            ],
            [
              183831.9293999998,
              659582.8506000005
            ],
            [
              183832.84460000042,
              659581.4152000006
            ],
            [
              183846.24459999986,
              659559.7251999993
            ],
            [
              183849.05850000028,
              659554.6338
            ],
            [
              183851.36620000005,
              659549.2938999999
            ],
            [
              183853.1458999999,
              659543.7555
            ],
            [
              183859.74590000045,
              659519.1854999997
            ],
            [
              183860.98819999956,
              659513.4572999999
            ],
            [
              183861.66559999995,
              659507.6351999994
            ],
            [
              183861.7717000004,
              659501.7748000007
            ],
            [
              183861.17169999983,
              659482.2748000007
            ],
            [
              183860.7944,
              659477.1545000002
            ],
            [
              183860.0686999997,
              659472.5231999997
            ],
            [
              183852.8454,
              659435.8562000003
            ],
            [
              183853.3278000001,
              659429.3557999991
            ],
            [
              183853.47640000004,
              659427.4445999991
            ],
            [
              183855.22900000028,
              659419.7828000002
            ],
            [
              183857.54839999974,
              659414.6722999997
            ],
            [
              183860.37569999974,
              659408.4399999995
            ],
            [
              183867.31369999982,
              659401.4592000004
            ],
            [
              183871.01360000018,
              659397.7511
            ]
          ]
        ]
      }
    },
    {
      "type": "Feature",
      "properties": {
        "OBJECTID": 2832,
        "PL_NAME": "תוכנית מיתאר ארצית אחודה",
        "PL_NUMBER": "תמא/ 1",
        "SCENARIO": "ראשי",
        "stage": "שטחים פתוחים",
        "type_name": "מוגנים",
        "MAVAT_NAME": "יער פארק",
        "NAME": "גזר",
        "MAVAT_CODE": 10302,
        "STATUS": "מאושרת",
        "DATA_DATE": 1563062400000,
        "LABEL": "גזר",
        "NUM": "3133",
        "LEGAL_AREA": 2222,
        "LAST_UPDATE": "14/07/2019",
        "LEN": null,
        "TYPE_CODE": 3133,
        "PL_change": null,
        "PL_URL": null,
        "REMARKS": null,
        "Layer_Name": "יער",
        "scale": "1:100000",
        "AREA": 488601.85999380704,
        "DEFQ": null,
        "place_no": 2900
      },
      "geometry": {
        "type": "Polygon",
        "coordinates": [
          [
            [
              192560,
              647490
            ],
            [
              192520,
              647480
            ],
            [
              192480,
              647500
            ],
            [
              192460,
              647580
            ],
            [
              192440,
              647700
            ],
            [
              192420,
              647870
            ],
            [
              192410,
              648020
            ],
            [
              192410,
              648100
            ],
            [
              192418.86710000038,
              648126.6012999993
            ],
            [
              192460,
              648250
            ],
            [
              192520,
              648350
            ],
            [
              192570,
              648440
            ],
            [
              192640,
              648520
            ],
            [
              192680,
              648600
            ],
            [
              192730,
              648670
            ],
            [
              192750,
              648740
            ],
            [
              192760,
              648820
            ],
            [
              192760,
              648900
            ],
            [
              192750,
              648960
            ],
            [
              192720,
              649020
            ],
            [
              192690,
              649060
            ],
            [
              192610,
              649140
            ],
            [
              192505.5976999998,
              649252.4332999997
            ],
            [
              192480,
              649280
            ],
            [
              192410,
              649430
            ],
            [
              192391.55069999956,
              649481.6579999998
            ],
            [
              192360,
              649570
            ],
            [
              192310,
              649780
            ],
            [
              192260,
              650010
            ],
            [
              192223.40639999975,
              650165.5228000004
            ],
            [
              192220,
              650180
            ],
            [
              192170,
              650360
            ],
            [
              192110,
              650550
            ],
            [
              192060,
              650680
            ],
            [
              191990,
              650760
            ],
            [
              191900,
              650840
            ],
            [
              191760,
              650930
            ],
            [
              191714.46870000008,
              650972
            ],
            [
              191557.1875,
              651024.125
            ],
            [
              191462.70309999958,
              651057.9375
            ],
            [
              191442.1875,
              651078.5
            ],
            [
              191427.625,
              651103.4375
            ],
            [
              191425.54679999966,
              651128.375
            ],
            [
              191424.5,
              651142.9375
            ],
            [
              191429.70309999958,
              651159.5625
            ],
            [
              191440.10929999966,
              651172.0625
            ],
            [
              191450.51559999958,
              651181.375
            ],
            [
              191468.14059999958,
              651184.3125
            ],
            [
              191569.89059999958,
              651157.375
            ],
            [
              191767.01559999958,
              651065.375
            ],
            [
              191800,
              651040
            ],
            [
              191900,
              650970
            ],
            [
              192000,
              650900
            ],
            [
              192080,
              650830
            ],
            [
              192150,
              650760
            ],
            [
              192200,
              650640
            ],
            [
              192250,
              650500
            ],
            [
              192250,
              650410
            ],
            [
              192270,
              650330
            ],
            [
              192310,
              650200
            ],
            [
              192340,
              650070
            ],
            [
              192360,
              649960
            ],
            [
              192384.41050000023,
              649854.2213000003
            ],
            [
              192390,
              649830
            ],
            [
              192397.88960000034,
              649803.7013000008
            ],
            [
              192420,
              649730
            ],
            [
              192450,
              649630
            ],
            [
              192460,
              649510
            ],
            [
              192510,
              649430
            ],
            [
              192630,
              649380
            ],
            [
              192730,
              649280
            ],
            [
              192790,
              649190
            ],
            [
              192810,
              649090
            ],
            [
              192850,
              649050
            ],
            [
              192860,
              649000
            ],
            [
              192900,
              648860
            ],
            [
              192900,
              648720
            ],
            [
              192850,
              648640
            ],
            [
              192820,
              648590
            ],
            [
              192800,
              648490
            ],
            [
              192750,
              648440
            ],
            [
              192630,
              648360
            ],
            [
              192570,
              648270
            ],
            [
              192530,
              648180
            ],
            [
              192490,
              648010
            ],
            [
              192520,
              647890
            ],
            [
              192560,
              647760
            ],
            [
              192580,
              647670
            ],
            [
              192570,
              647560
            ],
            [
              192560,
              647490
            ]
          ]
        ]
      }
    }
  ]
}