{
  "type": "FeatureCollection",
  "name": "tama1_roads",
  "description": "תמ\"א 1 – דרכים",
  "crs": {
    "type": "name",
    "properties": {
      "name": "urn:ogc:def:crs:EPSG::2039"
    }
  },
  "features": [
    {
      "type": "Feature",
      "properties": {
        "OBJECTID": 1,
        "PL_NAME": "תוכנית מיתאר ארצית אחודה",
        "PL_NUMBER": "תמא/ 1",
        "stage": "תשתיות",
        "type_name": "דרכים",
        "Layer_Name": "דרך",
        "MAVAT_CODE": 10064,
        "MAVAT_NAME": "דרך אזורית",
        "NAME": "קרית אונו",
        "SCENARIO": "ראשי",
        "DATA_DATE": 1563062400000,
        "STATUS": "מאושרת",
        "LABEL": null,
        "pl_change": null,
        "PL_URL": "",
        "REMARKS": null,
        "scale": "1:100000",
        "NUM": null,
        "LAST_UPDATE": "14/07/2019",
        "LEGAL_AREA": null,
        "LEN": 3645.3923388795197
      },
      "geometry": {
        "type": "LineString",
        "coordinates": [
          [
            186031.13819999993,
            663854.9412999991
          ],
          [
            186044.8839999996,
            663764.8932000007
          ],
          [
            186112.6004999997,
            663321.2862
          ],
          [
            186162.25989999995,
            662849.5219999999
          ],
          [
            186156.05250000022,
            662272.2315999996
          ],
          [
            186093.97819999978,
            661837.7119999994
          ],
          [
            185988.45199999958,
            661477.6813999992
          ],
          [
            185827.05900000036,
            661161.1028000005
          ],
          [
            185665.6660000002,
            660838.3168000001
          ],
          [
            185474.93960000016,
            660561.0668000001
          ],
          [
            185350.8677000003,
            660431.2502999995
          ],
          [
            185355.83530000038,
            660430.6074000001
          ],
          [
            185358.2390999999,
            660430.2962999996
          ]
        ]
      }
    },
    {
      "type": "Feature",
      "properties": {
        "OBJECTID": 11,
        "PL_NAME": "תוכנית מיתאר ארצית אחודה",
        "PL_NUMBER": "תמא/ 1",
        "stage": "תשתיות",
        "type_name": "דרכים",
        "Layer_Name": "דרך",
        "MAVAT_CODE": 10061,
        "MAVAT_NAME": "דרך מהירה",
        "NAME": "כביש מס' 1",
        "SCENARIO": "ראשי",
        "DATA_DATE": 1563062400000,
        "STATUS": "מאושרת",
        "LABEL": "1",
        "pl_change": null,
        "PL_URL": "",
        "REMARKS": null,
        "scale": "1:100000",
        "NUM": "1",
        "LAST_UPDATE": "14/07/2019",
        "LEGAL_AREA": null,
        "LEN": 36997.55781667948
      },
      "geometry": {
        "type": "MultiLineString",
        "coordinates": [
          [
            [
              219039.92489999998,
              632910.2778999992
            ],
            [
              219029.73539999966,
              632921.8483000007
            ],
            [
              219023.9461000003,
              632928.4221000001
            ],
            [
              219022.2695000004,
              632930.3258999996
            ],
            [
              218999.6595999999,
              632956
            ],
            [
              218939.0837000003,
              633024.7851999998
            ],
            [
              218924.9966000002,
              633033.6311000008
            ],
            [
              218910.90919999965,
              633042.5270000007
            ],
            [
              218896.82189999986,
              633051.4229000006
            ],
            [
              218882.68420000002,
              633060.3189000003
            ],
            [
              218868.59669999965,
              633069.2153999992
            ],
            [
              218854.45930000022,
              633078.1114000008
            ],
            [
              218839.05900000036,
              633088.2566
            ],
            [
              218824.97159999982,
              633097.1522000004
            ],
            [
              218811.44880000036,
              633105.6615999993
            ],
            [
              218810.83389999997,
              633106.0484999996
            ],
            [
              218796.7466000002,
              633116.1938000005
            ],
            [
              218792.6364000002,
              633118.7800999992
            ],
            [
              218782.6085000001,
              633125.0900999997
            ],
            [
              218768.52139999997,
              633135.2356000002
            ],
            [
              218755.64630000014,
              633144.1315000001
            ],
            [
              218741.55879999977,
              633154.2770000007
            ],
            [
              218728.7335000001,
              633163.1729000006
            ],
            [
              218694.09609999973,
              633214
            ],
            [
              218689.5867999997,
              633220.6910999995
            ],
            [
              218683.7884999998,
              633229.2948000003
            ],
            [
              218665.8711000001,
              633255.8815000001
            ],
            [
              218642.74569999985,
              633291.4656000007
            ],
            [
              218623.5081000002,
              633320.6523000002
            ],
            [
              218608.10809999984,
              633344.7916000001
            ],
            [
              218594.02080000006,
              633362.5835999995
            ],
            [
              218582.45799999963,
              633376.5270000007
            ],
            [
              218569.6327999998,
              633386.6727000009
            ],
            [
              218556.80810000002,
              633393.0197000001
            ],
            [
              218542.67040000018,
              633396.8677999992
            ],
            [
              218526.00760000013,
              633399.4168999996
            ],
            [
              218505.50789999962,
              633400.6662000008
            ],
            [
              218480.06570000015,
              633401.9034000002
            ],
            [
              218479.80759999994,
              633401.9159999993
            ],
            [
              218449.00719999988,
              633403.2151999995
            ],
            [
              218431.6593000004,
              633403.7985999994
            ],
            [
              218411.84530000016,
              633404.4649
            ],
            [
              218352.27909999993,
              633429.4836999997
            ],
            [
              218354.86620000005,
              633452.9661999997
            ],
            [
              218357.41789999977,
              633476.1265999991
            ],
            [
              218357.91959999967,
              633480.6804000009
            ],
            [
              218361.80740000028,
              633493.375
            ],
            [
              218364.3322999999,
              633507.3186000008
            ],
            [
              218366.90699999966,
              633520.0125999991
            ],
            [
              218359.23220000044,
              633530.2081000004
            ],
            [
              218351.50679999962,
              633540.3538000006
            ],
            [
              218343.83239999972,
              633550.4991999995
            ],
            [
              218337.41949999984,
              633560.6945999991
            ],
            [
              218278.3945000004,
              633565.7423999999
            ],
            [
              218225.7818,
              633573.3892000001
            ],
            [
              218218.39549999963,
              633575.2108999994
            ],
            [
              218179.5817999998,
              633584.7838000003
            ],
            [
              218157.78770000022,
              633592.6350999996
            ],
            [
              218137.2692999998,
              633600.0269000009
            ],
            [
              218101.31859999988,
              633617.8190000001
            ],
            [
              218069.25600000005,
              633638.1600000001
            ],
            [
              218041.03100000042,
              633660.9997000005
            ],
            [
              218015.3808000004,
              633687.6876999997
            ],
            [
              217992.30590000004,
              633716.8747000005
            ],
            [
              217972.31510000024,
              633747.7467999998
            ],
            [
              217971.75600000005,
              633748.6102000009
            ],
            [
              217952.51860000007,
              633781.6454000007
            ],
            [
              217933.28100000042,
              633818.4790000003
            ],
            [
              217915.30549999978,
              633856.5617999993
            ],
            [
              217897.3306,
              633897.1936000008
            ],
            [
              217878.09279999975,
              633939.0750999991
            ],
            [
              217857.54260000028,
              633983.5046999995
            ],
            [
              217826.7932000002,
              633991.1516999993
            ],
            [
              217799.83019999973,
              633998.7479999997
            ],
            [
              217776.75519999955,
              634007.6439999994
            ],
            [
              217771.17430000007,
              634009.7070000004
            ],
            [
              217756.20500000007,
              634015.2404999994
            ],
            [
              217738.2298999997,
              634024.1363999993
            ],
            [
              217724.14269999973,
              634033.0326000005
            ],
            [
              217710.00480000023,
              634043.1780999992
            ],
            [
              217698.49260000046,
              634054.6227000002
            ],
            [
              217688.19209999964,
              634067.3175000008
            ],
            [
              217677.9422000004,
              634081.3111000005
            ],
            [
              217667.69230000023,
              634097.8036000002
            ],
            [
              217657.44209999964,
              634115.5954999998
            ],
            [
              217645.8797000004,
              634135.8866000008
            ],
            [
              217634.3169999998,
              634158.7764999997
            ],
            [
              217620.23000000045,
              634185.4143000003
            ],
            [
              217603.51680000033,
              634213.3518000003
            ],
            [
              217559.892,
              634252.7344000004
            ],
            [
              217520.1542999996,
              634284.4699000008
            ],
            [
              217484.20390000008,
              634307.3596000001
            ],
            [
              217450.87920000032,
              634323.8520999998
            ],
            [
              217420.0789999999,
              634332.7481999993
            ],
            [
              217391.85400000028,
              634335.2971000001
            ],
            [
              217364.89120000042,
              634332.7481999993
            ],
            [
              217292.0906999996,
              634297.3300000001
            ],
            [
              217233.20739999972,
              634245.8958999999
            ],
            [
              217179.0591000002,
              634196.3469999991
            ],
            [
              217176.02909999993,
              634194.0918000005
            ],
            [
              217171.98089999985,
              634191.0787000004
            ],
            [
              217163.10209999979,
              634184.6109999996
            ],
            [
              217156.38329999987,
              634180.0598000009
            ],
            [
              217149.90419999976,
              634175.9876000006
            ],
            [
              217144.62509999983,
              634173.1129999999
            ],
            [
              217138.62600000016,
              634170.2386000007
            ],
            [
              217128.78749999963,
              634166.8849
            ],
            [
              217124.45629999973,
              634166.2445999999
            ],
            [
              217116.5220999997,
              634165.0716999993
            ],
            [
              217110.07039999962,
              634165.4475999996
            ],
            [
              217104.5513000004,
              634166.4057999998
            ],
            [
              217099.99199999962,
              634167.6035999991
            ],
            [
              217095.67279999983,
              634168.5617999993
            ],
            [
              217092.31319999974,
              634169.9990999997
            ],
            [
              217089.1936999997,
              634170.9571000002
            ],
            [
              217085.5943,
              634172.6338999998
            ],
            [
              217081.75490000006,
              634174.7898999993
            ],
            [
              217078.39549999963,
              634176.7061000001
            ],
            [
              217074.3161000004,
              634178.3828999996
            ],
            [
              217070.47670000046,
              634181.0179999992
            ],
            [
              217062.55790000036,
              634186.0482999999
            ],
            [
              217053.13659999985,
              634192.4065000005
            ],
            [
              217040.9609000003,
              634202.5350000001
            ],
            [
              217033.7034,
              634208.5723000001
            ],
            [
              217026.55229999963,
              634213.5986000001
            ],
            [
              217019.21030000038,
              634218.6372999996
            ],
            [
              217011.56230000034,
              634223.5234999992
            ],
            [
              217005.65309999976,
              634226.9153000005
            ],
            [
              217005.44400000013,
              634227.0352999996
            ],
            [
              216999.78450000007,
              634229.9364999998
            ],
            [
              216993.8191999998,
              634233.2957000006
            ],
            [
              216987.70069999993,
              634236.0441999994
            ],
            [
              216979.63049999997,
              634241.5207000002
            ],
            [
              216968.15390000027,
              634247.1508000009
            ],
            [
              216965.43709999975,
              634248.4835999999
            ],
            [
              216918.3197999997,
              634256.1129999999
            ],
            [
              216868.1666000001,
              634257.9924999997
            ]
          ],
          [
            [
              201502.30229999963,
              636720.3335999995
            ],
            [
              201477.0053000003,
              636726.5965999998
            ],
            [
              201459.20270000026,
              636736.1428999994
            ],
            [
              201376.11569999997,
              636759.2249999996
            ],
            [
              201295.0957000004,
              636781.7327999994
            ],
            [
              201137.5,
              636857.5
            ],
            [
              201020.6944000004,
              636900.3364000004
            ],
            [
              200985.99990000017,
              636913.0600000005
            ],
            [
              200917.5,
              636940.0000999998
            ],
            [
              200812.2000000002,
              636966.3800000008
            ],
            [
              200752.5,
              636987.4999000002
            ],
            [
              200652.5,
              637005
            ],
            [
              200432.5,
              637025
            ],
            [
              200318.37530000042,
              637022.0053000003
            ],
            [
              199977.48010000028,
              637013.0599000007
            ],
            [
              199747.5,
              637010
            ],
            [
              199617.50009999983,
              637032.4999000002
            ],
            [
              199608.5990000004,
              637035.6986999996
            ],
            [
              199457.50009999983,
              637090
            ],
            [
              199357.5,
              637139.9999000002
            ],
            [
              199245.30989999976,
              637240.1900999993
            ],
            [
              199215.00009999983,
              637267.4999000002
            ],
            [
              199150,
              637357.5000999998
            ],
            [
              199090.00009999983,
              637477.5
            ],
            [
              199074.19379999954,
              637535.6493999995
            ]
          ],
          [
            [
              198741.04640000034,
              638863.2193999998
            ],
            [
              198703.83999999985,
              639012.1899999995
            ],
            [
              198671.08660000004,
              639142.9745000005
            ],
            [
              198601.30069999956,
              639421.6298999991
            ],
            [
              198582.04949999973,
              639498.5
            ],
            [
              198563.76630000025,
              639571.5048999991
            ],
            [
              198468.37899999972,
              639952.3863999993
            ],
            [
              198465.60039999988,
              639966.6152999997
            ],
            [
              198457.81400000025,
              639996.8617000002
            ],
            [
              198259.04629999958,
              640768.9800000004
            ],
            [
              198199.3320000004,
              640877.5238000005
            ],
            [
              198131.22369999997,
              640969.3084999993
            ],
            [
              198046.2558000004,
              641044.3041999992
            ],
            [
              197961.32359999977,
              641110.9345999993
            ],
            [
              197783.10039999988,
              641219.0702999998
            ],
            [
              197426.6180999996,
              641443.7076999992
            ],
            [
              197002.2399000004,
              641709.9379999992
            ],
            [
              196696.6880999999,
              641901.2886999995
            ],
            [
              196424.99710000027,
              642092.7567999996
            ],
            [
              196264.78890000004,
              642233.3354000002
            ],
            [
              196263.5619000001,
              642234.4121000003
            ],
            [
              196120.18869999982,
              642352.8154000007
            ],
            [
              196102.16249999963,
              642367.7020999994
            ],
            [
              196043.51819999982,
              642432.0522000007
            ],
            [
              195948.15469999984,
              642536.6940000001
            ],
            [
              195812.11519999988,
              642685.9693999998
            ],
            [
              195744.9729000004,
              642759.6442000009
            ],
            [
              195166.35059999954,
              643468.7078000009
            ],
            [
              194885.55759999994,
              643810.7207999993
            ],
            [
              194803.95019999985,
              643918.1336000003
            ]
          ],
          [
            [
              193945.72589999996,
              646388.2301000003
            ],
            [
              193880.5686999997,
              646529.2057000007
            ],
            [
              193875.69519999996,
              646543.6627999991
            ],
            [
              193738.69969999976,
              646911.2675000001
            ],
            [
              193732.81340000033,
              646925.4721000008
            ],
            [
              193568.26989999972,
              647251.6750000007
            ],
            [
              193556.48959999997,
              647275.3701000009
            ]
          ],
          [
            [
              193366.1651999997,
              652530.7116999999
            ],
            [
              193174.74320000038,
              652604.7800999992
            ],
            [
              193171.55989999976,
              652605.8162999991
            ],
            [
              192675.40270000044,
              652764.6480999999
            ],
            [
              192463.8421,
              652852.2169000003
            ],
            [
              192260.26750000007,
              652971.9214999992
            ],
            [
              191983.28509999998,
              653163.6173
            ],
            [
              191771.2489,
              653363.5631000008
            ],
            [
              191484.05829999968,
              653593.3190000001
            ],
            [
              191190.84520000033,
              653827.8929999992
            ],
            [
              191152.04669999983,
              653858.9322999995
            ],
            [
              191151.82749999966,
              653859.1076999996
            ]
          ],
          [
            [
              191151.82749999966,
              653859.1076999996
            ],
            [
              191151.9763000002,
              653858.6942999996
            ],
            [
              191182.64169999957,
              653773.4781999998
            ],
            [
              191245.96590000018,
              653597.5066999998
            ],
            [
              191332.54169999994,
              653261.2003000006
            ],
            [
              191356.17069999967,
              653173.1805000007
            ],
            [
              191394.87880000006,
              653028.9897000007
            ],
            [
              191422.96839999966,
              652924.3537000008
            ],
            [
              191462.31670000032,
              652777.7783000004
            ],
            [
              191599.12829999998,
              652308.4063000008
            ],
            [
              191772.04289999977,
              651691.8933000006
            ],
            [
              191805.71590000018,
              651593.4142000005
            ],
            [
              191822.33770000003,
              651544.8026999999
            ],
            [
              191915.59449999966,
              651306.6954999994
            ],
            [
              192037.88709999993,
              650914.4115999993
            ],
            [
              192117.30759999994,
              650592.1059000008
            ],
            [
              192275.46669999976,
              650108.7818
            ],
            [
              192368.9606999997,
              649814.5749999993
            ],
            [
              192498.08320000023,
              649485.4276999999
            ],
            [
              192612.92459999956,
              649177.2694000006
            ],
            [
              192742.10610000044,
              648834.0969999991
            ],
            [
              192914.21939999983,
              648406.9219000004
            ],
            [
              192924.0066999998,
              648392.5044999998
            ],
            [
              192982.3038999997,
              648306.6286999993
            ],
            [
              193016.0873999996,
              648255.7775999997
            ],
            [
              193020.45069999993,
              648249.2100000009
            ],
            [
              193114.7000000002,
              648028.6199999992
            ]
          ],
          [
            [
              191151.82749999966,
              653859.1076999996
            ],
            [
              191100.53039999958,
              653906.0613000002
            ],
            [
              190784.8850999996,
              654194.9802999999
            ],
            [
              190782.2790000001,
              654196.9273000006
            ],
            [
              190271.53189999983,
              654578.5109000001
            ],
            [
              190260.25050000008,
              654587.6502
            ],
            [
              189896.6026999997,
              654882.2478999998
            ],
            [
              189578.76989999972,
              655129.9921000004
            ],
            [
              189342.23010000028,
              655361.9618999995
            ],
            [
              189207.4938000003,
              655494.0955999997
            ],
            [
              189073.06429999974,
              655625.9283000007
            ],
            [
              188820.41509999987,
              655825.7343000006
            ],
            [
              188625.03149999958,
              655929.4133000001
            ],
            [
              188430.05530000012,
              655936.7683000006
            ],
            [
              188311.8975999998,
              655928.8259999994
            ],
            [
              188213.27969999984,
              655922.1972000003
            ],
            [
              188178.32270000037,
              655919.8475000001
            ],
            [
              187967.61010000017,
              655806.7423
            ],
            [
              187873.61710000038,
              655742.6817000005
            ],
            [
              187659.83389999997,
              655596.9784999993
            ],
            [
              187545.3331000004,
              655532.7847000007
            ],
            [
              187400.52190000005,
              655451.5976999998
            ],
            [
              187205.68090000004,
              655426.8454999998
            ],
            [
              187076.54459999967,
              655454.7337999996
            ],
            [
              187059.33829999994,
              655458.4496999998
            ],
            [
              186896.01049999986,
              655508.3864999991
            ],
            [
              186724.50710000005,
              655573.6959000006
            ],
            [
              186675.2792999996,
              655592.4420999996
            ],
            [
              186632.4110000003,
              655620.6980000008
            ],
            [
              186354.80590000004,
              655803.6766999997
            ],
            [
              186077.04470000044,
              656015.1137000006
            ],
            [
              185685.3356999997,
              656304.0203000009
            ],
            [
              185386.17229999974,
              656586.2730999999
            ],
            [
              185165.3640999999,
              656790.8874999993
            ],
            [
              184944.55570000038,
              656995.5022999998
            ],
            [
              184745.13949999958,
              657143.4846999999
            ],
            [
              184731.48230000027,
              657154.8581000008
            ],
            [
              184691.79609999992,
              657187.9082999993
            ],
            [
              184617.16530000046,
              657247.4802000001
            ],
            [
              184367.65830000024,
              657446.6418999992
            ],
            [
              183900.56089999992,
              657851.1078999992
            ],
            [
              183493.96030000038,
              658196.9975000005
            ],
            [
              183490.3680999996,
              658200.0534000006
            ],
            [
              183291.84219999984,
              658357.7477000002
            ],
            [
              183267.90649999958,
              658376.0515000001
            ],
            [
              183251.01070000045,
              658390.1314000003
            ],
            [
              183250.4375,
              658390.8125
            ],
            [
              183249.9534,
              658391.2430000007
            ],
            [
              183245.8931,
              658394.8534999993
            ],
            [
              182956.85940000042,
              658651.875
            ],
            [
              182674.42349999957,
              658904.6910999995
            ],
            [
              182586.17190000042,
              658983.6875
            ],
            [
              182402.03129999992,
              659138.4375
            ],
            [
              182031.34379999992,
              659450.375
            ],
            [
              181383.71879999992,
              659993.3125
            ],
            [
              181052.65629999992,
              660278.25
            ],
            [
              180754.20309999958,
              660529.875
            ],
            [
              180602.59379999992,
              660660.875
            ],
            [
              180423.20309999958,
              660837.0625
            ],
            [
              180293.03129999992,
              660961.6875
            ],
            [
              180257.59379999992,
              661019.25
            ],
            [
              180135.07809999958,
              661387.125
            ],
            [
              180055.9375,
              661602.25
            ],
            [
              180007.3214999996,
              661680.7554000001
            ],
            [
              179879.48440000042,
              661887.1875
            ],
            [
              179849.78129999992,
              661937.6875
            ],
            [
              179824.375,
              662000.125
            ]
          ]
        ]
      }
    },
    {
      "type": "Feature",
      "properties": {
        "OBJECTID": 103,
        "PL_NAME": "תוכנית מיתאר ארצית אחודה",
        "PL_NUMBER": "תמא/ 1",
        "stage": "תשתיות",
        "type_name": "דרכים",
        "Layer_Name": "דרך",
        "MAVAT_CODE": 10061,
        "MAVAT_NAME": "דרך מהירה",
        "NAME": "שדרוג כביש 4",
        "SCENARIO": "ראשי",
        "DATA_DATE": 1563062400000,
        "STATUS": "מאושרת",
        "LABEL": "4",
        "pl_change": "תתל/ 19",
        "PL_URL": "https://mavat.iplan.gov.il/SV4/1/99004398",
        "REMARKS": null,
        "scale": "1:100000",
        "NUM": "4",
        "LAST_UPDATE": "14/07/2019",
        "LEGAL_AREA": null,
        "LEN": 19113.038325198337
      },
      "geometry": {
        "type": "LineString",
        "coordinates": [
          [
            186064.8663999997,
            668976.5050000008
          ],
          [
            185914.99670000002,
            668236.875
          ],
          [
            185889.5932,
            668112.9499999993
          ],
          [
            185874.49969999958,
            668039.3197000008
          ],
          [
            185852.03129999992,
            667873.0625
          ],
          [
            185838.77589999977,
            667813.9240000006
          ],
          [
            185838.28509999998,
            667811.7345000003
          ],
          [
            185801.20079999976,
            667646.2831999995
          ],
          [
            185775.01350000035,
            667529.4492000006
          ],
          [
            185774.96879999992,
            667529.25
          ],
          [
            185732.89749999996,
            667379.8234999999
          ],
          [
            185725.75,
            667354.4375
          ],
          [
            185664.89059999958,
            667177.1875
          ],
          [
            185633.14059999958,
            667063.375
          ],
          [
            185613.79690000042,
            666955.8125
          ],
          [
            185607.54690000042,
            666830.6875
          ],
          [
            185603.9782999996,
            666681.6699999999
          ],
          [
            185602.92509999964,
            666637.6894000005
          ],
          [
            185602.04690000042,
            666627.125
          ],
          [
            185599.65629999992,
            666423.9375
          ],
          [
            185601.25,
            666200.875
          ],
          [
            185593.3125,
            665841.3125
          ],
          [
            185543.3125,
            665539.6875
          ],
          [
            185541.2048000004,
            665527.0091999993
          ],
          [
            185494.09379999992,
            665243.625
          ],
          [
            185438.53129999992,
            664922.9375
          ],
          [
            185397.59379999992,
            664631.3125
          ],
          [
            185384.5625,
            664556.25
          ],
          [
            185352.01559999958,
            664433.1875
          ],
          [
            185293.28129999992,
            664284.75
          ],
          [
            185185.6763000004,
            664098.3584000003
          ],
          [
            185185.45689999964,
            664097.9782999996
          ],
          [
            185184.53129999992,
            664096.375
          ],
          [
            184931.84379999992,
            663714.0625
          ],
          [
            184863.90629999992,
            663629.375
          ],
          [
            184744,
            663322.4375
          ],
          [
            184607.73440000042,
            662969.25
          ],
          [
            184575.28129999992,
            662784.6875
          ],
          [
            184576.6875,
            662682.1875
          ],
          [
            184572.54690000042,
            662631.1875
          ],
          [
            184564.46879999992,
            662587.4375
          ],
          [
            184544.375,
            662511.625
          ],
          [
            184503.85940000042,
            662428.125
          ],
          [
            184456.98440000042,
            662363.3125
          ],
          [
            184399.65629999992,
            662298.6875
          ],
          [
            184333.625,
            662197.5
          ],
          [
            184290.40629999992,
            662102
          ],
          [
            184278.70969999954,
            662073.0165999997
          ],
          [
            184237.3125,
            661970.4375
          ],
          [
            184206.89059999958,
            661893.6875
          ],
          [
            184168.53129999992,
            661797.125
          ],
          [
            184138.09379999992,
            661713.8125
          ],
          [
            184115.60940000042,
            661650.3125
          ],
          [
            184101.0625,
            661597.375
          ],
          [
            184090.46879999992,
            661553.6875
          ],
          [
            184077.25,
            661494.1875
          ],
          [
            184069.3125,
            661443.9375
          ],
          [
            184065.34379999992,
            661379.0625
          ],
          [
            184062.6875,
            661309
          ],
          [
            184054.75,
            661195.1875
          ],
          [
            184048.14059999958,
            661065.5625
          ],
          [
            184052.21879999992,
            660991.875
          ],
          [
            184056.76559999958,
            660937.3125
          ],
          [
            184070.40629999992,
            660861.875
          ],
          [
            184081.3125,
            660798.25
          ],
          [
            184086.07699999958,
            660767.3052999992
          ],
          [
            184090.40629999992,
            660739.1875
          ],
          [
            184092.21879999992,
            660669.1875
          ],
          [
            184091.32809999958,
            660598.1875
          ],
          [
            184091.2276999997,
            660597.2913000006
          ],
          [
            184082.59379999992,
            660520.1875
          ],
          [
            184067.04690000042,
            660437.3125
          ],
          [
            184046.76559999958,
            660368.3125
          ],
          [
            184016.90629999992,
            660234.8125
          ],
          [
            184008.45309999958,
            660013.8125
          ],
          [
            184000.67190000042,
            659888.625
          ],
          [
            184000.67190000042,
            659829.9375
          ],
          [
            183997.5,
            659788.625
          ],
          [
            183996.71879999992,
            659751.625
          ],
          [
            183996.71879999992,
            659707.8125
          ],
          [
            183994.625,
            659672.375
          ],
          [
            183985.90629999992,
            659638.9375
          ],
          [
            183970.45309999958,
            659599.75
          ],
          [
            183952.89059999958,
            659561.8125
          ],
          [
            183689.75,
            659120.5
          ],
          [
            183603.12600000016,
            658978.2978000008
          ],
          [
            183455.98440000042,
            658736.75
          ],
          [
            183261.91139999963,
            658410.1231999993
          ],
          [
            183250.4375,
            658390.8125
          ],
          [
            183244.67190000042,
            658381.125
          ],
          [
            183240.12679999974,
            658373.1308999993
          ],
          [
            183240.05929999985,
            658373.0121999998
          ],
          [
            183236.86500000022,
            658367.3938999996
          ],
          [
            183088.14059999958,
            658105.8125
          ],
          [
            182997.78129999992,
            657976.8125
          ],
          [
            182895.51559999958,
            657889.1875
          ],
          [
            182775.54690000042,
            657801.4375
          ],
          [
            182724.46879999992,
            657748
          ],
          [
            182687.64059999958,
            657699.3125
          ],
          [
            182662.70309999958,
            657656.5625
          ],
          [
            182635.39059999958,
            657612.5625
          ],
          [
            182611.625,
            657569.8125
          ],
          [
            182603,
            657556.1116000004
          ],
          [
            182601.44039999973,
            657553.6341999993
          ],
          [
            182599.34580000024,
            657550.3068000004
          ],
          [
            182598.5625,
            657549.0625
          ],
          [
            182587.12229999993,
            657529.7502999995
          ],
          [
            182438.6621000003,
            657242.2155000009
          ],
          [
            182358.84379999992,
            657087.625
          ],
          [
            182343.48230000027,
            657067.8773999996
          ],
          [
            182248.58949999977,
            656969.1002999991
          ],
          [
            182183.2050999999,
            656901.0332999993
          ],
          [
            182111.32050000038,
            656826.2061000001
          ],
          [
            182009.77749999985,
            656720.5021000002
          ],
          [
            182006.4609000003,
            656717.0494999997
          ],
          [
            181901.14850000013,
            656607.4214999992
          ],
          [
            181834.02749999985,
            656537.5504999999
          ],
          [
            181770.18039999995,
            656466.3635000009
          ],
          [
            181746.67059999984,
            656440.1510000005
          ],
          [
            181635.90629999992,
            656345.375
          ],
          [
            181517.20309999958,
            656248.375
          ],
          [
            181420.9375,
            656155.625
          ],
          [
            181408.82809999958,
            656145.125
          ],
          [
            181362.5,
            656088.875
          ],
          [
            181342.57809999958,
            656059.1875
          ],
          [
            181329.34379999992,
            656039.375
          ],
          [
            181312.40629999992,
            656013.75
          ],
          [
            181293.625,
            655986.6875
          ],
          [
            181272.42190000042,
            655952.1875
          ],
          [
            181255.73440000042,
            655920.875
          ],
          [
            181243.53129999992,
            655897
          ],
          [
            181221.75,
            655846.0625
          ],
          [
            181197.625,
            655780.1875
          ],
          [
            181171.13989999983,
            655702.0206000004
          ],
          [
            181155.54690000042,
            655656
          ],
          [
            181088.21879999992,
            655476.1875
          ],
          [
            181058.83069999982,
            655399.2015000004
          ],
          [
            180831.45189999975,
            654752.7783000004
          ],
          [
            180794.2198999999,
            654653.7853999995
          ],
          [
            180497.45069999993,
            653864.7321000006
          ],
          [
            180488.21609999985,
            653838.1903000008
          ],
          [
            180437.34190000035,
            653691.9682999998
          ],
          [
            180326.92040000018,
            653374.5962000005
          ],
          [
            180028.40220000036,
            652656.9191999994
          ],
          [
            179957.3208999997,
            652493.4732000008
          ],
          [
            179899.79619999975,
            652410.7448999994
          ],
          [
            179869.42140000034,
            652367.0617999993
          ],
          [
            179843.52880000044,
            652329.8246999998
          ],
          [
            179708.38150000013,
            652166.0758999996
          ],
          [
            179366.81759999972,
            651965.8909000009
          ],
          [
            179132.01470000017,
            651891.3789000008
          ]
        ]
      }
    },
    {
      "type": "Feature",
      "properties": {
        "OBJECTID": 113,
        "PL_NAME": "תוכנית מיתאר ארצית אחודה",
        "PL_NUMBER": "תמא/ 1",
        "stage": "תשתיות",
        "type_name": "דרכים",
        "Layer_Name": "דרך",
        "MAVAT_CODE": 10063,
        "MAVAT_NAME": "דרך ראשית",
        "NAME": "כביש מס' 40",
        "SCENARIO": "ראשי",
        "DATA_DATE": 1563062400000,
        "STATUS": "מאושרת",
        "LABEL": "40",
        "pl_change": null,
        "PL_URL": "",
        "REMARKS": null,
        "scale": "1:100000",
        "NUM": "40",
        "LAST_UPDATE": "14/07/2019",
        "LEGAL_AREA": null,
        "LEN": 42406.9224508602
      },
      "geometry": {
        "type": "MultiLineString",
        "coordinates": [
          [
            [
              178055.33040000033,
              635326.3146000002
            ],
            [
              178086.21879999992,
              635477.3924000002
            ],
            [
              178289.20419999957,
              635865.0077999998
            ],
            [
              178478.71810000017,
              636233.7233000007
            ],
            [
              178579.73170000035,
              636367.9171999991
            ],
            [
              178722.50380000006,
              636636.1011999995
            ],
            [
              178924.2829,
              636963.0460000001
            ],
            [
              179083.84379999992,
              637264.7495000008
            ],
            [
              179277.3348000003,
              637549.8386000004
            ],
            [
              179428.64250000007,
              637801.3212000001
            ],
            [
              179588.06170000043,
              638136.4858999997
            ],
            [
              179747.48099999968,
              638471.6501000002
            ],
            [
              179873.6409,
              638664.4886000007
            ],
            [
              179966.22470000014,
              638790.2880000006
            ],
            [
              180143.17509999964,
              638983.3016999997
            ],
            [
              180187.63210000005,
              639029.3455999997
            ],
            [
              180353.8788999999,
              639201.5267999992
            ],
            [
              180463.32230000012,
              639344.1158000007
            ],
            [
              180724.81579999998,
              639562.5161000006
            ],
            [
              180935.66110000014,
              639747.2807
            ],
            [
              181112.50490000006,
              639965.3896999992
            ],
            [
              181139.37880000006,
              639996.2118999995
            ],
            [
              181390.5038999999,
              640284.2320000008
            ],
            [
              181626.4254999999,
              640544.3717999998
            ],
            [
              181921.21329999994,
              640896.7331000008
            ],
            [
              182169.10259999987,
              641197.8659000006
            ],
            [
              182266.50679999962,
              641316.1911999993
            ],
            [
              182468.58949999977,
              641542.6173
            ],
            [
              182468.7106999997,
              641542.7531000003
            ],
            [
              182537.67289999966,
              641604.8853999991
            ],
            [
              182645.8019000003,
              641702.3056000005
            ],
            [
              182805.96420000028,
              641861.7991000004
            ],
            [
              182988.37540000025,
              642028.8167000003
            ],
            [
              183061.54069999978,
              642105.4842000008
            ],
            [
              183269.58999999985,
              642323.4924999997
            ],
            [
              183537.51719999965,
              642632.8040999994
            ],
            [
              183867.96360000037,
              643053.5523000006
            ],
            [
              183886.0120000001,
              643076.5328000002
            ],
            [
              184177.60879999958,
              643489.2326999996
            ],
            [
              184383.5318,
              643792.5186999999
            ],
            [
              184419.13999999966,
              643844.9629999995
            ],
            [
              184419.25329999998,
              643845.1587000005
            ],
            [
              184487.1149000004,
              643962.1798999999
            ],
            [
              184575.84630000032,
              644115.1888999995
            ],
            [
              184824.68149999995,
              644605.6959000006
            ],
            [
              185222.92789999954,
              645217.4689000007
            ],
            [
              185578.54609999992,
              645701.3896999992
            ],
            [
              185891.5482999999,
              646036.1820999999
            ],
            [
              186126.3060999997,
              646278.4119000006
            ],
            [
              186425.12590000033,
              646528.0362999998
            ],
            [
              186611.58189999964,
              646664.0101999994
            ],
            [
              186675.4319000002,
              646710.5731000006
            ],
            [
              186795.91060000006,
              646803.5895000007
            ],
            [
              186801.37660000008,
              646807.8095999993
            ],
            [
              186912.32239999995,
              646887.7490999997
            ],
            [
              187054.43149999995,
              647011.9677000009
            ],
            [
              187104.54250000045,
              647056.4409999996
            ],
            [
              187122.3284,
              647072.6516999993
            ],
            [
              187162.04650000017,
              647108.7544999998
            ],
            [
              187174.80840000045,
              647120.4922000002
            ],
            [
              187192.3169999998,
              647136.6440999992
            ],
            [
              187203.12980000023,
              647145.3729999997
            ],
            [
              187224.79119999986,
              647162.8383000009
            ],
            [
              187256.54760000017,
              647191.2087999992
            ],
            [
              187282.95749999955,
              647212.3913000003
            ],
            [
              187321.30179999955,
              647240.5065000001
            ],
            [
              187349.14319999982,
              647257.6684000008
            ],
            [
              187409.13960000034,
              647288.7714000009
            ],
            [
              187457.70550000016,
              647313.9485999998
            ],
            [
              187559.14499999955,
              647360.6998999994
            ],
            [
              187738.7642000001,
              647430.8637000006
            ],
            [
              188044.67810000014,
              647529.0929000005
            ],
            [
              188215.87770000007,
              647585.2238999996
            ],
            [
              188415.84009999968,
              647643.5537999999
            ],
            [
              188805.85450000037,
              647806.6431000009
            ],
            [
              189027.43429999985,
              647960.4704999998
            ],
            [
              189072.90390000027,
              647992.0369000006
            ],
            [
              189073.11909999978,
              647992.1863000002
            ],
            [
              189075.9478000002,
              647994.1986999996
            ],
            [
              189243.18450000044,
              648113.1780999992
            ],
            [
              189259.25829999987,
              648130.7873999998
            ],
            [
              189283.37509999983,
              648157.2080000006
            ],
            [
              189404.8903000001,
              648290.3309000004
            ],
            [
              189501.78450000007,
              648427.1245000008
            ],
            [
              189646.9735000003,
              648668.4371000007
            ],
            [
              189665.95820000023,
              648704.7522
            ],
            [
              190033.73570000008,
              649408.2592999991
            ],
            [
              190235.30730000045,
              649762.1448999997
            ],
            [
              190429.0957000004,
              650035.7324999999
            ],
            [
              190526.16029999964,
              650132.3918999992
            ],
            [
              190607.11450000014,
              650196.8872999996
            ],
            [
              190850.3513000002,
              650302.0772999991
            ],
            [
              191085.4313000003,
              650415.2663000003
            ],
            [
              191206.8973000003,
              650503.9823000003
            ],
            [
              191368.5686999997,
              650689.1616999991
            ],
            [
              191388.50600000005,
              650728.9678000007
            ],
            [
              191424.95210000034,
              650801.7346999999
            ],
            [
              191465.05570000038,
              650922.2793000005
            ],
            [
              191456.22009999957,
              651090.8169
            ],
            [
              191400.87600000016,
              651256.7775999997
            ],
            [
              191349.26910000015,
              651411.5315000005
            ],
            [
              191337.30200000014,
              651440.9388999995
            ],
            [
              191316.78839999996,
              651491.3480999991
            ],
            [
              191290.07440000027,
              651556.9937999994
            ],
            [
              191111.1001000004,
              652028.7950999998
            ],
            [
              190993.08490000013,
              652385.9098000005
            ],
            [
              190954.7692999998,
              652501.8531
            ],
            [
              190904.60809999984,
              652838.8177000005
            ],
            [
              190911.98369999975,
              653015.4383000005
            ],
            [
              190975.91289999988,
              653264.4977000002
            ],
            [
              191064.1462000003,
              653562.7357000001
            ],
            [
              191148.0103000002,
              653846.2052999996
            ],
            [
              191151.82749999966,
              653859.1076999996
            ],
            [
              191151.79370000027,
              653863.1757999994
            ],
            [
              191150.20199999958,
              654054.7700999994
            ]
          ],
          [
            [
              191764.88929999992,
              656293.2689999994
            ],
            [
              191800.97109999973,
              656386.3532999996
            ],
            [
              191849.78100000042,
              656507.0872000009
            ],
            [
              191956.2653000001,
              656770.4823000003
            ],
            [
              191958.49480000045,
              656775.1179000009
            ],
            [
              191972.90589999966,
              656805.0815999992
            ],
            [
              192028.77529999986,
              656921.2457999997
            ],
            [
              192062.4254999999,
              656991.2116999999
            ],
            [
              192058.65770000033,
              656998.3807999995
            ],
            [
              191930.23330000043,
              657242.7379000001
            ],
            [
              191828.06170000043,
              657404.0938000008
            ],
            [
              191825.54640000034,
              657408.0661999993
            ],
            [
              191644.65950000007,
              657693.7344000004
            ],
            [
              191404.20849999972,
              658011.2259999998
            ],
            [
              191314.42260000017,
              658153.6977999993
            ],
            [
              191290.39010000043,
              658304.8751999997
            ],
            [
              191282.84810000006,
              658352.3181999996
            ],
            [
              191244.42040000018,
              658594.0496999994
            ]
          ],
          [
            [
              191388.25430000015,
              659812.7424999997
            ],
            [
              191388.2405000003,
              659813.1356000006
            ],
            [
              191375.3030000003,
              660182.6151999999
            ],
            [
              191358.92030000035,
              660315.9393000007
            ],
            [
              191339.56290000025,
              660505.3039999995
            ],
            [
              191302.53830000013,
              660867.4980999995
            ],
            [
              191287.91249999963,
              661046.9603000004
            ],
            [
              191282.6076999996,
              661110.9160999991
            ],
            [
              191270.49710000027,
              661256.9254999999
            ],
            [
              191252.08270000014,
              661478.9366999995
            ],
            [
              191232.8724999996,
              661620.3735000007
            ],
            [
              191182.13389999978,
              661993.9442999996
            ],
            [
              191162.86670000013,
              662246.7015000004
            ],
            [
              191154.07430000044,
              662362.0440999996
            ],
            [
              191146.5421000002,
              662460.8554999996
            ],
            [
              191131.23950000014,
              662724.5625
            ],
            [
              191127.73730000015,
              662774.8400999997
            ],
            [
              191073.3406999996,
              663555.7357000001
            ],
            [
              191076.2527999999,
              663672.5405000001
            ],
            [
              191077.33970000036,
              663716.1358000003
            ],
            [
              191077.80979999993,
              663734.9905999992
            ],
            [
              191077.86459999997,
              663737.1904000007
            ],
            [
              191078.62200000044,
              663767.5701000001
            ],
            [
              191079.92870000005,
              663819.9801000003
            ],
            [
              191080.3230999997,
              663835.8006999996
            ],
            [
              191082.03500000015,
              663904.4652999993
            ],
            [
              191083.4718000004,
              663962.0940000005
            ],
            [
              191083.80250000022,
              663975.3596999999
            ],
            [
              191087.42650000006,
              664120.7194999997
            ],
            [
              191169.1797000002,
              664635.9554999992
            ],
            [
              191201.26169999968,
              664968.3346999995
            ],
            [
              191321.8786000004,
              665299.9100000001
            ],
            [
              191334.31549999956,
              665334.0988999996
            ],
            [
              191338.5292999996,
              665350.3155000005
            ],
            [
              191346.40170000028,
              665380.6523000002
            ],
            [
              191433.57610000018,
              665716.4286000002
            ],
            [
              191481.69930000044,
              666214.9974000007
            ],
            [
              191499.27830000035,
              666390.7537999991
            ],
            [
              191512.50609999988,
              666523.0056999996
            ],
            [
              191529.90390000027,
              666696.9497999996
            ],
            [
              191524.97539999988,
              666742.1813999992
            ],
            [
              191511.88040000014,
              666862.3607000001
            ],
            [
              191496.41480000038,
              667004.2968000006
            ],
            [
              191484.6470999997,
              667112.2952999994
            ],
            [
              191483.78029999975,
              667120.2506000008
            ],
            [
              191459.3032999998,
              667344.8889000006
            ],
            [
              191427.5371000003,
              667393.6799999997
            ],
            [
              191389.42960000038,
              667452.2108999994
            ],
            [
              191282.58719999995,
              667616.3147999998
            ],
            [
              191221.5301000001,
              667710.0951000005
            ],
            [
              191119.09190000035,
              667975.8057000004
            ],
            [
              191093.63740000036,
              668081.1273999996
            ],
            [
              191034.53189999983,
              668325.6845999993
            ],
            [
              190998.65730000008,
              668474.1208999995
            ],
            [
              190998.42789999954,
              668520.9158999994
            ],
            [
              190997.10929999966,
              668789.8329000007
            ],
            [
              190996.21310000028,
              668972.6135000009
            ],
            [
              191007.99880000018,
              669085.1319999993
            ],
            [
              191009.52560000028,
              669099.7082000002
            ],
            [
              191033.13709999993,
              669325.1269000005
            ],
            [
              191041.63800000027,
              669406.2847000007
            ],
            [
              191060.62170000002,
              669587.5225000009
            ],
            [
              191067.1314000003,
              669658.5161000006
            ],
            [
              191069.92449999973,
              669688.9779000003
            ],
            [
              191074.88580000028,
              669743.0856999997
            ],
            [
              191092.62229999993,
              669936.5181000009
            ],
            [
              191091.54810000025,
              669951.3267000001
            ],
            [
              191056.46669999976,
              670434.9601000007
            ],
            [
              190981.0889999997,
              670548.3224999998
            ],
            [
              191081.1423000004,
              670636.6477000006
            ],
            [
              191166.75050000008,
              670712.2210000008
            ],
            [
              191352.92949999962,
              670876.5763000008
            ],
            [
              191424.84929999989,
              670934.0107000005
            ],
            [
              191894.4480999997,
              671416.5971000008
            ],
            [
              191967.59439999983,
              671521.5956999995
            ],
            [
              192346.37650000025,
              672065.3223000001
            ],
            [
              192647.41760000028,
              672547.6550999992
            ],
            [
              192779.64919999987,
              672844.3773999996
            ],
            [
              192789.76960000023,
              672867.0870999992
            ],
            [
              192914.1769000003,
              673146.2520000003
            ],
            [
              192991.84300000034,
              673345.0242999997
            ],
            [
              193180.52880000044,
              673827.9311999995
            ],
            [
              193259.17569999956,
              674081.1883000005
            ],
            [
              193267.4249999998,
              674107.7523999996
            ],
            [
              193291.2779000001,
              674184.5628999993
            ],
            [
              193319.1127000004,
              674274.1961000003
            ],
            [
              193336.5702999998,
              674330.4124999996
            ]
          ],
          [
            [
              190060.06120000035,
              675638.4223999996
            ],
            [
              190065.11070000008,
              675634.7221000008
            ]
          ],
          [
            [
              189629.71329999994,
              675913.5441999994
            ],
            [
              189652.92480000015,
              675901.4068
            ]
          ]
        ]
      }
    },
    {
      "type": "Feature",
      "properties": {
        "OBJECTID": 117,
        "PL_NAME": "תוכנית מיתאר ארצית אחודה",
        "PL_NUMBER": "תמא/ 1",
        "stage": "תשתיות",
        "type_name": "דרכים",
        "Layer_Name": "דרך",
        "MAVAT_CODE": 10063,
        "MAVAT_NAME": "דרך ראשית",
        "NAME": "מחלף אל-על",
        "SCENARIO": "ראשי",
        "DATA_DATE": 1563062400000,
        "STATUS": "מאושרת",
        "LABEL": "40",
        "pl_change": "תתל/ 22/ ב",
        "PL_URL": "https://mavat.iplan.gov.il/SV4/1/",
        "REMARKS": null,
        "scale": "1:100000",
        "NUM": "40",
        "LAST_UPDATE": "14/07/2019",
        "LEGAL_AREA": null,
        "LEN": 2354.1179199687112
      },
      "geometry": {
        "type": "LineString",
        "coordinates": [
          [
            191150.20199999958,
            654054.7700999994
          ],
          [
            191150.0390999997,
            654074.3833000008
          ],
          [
            191124.26269999985,
            654310.9801000003
          ],
          [
            191129.37519999966,
            654427.3048
          ],
          [
            191131.79669999983,
            654482.3997000009
          ],
          [
            191155.81329999957,
            654662.0366999991
          ],
          [
            191204.53770000022,
            654858.0824999996
          ],
          [
            191318.77909999993,
            655184.9397
          ],
          [
            191323.46140000038,
            655194.6502999999
          ],
          [
            191425.2106999997,
            655405.6690999996
          ],
          [
            191581.86099999957,
            655817.8189000003
          ],
          [
            191645.74590000045,
            655985.9011000004
          ],
          [
            191764.88929999992,
            656293.2689999994
          ]
        ]
      }
    },
    {
      "type": "Feature",
      "properties": {
        "OBJECTID": 118,
        "PL_NAME": "תוכנית מיתאר ארצית אחודה",
        "PL_NUMBER": "תמא/ 1",
        "stage": "תשתיות",
        "type_name": "דרכים",
        "Layer_Name": "דרך",
        "MAVAT_CODE": 10063,
        "MAVAT_NAME": "דרך ראשית",
        "NAME": "כביש 461",
        "SCENARIO": "ראשי",
        "DATA_DATE": 1563062400000,
        "STATUS": "מאושרת",
        "LABEL": "40",
        "pl_change": "תתל/ 3/ 3",
        "PL_URL": "https://mavat.iplan.gov.il/SV4/1/99002568",
        "REMARKS": null,
        "scale": "1:100000",
        "NUM": "40",
        "LAST_UPDATE": "14/07/2019",
        "LEGAL_AREA": null,
        "LEN": 1297.8312493858446
      },
      "geometry": {
        "type": "LineString",
        "coordinates": [
          [
            191244.42040000018,
            658594.0496999994
          ],
          [
            191244.18699999992,
            658595.5177999996
          ],
          [
            191242.71079999954,
            658604.8039999995
          ],
          [
            191242.32249999978,
            658607.2463000007
          ],
          [
            191241.91000000015,
            658616.6899999995
          ],
          [
            191237.7999999998,
            658656.1899999995
          ],
          [
            191235.5,
            658684.6199999992
          ],
          [
            191237.91000000015,
            658712.8800000008
          ],
          [
            191243.41000000015,
            658737.6899999995
          ],
          [
            191256,
            658770.6199999992
          ],
          [
            191266.5,
            658786.8100000005
          ],
          [
            191267.34229999967,
            658787.8861999996
          ],
          [
            191290.91000000015,
            658818
          ],
          [
            191336.7000000002,
            658864
          ],
          [
            191339.42140000034,
            658866.5097000003
          ],
          [
            191384.41000000015,
            658908
          ],
          [
            191396.41000000015,
            658920.6199999992
          ],
          [
            191420.08999999985,
            658944.6899999995
          ],
          [
            191430.58999999985,
            658956.6199999992
          ],
          [
            191441.91000000015,
            658979.6199999992
          ],
          [
            191447.2000000002,
            659008.6199999992
          ],
          [
            191447.2000000002,
            659034.1199999992
          ],
          [
            191447.2000000002,
            659055.1899999995
          ],
          [
            191444.2999999998,
            659106.1899999995
          ],
          [
            191442.2999999998,
            659152.1899999995
          ],
          [
            191440.5,
            659165.8800000008
          ],
          [
            191438.91000000015,
            659180.6199999992
          ],
          [
            191431.7999999998,
            659237.6199999992
          ],
          [
            191426.58999999985,
            659278.3800000008
          ],
          [
            191419.91000000015,
            659340.3800000008
          ],
          [
            191412.2000000002,
            659435
          ],
          [
            191395.76539999992,
            659598.2331000008
          ],
          [
            191394.7251000004,
            659627.9437000006
          ],
          [
            191388.25430000015,
            659812.7424999997
          ]
        ]
      }
    },
    {
      "type": "Feature",
      "properties": {
        "OBJECTID": 132,
        "PL_NAME": "תוכנית מיתאר ארצית אחודה",
        "PL_NUMBER": "תמא/ 1",
        "stage": "תשתיות",
        "type_name": "דרכים",
        "Layer_Name": "דרך",
        "MAVAT_CODE": 10064,
        "MAVAT_NAME": "דרך אזורית",
        "NAME": "כביש מס' 412",
        "SCENARIO": "ראשי",
        "DATA_DATE": 1563062400000,
        "STATUS": "מאושרת",
        "LABEL": "412",
        "pl_change": null,
        "PL_URL": "",
        "REMARKS": null,
        "scale": "1:100000",
        "NUM": "412",
        "LAST_UPDATE": "14/07/2019",
        "LEGAL_AREA": null,
        "LEN": 1649.8629046169854
      },
      "geometry": {
        "type": "LineString",
        "coordinates": [
          [
            183279.18070000038,
            656469.9407000002
          ],
          [
            183407.2402999997,
            656527.2634999994
          ],
          [
            183556.68489999976,
            656598.8882999998
          ],
          [
            183656.28089999966,
            656698.6435000002
          ],
          [
            183762.99069999997,
            656805.5249000005
          ],
          [
            183891.09329999983,
            656855.7732999995
          ],
          [
            184097.5131000001,
            656885.1173
          ],
          [
            184318.1621000003,
            656928.7118999995
          ],
          [
            184496.0943,
            656979.1963
          ],
          [
            184597.74039999954,
            657038.3250999991
          ],
          [
            184631.29650000017,
            657057.8451000005
          ],
          [
            184731.48230000027,
            657154.8581000008
          ]
        ]
      }
    },
    {
      "type": "Feature",
      "properties": {
        "OBJECTID": 133,
        "PL_NAME": "תוכנית מיתאר ארצית אחודה",
        "PL_NUMBER": "תמא/ 1",
        "stage": "תשתיות",
        "type_name": "דרכים",
        "Layer_Name": "דרך",
        "MAVAT_CODE": 10062,
        "MAVAT_NAME": "דרך פרברית מהירה",
        "NAME": "כביש מס' 412",
        "SCENARIO": "ראשי",
        "DATA_DATE": 1563062400000,
        "STATUS": "מאושרת",
        "LABEL": "412",
        "pl_change": null,
        "PL_URL": "",
        "REMARKS": null,
        "scale": "1:100000",
        "NUM": "412",
        "LAST_UPDATE": "14/07/2019",
        "LEGAL_AREA": null,
        "LEN": 5014.49975674391
      },
      "geometry": {
        "type": "LineString",
        "coordinates": [
          [
            189014.8864000002,
            659536.2486000005
          ],
          [
            188882.7268000003,
            659424.7350999992
          ],
          [
            188841.67839999963,
            659390.0993000008
          ],
          [
            188820.6200000001,
            659372.3307000007
          ],
          [
            188820.57870000042,
            659372.3126999997
          ],
          [
            188541.36180000007,
            659250.9322999995
          ],
          [
            188359.2368999999,
            659141.6409000009
          ],
          [
            188195.3245000001,
            659032.3686999995
          ],
          [
            188122.4746000003,
            658995.9510999992
          ],
          [
            188106.06680000015,
            658986.2993999999
          ],
          [
            188019.2706000004,
            658935.2423
          ],
          [
            188013.8853000002,
            658931.6521000005
          ],
          [
            187928.2081000004,
            658874.5332999993
          ],
          [
            187779.82320000045,
            658800.4715
          ],
          [
            187646.26520000026,
            658751.9081999995
          ],
          [
            187589.23639999982,
            658732.8983999994
          ],
          [
            187464.14010000043,
            658691.1993000004
          ],
          [
            187221.30659999978,
            658630.4904999994
          ],
          [
            187140.53120000008,
            658616.5635000002
          ],
          [
            187045.25299999956,
            658600.1359999999
          ],
          [
            186942.0488,
            658563.6992000006
          ],
          [
            186848.14400000032,
            658554.6503999997
          ],
          [
            186737.8842000002,
            658544.0256999992
          ],
          [
            186708.48950000014,
            658534.2557999995
          ],
          [
            186562.38690000027,
            658485.6959000006
          ],
          [
            186368.70569999982,
            658413.0947999991
          ],
          [
            186362.1679999996,
            658409.0515999999
          ],
          [
            186270.08829999994,
            658352.1048000008
          ],
          [
            186168.80640000012,
            658296.3975000009
          ],
          [
            186166.94620000012,
            658294.9586999994
          ],
          [
            186013.50789999962,
            658176.2782000005
          ],
          [
            185940.39379999973,
            658118.5956999995
          ],
          [
            185923.6520999996,
            658105.3874999993
          ],
          [
            185853.43030000012,
            658049.9868000001
          ],
          [
            185755.85020000022,
            657996.5256999992
          ],
          [
            185599.66119999997,
            657910.9546000008
          ],
          [
            185448.74129999988,
            657846.9951000009
          ],
          [
            185432.64879999962,
            657838.9488999993
          ],
          [
            185379.2725999998,
            657812.2607000005
          ],
          [
            185336.39070000034,
            657790.8198000006
          ],
          [
            185218.93329999968,
            657724.4308000002
          ],
          [
            185142.3306,
            657647.8281999994
          ],
          [
            185141.18599999975,
            657646.7875999995
          ],
          [
            185086.15529999975,
            657596.7597000003
          ],
          [
            185004.44579999987,
            657520.1569999997
          ],
          [
            184932.94990000036,
            657443.5543000009
          ],
          [
            184851.24039999954,
            657356.7379999999
          ],
          [
            184756.61330000032,
            657197.2222000007
          ],
          [
            184731.48230000027,
            657154.8581000008
          ]
        ]
      }
    },
    {
      "type": "Feature",
      "properties": {
        "OBJECTID": 137,
        "PL_NAME": "תוכנית מיתאר ארצית אחודה",
        "PL_NUMBER": "תמא/ 1",
        "stage": "תשתיות",
        "type_name": "דרכים",
        "Layer_Name": "דרך",
        "MAVAT_CODE": 10064,
        "MAVAT_NAME": "דרך אזורית",
        "NAME": "כביש מס' 423",
        "SCENARIO": "ראשי",
        "DATA_DATE": 1563062400000,
        "STATUS": "מאושרת",
        "LABEL": "423",
        "pl_change": null,
        "PL_URL": "",
        "REMARKS": null,
        "scale": "1:100000",
        "NUM": "423",
        "LAST_UPDATE": "14/07/2019",
        "LEGAL_AREA": null,
        "LEN": 7030.038452660502
      },
      "geometry": {
        "type": "LineString",
        "coordinates": [
          [
            183150.59889999963,
            650120.9548000004
          ],
          [
            183132.85610000044,
            650109.8906999994
          ],
          [
            183109.2999999998,
            650091.3100000005
          ],
          [
            183074.91000000015,
            650058.6199999992
          ],
          [
            183023.7999999998,
            650000
          ],
          [
            182962.84279999975,
            649931.2339999992
          ],
          [
            182946.83320000023,
            649913.1734999996
          ],
          [
            182892.5,
            649851.8800000008
          ],
          [
            182865.74280000012,
            649821.8609999996
          ],
          [
            182807.07710000034,
            649756.0438000001
          ],
          [
            182802.2999999998,
            649750.6899999995
          ],
          [
            182791.58999999985,
            649737.8100000005
          ],
          [
            182712.78720000014,
            649648.1813999992
          ],
          [
            182682.08999999985,
            649606.1899999995
          ],
          [
            182679,
            649602.3800000008
          ],
          [
            182668.62629999965,
            649592.6468000002
          ],
          [
            182646.1275000004,
            649444.1046999991
          ],
          [
            182646.06039999984,
            649443.5106000006
          ],
          [
            182646.05429999996,
            649443.4567000009
          ],
          [
            182644.9023000002,
            649433.2555
          ],
          [
            182614.70409999974,
            649165.8507000003
          ],
          [
            182601.2006000001,
            648996.2688999996
          ],
          [
            182595.48249999993,
            648924.4589000009
          ],
          [
            182593.5197999999,
            648899.8107999992
          ],
          [
            182586.54509999976,
            648676.3886999991
          ],
          [
            182565.40220000036,
            648346.5237000007
          ],
          [
            182537.11990000028,
            648048.5377999991
          ],
          [
            182480.46609999985,
            647590.8533999994
          ],
          [
            182501.86679999996,
            647521.8100000005
          ],
          [
            182523.30570000038,
            647392.4877000004
          ],
          [
            182667.18230000045,
            647156.6081000008
          ],
          [
            182687.20710000023,
            647123.7782000005
          ],
          [
            182972.1601999998,
            646798.9080999997
          ],
          [
            183306.92119999975,
            646509.7321000006
          ],
          [
            183385.3208999997,
            646361.1767999995
          ],
          [
            183699.16970000044,
            645384.0046999995
          ],
          [
            183841.87490000017,
            644866.9846000001
          ],
          [
            184069.98489999957,
            644378.7355000004
          ],
          [
            184248.15079999994,
            644067.5432999991
          ],
          [
            184411.06620000023,
            643855.4728999995
          ],
          [
            184419.13999999966,
            643844.9629999995
          ]
        ]
      }
    },
    {
      "type": "Feature",
      "properties": {
        "OBJECTID": 144,
        "PL_NAME": "תוכנית מיתאר ארצית אחודה",
        "PL_NUMBER": "תמא/ 1",
        "stage": "תשתיות",
        "type_name": "דרכים",
        "Layer_Name": "דרך",
        "MAVAT_CODE": 10062,
        "MAVAT_NAME": "דרך פרברית מהירה",
        "NAME": "תוואי משותף לדרך פרברית מהירה מס' 431",
        "SCENARIO": "ראשי",
        "DATA_DATE": 1563062400000,
        "STATUS": "מאושרת",
        "LABEL": "431",
        "pl_change": "תממ/ 3/ 6/ א",
        "PL_URL": "https://mavat.iplan.gov.il/SV4/1/99001880",
        "REMARKS": null,
        "scale": "1:100000",
        "NUM": "431",
        "LAST_UPDATE": "14/07/2019",
        "LEGAL_AREA": null,
        "LEN": 6672.84736023914
      },
      "geometry": {
        "type": "LineString",
        "coordinates": [
          [
            182729.26819999982,
            649308.4160999991
          ],
          [
            182709.2999999998,
            649428.6199999992
          ],
          [
            182685.58999999985,
            649583.8800000008
          ],
          [
            182682.08999999985,
            649606.1899999995
          ],
          [
            182679.5,
            649622.3800000008
          ],
          [
            182678,
            649632.1899999995
          ],
          [
            182672.94550000038,
            649664.4265000001
          ],
          [
            182666.2999999998,
            649706.8100000005
          ],
          [
            182651.2000000002,
            649811.1199999992
          ],
          [
            182640.58999999985,
            649877.3800000008
          ],
          [
            182625.2999999998,
            649944.6899999995
          ],
          [
            182604.79229999986,
            650021.7515999991
          ],
          [
            182586.58999999985,
            650056.3800000008
          ],
          [
            182539.7000000002,
            650145.8100000005
          ],
          [
            182472.58999999985,
            650236.8100000005
          ],
          [
            182404.5,
            650305.3100000005
          ],
          [
            182336.41000000015,
            650359.1899999995
          ],
          [
            182295.08999999985,
            650385.8800000008
          ],
          [
            182261.2999999998,
            650405.1899999995
          ],
          [
            182216.7000000002,
            650427.1899999995
          ],
          [
            182118.58999999985,
            650466.6199999992
          ],
          [
            181933.5,
            650535.1199999992
          ],
          [
            181794.2999999998,
            650586.8100000005
          ],
          [
            181777.08999999985,
            650593.1899999995
          ],
          [
            181626.7999999998,
            650646.6199999992
          ],
          [
            181622.8744000001,
            650647.9260000009
          ],
          [
            181462.2000000002,
            650701.3800000008
          ],
          [
            181447,
            650706.1899999995
          ],
          [
            181392,
            650723.6199999992
          ],
          [
            181382.41000000015,
            650726.6199999992
          ],
          [
            181338.7999999998,
            650740.3800000008
          ],
          [
            181328.2999999998,
            650743.8100000005
          ],
          [
            181215.2999999998,
            650778.1199999992
          ],
          [
            181143,
            650800.3100000005
          ],
          [
            181125.6531999996,
            650805.6972000003
          ],
          [
            180868.2999999998,
            650885.6199999992
          ],
          [
            180732.2000000002,
            650926.6199999992
          ],
          [
            180569.08999999985,
            650975.1899999995
          ],
          [
            180456.38580000028,
            651007.0601000004
          ],
          [
            180242.59130000044,
            651071.6417999994
          ],
          [
            180211.1827999996,
            651081.1294999998
          ],
          [
            180177.60250000004,
            651091.2731999997
          ],
          [
            180071.9581000004,
            651123.1856999993
          ],
          [
            179925.5714999996,
            651164.9419
          ],
          [
            179858.34140000027,
            651184.1190000009
          ],
          [
            179805.8526999997,
            651199.1732000001
          ],
          [
            179525.8479000004,
            651279.4812000003
          ],
          [
            179499.58999999985,
            651291.3100000005
          ],
          [
            179444.7000000002,
            651315.8800000008
          ],
          [
            179388.73330000043,
            651348.9605
          ],
          [
            179359.0251000002,
            651365.2301000003
          ],
          [
            179338.43510000035,
            651379.3500999995
          ],
          [
            179335.43510000035,
            651381.4701000005
          ],
          [
            179312.7251000004,
            651397.7301000003
          ],
          [
            179277.87880000006,
            651420.7382999994
          ],
          [
            179261.1897,
            651433.8889000006
          ],
          [
            179194.7999999998,
            651485.1199999992
          ],
          [
            179168.30449999962,
            651506.6325000003
          ],
          [
            179115.69130000006,
            651550.1090999991
          ],
          [
            179087.17760000005,
            651573.6712999996
          ],
          [
            178980.61620000005,
            651661.1478000004
          ],
          [
            178906.02080000006,
            651720.9461000003
          ],
          [
            178880.28490000032,
            651741.7506000008
          ],
          [
            178855.91289999988,
            651761.4525000006
          ],
          [
            178818.21690000035,
            651791.7986999992
          ],
          [
            178817.37100000028,
            651792.4796999991
          ],
          [
            178780.51800000016,
            651822.6405999996
          ],
          [
            178774.92509999964,
            651827.2179000005
          ],
          [
            178740.05620000046,
            651855.8206999991
          ],
          [
            178654.36120000016,
            651924.5686000008
          ],
          [
            178573.84999999963,
            651989.5777000003
          ],
          [
            178479.8507000003,
            652065.8870999999
          ],
          [
            178391.84499999974,
            652136.8916999996
          ],
          [
            178379.43429999985,
            652147.0271000005
          ],
          [
            178327.64279999956,
            652189.3234999999
          ],
          [
            178223.67210000008,
            652273.6050000004
          ],
          [
            178200.77500000037,
            652292.1659999993
          ],
          [
            178189.59020000044,
            652301.2736000009
          ],
          [
            178185.61259999964,
            652304.4393000007
          ],
          [
            178121.60230000038,
            652355.3839999996
          ],
          [
            178066.15079999994,
            652399.7251999993
          ],
          [
            177997.44880000036,
            652450.5327000003
          ],
          [
            177928.92599999998,
            652497.9024
          ],
          [
            177841.32270000037,
            652554.8266000003
          ],
          [
            177689.97420000006,
            652652.1896000002
          ],
          [
            177520.90060000028,
            652761.648
          ],
          [
            177509.08999999985,
            652768.6199999992
          ],
          [
            177477.45710000023,
            652789.1457000002
          ]
        ]
      }
    },
    {
      "type": "Feature",
      "properties": {
        "OBJECTID": 147,
        "PL_NAME": "תוכנית מיתאר ארצית אחודה",
        "PL_NUMBER": "תמא/ 1",
        "stage": "תשתיות",
        "type_name": "דרכים",
        "Layer_Name": "דרך",
        "MAVAT_CODE": 10064,
        "MAVAT_NAME": "דרך אזורית",
        "NAME": "כביש מס' 4313",
        "SCENARIO": "ראשי",
        "DATA_DATE": 1563062400000,
        "STATUS": "מאושרת",
        "LABEL": "4313",
        "pl_change": null,
        "PL_URL": "",
        "REMARKS": null,
        "scale": "1:100000",
        "NUM": "4313",
        "LAST_UPDATE": "14/07/2019",
        "LEGAL_AREA": null,
        "LEN": 3566.351301415296
      },
      "geometry": {
        "type": "LineString",
        "coordinates": [
          [
            186538.5625,
            650993.4845000003
          ],
          [
            186300.9508999996,
            651005.8720999993
          ],
          [
            186101.64529999997,
            650983.6533000004
          ],
          [
            185802.6967000002,
            650932.5965
          ],
          [
            185525.12729999982,
            650846.1820999999
          ],
          [
            185372.08160000015,
            650792.1736999992
          ],
          [
            185322.36290000007,
            650774.6283999998
          ],
          [
            184934.41789999977,
            650637.7260999996
          ],
          [
            184336.63129999954,
            650365.4109000005
          ],
          [
            184172.95409999974,
            650286.6269000005
          ],
          [
            184002.15909999982,
            650207.8096999992
          ],
          [
            183852.70490000024,
            650150.3686999995
          ],
          [
            183697.61890000012,
            650124.7577
          ],
          [
            183574.8724999996,
            650146.6151999999
          ],
          [
            183466.9018000001,
            650166.0328000002
          ],
          [
            183370.59329999983,
            650182.9660999998
          ],
          [
            183298.62650000025,
            650175.5578000005
          ],
          [
            183233.0097000003,
            650161.7993999999
          ],
          [
            183168.39109999966,
            650129.773
          ],
          [
            183159.5103000002,
            650125.3715000004
          ],
          [
            183150.59889999963,
            650120.9548000004
          ]
        ]
      }
    },
    {
      "type": "Feature",
      "properties": {
        "OBJECTID": 149,
        "PL_NAME": "תוכנית מיתאר ארצית אחודה",
        "PL_NUMBER": "תמא/ 1",
        "stage": "תשתיות",
        "type_name": "דרכים",
        "Layer_Name": "דרך",
        "MAVAT_CODE": 10063,
        "MAVAT_NAME": "דרך ראשית",
        "NAME": "כביש מס' 44",
        "SCENARIO": "ראשי",
        "DATA_DATE": 1563062400000,
        "STATUS": "מאושרת",
        "LABEL": "44",
        "pl_change": null,
        "PL_URL": "",
        "REMARKS": null,
        "scale": "1:100000",
        "NUM": "44",
        "LAST_UPDATE": "14/07/2019",
        "LEGAL_AREA": null,
        "LEN": 36885.57246099578
      },
      "geometry": {
        "type": "MultiLineString",
        "coordinates": [
          [
            [
              200662.56709999964,
              631283.1901999991
            ],
            [
              200661.70569999982,
              631285.0534000006
            ],
            [
              200650.3258999996,
              631309.6696000006
            ],
            [
              200626.88430000003,
              631360.3773999996
            ],
            [
              200613.1299999999,
              631390.1301000006
            ],
            [
              200594.07629999984,
              631431.7233000007
            ],
            [
              200592.33770000003,
              631435.5186999999
            ],
            [
              200586.7218000004,
              631447.7780000009
            ],
            [
              200524.59269999992,
              631536.9633000009
            ],
            [
              200496.5343000004,
              631575.0425000004
            ],
            [
              200445.42810000014,
              631631.1590999998
            ],
            [
              200420.3761,
              631652.2028000001
            ],
            [
              200401.3365000002,
              631674.2487000003
            ],
            [
              200392.7631000001,
              631686.4964000005
            ],
            [
              200387.30730000045,
              631694.2903000005
            ],
            [
              200376.28440000024,
              631715.3340000007
            ],
            [
              200370.27190000005,
              631749.4047999997
            ],
            [
              200365.4740000004,
              631799.7829999998
            ],
            [
              200362.2553000003,
              631833.5798000004
            ],
            [
              200352.23450000025,
              631923.7672000006
            ],
            [
              200345.2198999999,
              631973.8713000007
            ],
            [
              200329.18659999967,
              632012.9526000004
            ],
            [
              200319.16569999978,
              632031.9921000004
            ],
            [
              200305.13659999985,
              632049.0274999999
            ],
            [
              200273.99990000017,
              632074.5600000005
            ],
            [
              200180.1113,
              632109.5293000005
            ],
            [
              200144.42760000005,
              632126.3131000008
            ],
            [
              200127.89319999982,
              632139.0897000004
            ],
            [
              200113.61349999998,
              632154.8725000005
            ],
            [
              200099.33389999997,
              632174.4131000005
            ],
            [
              200064.01049999986,
              632254.0787000004
            ],
            [
              200039.96050000004,
              632311.9488999993
            ],
            [
              200033.94799999986,
              632333.7442000005
            ],
            [
              200030.94170000032,
              632363.8067000005
            ],
            [
              200033.94799999986,
              632390.8629000001
            ],
            [
              200036.13329999987,
              632410.5310999993
            ],
            [
              200041.46360000037,
              632458.5034999996
            ],
            [
              200045.97300000023,
              632497.5846999995
            ],
            [
              200048.2276999997,
              632526.8956000004
            ],
            [
              200045.22140000015,
              632547.9394000005
            ],
            [
              200034.6995000001,
              632577.2502999995
            ],
            [
              200021.17140000034,
              632610.3190000001
            ],
            [
              200006.89180000033,
              632633.6173999999
            ],
            [
              199990.3574000001,
              632659.1704999991
            ],
            [
              199973.0714999996,
              632676.4564999994
            ],
            [
              199948.26989999972,
              632694.4940000009
            ],
            [
              199928.09339999966,
              632706.6760000009
            ],
            [
              199908.43709999975,
              632718.5438999999
            ],
            [
              199885.8903000001,
              632730.5689000003
            ],
            [
              199868.6043999996,
              632738.0844999999
            ],
            [
              199841.54810000025,
              632739.5877
            ],
            [
              199812.23720000032,
              632741.0908000004
            ],
            [
              199770.90130000003,
              632736.5813999996
            ],
            [
              199745.3481999999,
              632739.5877
            ],
            [
              199737.8468000004,
              632741.5778999999
            ],
            [
              199708.5217000004,
              632749.3579999991
            ],
            [
              199643.8872999996,
              632777.1657999996
            ],
            [
              199593.3543999996,
              632797.2118999995
            ],
            [
              199552.9484000001,
              632813.2407000009
            ],
            [
              199506.22759999987,
              632835.1226000004
            ],
            [
              199493.5750000002,
              632841.0484999996
            ],
            [
              199414.6610000003,
              632886.1422000006
            ],
            [
              199359.04540000018,
              632919.2109999992
            ],
            [
              199334.2923999997,
              632933.9192999993
            ],
            [
              199307.18759999983,
              632950.0250000004
            ],
            [
              199263.88480000012,
              632969.2707000002
            ],
            [
              199253.07519999985,
              632974.0749999993
            ],
            [
              199202.72049999982,
              632997.3734000009
            ],
            [
              199141.09240000043,
              633023.6780999992
            ],
            [
              199112.53309999965,
              633035.7030999996
            ],
            [
              199043.38939999975,
              633062.7592999991
            ],
            [
              199042.03079999983,
              633063.3479999993
            ],
            [
              198998.29569999967,
              633082.2999000009
            ],
            [
              198974.24569999985,
              633099.5857999995
            ],
            [
              198945.68630000018,
              633120.6295999996
            ],
            [
              198920.88480000012,
              633149.9405000005
            ],
            [
              198874.28789999988,
              633204.8045000006
            ],
            [
              198860.9819,
              633221.1519000009
            ],
            [
              198847.98330000043,
              633237.1217
            ],
            [
              198840.16550000012,
              633246.3328000009
            ],
            [
              198788.23819999956,
              633307.5143999998
            ],
            [
              198772.07550000027,
              633326.5574999992
            ],
            [
              198735.24899999984,
              633367.1418999992
            ],
            [
              198702.93180000037,
              633399.4590000007
            ],
            [
              198664.60219999962,
              633436.2855999991
            ],
            [
              198621.01159999985,
              633464.0933999997
            ],
            [
              198587.94290000014,
              633486.6402000003
            ],
            [
              198557.12880000006,
              633499.4167999998
            ],
            [
              198526.93099999987,
              633507.2720999997
            ],
            [
              198509.72970000003,
              633511.7466000002
            ],
            [
              198402.5,
              633522.5
            ],
            [
              198349.69770000037,
              633523.4667000007
            ],
            [
              198303.85250000004,
              633518.9573999997
            ],
            [
              198259.5103000002,
              633512.9449000005
            ],
            [
              198228.69629999995,
              633511.4418000001
            ],
            [
              198208.40409999993,
              633512.9449000005
            ],
            [
              198186.60879999958,
              633516.7027000003
            ],
            [
              198178.10639999993,
              633519.0645000003
            ],
            [
              198159.55260000005,
              633524.2182999998
            ],
            [
              198114.45880000014,
              633548.2683000006
            ],
            [
              198076.12920000032,
              633565.5541999992
            ],
            [
              197944.60589999985,
              633633.9463999998
            ],
            [
              197892.74810000043,
              633659.4995000008
            ],
            [
              197788.28100000042,
              633707.5994000006
            ],
            [
              197726.6529000001,
              633740.6680999994
            ],
            [
              197669.53419999965,
              633773.7368999999
            ],
            [
              197621.43420000002,
              633798.5384
            ],
            [
              197586.1107999999,
              633821.8367999997
            ],
            [
              197547.78120000008,
              633837.6195999999
            ],
            [
              197513.9609000003,
              633848.8931000009
            ],
            [
              197465.86089999974,
              633857.9118000008
            ],
            [
              197404.98440000042,
              633867.6820999999
            ],
            [
              197366.65469999984,
              633872.943
            ],
            [
              197319.3063000003,
              633884.9680000003
            ],
            [
              197274.2126000002,
              633895.4899000004
            ],
            [
              197204.31740000006,
              633915.7820999995
            ],
            [
              197147.95019999985,
              633933.8195999991
            ],
            [
              197099.85030000005,
              633955.6149000004
            ],
            [
              197058.51439999975,
              633975.9069999997
            ],
            [
              197009.66280000005,
              634005.9694999997
            ],
            [
              196957.0535000004,
              634045.8023000006
            ],
            [
              196885.6551000001,
              634105.1756999996
            ],
            [
              196823.27550000045,
              634160.7913000006
            ],
            [
              196771.4177000001,
              634207.3881000001
            ],
            [
              196742.10680000018,
              634226.1771000009
            ],
            [
              196715.80209999997,
              634241.2083999999
            ],
            [
              196690.24899999984,
              634250.2270999998
            ],
            [
              196656.53170000017,
              634260.5533000007
            ],
            [
              196529.9952999996,
              634299.5683999993
            ],
            [
              196492.50009999983,
              634307.5000999998
            ],
            [
              196443.73670000024,
              634319.3707999997
            ],
            [
              196361.81649999972,
              634322.3771000002
            ],
            [
              196291.2893000003,
              634316.9679000005
            ],
            [
              196219.01109999977,
              634311.4243999999
            ],
            [
              196085.99320000038,
              634302.0848999992
            ],
            [
              196021.8306,
              634302.9397999998
            ],
            [
              195892.09030000027,
              634301.3333
            ],
            [
              195773.34350000042,
              634309.6005000006
            ],
            [
              195676.2999999998,
              634314.7419000007
            ],
            [
              195659.85759999976,
              634315.6129999999
            ],
            [
              195595.22329999972,
              634319.3707999997
            ],
            [
              195570.42179999966,
              634323.1285999995
            ],
            [
              195532.0921,
              634332.1473999992
            ],
            [
              195491.5077999998,
              634345.6754999999
            ],
            [
              195459.9422000004,
              634358.4519999996
            ],
            [
              195429.12810000032,
              634373.4833000004
            ],
            [
              195405.07809999958,
              634390.0175999999
            ],
            [
              195374.26410000026,
              634416.3223000001
            ],
            [
              195337.43759999983,
              634452.3972999994
            ],
            [
              195296.10170000046,
              634501.2488000002
            ],
            [
              195241.98919999972,
              634561.3738000002
            ],
            [
              195130.00650000013,
              634690.6424000002
            ],
            [
              195048.83779999986,
              634789.8486000001
            ],
            [
              194911.30200000014,
              634960.4530999996
            ],
            [
              194829.02479999978,
              635069.6951000001
            ],
            [
              194821.86610000022,
              635079.1998999994
            ],
            [
              194786.5427000001,
              635120.5358000007
            ],
            [
              194763.99579999968,
              635143.0826999992
            ],
            [
              194728.67239999957,
              635170.8904999997
            ],
            [
              194696.35529999994,
              635192.6857999992
            ],
            [
              194680.14049999975,
              635201.2895999998
            ],
            [
              194659.52869999968,
              635212.2263999991
            ],
            [
              194629.91370000038,
              635224.9185000006
            ],
            [
              194612.18030000012,
              635232.5185000002
            ],
            [
              194555.06159999967,
              635252.0592
            ],
            [
              194492.68200000003,
              635263.3325999994
            ],
            [
              194409.2586000003,
              635272.3512999993
            ],
            [
              194346.12739999965,
              635284.3762999997
            ],
            [
              194307.6941999998,
              635295.7862
            ],
            [
              194298.02740000002,
              635298.6559999995
            ],
            [
              194255.18840000033,
              635309.1778999995
            ],
            [
              194204.83380000014,
              635327.9669000003
            ],
            [
              194154.4791000001,
              635341.4949999992
            ],
            [
              194128.92599999998,
              635346.7559999991
            ],
            [
              194083.8322999999,
              635355.7747000009
            ],
            [
              194028.96829999983,
              635362.5387999993
            ],
            [
              193947.79959999956,
              635372.3091000002
            ],
            [
              193899.69959999993,
              635377.5700000003
            ],
            [
              193814.77309999987,
              635391.0980999991
            ],
            [
              193767.56319999974,
              635401.5891999993
            ],
            [
              193767.42470000032,
              635401.6199999992
            ],
            [
              193732.1013000002,
              635414.3965000007
            ],
            [
              193699.78419999965,
              635427.1731000002
            ],
            [
              193668.21860000025,
              635445.2105999999
            ],
            [
              193632.14360000007,
              635468.5089999996
            ],
            [
              193543.45930000022,
              635527.8824000005
            ],
            [
              193478.8250000002,
              635571.4729999993
            ],
            [
              193427.71870000008,
              635603.0385999996
            ],
            [
              193384.8797000004,
              635631.5978999995
            ],
            [
              193336.0281999996,
              635655.6479000002
            ],
            [
              193287.92819999997,
              635667.6729000006
            ],
            [
              193238.32510000002,
              635672.9338000007
            ],
            [
              193184.21270000003,
              635675.9400999993
            ],
            [
              193128.68340000045,
              635678.5374999996
            ],
            [
              193022.80480000004,
              635689.1629000008
            ],
            [
              192941.45820000023,
              635713.5182000007
            ],
            [
              192839.99729999993,
              635739.0713
            ],
            [
              192643.08810000028,
              635789.4258999992
            ],
            [
              192508.55850000028,
              635820.9914999995
            ],
            [
              192461.96169999987,
              635830.0102999993
            ],
            [
              192424.96789999958,
              635839.5495999996
            ],
            [
              192352.53969999962,
              635858.2260999996
            ],
            [
              192342.46329999994,
              635860.8243000004
            ],
            [
              192334.84649999999,
              635862.7127999999
            ],
            [
              192251.5242999997,
              635883.3712000009
            ],
            [
              192245.59449999966,
              635884.7335000001
            ],
            [
              192240.45650000032,
              635885.9138999991
            ],
            [
              192235.59499999974,
              635887.3542999998
            ],
            [
              192227.92389999982,
              635889.6272999998
            ],
            [
              192198.64960000012,
              635911.1451999992
            ],
            [
              192113.80009999964,
              635975.1879999992
            ],
            [
              191980.76319999993,
              636104.5664000008
            ],
            [
              191863.29090000037,
              636309.9306000005
            ],
            [
              191861.36959999986,
              636313.2894000001
            ],
            [
              191775.41199999955,
              636622.5121999998
            ],
            [
              191714.81300000008,
              636940.1877999995
            ],
            [
              191679.53920000046,
              637274.6817000005
            ],
            [
              191652.62289999984,
              637634.3000000007
            ],
            [
              191643.09759999998,
              637885.2283999994
            ],
            [
              191608.5652999999,
              638044.0515999999
            ],
            [
              191598.10039999988,
              638067.9134999998
            ],
            [
              191557.28079999983,
              638160.9900000002
            ],
            [
              191437.88719999976,
              638369.7136000004
            ],
            [
              191113.81460000016,
              638937.4425000008
            ],
            [
              190900.4941999996,
              639338.2462000009
            ],
            [
              190743.68840000033,
              639702.1229999997
            ],
            [
              190626.92810000014,
              639973.0719000008
            ],
            [
              190242.36319999956,
              640833.3811000008
            ],
            [
              189908.72950000037,
              641660.4043000005
            ],
            [
              189882.59119999968,
              641835.9872999992
            ],
            [
              189881.70739999972,
              642045.1184999999
            ],
            [
              189886.4606999997,
              642095.8652999997
            ],
            [
              189906.00549999997,
              642304.5289999992
            ],
            [
              189908.74590000045,
              642352.5304000005
            ],
            [
              189911.48759999964,
              642400.5549999997
            ],
            [
              189921.76879999973,
              642580.6410000008
            ],
            [
              189923.9863,
              642658.6889999993
            ],
            [
              189929.13740000036,
              642839.9931000005
            ],
            [
              189936.1518000001,
              643182.9976000004
            ],
            [
              189909.9793999996,
              643366.9459000006
            ],
            [
              189780.9888000004,
              643843.3279999997
            ],
            [
              189584.99670000002,
              644334.5070999991
            ],
            [
              189496.59119999968,
              644570.4763999991
            ]
          ],
          [
            [
              189384.48809999973,
              647182.0256999992
            ],
            [
              189375.78959999979,
              647193.9097000007
            ],
            [
              189369.98809999973,
              647201.8356999997
            ],
            [
              189354.07809999958,
              647226.9557000007
            ],
            [
              189349.40670000017,
              647236.5099999998
            ],
            [
              189245.40629999992,
              647533.0936999992
            ],
            [
              189164.9620000003,
              647747.1160000004
            ],
            [
              189072.90390000027,
              647992.0369000006
            ],
            [
              189072.8479000004,
              647992.1863000002
            ],
            [
              189068.59929999989,
              648006.4417000003
            ],
            [
              189042.7695000004,
              648093.1082000006
            ],
            [
              189030.00009999983,
              648135.9530999996
            ],
            [
              188983.85360000003,
              648231.2323000003
            ],
            [
              188861.95309999958,
              648482.9219000004
            ],
            [
              188737.88829999976,
              648718.9660999998
            ],
            [
              188694.01570000034,
              648802.4375
            ],
            [
              188686.75519999955,
              648814.7589999996
            ],
            [
              188554.1875,
              649039.7345000003
            ],
            [
              188386.9285000004,
              649217.4633000009
            ],
            [
              188266.01570000034,
              649340.5625
            ],
            [
              188108.04690000042,
              649495.4845000003
            ],
            [
              187903.06149999984,
              649659.9682999998
            ],
            [
              187879.26570000034,
              649679.0625
            ],
            [
              187801.59370000008,
              649741.3750999998
            ],
            [
              187476.71870000008,
              649968.8906999994
            ],
            [
              187426.16530000046,
              650002.875
            ],
            [
              187381.2736999998,
              650033.0533000007
            ],
            [
              187151.87509999983,
              650187.2656999994
            ],
            [
              187033.0066999998,
              650296.8443999998
            ],
            [
              187019.71889999975,
              650309.0936999992
            ],
            [
              186899.2912999997,
              650420.0914999992
            ],
            [
              186835.16930000018,
              650504.8886999991
            ],
            [
              186710.00420000032,
              650673.7303999998
            ],
            [
              186657.04930000007,
              650745.1638999991
            ],
            [
              186538.5625,
              650993.4845000003
            ],
            [
              186517.67679999955,
              651037.2452000007
            ],
            [
              186506.36369999964,
              651060.9488999993
            ],
            [
              186464.58710000012,
              651148.4811000004
            ],
            [
              186258.45309999958,
              651507.7186999992
            ],
            [
              185963.25009999983,
              652022.1875
            ],
            [
              185898.57809999958,
              652134.8906999994
            ],
            [
              185880.20529999956,
              652166.9229000006
            ],
            [
              185657.0625,
              652533.3439000007
            ],
            [
              185498.73589999974,
              652797.3278000001
            ],
            [
              185374.24450000003,
              653004.8969
            ],
            [
              185281.60929999966,
              653149.8388999999
            ],
            [
              185222.70770000014,
              653243.1616999991
            ],
            [
              185117.32660000026,
              653410.1263999995
            ],
            [
              185108.5491000004,
              653424.0332999993
            ],
            [
              185035.31070000026,
              653540.0711000003
            ],
            [
              184839.80489999987,
              653849.8278999999
            ],
            [
              184690.14130000025,
              654118.6051000003
            ],
            [
              184497.75650000013,
              654401.3632999994
            ],
            [
              183970.40110000037,
              655299.5156999994
            ],
            [
              183712.57359999977,
              655738.7437999994
            ],
            [
              183638.80379999988,
              655864.4160999991
            ],
            [
              183542.81549999956,
              656027.9390999991
            ],
            [
              183303.30769999977,
              656429.4121000003
            ],
            [
              183279.18070000038,
              656469.9407000002
            ],
            [
              183223.9057,
              656562.7918999996
            ],
            [
              183126.75710000005,
              656725.9824999999
            ],
            [
              183060.50989999995,
              656837.5567000005
            ],
            [
              182987.2893000003,
              656956.1044999994
            ],
            [
              182830.32809999958,
              657213.7656999994
            ],
            [
              182813.25540000014,
              657240.2164999992
            ],
            [
              182701.7424999997,
              657412.9839999992
            ],
            [
              182672.17229999974,
              657458.7972999997
            ],
            [
              182621.5510999998,
              657522.4210999999
            ],
            [
              182598.5625,
              657549.0625
            ],
            [
              182570.77909999993,
              657590.9891999997
            ],
            [
              182469.09379999992,
              657744.4375
            ],
            [
              182413.26559999958,
              657844.1875
            ],
            [
              182358.16480000038,
              657942.6995999999
            ],
            [
              182357.4375,
              657944
            ],
            [
              182355.36899999995,
              657947.2290000003
            ],
            [
              182222.03129999992,
              658155.375
            ],
            [
              182128.20309999958,
              658301.5
            ],
            [
              182062.875,
              658394.125
            ],
            [
              181896.57809999958,
              658603.1875
            ],
            [
              181793.23440000042,
              658741
            ],
            [
              181755.125,
              658801.125
            ],
            [
              181668.60940000042,
              658877.3125
            ],
            [
              181613.04690000042,
              658931.3125
            ],
            [
              181517.79690000042,
              659020.1875
            ],
            [
              181375.14059999958,
              659197.125
            ],
            [
              181353.1785000004,
              659217.3094999995
            ],
            [
              181227.84379999992,
              659332.5
            ],
            [
              181084.125,
              659457.25
            ],
            [
              180821.625,
              659701.9375
            ],
            [
              180713.2335000001,
              659791.4578000009
            ],
            [
              180685.03129999992,
              659814.75
            ],
            [
              180542.5,
              659921.625
            ],
            [
              180419.03129999992,
              660005.4375
            ],
            [
              180368.76559999958,
              660037.1875
            ],
            [
              180310.54690000042,
              660074.25
            ],
            [
              180170.32809999958,
              660143
            ],
            [
              179937.48440000042,
              660277.9375
            ],
            [
              179547.21879999992,
              660464.5
            ],
            [
              179384.5,
              660546.5
            ],
            [
              179303.16970000044,
              660598.0143999998
            ],
            [
              179236.09379999992,
              660640.5
            ]
          ]
        ]
      }
    },
    {
      "type": "Feature",
      "properties": {
        "OBJECTID": 151,
        "PL_NAME": "תוכנית מיתאר ארצית אחודה",
        "PL_NUMBER": "תמא/ 1",
        "stage": "תשתיות",
        "type_name": "דרכים",
        "Layer_Name": "דרך",
        "MAVAT_CODE": 10064,
        "MAVAT_NAME": "דרך אזורית",
        "NAME": "כביש מס' 443",
        "SCENARIO": "ראשי",
        "DATA_DATE": 1563062400000,
        "STATUS": "מאושרת",
        "LABEL": "443",
        "pl_change": null,
        "PL_URL": "",
        "REMARKS": null,
        "scale": "1:100000",
        "NUM": "443",
        "LAST_UPDATE": "14/07/2019",
        "LEGAL_AREA": null,
        "LEN": 15222.98083879472
      },
      "geometry": {
        "type": "LineString",
        "coordinates": [
          [
            191290.07440000027,
            651556.9937999994
          ],
          [
            191290.3476999998,
            651556.9887000006
          ],
          [
            191313.01449999958,
            651556.5578000005
          ],
          [
            191363.35960000008,
            651555.6007000003
          ],
          [
            191400.87600000016,
            651554.8873999994
          ],
          [
            191602.33050000016,
            651551.0572999995
          ],
          [
            191822.33770000003,
            651544.8026999999
          ],
          [
            191907.4606999997,
            651552.1083000004
          ],
          [
            191954.04989999998,
            651562.1436000001
          ],
          [
            192006.71609999985,
            651573.4879000001
          ],
          [
            192141.39329999965,
            651609.0146999992
          ],
          [
            192361.10369999986,
            651672.8852999993
          ],
          [
            192524.13489999995,
            651715.5220999997
          ],
          [
            192673.09329999983,
            651730.0604999997
          ],
          [
            192772.46729999967,
            651723.3904999997
          ],
          [
            192878.99729999993,
            651702.7194999997
          ],
          [
            193035.28770000022,
            651661.1827000007
          ],
          [
            193205.91970000044,
            651584.6316999998
          ],
          [
            193340.9517000001,
            651536.0090999994
          ],
          [
            193475.89529999997,
            651508.4236999992
          ],
          [
            193639.1939000003,
            651487.9481000006
          ],
          [
            193694.34410000034,
            651483.0305000003
          ],
          [
            193707.06149999984,
            651481.8965000007
          ],
          [
            193710.44130000006,
            651481.8386000004
          ],
          [
            194010.91000000015,
            651476.6899999995
          ],
          [
            194118.4447999997,
            651418.7239999995
          ],
          [
            194120.6749999998,
            651416.9881999996
          ],
          [
            194243.06969999988,
            651321.7260999996
          ],
          [
            194302.9316999996,
            651289.1432000007
          ],
          [
            194342.45220000017,
            651267.6322000008
          ],
          [
            194371.09530000016,
            651252.0417
          ],
          [
            194430.3842000002,
            651204.4702000003
          ],
          [
            194449.41870000027,
            651189.1974999998
          ],
          [
            194463.55769999977,
            651179.7464000005
          ],
          [
            194497.5848000003,
            651157.0013999995
          ],
          [
            194605.9763000002,
            651084.5482999999
          ],
          [
            194790.71109999996,
            651029.0843000002
          ],
          [
            194961.1347000003,
            651001.6205000002
          ],
          [
            195081.76769999973,
            651002.0364999995
          ],
          [
            195244.97709999979,
            651002.5985000003
          ],
          [
            195286.38669999968,
            650998.7825000007
          ],
          [
            195465.04310000036,
            650982.3187000006
          ],
          [
            195486.54250000045,
            650983.2427999992
          ],
          [
            195642.41509999987,
            650989.9425000008
          ],
          [
            195791.55090000015,
            650962.4057
          ],
          [
            195935.69830000028,
            650937.0218000002
          ],
          [
            195947.78230000008,
            650934.8938999996
          ],
          [
            196040.17929999996,
            650900.1492999997
          ],
          [
            196118.4436999997,
            650851.3302999996
          ],
          [
            196246.49870000035,
            650774.6333000008
          ],
          [
            196452.84750000015,
            650642.1049000006
          ],
          [
            196539.4759999998,
            650584.5731000006
          ],
          [
            196673.44730000012,
            650495.6000999995
          ],
          [
            196794.3174999999,
            650439.9156999998
          ],
          [
            196908.0619000001,
            650391.2196999993
          ],
          [
            196916.4134999998,
            650389.0789000001
          ],
          [
            197043.0356999999,
            650356.6217
          ],
          [
            197199.26709999982,
            650329.1096999999
          ],
          [
            197226.72219999973,
            650324.3628000002
          ],
          [
            197398.10510000028,
            650294.7313000001
          ],
          [
            197597.03129999992,
            650239.3158999998
          ],
          [
            197724.99789999984,
            650183.6558999997
          ],
          [
            197881.4665000001,
            650100.0442999993
          ],
          [
            197973.72410000023,
            650041.5273000002
          ],
          [
            198002.42569999956,
            650023.3224999998
          ],
          [
            198052.8443,
            649976.9668000005
          ],
          [
            198116.40710000042,
            649918.5261000004
          ],
          [
            198216.1964999996,
            649813.6809
          ],
          [
            198264.4134999998,
            649769.5467000008
          ],
          [
            198323.05269999988,
            649715.8727000002
          ],
          [
            198408.6196999997,
            649617.9909000006
          ],
          [
            198501.28390000015,
            649520.1340999994
          ],
          [
            198636.5236999998,
            649422.4236999992
          ],
          [
            198641.38150000013,
            649419.8613000009
          ],
          [
            198728.98010000028,
            649373.6541000009
          ],
          [
            198807.15550000034,
            649345.8727000002
          ],
          [
            198892.45610000007,
            649311.1039000005
          ],
          [
            198970.54229999986,
            649304.3600999992
          ],
          [
            199013.20770000014,
            649283.4696999993
          ],
          [
            199039.41050000023,
            649262.9133000001
          ],
          [
            199048.8069000002,
            649255.5417
          ],
          [
            199084.49430000037,
            649206.5763000008
          ],
          [
            199091.9168999996,
            649129.4638999999
          ],
          [
            199092.18329999968,
            649066.3509
          ],
          [
            199092.62810000032,
            648961.1641000006
          ],
          [
            199114.18310000002,
            648898.1247000005
          ],
          [
            199192.65450000018,
            648800.2186999992
          ],
          [
            199271.24509999994,
            648674.2629000004
          ],
          [
            199342.73950000014,
            648548.2822999991
          ],
          [
            199428.36610000022,
            648436.3761
          ],
          [
            199431.58169999998,
            648433.7960000001
          ],
          [
            199506.68950000033,
            648373.5325000007
          ],
          [
            199623.89529999997,
            648310.8874999993
          ],
          [
            199705.82409999985,
            648269.0293000005
          ],
          [
            199833.84869999997,
            648199.3443
          ],
          [
            199990.34750000015,
            648108.7201000005
          ],
          [
            200001.3808000004,
            648103.3177000005
          ],
          [
            200175.2304999996,
            648018.1932999995
          ],
          [
            200200.32710000034,
            648008.3757000007
          ],
          [
            200215.1076999996,
            648002.5935999993
          ],
          [
            200238.6958999997,
            647993.3661000002
          ],
          [
            200281.84889999963,
            647976.4848999996
          ],
          [
            200332.45749999955,
            647941.0418999996
          ],
          [
            200381.49010000005,
            647906.7025000006
          ],
          [
            200486.72479999997,
            647818.9804999996
          ],
          [
            200523.91550000012,
            647787.9789000005
          ],
          [
            200616.54930000007,
            647697.1338999998
          ],
          [
            200723.2871000003,
            647627.3759000003
          ],
          [
            200858.52689999994,
            647529.6656999998
          ],
          [
            201064.96470000036,
            647376.0995000005
          ],
          [
            201271.4615000002,
            647208.5088999998
          ],
          [
            201296.56010000035,
            647186.1322000008
          ],
          [
            201428.16789999977,
            647068.7971000001
          ],
          [
            201556.6381000001,
            646893.9244999997
          ],
          [
            201580.34949999955,
            646851.3730999995
          ],
          [
            201642.4430999998,
            646739.9429000001
          ],
          [
            201705.9095999999,
            646626.9846999999
          ],
          [
            201721.09250000026,
            646599.9620999992
          ],
          [
            201762.79250000045,
            646507.2888999991
          ],
          [
            201764.73330000043,
            646502.9757000003
          ],
          [
            201767.6381000001,
            646490.5109999999
          ],
          [
            201790.90909999982,
            646390.6536999997
          ],
          [
            201807.4313000003,
            646319.7561000008
          ],
          [
            201843.29690000042,
            646228.7159000002
          ],
          [
            201936.07890000008,
            646102.8089000005
          ],
          [
            202064.3415000001,
            645977.0241
          ],
          [
            202080.39639999997,
            645967.5835999995
          ],
          [
            202277.75650000013,
            645851.5325000007
          ],
          [
            202398.7156999996,
            645774.8104999997
          ],
          [
            202597.99839999992,
            645635.2452000007
          ],
          [
            202699.85819999967,
            645555.3347999994
          ],
          [
            202847.1900000004,
            645439.7510000002
          ],
          [
            203146.05429999996,
            645244.4277999997
          ],
          [
            203324.33409999963,
            645135.8068000004
          ],
          [
            203409.2907999996,
            645084.0449999999
          ],
          [
            203537.25659999996,
            645028.3849999998
          ],
          [
            203686.48149999976,
            644979.8112000003
          ],
          [
            203842.71300000045,
            644952.2986999992
          ],
          [
            203887.88269999996,
            644940.0691999998
          ]
        ]
      }
    },
    {
      "type": "Feature",
      "properties": {
        "OBJECTID": 160,
        "PL_NAME": "תוכנית מיתאר ארצית אחודה",
        "PL_NUMBER": "תמא/ 1",
        "stage": "תשתיות",
        "type_name": "דרכים",
        "Layer_Name": "דרך",
        "MAVAT_CODE": 10064,
        "MAVAT_NAME": "דרך אזורית",
        "NAME": "מחלף אל-על",
        "SCENARIO": "ראשי",
        "DATA_DATE": 1563062400000,
        "STATUS": "מאושרת",
        "LABEL": "453",
        "pl_change": "תתל/ 22/ ב",
        "PL_URL": "https://mavat.iplan.gov.il/SV4/1/",
        "REMARKS": null,
        "scale": "1:100000",
        "NUM": "453",
        "LAST_UPDATE": "14/07/2019",
        "LEGAL_AREA": null,
        "LEN": 999.3971223483722
      },
      "geometry": {
        "type": "LineString",
        "coordinates": [
          [
            191318.77909999993,
            655184.9397
          ],
          [
            191361.43929999974,
            655129.9432999995
          ],
          [
            191391.07430000044,
            655091.7386000007
          ],
          [
            191451.37200000044,
            655014.0044
          ],
          [
            191609.2193,
            654794.1850000005
          ],
          [
            191617.98979999963,
            654787.3044000007
          ],
          [
            191652.95309999958,
            654759.8752999995
          ],
          [
            191680.63719999976,
            654738.1568999998
          ],
          [
            191733.51429999992,
            654696.6742000002
          ],
          [
            191915.44730000012,
            654640.1699999999
          ],
          [
            192056.6322999997,
            654614.8387000002
          ],
          [
            192076.82760000043,
            654611.2152999993
          ]
        ]
      }
    },
    {
      "type": "Feature",
      "properties": {
        "OBJECTID": 161,
        "PL_NAME": "תוכנית מיתאר ארצית אחודה",
        "PL_NUMBER": "תמא/ 1",
        "stage": "תשתיות",
        "type_name": "דרכים",
        "Layer_Name": "דרך",
        "MAVAT_CODE": 10064,
        "MAVAT_NAME": "דרך אזורית",
        "NAME": "כביש מס' 461",
        "SCENARIO": "ראשי",
        "DATA_DATE": 1563062400000,
        "STATUS": "מאושרת",
        "LABEL": "461",
        "pl_change": null,
        "PL_URL": "",
        "REMARKS": null,
        "scale": "1:100000",
        "NUM": "461",
        "LAST_UPDATE": "14/07/2019",
        "LEGAL_AREA": null,
        "LEN": 7909.511559936159
      },
      "geometry": {
        "type": "MultiLineString",
        "coordinates": [
          [
            [
              185250.06429999974,
              660444.2953999992
            ],
            [
              185350.8677000003,
              660431.2502999995
            ],
            [
              185355.83530000038,
              660430.6074000001
            ],
            [
              185423.7566999998,
              660421.8176000006
            ],
            [
              186030.88970000017,
              660343.2474000007
            ],
            [
              186873.91189999972,
              660189.9706999995
            ],
            [
              187481.85929999966,
              660168.6103000008
            ],
            [
              187661.09119999968,
              660149.4004999995
            ],
            [
              187685.0111999996,
              660144.6170000006
            ],
            [
              187994.98730000015,
              660082.6284999996
            ],
            [
              188147.8652999997,
              660009.6566000003
            ],
            [
              188254.62370000035,
              659958.6985999998
            ],
            [
              188262.10369999986,
              659955.1283
            ],
            [
              188268.48550000042,
              659951.8346999995
            ],
            [
              188281.44189999998,
              659945.148
            ],
            [
              188352.52410000004,
              659908.4628999997
            ],
            [
              188450.2993999999,
              659858.0018000007
            ],
            [
              188492.5859000003,
              659835.6620000005
            ],
            [
              188492.94159999955,
              659835.4740999993
            ],
            [
              188772.0532999998,
              659688.0207000002
            ],
            [
              189014.8864000002,
              659536.2486000005
            ]
          ],
          [
            [
              180055.9375,
              661602.25
            ],
            [
              180106,
              661602
            ],
            [
              180147.54690000042,
              661615.125
            ],
            [
              180194.625,
              661640.375
            ],
            [
              180255.48440000042,
              661653.5625
            ],
            [
              180300.46879999992,
              661650.9375
            ],
            [
              180371.90629999992,
              661648.3125
            ],
            [
              180468.46879999992,
              661652.25
            ],
            [
              180637.03980000038,
              661667.2599999998
            ],
            [
              180721.15629999992,
              661674.75
            ],
            [
              180916.9375,
              661652.25
            ],
            [
              181151.5,
              661598
            ],
            [
              181165.29690000042,
              661594.8125
            ],
            [
              181956.2229000004,
              661413.6204000004
            ],
            [
              182014.85940000042,
              661400.1875
            ],
            [
              182153.14059999958,
              661383.5
            ],
            [
              182221.22499999963,
              661378.6727000009
            ],
            [
              182295.0625,
              661373.4375
            ],
            [
              182435.05769999977,
              661345.1862000003
            ],
            [
              182511.85940000042,
              661329.6875
            ],
            [
              182694.0133999996,
              661288.8616000004
            ],
            [
              182706.78129999992,
              661286
            ],
            [
              182708.91970000044,
              661285.2670000009
            ],
            [
              182793.9428000003,
              661256.1217999998
            ],
            [
              182815.8125,
              661248.625
            ],
            [
              182820.90639999975,
              661246.4290999994
            ],
            [
              182964.2561999997,
              661184.6322000008
            ],
            [
              182985.875,
              661175.3125
            ],
            [
              183032.78110000025,
              661147.1019000001
            ],
            [
              183085.14570000023,
              661115.6085000001
            ],
            [
              183202.85940000042,
              661044.8125
            ],
            [
              183277.625,
              660986.1875
            ],
            [
              183362.65629999992,
              660918.75
            ],
            [
              183437.42190000042,
              660864.5
            ],
            [
              183451.9654000001,
              660852.3177000005
            ],
            [
              183500.84379999992,
              660811.375
            ],
            [
              183535.65629999992,
              660783.875
            ],
            [
              183600.15629999992,
              660736.9375
            ],
            [
              183674.9375,
              660701.75
            ],
            [
              183684.61710000038,
              660698.7115000002
            ],
            [
              183741.4375,
              660680.875
            ],
            [
              183771.55680000037,
              660673.7681000009
            ],
            [
              183806.83770000003,
              660665.4431999996
            ]
          ]
        ]
      }
    },
    {
      "type": "Feature",
      "properties": {
        "OBJECTID": 162,
        "PL_NAME": "תוכנית מיתאר ארצית אחודה",
        "PL_NUMBER": "תמא/ 1",
        "stage": "תשתיות",
        "type_name": "דרכים",
        "Layer_Name": "דרך",
        "MAVAT_CODE": 10064,
        "MAVAT_NAME": "דרך אזורית",
        "NAME": "שדרוג כביש 4",
        "SCENARIO": "ראשי",
        "DATA_DATE": 1563062400000,
        "STATUS": "מאושרת",
        "LABEL": "461",
        "pl_change": "תתל/ 19",
        "PL_URL": "https://mavat.iplan.gov.il/SV4/1/99004398",
        "REMARKS": null,
        "scale": "1:100000",
        "NUM": "461",
        "LAST_UPDATE": "14/07/2019",
        "LEGAL_AREA": null,
        "LEN": 1466.6706479686584
      },
      "geometry": {
        "type": "LineString",
        "coordinates": [
          [
            183806.83770000003,
            660665.4431999996
          ],
          [
            184011.67119999975,
            660617.1106000002
          ],
          [
            184023,
            660614.4375
          ],
          [
            184105.02070000023,
            660594.1684000008
          ],
          [
            184373.5861999998,
            660515.3390999995
          ],
          [
            184800,
            660500
          ],
          [
            185216.60699999984,
            660448.6251999997
          ],
          [
            185250.06429999974,
            660444.2953999992
          ]
        ]
      }
    },
    {
      "type": "Feature",
      "properties": {
        "OBJECTID": 163,
        "PL_NAME": "תוכנית מיתאר ארצית אחודה",
        "PL_NUMBER": "תמא/ 1",
        "stage": "תשתיות",
        "type_name": "דרכים",
        "Layer_Name": "דרך",
        "MAVAT_CODE": 10062,
        "MAVAT_NAME": "דרך פרברית מהירה",
        "NAME": "כביש מס' 461",
        "SCENARIO": "ראשי",
        "DATA_DATE": 1563062400000,
        "STATUS": "מאושרת",
        "LABEL": "461",
        "pl_change": null,
        "PL_URL": "",
        "REMARKS": null,
        "scale": "1:100000",
        "NUM": "461",
        "LAST_UPDATE": "14/07/2019",
        "LEGAL_AREA": null,
        "LEN": 2583.3987646978417
      },
      "geometry": {
        "type": "MultiLineString",
        "coordinates": [
          [
            [
              189014.8864000002,
              659536.2486000005
            ],
            [
              189120.5477,
              659483.4174000006
            ],
            [
              189167.80250000022,
              659459.7897999994
            ],
            [
              189424.36789999995,
              659331.5056999996
            ],
            [
              189439.84420000017,
              659323.7675000001
            ],
            [
              189609.82770000026,
              659275.2042999994
            ],
            [
              189895.15629999992,
              659190.2234000005
            ],
            [
              190222.9807000002,
              659135.5777000003
            ],
            [
              190384.91110000014,
              659110.3859999999
            ],
            [
              190496.16839999985,
              659093.0776000004
            ],
            [
              190532.86780000012,
              659094.5173000004
            ],
            [
              190680.60529999994,
              659100.3127999995
            ]
          ],
          [
            [
              195043.75930000003,
              660215.6076999996
            ],
            [
              195053.55979999993,
              660205.1947000008
            ],
            [
              195291.6853,
              660102.0069999993
            ],
            [
              195695.01169999968,
              660070.0879999995
            ],
            [
              195847.14690000005,
              660125.6743000001
            ]
          ]
        ]
      }
    },
    {
      "type": "Feature",
      "properties": {
        "OBJECTID": 164,
        "PL_NAME": "תוכנית מיתאר ארצית אחודה",
        "PL_NUMBER": "תמא/ 1",
        "stage": "תשתיות",
        "type_name": "דרכים",
        "Layer_Name": "דרך",
        "MAVAT_CODE": 10062,
        "MAVAT_NAME": "דרך פרברית מהירה",
        "NAME": "כביש 461",
        "SCENARIO": "ראשי",
        "DATA_DATE": 1563062400000,
        "STATUS": "מאושרת",
        "LABEL": "461",
        "pl_change": "תתל/ 3/ 3",
        "PL_URL": "https://mavat.iplan.gov.il/SV4/1/99002568",
        "REMARKS": null,
        "scale": "1:100000",
        "NUM": "461",
        "LAST_UPDATE": "14/07/2019",
        "LEGAL_AREA": null,
        "LEN": 4992.296079575706
      },
      "geometry": {
        "type": "LineString",
        "coordinates": [
          [
            190680.60529999994,
            659100.3127999995
          ],
          [
            190701.3219999997,
            659101.1254999992
          ],
          [
            191012.7999999998,
            659088.1199999992
          ],
          [
            191047.41000000015,
            659084.8100000005
          ],
          [
            191070.2000000002,
            659085.6899999995
          ],
          [
            191109.2000000002,
            659086.1899999995
          ],
          [
            191151.5,
            659087.3100000005
          ],
          [
            191178.2000000002,
            659088.8800000008
          ],
          [
            191185.7999999998,
            659089.1899999995
          ],
          [
            191252.58999999985,
            659092.1199999992
          ],
          [
            191336.41000000015,
            659097.3800000008
          ],
          [
            191349.2000000002,
            659098.3100000005
          ],
          [
            191401.2999999998,
            659102.1199999992
          ],
          [
            191444.2999999998,
            659106.1899999995
          ],
          [
            191466.52909999993,
            659173.5267999992
          ],
          [
            191467.40919999965,
            659176.193
          ],
          [
            191533.9330000002,
            659377.7086999994
          ],
          [
            191871.27740000002,
            659705.1312000006
          ],
          [
            192407.0597000001,
            660002.7880000006
          ],
          [
            192807.24280000012,
            660221.0697000008
          ],
          [
            193172.36849999987,
            660387.7576000001
          ],
          [
            193545.43180000037,
            660530.6327999998
          ],
          [
            193815.30730000045,
            660554.4453999996
          ],
          [
            194108.99540000036,
            660578.2578999996
          ],
          [
            194489.99619999994,
            660546.5078999996
          ],
          [
            194680.49650000036,
            660459.1952
          ],
          [
            194926.55950000044,
            660340.1325000003
          ],
          [
            194998.73379999958,
            660263.4473000001
          ],
          [
            195039.69359999988,
            660219.9275000002
          ],
          [
            195043.75930000003,
            660215.6076999996
          ]
        ]
      }
    },
    {
      "type": "Feature",
      "properties": {
        "OBJECTID": 165,
        "PL_NAME": "תוכנית מיתאר ארצית אחודה",
        "PL_NUMBER": "תמא/ 1",
        "stage": "תשתיות",
        "type_name": "דרכים",
        "Layer_Name": "דרך",
        "MAVAT_CODE": 10064,
        "MAVAT_NAME": "דרך אזורית",
        "NAME": "כביש מס' 4622",
        "SCENARIO": "ראשי",
        "DATA_DATE": 1563062400000,
        "STATUS": "מאושרת",
        "LABEL": "4622",
        "pl_change": null,
        "PL_URL": "",
        "REMARKS": null,
        "scale": "1:100000",
        "NUM": "4622",
        "LAST_UPDATE": "14/07/2019",
        "LEGAL_AREA": null,
        "LEN": 4054.645290357954
      },
      "geometry": {
        "type": "LineString",
        "coordinates": [
          [
            186961.8951000003,
            664099.0215000007
          ],
          [
            187010.5351999998,
            663523.0666000005
          ],
          [
            187206.44830000028,
            663160.1701999996
          ],
          [
            187348.53029999975,
            662723.9662999995
          ],
          [
            187363.06579999998,
            662627.2872000001
          ],
          [
            187323.33750000037,
            661882.6060000006
          ],
          [
            187443.80620000046,
            661657.1353999991
          ],
          [
            187462.4972000001,
            661598.7639000006
          ],
          [
            187485.20409999974,
            661431.4813000001
          ],
          [
            187554.9134999998,
            661122.9480000008
          ],
          [
            187554.9134999998,
            660733.5486999992
          ],
          [
            187505.15409999993,
            660471.7054999992
          ],
          [
            187481.85929999966,
            660168.6103000008
          ]
        ]
      }
    }
  ]
}