{
  "type": "FeatureCollection",
  "name": "tama1_train",
  "description": "תמ\"א 1 – מסילות ברזל",
  "crs": {
    "type": "name",
    "properties": {
      "name": "urn:ogc:def:crs:EPSG::2039"
    }
  },
  "features": [
    {
      "type": "Feature",
      "properties": {
        "OBJECTID": 39,
        "PL_NAME": "תוכנית מיתאר ארצית אחודה",
        "PL_NUMBER": "תמא/ 1",
        "stage": "תשתיות",
        "type_name": "מסילות ברזל",
        "Layer_Name": "מסילת ברזל",
        "MAVAT_NAME": "מסילת ברזל",
        "MAVAT_CODE": 10068,
        "NAME": "הרחבת פרוזדור מסילת הברזל לוד - רחובות",
        "SCENARIO": "ראשי",
        "Status": "מאושרת",
        "DATA_DATE": 1563062400000,
        "LABEL": "הרחבת פרוזדור מסילת הברזל לוד - רחובות",
        "pl_change": "מח/ 120",
        "PL_URL": "https://mavat.iplan.gov.il/SV4/1/4059060",
        "REMARKS": "הרחבת פרוזדור מסילת ברזל לוד-רחובות",
        "scale": "1:100000",
        "NUM": null,
        "LAST_UPDATE": "14/07/2019",
        "LEGAL_AREA": null,
        "LEN": null
      },
      "geometry": {
        "type": "MultiLineString",
        "coordinates": [
          [
            [
              183298.9288999997,
              648940.0188999996
            ],
            [
              183134.26070000045,
              648905.6440999992
            ],
            [
              182982.49679999985,
              648844.6085999999
            ],
            [
              182975.5547000002,
              648840.0695999991
            ],
            [
              182896.71719999984,
              648788.5219
            ],
            [
              182799.39039999992,
              648696.1438999996
            ],
            [
              182720.2092000004,
              648587.2697999999
            ],
            [
              182687.2171,
              648496.5414000005
            ],
            [
              182659.17370000016,
              648395.9153000005
            ],
            [
              182647.62650000025,
              648310.1357000005
            ],
            [
              182637.7287999997,
              648067.6434000004
            ],
            [
              182629.48080000002,
              647958.7693000007
            ],
            [
              182625.27280000038,
              647908.3392999992
            ],
            [
              182620.2951999996,
              647857.9794999994
            ],
            [
              182614.5491000004,
              647807.7015000004
            ],
            [
              182608.03589999955,
              647757.5172000006
            ],
            [
              182578.34300000034,
              647678.3359999992
            ],
            [
              182535.45320000034,
              647592.5563999992
            ],
            [
              182439.77589999977,
              647478.7335000001
            ],
            [
              182353.99629999977,
              647371.5089999996
            ],
            [
              182311.10649999976,
              647275.8317000009
            ],
            [
              182283.06319999974,
              647183.4537000004
            ],
            [
              182273.16559999995,
              647105.9221000001
            ],
            [
              182258.31909999996,
              646888.1739000008
            ],
            [
              182250.07100000046,
              646771.0517999995
            ],
            [
              182235.2246000003,
              646701.7683000006
            ],
            [
              182193.98440000042,
              646604.4414000008
            ],
            [
              182142.84649999999,
              646526.9098000005
            ],
            [
              182083.25679999962,
              646460.4968999997
            ],
            [
              182017.47640000004,
              646414.7365000006
            ],
            [
              181933.34640000015,
              646358.6499000005
            ],
            [
              181334.5388000002,
              646008.9330000002
            ]
          ],
          [
            [
              188227.34929999989,
              650261.6524999999
            ],
            [
              188093.4578999998,
              650157.5883000009
            ],
            [
              188050.0730999997,
              650123.8684999999
            ],
            [
              188032.5515999999,
              650110.7278000005
            ],
            [
              188014.58820000011,
              650098.1980000008
            ],
            [
              187996.2039999999,
              650086.2939999998
            ],
            [
              187977.4210000001,
              650075.0298999995
            ],
            [
              187958.2614000002,
              650064.4190999996
            ],
            [
              187938.74789999984,
              650054.4740999993
            ],
            [
              187918.90359999985,
              650045.2065999992
            ],
            [
              187898.75210000016,
              650036.6278000008
            ],
            [
              187878.31709999964,
              650028.7478
            ],
            [
              187857.62310000043,
              650021.5757999998
            ],
            [
              187836.6944000004,
              650015.1204000004
            ],
            [
              187815.55590000004,
              650009.3892999999
            ],
            [
              187794.2326999996,
              650004.3892999999
            ],
            [
              187772.75,
              650000.1261999998
            ],
            [
              187730.2276999997,
              649992.1721000001
            ],
            [
              187687.80790000036,
              649983.6881000008
            ],
            [
              187645.49729999993,
              649974.6755999997
            ],
            [
              187236.53340000007,
              649884.2822999991
            ],
            [
              186638.6183000002,
              649760.6001999993
            ],
            [
              186534.9014999997,
              649738.3750999998
            ],
            [
              186511.8892000001,
              649733.8333999999
            ],
            [
              186488.7416000003,
              649730.0413000006
            ],
            [
              186465.483,
              649727.0029000007
            ],
            [
              186442.1381000001,
              649724.7212000005
            ],
            [
              186418.73139999993,
              649723.1987999994
            ],
            [
              186395.2876000004,
              649722.4371000007
            ],
            [
              186371.83139999956,
              649722.4371000007
            ],
            [
              186348.38760000002,
              649723.1987999994
            ],
            [
              186324.98089999985,
              649724.7212000005
            ],
            [
              186301.63599999994,
              649727.0029000007
            ],
            [
              186278.37739999965,
              649730.0413000006
            ],
            [
              186255.22979999986,
              649733.8333999999
            ],
            [
              186232.21750000026,
              649738.3750999998
            ],
            [
              186015.25879999995,
              649775.4168999996
            ],
            [
              185767.60830000043,
              649820.9253000002
            ],
            [
              185724.2165000001,
              649825.1586000007
            ],
            [
              185674.47470000014,
              649825.1586000007
            ],
            [
              185651.0898000002,
              649824.7628000006
            ],
            [
              185627.73170000035,
              649823.5756999999
            ],
            [
              185604.42709999997,
              649821.5986000001
            ],
            [
              185581.2028000001,
              649818.8340000007
            ],
            [
              185558.08540000021,
              649815.2849000003
            ],
            [
              185535.10140000004,
              649810.9553999994
            ],
            [
              185512.27699999977,
              649805.8504000008
            ],
            [
              185489.63860000018,
              649799.9759
            ],
            [
              185467.21190000046,
              649793.3385000005
            ],
            [
              185445.02269999962,
              649785.9458000008
            ],
            [
              185423.09649999999,
              649777.8063999992
            ],
            [
              185401.45820000023,
              649768.9295000006
            ],
            [
              185380.13289999962,
              649759.3253000006
            ],
            [
              185359.1447999999,
              649749.0048999991
            ],
            [
              185338.5181,
              649737.9800000004
            ],
            [
              185318.27630000003,
              649726.2632999998
            ],
            [
              185298.44269999955,
              649713.8682000004
            ],
            [
              185279.0399000002,
              649700.8089000005
            ],
            [
              185260.09030000027,
              649687.1004000008
            ],
            [
              185241.6155000003,
              649672.7583000008
            ],
            [
              185173.88210000005,
              649605.0249000005
            ],
            [
              185044.76510000043,
              649446.2744999994
            ],
            [
              184905.06489999965,
              649251.5407999996
            ],
            [
              184787.5895999996,
              649087.4988000002
            ],
            [
              184776.15600000042,
              649072.1699999999
            ],
            [
              184764.1364000002,
              649057.2960999999
            ],
            [
              184751.5491000004,
              649042.8995999992
            ],
            [
              184738.41280000005,
              649029.0020000003
            ],
            [
              184724.74739999976,
              649015.6245000008
            ],
            [
              184710.57349999994,
              649002.7869000006
            ],
            [
              184695.9123999998,
              648990.5088
            ],
            [
              184680.78610000014,
              648978.8084999993
            ],
            [
              184665.21740000043,
              648967.7036000006
            ],
            [
              184649.22970000003,
              648957.2109999992
            ],
            [
              184632.8470999999,
              648947.3462000005
            ],
            [
              184616.0943,
              648938.1242999993
            ],
            [
              184598.99629999977,
              648929.5591000002
            ],
            [
              184581.57909999974,
              648921.6634
            ],
            [
              184563.86870000046,
              648914.4491000008
            ],
            [
              184545.89190000016,
              648907.9272000007
            ],
            [
              184527.67569999956,
              648902.1074000001
            ],
            [
              184509.24739999976,
              648896.9984000009
            ],
            [
              184436.22229999956,
              648874.7733999994
            ],
            [
              184375.8970999997,
              648865.2484000009
            ],
            [
              184319.80539999995,
              648865.2484000009
            ],
            [
              184242.54690000042,
              648869.4816999994
            ],
            [
              183966.32129999995,
              648912.8735000007
            ],
            [
              183729.25420000032,
              648954.1486000009
            ],
            [
              183654.11239999998,
              648959.4401999991
            ],
            [
              183427.6286000004,
              648947.7984999996
            ],
            [
              183376.48080000002,
              648944.8659000006
            ]
          ]
        ]
      }
    },
    {
      "type": "Feature",
      "properties": {
        "OBJECTID": 56,
        "PL_NAME": "תוכנית מיתאר ארצית אחודה",
        "PL_NUMBER": "תמא/ 1",
        "stage": "תשתיות",
        "type_name": "מסילות ברזל",
        "Layer_Name": "מסילת ברזל",
        "MAVAT_NAME": "מסילת ברזל",
        "MAVAT_CODE": 10068,
        "NAME": "דרך מס' 1 מחלף בן-גוריון - מחלף לוד",
        "SCENARIO": "ראשי",
        "Status": "מאושרת",
        "DATA_DATE": 1563062400000,
        "LABEL": "דרך מס' 1 מחלף בן-גוריון - מחלף לוד",
        "pl_change": "מח/ 112",
        "PL_URL": "https://mavat.iplan.gov.il/SV4/1/4059043",
        "REMARKS": "מחלף בן גוריון- לוד",
        "scale": "1:100000",
        "NUM": null,
        "LAST_UPDATE": "14/07/2019",
        "LEGAL_AREA": null,
        "LEN": null
      },
      "geometry": {
        "type": "LineString",
        "coordinates": [
          [
            187237.23869999964,
            655328.7875999995
          ],
          [
            187315.13580000028,
            655340.4960999992
          ],
          [
            187397.57299999986,
            655362.4792999998
          ],
          [
            187459.69959999993,
            655385.8962999992
          ],
          [
            187507.48919999972,
            655409.3132000007
          ],
          [
            187565.07579999976,
            655439.8986000009
          ],
          [
            187583.47479999997,
            655452.5628999993
          ],
          [
            187659.46040000021,
            655508.9547000006
          ],
          [
            187735.92389999982,
            655574.9044000003
          ],
          [
            187847.03479999956,
            655667.1384999994
          ],
          [
            187905.57720000017,
            655715.8838999998
          ],
          [
            187966.9868999999,
            655760.3282999992
          ],
          [
            187999.24490000028,
            655781.1168000009
          ],
          [
            188073.3189000003,
            655819.8265000004
          ],
          [
            188116.32959999982,
            655837.7476000004
          ],
          [
            188162.20770000014,
            655853.0403000005
          ],
          [
            188184.19099999964,
            655859.9697999991
          ],
          [
            188233.65330000035,
            655872.1561999992
          ],
          [
            188291.23979999963,
            655881.7140999995
          ],
          [
            188344.7642000001,
            655885.7762000002
          ],
          [
            188374.15490000043,
            655886.9710000008
          ],
          [
            188442.01620000042,
            655884.3424999993
          ],
          [
            188479.7701000003,
            655880.5193000007
          ],
          [
            188502.97240000032,
            655877.7920999993
          ],
          [
            188526.07510000002,
            655874.3202
          ],
          [
            188549.0541000003,
            655870.1072000004
          ],
          [
            188571.88580000028,
            655865.1574000008
          ],
          [
            188594.5466,
            655859.4759999998
          ],
          [
            188617.01290000044,
            655853.0688000005
          ],
          [
            188639.26150000002,
            655845.9425000008
          ],
          [
            188661.2695000004,
            655838.1044999994
          ],
          [
            188683.01410000026,
            655829.5626999997
          ],
          [
            188704.4726999998,
            655820.3261999991
          ],
          [
            188725.6233000001,
            655810.4044000003
          ],
          [
            188746.44379999954,
            655799.8074999992
          ],
          [
            188766.91280000005,
            655788.5467000008
          ],
          [
            188787.00910000037,
            655776.6334000006
          ],
          [
            188806.71190000046,
            655764.0800999999
          ],
          [
            188826.00079999957,
            655750.8995999992
          ],
          [
            188844.85599999968,
            655737.1057999991
          ],
          [
            188863.2577999998,
            655722.7127
          ],
          [
            188881.18719999958,
            655707.7353000008
          ],
          [
            188898.62579999957,
            655692.1890999991
          ],
          [
            189070.07610000018,
            655485.8136999998
          ],
          [
            189205.54310000036,
            655299.5467000008
          ],
          [
            189394.1933000004,
            655051.1195999999
          ],
          [
            189473.26389999967,
            654957.8870999999
          ],
          [
            189532.27180000022,
            654901.8295000009
          ],
          [
            189546.43369999994,
            654888.2577
          ],
          [
            189623.73400000017,
            654832.2002000008
          ],
          [
            189681.56180000026,
            654802.6962000001
          ],
          [
            189759.45220000017,
            654769.0616999995
          ],
          [
            189912.8728,
            654707.1033999994
          ],
          [
            189956.53870000038,
            654689.4011000004
          ],
          [
            190023.80769999977,
            654664.6176999994
          ],
          [
            190118.22030000016,
            654624.4923999999
          ],
          [
            190186.66949999984,
            654587.9075000007
          ],
          [
            190248.03770000022,
            654550.1424000002
          ],
          [
            190318.84719999973,
            654504.7062999997
          ],
          [
            190483.54150000028,
            654376.9474
          ],
          [
            190711.9413999999,
            654199.7698999997
          ],
          [
            190817.35020000022,
            654116.8615000006
          ]
        ]
      }
    },
    {
      "type": "Feature",
      "properties": {
        "OBJECTID": 57,
        "PL_NAME": "תוכנית מיתאר ארצית אחודה",
        "PL_NUMBER": "תמא/ 1",
        "stage": "תשתיות",
        "type_name": "מסילות ברזל",
        "Layer_Name": "מסילת ברזל",
        "MAVAT_NAME": "מסילת ברזל",
        "MAVAT_CODE": 10068,
        "NAME": "מחלף שפירים צפריה",
        "SCENARIO": "ראשי",
        "Status": "מאושרת",
        "DATA_DATE": 1563062400000,
        "LABEL": "מחלף שפירים צפריה",
        "pl_change": "מח/ 135",
        "PL_URL": "https://mavat.iplan.gov.il/SV4/1/4059004",
        "REMARKS": "מחלף שפירים- צפריה",
        "scale": "1:100000",
        "NUM": null,
        "LAST_UPDATE": "14/07/2019",
        "LEGAL_AREA": null,
        "LEN": null
      },
      "geometry": {
        "type": "MultiLineString",
        "coordinates": [
          [
            [
              184260.40359999985,
              657560.6987999994
            ],
            [
              184304.21490000002,
              657522.8618000001
            ],
            [
              184625.9489000002,
              657251.9278999995
            ]
          ],
          [
            [
              184260.40359999985,
              657560.6987999994
            ],
            [
              184662.99060000014,
              657376.8114999998
            ],
            [
              184991.07459999993,
              657297.4363000002
            ],
            [
              185218.61670000013,
              657286.8530000001
            ],
            [
              185525.53399999999,
              657334.4781
            ],
            [
              185753.07610000018,
              657366.2281
            ],
            [
              185911.82639999967,
              657397.9781999998
            ],
            [
              186255.78550000023,
              657466.7699999996
            ]
          ],
          [
            [
              183194.82529999968,
              658465.8809999991
            ],
            [
              183711.54700000025,
              658028.7460999992
            ],
            [
              183931.6808000002,
              657844.5957999993
            ],
            [
              184260.40359999985,
              657560.6987999994
            ]
          ]
        ]
      }
    },
    {
      "type": "Feature",
      "properties": {
        "OBJECTID": 61,
        "PL_NAME": "תוכנית מיתאר ארצית אחודה",
        "PL_NUMBER": "תמא/ 1",
        "stage": "תשתיות",
        "type_name": "מסילות ברזל",
        "Layer_Name": "מסילת ברזל",
        "MAVAT_NAME": "מסילת ברזל",
        "MAVAT_CODE": 10068,
        "NAME": "מסילה לירושלים",
        "SCENARIO": "ראשי",
        "Status": "מאושרת",
        "DATA_DATE": 1563062400000,
        "LABEL": "מסילה לירושלים",
        "pl_change": "תמא/ 23/ 16",
        "PL_URL": "https://mavat.iplan.gov.il/SV4/1/99001348",
        "REMARKS": "מסילה לירושלים",
        "scale": "1:100000",
        "NUM": null,
        "LAST_UPDATE": "14/07/2019",
        "LEGAL_AREA": null,
        "LEN": null
      },
      "geometry": {
        "type": "MultiLineString",
        "coordinates": [
          [
            [
              221249.56379999965,
              630264.3893999998
            ],
            [
              220865.58999999985,
              629922.1199999992
            ],
            [
              220418.41000000015,
              629565.8100000005
            ],
            [
              220178.08999999985,
              629313.6899999995
            ],
            [
              220036.2000000002,
              629094.8100000005
            ]
          ],
          [
            [
              187594.03039999958,
              641288.4209000003
            ],
            [
              187543.5878999997,
              641037.0143999998
            ],
            [
              187487.81709999964,
              640763.2307999991
            ],
            [
              187466.26939999964,
              640646.6192000005
            ],
            [
              187463.88040000014,
              640631.5581999999
            ],
            [
              187462.25980000012,
              640616.3951999992
            ],
            [
              187461.41170000006,
              640601.1695000008
            ],
            [
              187461.33829999994,
              640585.9202999994
            ],
            [
              187462.03980000038,
              640570.6871000007
            ],
            [
              187463.51429999992,
              640555.5092999991
            ],
            [
              187465.75820000004,
              640540.4258999992
            ],
            [
              187468.76549999975,
              640525.4759999998
            ],
            [
              187472.52850000001,
              640510.6983000003
            ],
            [
              187477.0373999998,
              640496.1307999995
            ],
            [
              187482.28079999983,
              640481.8112000003
            ],
            [
              187488.24490000028,
              640467.7765999995
            ],
            [
              187494.9143000003,
              640454.0631000008
            ],
            [
              187502.27199999988,
              640440.7061000001
            ],
            [
              187510.2988,
              640427.7402999997
            ],
            [
              187518.9740000004,
              640415.1989999991
            ],
            [
              187528.27520000003,
              640403.1148000006
            ],
            [
              187538.17839999963,
              640391.5186999999
            ],
            [
              187548.6579,
              640380.4407000002
            ],
            [
              187639.9190999996,
              640292.9821000006
            ],
            [
              187651.99129999988,
              640280.9003999997
            ],
            [
              187663.52869999968,
              640268.3071999997
            ],
            [
              187674.5097000003,
              640255.2259
            ],
            [
              187684.91370000038,
              640241.6811999995
            ],
            [
              187694.72119999956,
              640227.6985999998
            ],
            [
              187703.9138000002,
              640213.3040999994
            ],
            [
              187712.47410000023,
              640198.5250000004
            ],
            [
              187720.38609999977,
              640183.3889000006
            ],
            [
              187727.6350999996,
              640167.9243000001
            ],
            [
              187734.20720000006,
              640152.1601
            ],
            [
              187740.09030000027,
              640136.1260000002
            ],
            [
              187745.27329999954,
              640119.8521999996
            ],
            [
              187749.74629999977,
              640103.3690000009
            ],
            [
              187753.50119999982,
              640086.7075999994
            ],
            [
              187756.5307,
              640069.8991
            ],
            [
              187824.9765999997,
              639699.7841999996
            ],
            [
              187887.6129999999,
              639422.1141999997
            ],
            [
              187959.05069999956,
              639191.9263000004
            ],
            [
              187971.75069999974,
              639117.3136
            ],
            [
              187965.40070000011,
              639041.1135000009
            ],
            [
              187947.9380999999,
              638980.7884
            ],
            [
              187917.77560000028,
              638914.1131999996
            ],
            [
              187860.62550000008,
              638828.3881000001
            ],
            [
              187836.81290000025,
              638783.9379999992
            ],
            [
              187829.37170000002,
              638769.2432000004
            ],
            [
              187822.6160000004,
              638754.2210000008
            ],
            [
              187816.56020000018,
              638738.9032000005
            ],
            [
              187811.21729999967,
              638723.3224999998
            ],
            [
              187806.59839999955,
              638707.5119000003
            ],
            [
              187802.71360000037,
              638691.5052000005
            ],
            [
              187799.5711000003,
              638675.3363000005
            ],
            [
              187797.1774000004,
              638659.0397999994
            ],
            [
              187795.53780000005,
              638642.6502
            ],
            [
              187794.6869000001,
              638627.2662000004
            ],
            [
              187794.49459999986,
              638611.8599999994
            ],
            [
              187794.96129999962,
              638596.4595999997
            ],
            [
              187796.08600000013,
              638581.0932999998
            ],
            [
              187797.86679999996,
              638565.7891000006
            ],
            [
              187800.30030000024,
              638550.5749999993
            ],
            [
              187833.63790000044,
              638447.3872999996
            ],
            [
              187862.21300000045,
              638364.8370999992
            ],
            [
              187873.32550000027,
              638285.4619999994
            ],
            [
              187868.56300000008,
              638221.9617999997
            ],
            [
              187828.87540000025,
              638058.4489999991
            ],
            [
              187793.95029999968,
              637912.3987000007
            ],
            [
              187761.5388000002,
              637774.5835999995
            ],
            [
              187757.97499999963,
              637721.1514999997
            ],
            [
              187759.4168999996,
              637680.0580000002
            ],
            [
              187774.55649999995,
              637604.3596000001
            ],
            [
              187791.1381000001,
              637539.4751999993
            ],
            [
              187801.23120000027,
              637476.7535999995
            ],
            [
              187803.19930000044,
              637462.5262000002
            ],
            [
              187804.53689999972,
              637448.2257000003
            ],
            [
              187805.24149999954,
              637433.8801000006
            ],
            [
              187805.31170000043,
              637419.5174000002
            ],
            [
              187804.74729999993,
              637405.1656
            ],
            [
              187803.5493999999,
              637390.8528000005
            ],
            [
              187801.72049999982,
              637376.6067999993
            ],
            [
              187799.26389999967,
              637362.4556000009
            ],
            [
              187796.1847000001,
              637348.4266999997
            ],
            [
              187766.62619999982,
              637246.0535000004
            ],
            [
              187701.74179999996,
              637059.3306000009
            ],
            [
              187600.0895999996,
              636759.4204999991
            ],
            [
              187598.64769999962,
              636755.0949000008
            ],
            [
              187593.70359999966,
              636744.6888999995
            ]
          ],
          [
            [
              186255.78550000023,
              657466.7699999996
            ],
            [
              186361.63790000044,
              657481.7270999998
            ],
            [
              186361.0192999998,
              657481.557
            ],
            [
              186368.91000000015,
              657482.8100000005
            ],
            [
              186374.2999999998,
              657483.6199999992
            ],
            [
              186431,
              657492.5
            ],
            [
              186498,
              657501.1899999995
            ],
            [
              186548.53029999975,
              657503.2112000007
            ],
            [
              186553.1582000004,
              657503.3962999992
            ],
            [
              186563.5,
              657503.8100000005
            ],
            [
              186621.7999999998,
              657499.8800000008
            ],
            [
              186678.91000000015,
              657490.6899999995
            ],
            [
              186703.41000000015,
              657485.1899999995
            ],
            [
              186733.08999999985,
              657477.6199999992
            ],
            [
              186756.58999999985,
              657470.1899999995
            ],
            [
              186784.7999999998,
              657460.6899999995
            ],
            [
              186809,
              657451.1899999995
            ],
            [
              186829.2999999998,
              657442.8100000005
            ],
            [
              186861.2000000002,
              657428.1199999992
            ],
            [
              186886,
              657413.8100000005
            ],
            [
              186901.7000000002,
              657404.6199999992
            ],
            [
              186920.7999999998,
              657392.6199999992
            ],
            [
              186942.7000000002,
              657377.8800000008
            ],
            [
              186965.5,
              657359.8800000008
            ],
            [
              186984.2000000002,
              657346
            ],
            [
              186991.5519000003,
              657339.7619000003
            ],
            [
              187012.2999999998,
              657322.1899999995
            ],
            [
              187031.58999999985,
              657304.1899999995
            ],
            [
              187043.58999999985,
              657291.5
            ],
            [
              187082,
              657249.8100000005
            ],
            [
              187126.2000000002,
              657188.8100000005
            ],
            [
              187180.7000000002,
              657111.1199999992
            ],
            [
              187245.2999999998,
              657010
            ],
            [
              187281.41000000015,
              656955.6199999992
            ],
            [
              187291.09460000042,
              656940.2608000003
            ],
            [
              187302.7999999998,
              656922.3800000008
            ],
            [
              187306.2999999998,
              656916.6899999995
            ],
            [
              187348.5,
              656855.1199999992
            ],
            [
              187401.08999999985,
              656780.8800000008
            ],
            [
              187410.66229999997,
              656768.9449000005
            ],
            [
              187411.02199999988,
              656768.4963000007
            ],
            [
              187420.08999999985,
              656757.1899999995
            ],
            [
              187435.7999999998,
              656733.1199999992
            ],
            [
              187437.7999999998,
              656731.1199999992
            ],
            [
              187462.7999999998,
              656704.8800000008
            ],
            [
              187522.2000000002,
              656653.1199999992
            ],
            [
              187571,
              656618.6899999995
            ],
            [
              187643.2000000002,
              656574.6899999995
            ],
            [
              187810.58999999985,
              656471.1199999992
            ],
            [
              187837.58999999985,
              656454.3100000005
            ],
            [
              187972.83770000003,
              656367.6612999998
            ],
            [
              187973.4444000004,
              656367.2726000007
            ],
            [
              187980.41000000015,
              656362.8100000005
            ],
            [
              188089,
              656297.6199999992
            ],
            [
              188222.2000000002,
              656214.1899999995
            ],
            [
              188415.5,
              656097.3800000008
            ],
            [
              188418.7000000002,
              656095.5
            ],
            [
              188444.2999999998,
              656081.8800000008
            ],
            [
              188471.91000000015,
              656068.5
            ],
            [
              188482.08999999985,
              656063.1899999995
            ],
            [
              188497.41000000015,
              656055.3800000008
            ],
            [
              188518.0904000001,
              656046.8036000002
            ],
            [
              188516.70320000034,
              656045.6447999999
            ],
            [
              188532.58999999985,
              656037.6199999992
            ],
            [
              188540.2000000002,
              656033.8100000005
            ],
            [
              188573.58999999985,
              656017.3800000008
            ],
            [
              188610.2999999998,
              655999.6199999992
            ],
            [
              188619.7000000002,
              655994.6899999995
            ],
            [
              188622.5,
              655993.1899999995
            ],
            [
              188638.7999999998,
              655985.6199999992
            ],
            [
              188677.2000000002,
              655967.6199999992
            ],
            [
              188766.5,
              655924.1199999992
            ],
            [
              188823,
              655890.8800000008
            ],
            [
              188900.08999999985,
              655839.8800000008
            ],
            [
              188917.3663999997,
              655825.9405000005
            ]
          ]
        ]
      }
    },
    {
      "type": "Feature",
      "properties": {
        "OBJECTID": 64,
        "PL_NAME": "תוכנית מיתאר ארצית אחודה",
        "PL_NUMBER": "תמא/ 1",
        "stage": "תשתיות",
        "type_name": "מסילות ברזל",
        "Layer_Name": "מסילת ברזל",
        "MAVAT_NAME": "מסילת ברזל",
        "MAVAT_CODE": 10068,
        "NAME": "נתב\"ג - ירושלים בתוואי שער - הגיא קטע מערב",
        "SCENARIO": "ראשי",
        "Status": "מאושרת",
        "DATA_DATE": 1563062400000,
        "LABEL": "נתב\"ג - ירושלים בתוואי שער - הגיא קטע מערב",
        "pl_change": "תמא/ 23/ 16/ א/ 1",
        "PL_URL": "https://mavat.iplan.gov.il/SV4/1/99001350",
        "REMARKS": "מסילה לירושלים שער הגיא - נתבג- מערב",
        "scale": "1:100000",
        "NUM": null,
        "LAST_UPDATE": "14/07/2019",
        "LEGAL_AREA": null,
        "LEN": null
      },
      "geometry": {
        "type": "LineString",
        "coordinates": [
          [
            182111.0898000002,
            659401.4495000001
          ],
          [
            183194.82529999968,
            658465.8809999991
          ]
        ]
      }
    },
    {
      "type": "Feature",
      "properties": {
        "OBJECTID": 66,
        "PL_NAME": "תוכנית מיתאר ארצית אחודה",
        "PL_NUMBER": "תמא/ 1",
        "stage": "תשתיות",
        "type_name": "מסילות ברזל",
        "Layer_Name": "מסילת ברזל",
        "MAVAT_NAME": "מסילת ברזל",
        "MAVAT_CODE": 10068,
        "NAME": "נתב\"ג - ירושלים בתוואי שער - הגיא קטע מערב",
        "SCENARIO": "ראשי",
        "Status": "מאושרת",
        "DATA_DATE": 1563062400000,
        "LABEL": "נתב\"ג - ירושלים בתוואי שער - הגיא קטע מערב",
        "pl_change": "תמא/ 23/ 16/ א/ 1",
        "PL_URL": "https://mavat.iplan.gov.il/SV4/1/99001350",
        "REMARKS": "מסילה לירושלים שער הגיא - נתבג- מערב",
        "scale": "1:100000",
        "NUM": null,
        "LAST_UPDATE": "14/07/2019",
        "LEGAL_AREA": null,
        "LEN": null
      },
      "geometry": {
        "type": "LineString",
        "coordinates": [
          [
            188917.3663999997,
            655825.9405000005
          ],
          [
            188960.2000000002,
            655791.3800000008
          ],
          [
            189013.2999999998,
            655740.8100000005
          ],
          [
            189033.58999999985,
            655718.1899999995
          ],
          [
            189051.7999999998,
            655697.8800000008
          ],
          [
            189100.58999999985,
            655638.1199999992
          ],
          [
            189158.08999999985,
            655565.1199999992
          ],
          [
            189216.91000000015,
            655489.1199999992
          ],
          [
            189314.08999999985,
            655367.6199999992
          ],
          [
            189399,
            655259.8800000008
          ],
          [
            189463.58999999985,
            655182.6199999992
          ],
          [
            189509.7000000002,
            655131.6199999992
          ],
          [
            189559.2999999998,
            655085.3800000008
          ],
          [
            189621,
            655035.6199999992
          ],
          [
            189655.58999999985,
            655013.8100000005
          ],
          [
            189681.2999999998,
            655000
          ],
          [
            189706.2000000002,
            654986.6199999992
          ],
          [
            189718.58999999985,
            654979.5
          ],
          [
            189747.08999999985,
            654961.1899999995
          ],
          [
            189947.2000000002,
            654852
          ],
          [
            190000,
            654819.3800000008
          ],
          [
            190041,
            654796.3100000005
          ],
          [
            190077.08999999985,
            654776.1899999995
          ],
          [
            190083,
            654772.8800000008
          ],
          [
            190100.2000000002,
            654763.1899999995
          ],
          [
            190122.91000000015,
            654750.3800000008
          ],
          [
            190125.2000000002,
            654749.1199999992
          ],
          [
            190150.08999999985,
            654735.5
          ],
          [
            190176.7000000002,
            654719.5
          ],
          [
            190207.41000000015,
            654699.5
          ],
          [
            190239.7999999998,
            654676.3800000008
          ],
          [
            190279.7000000002,
            654644.3800000008
          ],
          [
            190302.08999999985,
            654624.1199999992
          ],
          [
            190336.41000000015,
            654590.3800000008
          ],
          [
            190343.5,
            654583.3800000008
          ],
          [
            190383.7000000002,
            654536.5
          ],
          [
            190418.7999999998,
            654490.3100000005
          ],
          [
            190431.7999999998,
            654470.6899999995
          ],
          [
            190437.7999999998,
            654461.6199999992
          ],
          [
            190461.2000000002,
            654421
          ],
          [
            190483.54150000028,
            654376.9474
          ],
          [
            190484.58999999985,
            654374.8800000008
          ],
          [
            190486.49870000035,
            654371.1575000007
          ],
          [
            190487.41000000015,
            654369.3800000008
          ],
          [
            190514.91000000015,
            654304.5
          ],
          [
            190528.41000000015,
            654269.1899999995
          ],
          [
            190529.5,
            654266.1899999995
          ],
          [
            190546.7000000002,
            654223.6199999992
          ],
          [
            190569.2999999998,
            654164.8800000008
          ],
          [
            190621.7000000002,
            654037.8100000005
          ],
          [
            190675.91000000015,
            653904.3800000008
          ],
          [
            190707.58999999985,
            653815.3800000008
          ],
          [
            190724.91000000015,
            653761.8800000008
          ],
          [
            190736.5,
            653725.1899999995
          ],
          [
            190751.7999999998,
            653681.1199999992
          ],
          [
            190770,
            653626.6199999992
          ],
          [
            190773.7999999998,
            653614.6199999992
          ],
          [
            190782.58999999985,
            653587.8100000005
          ],
          [
            190794,
            653552.3100000005
          ],
          [
            190796.69620000012,
            653543.6400000006
          ],
          [
            190802.2999999998,
            653525.6199999992
          ],
          [
            190805.91000000015,
            653514
          ],
          [
            190816.58999999985,
            653477.1899999995
          ],
          [
            190849.7000000002,
            653375
          ],
          [
            190874.65699999966,
            653297.8526000008
          ],
          [
            190874.74509999994,
            653297.5802999996
          ],
          [
            190879.2999999998,
            653283.5
          ],
          [
            190882.5,
            653273.8800000008
          ],
          [
            190899.08999999985,
            653221.5
          ],
          [
            190906.2000000002,
            653199.1899999995
          ],
          [
            190918.08999999985,
            653161.6899999995
          ],
          [
            190931.7000000002,
            653119
          ],
          [
            190935.91000000015,
            653105.6899999995
          ],
          [
            190940,
            653092.8100000005
          ],
          [
            190960,
            653033.3100000005
          ],
          [
            190978,
            652975.5
          ],
          [
            190997.2999999998,
            652912.1199999992
          ],
          [
            191010.2000000002,
            652872.1899999995
          ],
          [
            191026.08999999985,
            652827.1199999992
          ],
          [
            191049.5,
            652748.8800000008
          ],
          [
            191103.58999999985,
            652563
          ],
          [
            191146.41000000015,
            652418.1899999995
          ],
          [
            191212.41000000015,
            652201.3800000008
          ],
          [
            191216.58999999985,
            652186.5
          ],
          [
            191250.4018000001,
            652069.0288999993
          ],
          [
            191250.5833999999,
            652068.3981999997
          ],
          [
            191304.2000000002,
            651882.1199999992
          ],
          [
            191360.08999999985,
            651727.8100000005
          ],
          [
            191394.91000000015,
            651640.6899999995
          ],
          [
            191402,
            651626.1899999995
          ],
          [
            191430.08999999985,
            651575.6199999992
          ],
          [
            191457.2000000002,
            651526.6899999995
          ],
          [
            191486.2000000002,
            651478.8800000008
          ],
          [
            191535.2000000002,
            651402.3800000008
          ],
          [
            191590.2000000002,
            651321.1199999992
          ],
          [
            191624.3038999997,
            651269.1711999997
          ],
          [
            191630.2000000002,
            651260.1899999995
          ],
          [
            191638.72030000016,
            651247.6633000001
          ],
          [
            191666.7999999998,
            651206.3800000008
          ],
          [
            191700.2000000002,
            651158.6199999992
          ],
          [
            191744,
            651098.1899999995
          ],
          [
            191779.2000000002,
            651055.1899999995
          ],
          [
            191850.5,
            650973.1199999992
          ],
          [
            191900.41000000015,
            650918
          ],
          [
            191961,
            650850.6199999992
          ],
          [
            192019.91000000015,
            650783.8100000005
          ],
          [
            192087.91000000015,
            650706.3800000008
          ],
          [
            192130,
            650659.1199999992
          ],
          [
            192144.2000000002,
            650642.8800000008
          ],
          [
            192148.7999999998,
            650638.6199999992
          ],
          [
            192156.41000000015,
            650631.1199999992
          ],
          [
            192184.2999999998,
            650598.8100000005
          ],
          [
            192230.08999999985,
            650547.6899999995
          ],
          [
            192231.97159999982,
            650545.5702
          ],
          [
            192234.20490000024,
            650543.0541999992
          ],
          [
            192237.91000000015,
            650538.8800000008
          ],
          [
            192252.08999999985,
            650523.1199999992
          ],
          [
            192262,
            650511.8800000008
          ],
          [
            192378.2999999998,
            650380.8800000008
          ],
          [
            192412.5,
            650339.6199999992
          ],
          [
            192453.41000000015,
            650289.6199999992
          ],
          [
            192492.41000000015,
            650237.8800000008
          ],
          [
            192513.5,
            650206.8800000008
          ],
          [
            192547.7000000002,
            650156.1899999995
          ],
          [
            192584.7000000002,
            650097.1899999995
          ],
          [
            192641.2000000002,
            650000
          ],
          [
            192664.08999999985,
            649949.1899999995
          ],
          [
            192683.2999999998,
            649910.8800000008
          ],
          [
            192708.2000000002,
            649851.6899999995
          ],
          [
            192730,
            649802.8800000008
          ],
          [
            192747.58999999985,
            649757.1199999992
          ],
          [
            192766.2000000002,
            649705.3800000008
          ],
          [
            192789.91000000015,
            649628.1899999995
          ],
          [
            192813.2000000002,
            649544.8800000008
          ],
          [
            192838.52109999955,
            649437.2460999992
          ],
          [
            192839.7999999998,
            649431.8100000005
          ],
          [
            192840.33359999955,
            649429.5614
          ],
          [
            192850.7000000002,
            649385.8800000008
          ],
          [
            192881.5,
            649251.8800000008
          ],
          [
            192916.7000000002,
            649100.6899999995
          ],
          [
            192930.51669999957,
            649031.3704000004
          ],
          [
            192931.91000000015,
            649024.3800000008
          ],
          [
            192932.7569000004,
            649020.1362999994
          ],
          [
            192949.41000000015,
            648936.6899999995
          ],
          [
            192978.41000000015,
            648774.1899999995
          ],
          [
            192999.08999999985,
            648668.6899999995
          ],
          [
            193002,
            648652.8100000005
          ],
          [
            193002.41000000015,
            648650.8100000005
          ],
          [
            193034.58999999985,
            648477.3800000008
          ],
          [
            193046.2999999998,
            648419.3100000005
          ],
          [
            193054.2000000002,
            648376.6199999992
          ],
          [
            193062.2999999998,
            648331.3800000008
          ],
          [
            193065.91000000015,
            648308.8100000005
          ],
          [
            193068.2000000002,
            648294.6199999992
          ],
          [
            193072.58999999985,
            648268.6199999992
          ],
          [
            193078.08999999985,
            648236.8100000005
          ],
          [
            193084.5,
            648201.3100000005
          ],
          [
            193085.2000000002,
            648197.1199999992
          ],
          [
            193100.5,
            648120.3800000008
          ],
          [
            193100.7999999998,
            648119.1899999995
          ],
          [
            193107.5,
            648089.6199999992
          ],
          [
            193112.2000000002,
            648069.1899999995
          ],
          [
            193116.5,
            648051.1199999992
          ],
          [
            193119.41000000015,
            648040.1199999992
          ],
          [
            193123.2000000002,
            648025.3800000008
          ],
          [
            193131.2999999998,
            647995.6199999992
          ],
          [
            193139.5,
            647970.6899999995
          ],
          [
            193141.79679999966,
            647963.7040999997
          ],
          [
            193142.2614000002,
            647960.9146999996
          ],
          [
            193142.8624999998,
            647960.4628999997
          ],
          [
            193158.44739999995,
            647913.0610000007
          ],
          [
            193177.65369999968,
            647857.6601
          ],
          [
            193206.22730000038,
            647789.7979000006
          ],
          [
            193214.66949999984,
            647769.3418000005
          ],
          [
            193213.81410000008,
            647771.0699000005
          ],
          [
            193245.01989999972,
            647697.5659999996
          ],
          [
            193247.08999999985,
            647692.6899999995
          ],
          [
            193249.77280000038,
            647686.3102000002
          ],
          [
            193255,
            647673.8800000008
          ],
          [
            193312.7999999998,
            647538.8800000008
          ],
          [
            193317.7999999998,
            647527.6199999992
          ],
          [
            193318.41000000015,
            647526.1899999995
          ],
          [
            193320.5,
            647521.3800000008
          ],
          [
            193356.2000000002,
            647440.1199999992
          ],
          [
            193411.58999999985,
            647312.1899999995
          ],
          [
            193427.47049999982,
            647275.3701000009
          ],
          [
            193451.2999999998,
            647220.1199999992
          ],
          [
            193468.91000000015,
            647177.3800000008
          ],
          [
            193495.2000000002,
            647113.5
          ],
          [
            193517.5,
            647059.6899999995
          ],
          [
            193530.5,
            647029.1899999995
          ],
          [
            193540.08999999985,
            647006.3800000008
          ],
          [
            193556.6431,
            646967.7610999998
          ],
          [
            193556.98539999966,
            646966.9626000002
          ],
          [
            193572.91000000015,
            646929.8100000005
          ],
          [
            193617.2999999998,
            646831.8800000008
          ],
          [
            193650.2999999998,
            646767.8800000008
          ],
          [
            193692.44620000012,
            646694.7568999995
          ],
          [
            193709.08999999985,
            646665.8800000008
          ],
          [
            193799.5,
            646514.8100000005
          ],
          [
            193844.58999999985,
            646435.6899999995
          ],
          [
            193868.2999999998,
            646394.6199999992
          ],
          [
            193912.08999999985,
            646318.8100000005
          ],
          [
            193970.08999999985,
            646220.6899999995
          ],
          [
            193971.2999999998,
            646218.6899999995
          ],
          [
            193972.2999999998,
            646217.1899999995
          ],
          [
            194054.2000000002,
            646076.6199999992
          ],
          [
            194060.5,
            646065.6199999992
          ],
          [
            194081.7999999998,
            646023.8100000005
          ],
          [
            194125.58999999985,
            645948.3800000008
          ],
          [
            194153.2999999998,
            645906.8800000008
          ],
          [
            194170.7000000002,
            645881.6899999995
          ],
          [
            194176.2999999998,
            645873.6899999995
          ],
          [
            194181.5,
            645865
          ],
          [
            194272.5,
            645714.8800000008
          ],
          [
            194377.08999999985,
            645535.8800000008
          ],
          [
            194435.08999999985,
            645435.8800000008
          ],
          [
            194445.5,
            645416.1199999992
          ],
          [
            194485.68939999957,
            645339.5286999997
          ],
          [
            194541,
            645234.1199999992
          ],
          [
            194553,
            645209.1899999995
          ],
          [
            194564.58999999985,
            645187.3100000005
          ],
          [
            194591,
            645135.8800000008
          ],
          [
            194610.6492999997,
            645088.8257999998
          ],
          [
            194686.36980000045,
            644998.5437000003
          ],
          [
            194805.7751000002,
            644919.9109000005
          ],
          [
            194864.02159999963,
            644887.8752999995
          ],
          [
            195035.84889999963,
            644803.4177999999
          ],
          [
            195198.93910000008,
            644736.4342999998
          ],
          [
            195341.10589999985,
            644700.4173000008
          ]
        ]
      }
    },
    {
      "type": "Feature",
      "properties": {
        "OBJECTID": 70,
        "PL_NAME": "תוכנית מיתאר ארצית אחודה",
        "PL_NUMBER": "תמא/ 1",
        "stage": "תשתיות",
        "type_name": "מסילות ברזל",
        "Layer_Name": "מסילת ברזל",
        "MAVAT_NAME": "מסילת ברזל",
        "MAVAT_CODE": 10068,
        "NAME": "נתב\"ג - ירושלים בתוואי שער - הגיא קטע מערב",
        "SCENARIO": "ראשי",
        "Status": "מאושרת",
        "DATA_DATE": 1563062400000,
        "LABEL": "נתב\"ג - ירושלים בתוואי שער - הגיא קטע מערב",
        "pl_change": "תמא/ 23/ 16/ א/ 1",
        "PL_URL": "https://mavat.iplan.gov.il/SV4/1/99001350",
        "REMARKS": "מסילה לירושלים שער הגיא - נתבג- מערב",
        "scale": "1:100000",
        "NUM": null,
        "LAST_UPDATE": "14/07/2019",
        "LEGAL_AREA": null,
        "LEN": null
      },
      "geometry": {
        "type": "LineString",
        "coordinates": [
          [
            188227.34929999989,
            650261.6524999999
          ],
          [
            188898.0906999996,
            650807.3851999994
          ]
        ]
      }
    },
    {
      "type": "Feature",
      "properties": {
        "OBJECTID": 72,
        "PL_NAME": "תמא/ 1/ 12 - גריעת שלוחת מסילה בתחום צריפין",
        "PL_NUMBER": "תמא/ 1/ 12",
        "stage": "תשתיות",
        "type_name": "מסילות ברזל",
        "Layer_Name": "מסילת ברזל",
        "MAVAT_NAME": "מסילת ברזל",
        "MAVAT_CODE": 10068,
        "NAME": "נתב\"ג - ירושלים בתוואי שער - הגיא קטע מערב",
        "SCENARIO": "ראשי",
        "Status": "מאושרת",
        "DATA_DATE": 1637193600000,
        "LABEL": "נתב\"ג - ירושלים בתוואי שער - הגיא קטע מערב",
        "pl_change": "תמא/ 23/ 16/ א/ 1",
        "PL_URL": "https://mavat.iplan.gov.il/SV4/1/99001350",
        "REMARKS": "מסילה לירושלים שער הגיא - נתבג- מערב",
        "scale": "1:100000",
        "NUM": null,
        "LAST_UPDATE": "10/04/2022",
        "LEGAL_AREA": null,
        "LEN": null
      },
      "geometry": {
        "type": "LineString",
        "coordinates": [
          [
            189304.69240000006,
            652026.9431999996
          ],
          [
            189348.40759999957,
            651988.6727000009
          ],
          [
            189438.43539999984,
            651909.8577999994
          ],
          [
            189459.39080000017,
            651885.0605999995
          ],
          [
            189470.18539999984,
            651872.2869000006
          ],
          [
            189480.02799999993,
            651858.4757000003
          ],
          [
            189481.22250000015,
            651856.5497999992
          ],
          [
            189489.5750000002,
            651843.0833999999
          ],
          [
            189494.55730000045,
            651834.7491999995
          ],
          [
            189496.6967000002,
            651831.1706000008
          ],
          [
            189499.93780000042,
            651824.6515999995
          ],
          [
            189505.1211000001,
            651814.2260999996
          ],
          [
            189510.66679999977,
            651803.0717999991
          ],
          [
            189515.4330000002,
            651789.7707000002
          ],
          [
            189516.48550000042,
            651786.9651999995
          ],
          [
            189520.56300000008,
            651776.0969999991
          ],
          [
            189523.73550000042,
            651767.9074000008
          ],
          [
            189524.31929999962,
            651766.4004999995
          ],
          [
            189530.15189999994,
            651749.4204999991
          ],
          [
            189532.2572999997,
            651738.5131999999
          ],
          [
            189534.3206000002,
            651727.8242000006
          ],
          [
            189536.6997999996,
            651715.4136999995
          ],
          [
            189539.31630000006,
            651701.7653999999
          ],
          [
            189540.19429999962,
            651697.1853
          ],
          [
            189540.53479999956,
            651693.5863000005
          ],
          [
            189541.7083999999,
            651681.1796000004
          ],
          [
            189542.41679999977,
            651673.6903000008
          ],
          [
            189542.59439999983,
            651665.5655000005
          ],
          [
            189542.83779999986,
            651654.4306000005
          ],
          [
            189543.05179999955,
            651644.6390000004
          ],
          [
            189542.9166000001,
            651642.4158999994
          ],
          [
            189541.84449999966,
            651624.7849000003
          ],
          [
            189541.7109000003,
            651622.5885000005
          ],
          [
            189541.62310000043,
            651621.1438999996
          ],
          [
            189540.39400000032,
            651609.6435000002
          ],
          [
            189539.78249999974,
            651603.9212999996
          ],
          [
            189536.38430000003,
            651578.7576000001
          ],
          [
            189535.19130000006,
            651574.2210000008
          ],
          [
            189533.8350999998,
            651569.0635000002
          ],
          [
            189531.9171000002,
            651561.7699999996
          ],
          [
            189530.4841,
            651556.3209000006
          ],
          [
            189528.99980000034,
            651549.3943000007
          ],
          [
            189527.3091000002,
            651541.5042000003
          ],
          [
            189523.34970000014,
            651528.0862000007
          ],
          [
            189522.5466,
            651525.3646000009
          ],
          [
            189512.08779999986,
            651500.8592000008
          ],
          [
            189509.87739999965,
            651495.6800999995
          ],
          [
            189507.69189999998,
            651490.5594999995
          ]
        ]
      }
    },
    {
      "type": "Feature",
      "properties": {
        "OBJECTID": 74,
        "PL_NAME": "תוכנית מיתאר ארצית אחודה",
        "PL_NUMBER": "תמא/ 1",
        "stage": "תשתיות",
        "type_name": "מסילות ברזל",
        "Layer_Name": "מסילת ברזל",
        "MAVAT_NAME": "מסילת ברזל",
        "MAVAT_CODE": 10068,
        "NAME": null,
        "SCENARIO": "ראשי",
        "Status": "מאושרת",
        "DATA_DATE": 1563062400000,
        "LABEL": null,
        "pl_change": "תתל/ 22",
        "PL_URL": "https://mavat.iplan.gov.il/SV4/1/99006012",
        "REMARKS": "מסילה מזרחית קטע חדרה-לוד",
        "scale": "1:100000",
        "NUM": null,
        "LAST_UPDATE": "14/07/2019",
        "LEGAL_AREA": null,
        "LEN": null
      },
      "geometry": {
        "type": "MultiLineString",
        "coordinates": [
          [
            [
              188898.0906999996,
              650807.3851999994
            ],
            [
              189151.17080000043,
              651013.7344000004
            ],
            [
              189168.80310000014,
              651028.1108999997
            ],
            [
              189559.06180000026,
              651343.1783000007
            ],
            [
              189859.2609000001,
              651588.1520000007
            ],
            [
              190141.05150000006,
              651816.8413999993
            ],
            [
              190278.4068,
              651928
            ],
            [
              190330.7999999998,
              651978.9771999996
            ],
            [
              190363.3688000003,
              652015.7940999996
            ],
            [
              190397.35360000003,
              652065.3552999999
            ],
            [
              190438.41849999968,
              652137.5730000008
            ],
            [
              190475.23539999966,
              652219.7028999999
            ],
            [
              190502.81070000026,
              652314.1756999996
            ],
            [
              190709.99000000022,
              652912.852
            ],
            [
              190774.15610000025,
              653130.8661000002
            ],
            [
              190790.875,
              653235.9567000009
            ],
            [
              190796.69620000012,
              653543.6400000006
            ],
            [
              190798.0708999997,
              653616.3034000006
            ],
            [
              190808.95019999985,
              653986.7425999995
            ],
            [
              190812.2139999997,
              654051.4741999991
            ],
            [
              190817.35020000022,
              654116.8615000006
            ],
            [
              190826.35699999984,
              654183.1133999992
            ],
            [
              190839.73170000035,
              654234.9006999992
            ],
            [
              190867.69830000028,
              654316.3845000006
            ],
            [
              190907.5491000004,
              654410.2139999997
            ],
            [
              191030.8872999996,
              654691.1753000002
            ],
            [
              191206.04360000044,
              655090.9885000009
            ],
            [
              191330.06730000023,
              655374.9375
            ],
            [
              191361.61710000038,
              655454.3562000003
            ],
            [
              191404.04629999958,
              655583.8194999993
            ],
            [
              191492.16839999985,
              655866.1366000008
            ],
            [
              191583.6805999996,
              656162.7774
            ],
            [
              191657.53330000024,
              656357.3355999999
            ],
            [
              191874.03079999983,
              656849.6226000004
            ],
            [
              192100.31960000005,
              657369.6517999992
            ],
            [
              192223.5186999999,
              657639.2201000005
            ],
            [
              192304.8498999998,
              657775.4485999998
            ],
            [
              192362.50999999978,
              657863.5706999991
            ],
            [
              192411.4667999996,
              657932.1100999992
            ],
            [
              192498.50090000033,
              658038.1829000004
            ],
            [
              192606.20569999982,
              658153.5032000002
            ],
            [
              192892.33050000016,
              658436.9081999995
            ],
            [
              192984.80429999996,
              658538.0854000002
            ],
            [
              193085.98149999976,
              658673.5324000008
            ],
            [
              193146.90550000034,
              658764.9181999993
            ],
            [
              193189.3345999997,
              658835.6335000005
            ],
            [
              193246.99480000045,
              658947.1459999997
            ],
            [
              193309.00659999996,
              659086.4006999992
            ],
            [
              193359.05119999964,
              659245.7819999997
            ],
            [
              193488.4643000001,
              659690.0413000006
            ],
            [
              193493.37600000016,
              659706.9026999995
            ],
            [
              193496.79700000025,
              659718.8642999995
            ],
            [
              193509.63829999976,
              659763.7645999994
            ],
            [
              193514.80289999954,
              659781.8230000008
            ],
            [
              193522.69070000015,
              659809.4031000007
            ]
          ],
          [
            [
              194098.86760000046,
              661400.5325000007
            ],
            [
              194065.8021999998,
              661695.8368999995
            ],
            [
              194062.95069999993,
              661720.4222999997
            ],
            [
              194061.16249999963,
              661745.8122000005
            ]
          ],
          [
            [
              194058.93819999974,
              661765.7042999994
            ],
            [
              194019.2452999996,
              662115.8416000009
            ],
            [
              193979.50380000006,
              662476.4964000005
            ],
            [
              193938.52029999997,
              662841.6221999992
            ],
            [
              193902.5044999998,
              663160.5482999999
            ],
            [
              193880.14979999978,
              663362.2368000001
            ],
            [
              193848.85900000017,
              663664.4419
            ],
            [
              193840.50069999974,
              663743.9880999997
            ],
            [
              193831.16339999996,
              663829.6339999996
            ],
            [
              193816.6743999999,
              663954.2390999999
            ],
            [
              193805.40519999992,
              664061.7795000002
            ],
            [
              193793.81400000025,
              664168.3539000005
            ],
            [
              193786.7304999996,
              664226.6316999998
            ],
            [
              193772.88549999986,
              664333.2061000001
            ],
            [
              193764.51410000026,
              664403.7191000003
            ],
            [
              193758.3964999998,
              664458.4551999997
            ],
            [
              193752.92289999966,
              664499.3463000003
            ],
            [
              193748.09329999983,
              664533.1538999993
            ],
            [
              193744.55150000006,
              664566.3175000008
            ],
            [
              193738.11199999973,
              664631.3568999991
            ],
            [
              193726.19880000036,
              664769.1631000005
            ],
            [
              193720.08129999973,
              664828.7288000006
            ],
            [
              193719.1152999997,
              664845.4716999996
            ],
            [
              193720.40330000035,
              664901.8176000006
            ],
            [
              193722.3350999998,
              664979.4141000006
            ],
            [
              193723.62299999967,
              665008.7139999997
            ],
            [
              193726.84279999975,
              665084.3785999995
            ],
            [
              193729.74060000014,
              665120.7620000001
            ],
            [
              193732.6383999996,
              665161.6531000007
            ],
            [
              193737.46800000034,
              665210.9156
            ],
            [
              193746.80539999995,
              665291.4099000003
            ],
            [
              193754.85479999986,
              665376.7337999996
            ],
            [
              193759.68450000044,
              665423.0985000003
            ],
            [
              193767.31929999962,
              665501.1177999992
            ],
            [
              193943.33169999998,
              667075.6835999992
            ],
            [
              193958.43039999995,
              667211.5952000003
            ],
            [
              193987.33239999972,
              667746.9740999993
            ],
            [
              194021.39219999965,
              668146.4021000005
            ],
            [
              194026.7070000004,
              668245.1026000008
            ],
            [
              194033.48429999966,
              668370.9638
            ],
            [
              194014.62210000027,
              668551.2268000003
            ],
            [
              193990.87349999975,
              668718.0958999991
            ],
            [
              193963.55090000015,
              668859.6127000004
            ],
            [
              193947.94680000003,
              668986.4329000004
            ],
            [
              193960.26910000015,
              669162.5804999992
            ],
            [
              193965.72250000015,
              669283.6465000007
            ],
            [
              193972.26659999974,
              669544.3201000001
            ],
            [
              193976.62939999998,
              669642.4816999994
            ],
            [
              193976.62939999998,
              669783.1800999995
            ],
            [
              193972.17599999998,
              670000.3076000009
            ]
          ],
          [
            [
              201067.99909999967,
              689137.534
            ],
            [
              201021.83820000011,
              689039.7514999993
            ],
            [
              200959.4134999998,
              688923.5942000002
            ],
            [
              200901.20320000034,
              688828.1133999992
            ],
            [
              200863.2742999997,
              688765.9521999992
            ],
            [
              200822.18460000027,
              688695.3622999992
            ],
            [
              200772.6662999997,
              688617.3972999994
            ],
            [
              200634.9106999999,
              688383.1073000003
            ],
            [
              200510.06130000018,
              688180.0296
            ],
            [
              200427.09190000035,
              688042.5373
            ],
            [
              200317.25609999988,
              687856.0535000004
            ],
            [
              200243.76879999973,
              687732.7846000008
            ],
            [
              200216.1944000004,
              687683.9627999999
            ],
            [
              200158.8387000002,
              687581.1668999996
            ],
            [
              200152.56960000005,
              687570.0581
            ],
            [
              200126.5049999999,
              687523.1206999999
            ],
            [
              200101.08860000037,
              687475.8291999996
            ],
            [
              200076.32519999985,
              687428.1926000006
            ],
            [
              200052.21949999966,
              687380.2196999993
            ],
            [
              200028.7759999996,
              687331.9198000003
            ],
            [
              200005.99909999967,
              687283.3019999992
            ],
            [
              199983.89329999965,
              687234.3753999993
            ],
            [
              199962.4626000002,
              687185.1493999995
            ],
            [
              199941.7111999998,
              687135.6330999993
            ],
            [
              199921.64290000033,
              687085.8361000009
            ],
            [
              199902.26150000002,
              687035.7677999996
            ],
            [
              199883.57079999987,
              686985.4375
            ],
            [
              199865.57419999968,
              686934.8549000006
            ],
            [
              199827.82789999992,
              686834.6483999994
            ],
            [
              199786.68950000033,
              686742.3983999994
            ],
            [
              199744.37040000036,
              686639.1490000002
            ],
            [
              199660.15749999974,
              686410.1740000006
            ],
            [
              199617.7723000003,
              686299.2247000001
            ],
            [
              199595.9989,
              686241.2105999999
            ],
            [
              199574.90780000016,
              686182.9449000005
            ],
            [
              199554.50200000033,
              686124.4356999993
            ],
            [
              199534.78419999965,
              686065.6909999996
            ],
            [
              199515.75719999988,
              686006.7190000005
            ],
            [
              199348.392,
              685519.4595999997
            ],
            [
              198936.01190000027,
              684392.6374999993
            ],
            [
              198754.51300000027,
              683910.4657000005
            ],
            [
              198738.7346999999,
              683872.0295000002
            ],
            [
              198718.00210000016,
              683819.9249000009
            ],
            [
              198685.36560000014,
              683738.6963
            ],
            [
              198611.38960000034,
              683547.9541999996
            ],
            [
              198485.54530000035,
              683219.1120999996
            ],
            [
              198421.3239000002,
              683037.1514999997
            ],
            [
              198375.45150000043,
              682879.6561999992
            ],
            [
              198292.63090000022,
              682590.1388000008
            ],
            [
              198222.20949999988,
              682364.8044000007
            ],
            [
              198176.70739999972,
              682233.4043000005
            ],
            [
              198126.53419999965,
              682100.4469000008
            ],
            [
              198062.8956000004,
              681933.6789999995
            ],
            [
              197991.47730000038,
              681746.5550999995
            ],
            [
              197946.9905000003,
              681631.8469999991
            ],
            [
              197905.8951000003,
              681525.5175000001
            ],
            [
              197848.04229999986,
              681379.8881000001
            ],
            [
              197787.99509999994,
              681228.0744000003
            ],
            [
              197721.96310000028,
              681100.9977000002
            ],
            [
              197653.33770000003,
              680988.2844999991
            ],
            [
              197574.1392000001,
              680881.1570999995
            ],
            [
              197509.10470000003,
              680790.7870000005
            ],
            [
              197431.5022,
              680685.2555999998
            ],
            [
              197352.50320000015,
              680577.3301999997
            ],
            [
              197237.79509999976,
              680422.9231000002
            ],
            [
              197141.44020000007,
              680292.6545000002
            ],
            [
              197026.3331000004,
              680133.8585999999
            ],
            [
              196936.56159999967,
              680013.5647
            ],
            [
              196793.92449999973,
              679821.2540000007
            ],
            [
              196714.32699999958,
              679712.5307
            ],
            [
              196572.0889999997,
              679519.4220000003
            ],
            [
              196441.02249999996,
              679334.6920999996
            ],
            [
              196381.7731999997,
              679240.3322000001
            ],
            [
              196319.13260000013,
              679114.0535000004
            ],
            [
              196267.66359999962,
              678985.1813999992
            ],
            [
              196224.77269999962,
              678853.7159000002
            ],
            [
              196171.30869999994,
              678676.5667000003
            ],
            [
              196123.4305999996,
              678540.9118000008
            ],
            [
              196091.43709999975,
              678444.8153000008
            ],
            [
              196058.58949999977,
              678341.3626000006
            ],
            [
              196028.2818,
              678252.8098000009
            ],
            [
              196007.62509999983,
              678172.0454999991
            ],
            [
              195986.29119999986,
              678064.1906000003
            ],
            [
              195970.37540000025,
              677942.9594999999
            ],
            [
              195964.6185999997,
              677855.4225999992
            ],
            [
              195982.22750000004,
              677565.0438000001
            ],
            [
              195982.90479999967,
              677562.5041000005
            ],
            [
              196055.59649999999,
              677186.6675000004
            ],
            [
              196088.33880000003,
              677003.7739000004
            ],
            [
              196111.35749999993,
              676866.5870999992
            ],
            [
              196122.27159999963,
              676739.9176000003
            ],
            [
              196121.27940000035,
              676643.3444999997
            ],
            [
              196116.60510000028,
              676571.7524999995
            ],
            [
              196110.38740000036,
              676511.6919999998
            ],
            [
              196094.89690000005,
              676411.8922000006
            ],
            [
              196079.03419999965,
              676333.4947999995
            ],
            [
              196060.7779000001,
              676264.4384000003
            ],
            [
              196036.06579999998,
              676185.4601000007
            ],
            [
              196008.01989999972,
              676111.3765999991
            ],
            [
              195984.73649999965,
              676054.2265000008
            ],
            [
              195951.92810000014,
              675988.6096999999
            ],
            [
              195924.94060000032,
              675937.8095999993
            ],
            [
              195887.89879999962,
              675876.4261000007
            ],
            [
              195854.31769999955,
              675821.7352000009
            ],
            [
              195818.04870000016,
              675770.0634000003
            ],
            [
              195761.95689999964,
              675700.7423999999
            ],
            [
              195686.81510000024,
              675616.6048000008
            ],
            [
              195584.68570000026,
              675519.7671000008
            ],
            [
              195516.42310000025,
              675459.9711000007
            ],
            [
              195352.38109999988,
              675313.3916999996
            ],
            [
              195333.8602,
              675298.0458000004
            ],
            [
              195238.43780000042,
              675205.8552999999
            ],
            [
              195113.72649999987,
              675058.3328000009
            ],
            [
              195089.15309999976,
              675027.6162
            ],
            [
              195016.35960000008,
              674936.6242999993
            ],
            [
              194957.62200000044,
              674862.0116000008
            ],
            [
              194867.13430000003,
              674749.2989000008
            ],
            [
              194781.40909999982,
              674639.7611999996
            ],
            [
              194730.60900000017,
              674578.9068999998
            ],
            [
              194677.16309999954,
              674509.0567000005
            ],
            [
              194626.3629999999,
              674444.4982999992
            ],
            [
              194588.7921000002,
              674399.5189999994
            ],
            [
              194546.2081000004,
              674344.2256000005
            ],
            [
              194489.30850000028,
              674270.9312999994
            ],
            [
              194480.84499999974,
              674258.1884000003
            ],
            [
              194442.2126000002,
              674200.0228000004
            ],
            [
              194419.4583999999,
              674165.0976999998
            ],
            [
              194397.7625000002,
              674125.4101
            ],
            [
              194381.35830000043,
              674098.9517000001
            ],
            [
              194359.6623999998,
              674057.6766999997
            ],
            [
              194344.84580000024,
              674026.9848999996
            ],
            [
              194315.2123999996,
              673965.6015000008
            ],
            [
              194286.10809999984,
              673898.3971999995
            ],
            [
              194276.5831000004,
              673872.9970999993
            ],
            [
              194267.05810000002,
              673846.0096000005
            ],
            [
              194257.53309999965,
              673814.2595000006
            ],
            [
              194240.07050000038,
              673763.9886000007
            ],
            [
              194223.13719999976,
              673711.0717999991
            ],
            [
              194209.90799999982,
              673652.3342000004
            ],
            [
              194194.56209999975,
              673592.0090999994
            ],
            [
              194177.62880000006,
              673482.4713000003
            ],
            [
              194153.81620000023,
              673282.9750999995
            ],
            [
              194104.07440000027,
              672944.7046000008
            ],
            [
              193998.7156999996,
              672336.8818999995
            ]
          ],
          [
            [
              194951.46920000017,
              706995.0160000008
            ],
            [
              194977.9698999999,
              706939.3669000007
            ],
            [
              195012.3426000001,
              706868.5384
            ],
            [
              195044.63200000022,
              706799.7930999994
            ],
            [
              195079.52550000045,
              706726.8814000003
            ],
            [
              195121.7100999998,
              706639.3873999994
            ],
            [
              195150.35400000028,
              706578.9748999998
            ],
            [
              195210.61029999983,
              706451.1190000009
            ],
            [
              195274.4600999998,
              706315.1908
            ],
            [
              195318.20710000023,
              706227.6967999991
            ],
            [
              195393.56649999972,
              706067.5515000001
            ],
            [
              195486.68520000018,
              705876.1582999993
            ],
            [
              195838.0418999996,
              705146.4773999993
            ],
            [
              195857.9782999996,
              705101.3592000008
            ],
            [
              195883.77520000003,
              705051.7498000003
            ],
            [
              195901.50229999982,
              705017.4860999994
            ],
            [
              195927.6961000003,
              704973.4329000004
            ],
            [
              195953.09619999956,
              704939.6984999999
            ],
            [
              195987.62430000026,
              704898.2249999996
            ],
            [
              196024.00459999964,
              704860.5218000002
            ],
            [
              196066.33800000045,
              704817.5269000009
            ],
            [
              196103.77670000028,
              704786.7689999994
            ],
            [
              196167.87210000027,
              704746.7507000007
            ],
            [
              196252.53890000004,
              704700.4484999999
            ],
            [
              196317.03129999992,
              704670.6828000005
            ],
            [
              196563.88800000027,
              704539.5814999994
            ],
            [
              196842.0979000004,
              704385.5936999992
            ],
            [
              196925.12430000026,
              704335.9843000006
            ],
            [
              197022.7558000004,
              704266.9278999995
            ],
            [
              197106.57600000035,
              704198.2684000004
            ],
            [
              197178.01360000018,
              704123.6557
            ],
            [
              197269.0569000002,
              704014.1180000007
            ],
            [
              197348.43209999986,
              703907.7553000003
            ],
            [
              197485.4336000001,
              703727.5736999996
            ],
            [
              197663.23400000017,
              703498.9732000008
            ],
            [
              197878.02309999987,
              703213.2226
            ],
            [
              197957.39829999954,
              703098.9223999996
            ],
            [
              198024.0734000001,
              702993.3534999993
            ],
            [
              198081.2235000003,
              702821.9031000007
            ],
            [
              198114.56109999958,
              702680.6152999997
            ],
            [
              198143.1361999996,
              702525.0399999991
            ],
            [
              198233.62380000018,
              701924.9638
            ],
            [
              198293.94900000002,
              701564.6006000005
            ],
            [
              198328.87399999984,
              701431.2502999995
            ],
            [
              198370.14910000004,
              701316.9500999991
            ],
            [
              198410.47169999965,
              701232.0186999999
            ],
            [
              198486.67179999966,
              701092.3183999993
            ],
            [
              198589.85960000008,
              700944.6806000005
            ],
            [
              198686.6972000003,
              700838.3179000001
            ],
            [
              198780.35989999957,
              700743.0677000005
            ],
            [
              198856.56010000035,
              700684.3300999999
            ],
            [
              198901.64520000014,
              700648.6113000009
            ],
            [
              199047.69550000038,
              700564.4736000001
            ],
            [
              199225.49579999968,
              700456.5233999994
            ],
            [
              199376.83779999986,
              700357.0397999994
            ],
            [
              199462.29839999974,
              700310.2084999997
            ],
            [
              199562.31109999958,
              700253.0583999995
            ],
            [
              199668.6738,
              700183.2082000002
            ],
            [
              199755.98649999965,
              700107.0080999993
            ],
            [
              199879.38939999975,
              699993.3228999991
            ],
            [
              199966.76879999973,
              699871.0776000004
            ],
            [
              200025.5493999999,
              699774.9074000008
            ],
            [
              200087.11649999954,
              699658.2060000002
            ],
            [
              200136.4877000004,
              699555.8751999997
            ],
            [
              200191.65950000007,
              699432.0243999995
            ],
            [
              200267.6930999998,
              699241.3752999995
            ],
            [
              200323.58729999978,
              699080.3811000008
            ],
            [
              200444.4866000004,
              698710.7991000004
            ],
            [
              200498.46169999987,
              698529.8236999996
            ],
            [
              200523.86180000007,
              698380.5984000005
            ],
            [
              200525.44930000044,
              698223.4355999995
            ],
            [
              200506.39919999987,
              698020.2352000009
            ],
            [
              200495.28670000006,
              697831.3223000001
            ],
            [
              200463.53660000023,
              697401.1088999994
            ],
            [
              200430.19909999985,
              696985.9769000001
            ],
            [
              200420.67399999965,
              696818.4953000005
            ],
            [
              200423.84910000023,
              696728.0076000001
            ],
            [
              200433.37409999967,
              696620.0573999994
            ],
            [
              200452.4241000004,
              696497.0259000007
            ],
            [
              200492.11170000024,
              696322.4004999995
            ],
            [
              200593.71190000046,
              695940.6060000006
            ],
            [
              200615.9369000001,
              695842.9746000003
            ],
            [
              200633.3995000003,
              695727.0867999997
            ],
            [
              200669.91199999955,
              695474.6738000009
            ],
            [
              200703.24959999975,
              695240.5171000008
            ],
            [
              200824.58129999973,
              694427.0720000006
            ],
            [
              200877.36209999956,
              694045.5294000003
            ],
            [
              200894.69379999954,
              693923.8619999997
            ],
            [
              200910.53189999983,
              693817.8323999997
            ],
            [
              200922.22649999987,
              693758.2963999994
            ],
            [
              200937.11050000042,
              693695.5709000006
            ],
            [
              200975.38370000012,
              693535.0362999998
            ],
            [
              201027.4776999997,
              693315.4971999992
            ],
            [
              201073.19290000014,
              693109.2474000007
            ],
            [
              201107.7450000001,
              692965.7229999993
            ],
            [
              201125.28249999974,
              692891.3764999993
            ]
          ],
          [
            [
              194951.46920000017,
              706995.0160000008
            ],
            [
              194936.23149999976,
              707005.7630000003
            ],
            [
              194916.4439000003,
              707018.7882000003
            ],
            [
              194896.24839999992,
              707031.1712999996
            ],
            [
              194875.66559999995,
              707042.8994999994
            ],
            [
              194854.7167999996,
              707053.9606999997
            ],
            [
              194833.42370000016,
              707064.3435999993
            ],
            [
              194811.80810000002,
              707074.0373999998
            ],
            [
              194789.89250000007,
              707083.0321999993
            ],
            [
              194767.69930000044,
              707091.3186000008
            ],
            [
              194745.25140000042,
              707098.8881000001
            ],
            [
              194722.5722000003,
              707105.7329999991
            ],
            [
              194699.68479999993,
              707111.8460000008
            ],
            [
              194676.61290000007,
              707117.2210000008
            ],
            [
              194653.3803000003,
              707121.8523999993
            ],
            [
              194630.01099999994,
              707125.7355000004
            ],
            [
              194606.52909999993,
              707128.8661000002
            ],
            [
              194582.9587000003,
              707131.2411000002
            ],
            [
              194559.32430000044,
              707132.8581000008
            ],
            [
              194535.6501000002,
              707133.7152999993
            ],
            [
              194511.96059999987,
              707133.8120000008
            ],
            [
              194488.28019999992,
              707133.1479000002
            ],
            [
              194464.63329999987,
              707131.7237999998
            ],
            [
              194441.0444,
              707129.5410999991
            ],
            [
              194417.53770000022,
              707126.6020999998
            ],
            [
              194394.1375000002,
              707122.9098000005
            ],
            [
              194370.86789999995,
              707118.4681000002
            ],
            [
              194347.75299999956,
              707113.2815000005
            ],
            [
              194324.81649999972,
              707107.3552999999
            ],
            [
              194302.08210000023,
              707100.6956999991
            ],
            [
              194279.57330000028,
              707093.3095999993
            ],
            [
              194257.31319999974,
              707085.2045000009
            ],
            [
              194235.32490000036,
              707076.3888000008
            ],
            [
              194213.63100000005,
              707066.8716000002
            ],
            [
              194192.2538999999,
              707056.6627999991
            ],
            [
              194171.21559999976,
              707045.7728000004
            ],
            [
              194150.53780000005,
              707034.2128999997
            ],
            [
              194130.2418999998,
              707021.9948999994
            ],
            [
              194120.1398,
              707015.3114999998
            ]
          ],
          [
            [
              194907.86670000013,
              707899.3090000004
            ],
            [
              194888.0097000003,
              707870.0188999996
            ],
            [
              194872.53160000034,
              707844.6188999992
            ],
            [
              194858.24409999978,
              707820.4093999993
            ],
            [
              194846.7346999999,
              707795.8030999992
            ],
            [
              194832.05030000024,
              707762.4656000007
            ],
            [
              194820.54090000037,
              707732.6998999994
            ],
            [
              194810.61899999995,
              707699.1638999991
            ],
            [
              194803.47520000022,
              707672.5732000005
            ],
            [
              194796.7282999996,
              707641.2200000007
            ],
            [
              194790.37829999998,
              707607.4856000002
            ],
            [
              194787.99700000044,
              707578.5135999992
            ],
            [
              194784.8219999997,
              707543.3901000004
            ],
            [
              194784.4252000004,
              707518.3870000001
            ],
            [
              194784.8219999997,
              707486.2400000002
            ],
            [
              194786.40950000007,
              707450.1242999993
            ],
            [
              194792.3627000004,
              707405.6742000002
            ],
            [
              194797.91889999993,
              707371.3444999997
            ],
            [
              194806.65020000003,
              707332.4506999999
            ],
            [
              194815.77830000035,
              707299.1130999997
            ],
            [
              194829.2720999997,
              707259.4254999999
            ],
            [
              194842.7659,
              707224.1035999991
            ],
            [
              194863.40340000018,
              707179.8519000001
            ],
            [
              194881.26290000044,
              707142.1487000007
            ],
            [
              194900.7098000003,
              707101.2705000006
            ],
            [
              194924.12540000025,
              707053.2485000007
            ],
            [
              194951.46920000017,
              706995.0160000008
            ]
          ]
        ]
      }
    },
    {
      "type": "Feature",
      "properties": {
        "OBJECTID": 99,
        "PL_NAME": "תוכנית מיתאר ארצית אחודה",
        "PL_NUMBER": "תמא/ 1",
        "stage": "תשתיות",
        "type_name": "מסילות ברזל",
        "Layer_Name": "מסילת ברזל",
        "MAVAT_NAME": "מסילת ברזל",
        "MAVAT_CODE": 10068,
        "NAME": null,
        "SCENARIO": "ראשי",
        "Status": "מאושרת",
        "DATA_DATE": 1563062400000,
        "LABEL": null,
        "pl_change": "תתל/ 9 (תתל/ 3/ 9)",
        "PL_URL": "",
        "REMARKS": "מסילת לוד-ב\"ש , קטע לוד נען",
        "scale": "1:100000",
        "NUM": null,
        "LAST_UPDATE": "14/07/2019",
        "LEGAL_AREA": null,
        "LEN": null
      },
      "geometry": {
        "type": "MultiLineString",
        "coordinates": [
          [
            [
              188067.24729999993,
              642494.7968000006
            ],
            [
              187897.24349999987,
              642177.1580999997
            ],
            [
              187862.84759999998,
              642093.8142000008
            ],
            [
              187860.20179999992,
              642088.5225000009
            ]
          ],
          [
            [
              189204.2583999997,
              645485.4927999992
            ],
            [
              189111.17069999967,
              645407.8740999997
            ],
            [
              188999.42769999988,
              645360.6938000005
            ],
            [
              188850.43709999975,
              645314.7550000008
            ],
            [
              188676.61459999997,
              645258.8835000005
            ],
            [
              188583.4955000002,
              645220.3942000009
            ],
            [
              188499.0674999999,
              645169.4890999999
            ],
            [
              188418.36419999972,
              645090.0274
            ],
            [
              188376.15020000003,
              645021.7400000002
            ],
            [
              188331.45299999975,
              644924.8960999995
            ],
            [
              188182.46229999978,
              644563.5938000008
            ],
            [
              188124.1076999996,
              644412.1199999992
            ],
            [
              188006.15670000017,
              644125.3128999993
            ],
            [
              187960.21789999958,
              644009.8452000003
            ],
            [
              187926.6950000003,
              643905.5516999997
            ],
            [
              187914.27919999976,
              643826.0900999997
            ],
            [
              187911.7960000001,
              643765.2522
            ],
            [
              187911.7960000001,
              643668.4082999993
            ],
            [
              187905.58800000045,
              643513.2096999995
            ],
            [
              187910.5543999998,
              643441.1974999998
            ],
            [
              187919.2455000002,
              643367.9438000005
            ],
            [
              187967.66750000045,
              643207.7788999993
            ],
            [
              188017.33100000024,
              643050.0971000008
            ],
            [
              188028.53550000023,
              643013.6372999996
            ],
            [
              188039.23029999994,
              642977.0247000009
            ],
            [
              188049.41330000013,
              642940.2664999999
            ],
            [
              188059.08249999955,
              642903.3698999994
            ],
            [
              188068.23620000016,
              642866.3419000003
            ],
            [
              188076.92729999963,
              642721.0760999992
            ],
            [
              188067.24729999993,
              642494.7968000006
            ]
          ],
          [
            [
              189204.2583999997,
              645485.4927999992
            ],
            [
              189184.44400000013,
              645446.0918000005
            ],
            [
              189042.89169999957,
              645178.8620999996
            ],
            [
              188964.83939999994,
              645004.2367000002
            ],
            [
              188882.81840000022,
              644766.1111999992
            ],
            [
              188848.42250000034,
              644543.8607999999
            ],
            [
              188804.76620000042,
              644218.4225999992
            ],
            [
              188800.79739999957,
              644178.7350999992
            ],
            [
              188753.17229999974,
              643932.6721000001
            ],
            [
              188656.59920000006,
              643632.3694000002
            ],
            [
              188569.2865000004,
              643437.9002
            ],
            [
              188382.75490000006,
              643080.7119999994
            ],
            [
              188249.14010000043,
              642834.6490000002
            ],
            [
              188067.24729999993,
              642494.7968000006
            ]
          ],
          [
            [
              188093.4578999998,
              650157.5883000009
            ],
            [
              187998.05080000032,
              650048.5050000008
            ],
            [
              187952.27859999985,
              649997.3478999995
            ],
            [
              187880.9277999997,
              649919.2659000009
            ],
            [
              187869.23550000042,
              649905.8939999994
            ],
            [
              187858.1398,
              649892.0231999997
            ],
            [
              187847.66199999955,
              649877.6798999999
            ],
            [
              187837.8219999997,
              649862.8915999997
            ],
            [
              187828.63889999967,
              649847.6867999993
            ],
            [
              187820.13019999955,
              649832.0944999997
            ],
            [
              187812.31230000034,
              649816.1447999999
            ],
            [
              187805.2000000002,
              649799.8680000007
            ],
            [
              187798.80709999986,
              649783.2956000008
            ],
            [
              187790.47919999994,
              649759.1928000003
            ],
            [
              187782.8097000001,
              649734.8726000004
            ],
            [
              187775.80399999954,
              649710.3529000003
            ],
            [
              187769.46750000026,
              649685.6517999992
            ],
            [
              187763.80489999987,
              649660.7875999995
            ],
            [
              187760.04370000027,
              649641.2904000003
            ],
            [
              187757.0558000002,
              649621.6597000007
            ],
            [
              187754.8459999999,
              649601.9264000002
            ],
            [
              187753.4177000001,
              649582.1210999992
            ],
            [
              187752.77300000004,
              649562.2748000007
            ],
            [
              187752.9129999997,
              649542.4186000004
            ],
            [
              187753.83750000037,
              649522.5833999999
            ],
            [
              187755.54509999976,
              649502.8003000002
            ],
            [
              187758.03299999982,
              649483.0999999996
            ],
            [
              187761.29750000034,
              649463.5134999994
            ],
            [
              187765.33330000006,
              649444.0712000001
            ],
            [
              187770.1342000002,
              649424.8036000002
            ],
            [
              187775.69269999955,
              649405.7408000007
            ],
            [
              187782.00009999983,
              649386.9123999998
            ],
            [
              187789.04650000017,
              649368.3479999993
            ],
            [
              187796.82100000046,
              649350.0766000003
            ],
            [
              187805.3114,
              649332.1265999991
            ],
            [
              187814.50439999998,
              649314.5261000004
            ],
            [
              187824.38570000045,
              649297.3026
            ],
            [
              187884.96659999993,
              649209.7969000004
            ],
            [
              188121.90500000026,
              648927.0863000005
            ],
            [
              188397.88430000003,
              648608.0273000002
            ],
            [
              188529.8158999998,
              648453.2095999997
            ],
            [
              188820.1913999999,
              648108.4536000006
            ],
            [
              188952.93310000002,
              647937.1488000005
            ],
            [
              189073.31879999954,
              647747.9714000002
            ],
            [
              189113.0064000003,
              647661.9815999996
            ],
            [
              189176.50650000013,
              647509.8458999991
            ],
            [
              189258.52749999985,
              647237.3245000001
            ],
            [
              189350.6216000002,
              646954.6663000006
            ],
            [
              189430.50700000022,
              646709.4796999991
            ],
            [
              189455.64250000007,
              646549.4065000005
            ],
            [
              189463.98720000032,
              646390.8582000006
            ],
            [
              189468.87170000002,
              646298.0517999995
            ],
            [
              189429.1841000002,
              646034.7908999994
            ],
            [
              189398.7569000004,
              645910.4364
            ],
            [
              189299.5379999997,
              645674.9568000007
            ],
            [
              189204.2583999997,
              645485.4927999992
            ]
          ]
        ]
      }
    },
    {
      "type": "Feature",
      "properties": {
        "OBJECTID": 122,
        "PL_NAME": "תוכנית מיתאר ארצית אחודה",
        "PL_NUMBER": "תמא/ 1",
        "stage": "תשתיות",
        "type_name": "מסילות ברזל",
        "Layer_Name": "מסילת ברזל",
        "MAVAT_NAME": "מסילת ברזל",
        "MAVAT_CODE": 10068,
        "NAME": "מערכת מסילות במחוז המרכז",
        "SCENARIO": "ראשי",
        "Status": "מאושרת",
        "DATA_DATE": 1563062400000,
        "LABEL": "מערכת מסילות במחוז המרכז",
        "pl_change": "תמא/ 23/ 8",
        "PL_URL": "https://mavat.iplan.gov.il/SV4/1/99001340",
        "REMARKS": "מערכת מסילות במחוז המרכז",
        "scale": "1:100000",
        "NUM": null,
        "LAST_UPDATE": "14/07/2019",
        "LEGAL_AREA": null,
        "LEN": null
      },
      "geometry": {
        "type": "MultiLineString",
        "coordinates": [
          [
            [
              194971.85120000038,
              643908.4682999998
            ],
            [
              194985.62019999977,
              644103.1202000007
            ],
            [
              194981.23340000026,
              644109.9013999999
            ],
            [
              195005.21810000017,
              644353.9418000001
            ],
            [
              195147.5011,
              644548.477
            ],
            [
              195306.50600000005,
              644690.3670000006
            ],
            [
              195309.77529999986,
              644691.3166000005
            ],
            [
              195341.10589999985,
              644700.4173000008
            ],
            [
              195468.22119999956,
              644592.0712000001
            ],
            [
              195476.56280000042,
              644595.5394000001
            ],
            [
              195966.1233000001,
              644314.4107000008
            ],
            [
              196463.38219999988,
              644148.4790000003
            ],
            [
              196968.75609999988,
              644042.2453000005
            ],
            [
              197540.34800000023,
              643944.0518999994
            ],
            [
              197921.2363,
              643941.1952999998
            ],
            [
              198293.75030000042,
              643972.5494999997
            ],
            [
              198297.00659999996,
              643973.6910999995
            ],
            [
              199104.40639999975,
              644256.7268000003
            ],
            [
              199666.91650000028,
              644448.8585000001
            ],
            [
              199972.76439999975,
              644634.3780000005
            ],
            [
              200204.13800000027,
              644803.3822000008
            ],
            [
              200311.30879999977,
              644973.3178000003
            ],
            [
              200393.40330000035,
              645228.8112000003
            ],
            [
              200558.06379999965,
              645569.0549999997
            ],
            [
              200747.84779999964,
              645806.6667999998
            ],
            [
              200904.74670000002,
              645959.1556000002
            ],
            [
              201137.71109999996,
              646116.4550999999
            ],
            [
              201484.65350000001,
              646412.6470999997
            ],
            [
              201567.00719999988,
              646574.2317999993
            ],
            [
              201591.47059999965,
              646710.6399000008
            ],
            [
              201582.78959999979,
              646855.8334999997
            ],
            [
              201499.61050000042,
              646993.0488000009
            ],
            [
              201358.3995000003,
              647156.3102000002
            ],
            [
              201084.61120000016,
              647354.7138
            ],
            [
              200669.9654000001,
              647588.3216999993
            ],
            [
              200197.2171,
              647873.5869999994
            ],
            [
              199937.34279999975,
              648058.6805000007
            ]
          ],
          [
            [
              192049.10699999984,
              645937.4068
            ],
            [
              192419.99700000044,
              645843.4801000003
            ],
            [
              193541.8326000003,
              645600.0628999993
            ],
            [
              194071.00030000042,
              645409.5625999998
            ],
            [
              194527.95050000027,
              645203.8080000002
            ],
            [
              194564.58999999985,
              645187.3100000005
            ]
          ],
          [
            [
              190507.0747999996,
              646309.0096000005
            ],
            [
              190790.1604000004,
              646256.2309000008
            ],
            [
              192049.10699999984,
              645937.4068
            ]
          ],
          [
            [
              188576.42960000038,
              646400.0830000006
            ],
            [
              189463.98720000032,
              646390.8582000006
            ],
            [
              190165.7424999997,
              646372.6478000004
            ],
            [
              190507.0747999996,
              646309.0096000005
            ]
          ],
          [
            [
              189350.6216000002,
              646954.6663000006
            ],
            [
              189700.07490000036,
              646690.1484999992
            ],
            [
              189901.15859999973,
              646584.3148999996
            ],
            [
              190123.40909999982,
              646489.0647
            ],
            [
              190507.0747999996,
              646309.0096000005
            ]
          ],
          [
            [
              189113.0064000003,
              647661.9815999996
            ],
            [
              189467.24110000022,
              647483.9000000004
            ],
            [
              189784.74170000013,
              647367.4831000008
            ],
            [
              190123.40909999982,
              647346.3164000008
            ],
            [
              190409.1595999999,
              647335.7331000008
            ],
            [
              190684.32689999975,
              647293.3997000009
            ],
            [
              190927.74399999995,
              647198.1494999994
            ],
            [
              191287.57809999958,
              646827.7321000006
            ],
            [
              191541.57859999966,
              646510.2313999999
            ],
            [
              192049.10699999984,
              645937.4068
            ]
          ],
          [
            [
              199937.34279999975,
              648058.6805000007
            ],
            [
              199936.22649999987,
              648076.2804000005
            ],
            [
              199961.98809999973,
              648221.0690000001
            ],
            [
              200019.79619999975,
              648329.8866000008
            ],
            [
              200091.37430000026,
              648403.3585999999
            ],
            [
              200183.83050000016,
              648483.5786000006
            ],
            [
              200353.51329999976,
              648591.4359000009
            ]
          ],
          [
            [
              199937.34279999975,
              648058.6805000007
            ],
            [
              199921.83050000016,
              648069.7290000003
            ],
            [
              199822.45859999955,
              648158.5800999999
            ],
            [
              199715.8348000003,
              648286.9716999996
            ],
            [
              199615.8596999999,
              648509.6827000007
            ],
            [
              199557.26190000027,
              648740.6204000004
            ],
            [
              199488.96810000017,
              649158.3789000008
            ]
          ],
          [
            [
              200353.51329999976,
              648591.4359000009
            ],
            [
              200527.02639999986,
              648502.8111000005
            ],
            [
              201310.45270000026,
              648286.8480999991
            ],
            [
              202093.64599999972,
              648138.8948999997
            ],
            [
              202928.05769999977,
              647940.2647999991
            ]
          ],
          [
            [
              199488.96810000017,
              649158.3789000008
            ],
            [
              199521.01360000018,
              649125.4002
            ],
            [
              200066.81850000005,
              648737.8702000007
            ],
            [
              200353.51329999976,
              648591.4359000009
            ]
          ],
          [
            [
              190907.5491000004,
              654410.2139999997
            ],
            [
              191952.3819000004,
              653897.4653999992
            ],
            [
              192720.68149999995,
              653303.1523000002
            ],
            [
              193673.9386,
              652938.6717000008
            ],
            [
              194024.19290000014,
              652427.8414999992
            ],
            [
              194502.63819999993,
              651835.8414999992
            ],
            [
              194775.97709999979,
              651514.5581999999
            ],
            [
              195253.19969999976,
              651279.6093000006
            ],
            [
              196002.88790000044,
              650978.4137999993
            ],
            [
              196888.75090000033,
              650661.0972000007
            ],
            [
              197638.6138000004,
              650308.8943000007
            ],
            [
              198780.33550000004,
              649806.2038000003
            ],
            [
              198930.00270000007,
              649691.0228000004
            ],
            [
              199001.98340000026,
              649635.6279000007
            ],
            [
              199094.1361999996,
              649564.7089000009
            ],
            [
              199488.96810000017,
              649158.3789000008
            ]
          ],
          [
            [
              181394.21439999994,
              666865.3990000002
            ],
            [
              181379.2882000003,
              666814.0371000003
            ],
            [
              181335.10819999967,
              666643.3466999996
            ],
            [
              181306.09329999983,
              666529.1973000001
            ]
          ],
          [
            [
              181919.94079999998,
              668245.3274000008
            ],
            [
              181937.63540000003,
              668256.3892999999
            ],
            [
              181960.91650000028,
              668270.9986000005
            ],
            [
              181984.5111999996,
              668285.0956999995
            ],
            [
              182008.40840000007,
              668298.6736999992
            ],
            [
              182032.59669999965,
              668311.7261999995
            ],
            [
              182057.06439999957,
              668324.2469999995
            ],
            [
              182074.2605999997,
              668332.3871999998
            ],
            [
              182091.7675999999,
              668339.8354000002
            ],
            [
              182109.55769999977,
              668346.5799000002
            ],
            [
              182127.6024000002,
              668352.6098999996
            ],
            [
              182145.87320000026,
              668357.9156999998
            ],
            [
              182164.34090000018,
              668362.4890000001
            ],
            [
              182182.9763000002,
              668366.3224999998
            ],
            [
              182201.74969999958,
              668369.4101
            ],
            [
              182220.6311999997,
              668371.7468999997
            ],
            [
              182239.59090000018,
              668373.3290999997
            ],
            [
              182258.59860000014,
              668374.1543000005
            ],
            [
              182277.62409999967,
              668374.2212000005
            ],
            [
              182296.63709999993,
              668373.5296
            ],
            [
              182315.6074000001,
              668372.0806000009
            ],
            [
              182334.50490000006,
              668369.8765999991
            ],
            [
              182353.29949999973,
              668366.9210000001
            ],
            [
              182371.96140000038,
              668363.2185999993
            ],
            [
              182390.46079999954,
              668358.7752
            ],
            [
              182408.7684000004,
              668353.5978999995
            ],
            [
              182426.85510000028,
              668347.6949000005
            ],
            [
              182444.69209999964,
              668341.0756000001
            ],
            [
              182462.2511,
              668333.7506000008
            ],
            [
              182479.50409999955,
              668325.7313999999
            ],
            [
              182496.42370000016,
              668317.0308999997
            ],
            [
              182512.983,
              668307.6627999991
            ],
            [
              182529.15579999983,
              668297.6421000008
            ],
            [
              182544.91619999986,
              668286.9846000001
            ],
            [
              182560.1793999998,
              668275.7513999995
            ]
          ]
        ]
      }
    },
    {
      "type": "Feature",
      "properties": {
        "OBJECTID": 131,
        "PL_NAME": "תוכנית מיתאר ארצית אחודה",
        "PL_NUMBER": "תמא/ 1",
        "stage": "תשתיות",
        "type_name": "מסילות ברזל",
        "Layer_Name": "מסילת ברזל",
        "MAVAT_NAME": "מסילת ברזל",
        "MAVAT_CODE": 10068,
        "NAME": null,
        "SCENARIO": "ראשי",
        "Status": "מאושרת",
        "DATA_DATE": 1563062400000,
        "LABEL": null,
        "pl_change": "מח/ 142",
        "PL_URL": "https://mavat.iplan.gov.il/SV4/1/4059040",
        "REMARKS": "קטע ראשונים באר יעקב",
        "scale": "1:100000",
        "NUM": null,
        "LAST_UPDATE": "14/07/2019",
        "LEGAL_AREA": null,
        "LEN": null
      },
      "geometry": {
        "type": "LineString",
        "coordinates": [
          [
            181406.08669999987,
            650743.9561999999
          ],
          [
            181558.19919999968,
            650691.5453999992
          ],
          [
            181734.17760000005,
            650632.409
          ],
          [
            181754.2076000003,
            650625.2554000001
          ],
          [
            182037.4899000004,
            650519.8592000008
          ],
          [
            182189.14609999955,
            650463.5842000004
          ],
          [
            182282.14279999956,
            650420.6626999993
          ],
          [
            182350.3404000001,
            650378.2180000003
          ],
          [
            182399.93869999982,
            650339.5886000004
          ],
          [
            182417.43840000033,
            650325.4836999997
          ],
          [
            182434.4578999998,
            650310.8028999995
          ],
          [
            182450.97809999995,
            650295.5625999998
          ],
          [
            182466.98080000002,
            650279.7795000002
          ],
          [
            182482.44799999986,
            650263.4715
          ],
          [
            182497.36259999964,
            650246.6565000005
          ],
          [
            182511.70799999963,
            650229.3533999994
          ],
          [
            182525.46810000017,
            650211.5812999997
          ],
          [
            182538.62770000007,
            650193.3600999992
          ],
          [
            182551.1721999999,
            650174.7100000009
          ],
          [
            182563.08750000037,
            650155.6517999992
          ],
          [
            182574.36039999966,
            650136.2068000007
          ],
          [
            182584.9782999996,
            650116.3965000007
          ],
          [
            182610.25430000015,
            650062.9829999991
          ],
          [
            182637.9149000002,
            649992.4009000007
          ],
          [
            182647.45299999975,
            649956.6328999996
          ],
          [
            182673.68290000036,
            649820.2377000004
          ],
          [
            182707.06630000006,
            649611.3528000005
          ],
          [
            182713.74299999978,
            649567.9542999994
          ],
          [
            182742.77219999954,
            649433.0090999994
          ],
          [
            182760.60840000026,
            649350.0956999995
          ],
          [
            182781.64879999962,
            649287.9795999993
          ],
          [
            182805.41839999985,
            649232.6246000007
          ],
          [
            182828.62119999994,
            649187.2599999998
          ],
          [
            182868.3883999996,
            649128.7650000006
          ],
          [
            182896.19450000022,
            649092.1116000004
          ],
          [
            182906.43090000004,
            649079.2090000007
          ],
          [
            182917.21700000018,
            649066.7622999996
          ],
          [
            182928.53249999974,
            649054.7949000001
          ],
          [
            182940.3563000001,
            649043.3292999994
          ],
          [
            182952.66590000037,
            649032.3870000001
          ],
          [
            182965.43840000033,
            649021.9887000006
          ],
          [
            182978.64960000012,
            649012.1537999995
          ],
          [
            182992.27469999995,
            649002.9010000005
          ],
          [
            183006.2882000003,
            648994.2475000005
          ],
          [
            183020.66359999962,
            648986.2095999997
          ],
          [
            183035.37399999984,
            648978.8025000002
          ],
          [
            183050.39169999957,
            648972.0399999991
          ],
          [
            183067.38769999985,
            648965.2300000004
          ],
          [
            183084.6464999998,
            648959.1163999997
          ],
          [
            183102.13939999975,
            648953.7092000004
          ],
          [
            183119.83770000003,
            648949.0174000002
          ],
          [
            183137.7120000003,
            648945.0488000009
          ],
          [
            183155.73290000018,
            648941.8098000009
          ],
          [
            183173.87040000036,
            648939.3059999999
          ],
          [
            183192.09480000008,
            648937.5413000006
          ],
          [
            183210.37579999957,
            648936.5186999999
          ],
          [
            183228.68329999968,
            648936.2399000004
          ],
          [
            183246.98699999973,
            648936.7053999994
          ],
          [
            183265.25659999996,
            648937.9144000001
          ],
          [
            183298.9288999997,
            648940.0188999996
          ],
          [
            183376.48080000002,
            648944.8659000006
          ]
        ]
      }
    },
    {
      "type": "Feature",
      "properties": {
        "OBJECTID": 136,
        "PL_NAME": "תוכנית מיתאר ארצית אחודה",
        "PL_NUMBER": "תמא/ 1",
        "stage": "תשתיות",
        "type_name": "מסילות ברזל",
        "Layer_Name": "מסילת ברזל",
        "MAVAT_NAME": "מסילת ברזל",
        "MAVAT_CODE": 10068,
        "NAME": "דרך 431 מזרח",
        "SCENARIO": "ראשי",
        "Status": "מאושרת",
        "DATA_DATE": 1563062400000,
        "LABEL": "דרך 431 מזרח",
        "pl_change": "תממ/ 3/ 6/ ב",
        "PL_URL": "https://mavat.iplan.gov.il/SV4/1/99001875",
        "REMARKS": "שינוי 6/ב -דרך 431 מזרח",
        "scale": "1:100000",
        "NUM": null,
        "LAST_UPDATE": "14/07/2019",
        "LEGAL_AREA": null,
        "LEN": null
      },
      "geometry": {
        "type": "MultiLineString",
        "coordinates": [
          [
            [
              182742.77219999954,
              649433.0090999994
            ],
            [
              182763.3060999997,
              649268.2611999996
            ],
            [
              182766.3250000002,
              649246.7017000001
            ],
            [
              182769.99450000003,
              649225.2434
            ],
            [
              182774.31120000035,
              649203.9058999997
            ],
            [
              182779.2712000003,
              649182.7085999995
            ],
            [
              182784.86990000028,
              649161.6710000001
            ],
            [
              182791.10219999962,
              649140.8124000002
            ],
            [
              182797.96250000037,
              649120.1516999993
            ],
            [
              182805.4444000004,
              649099.7080000006
            ],
            [
              182814.28660000023,
              649077.7204
            ],
            [
              182823.84509999957,
              649056.0346000008
            ],
            [
              182834.10940000042,
              649034.6739000008
            ],
            [
              182845.0686999997,
              649013.6612
            ],
            [
              182856.71100000013,
              648993.0190999992
            ],
            [
              182869.02390000038,
              648972.7698999997
            ],
            [
              182881.9941999996,
              648952.9353
            ],
            [
              182895.60780000035,
              648933.5366999991
            ],
            [
              182909.85020000022,
              648914.5949000008
            ],
            [
              182924.70600000024,
              648896.1302000005
            ],
            [
              182940.1593000004,
              648878.1625999995
            ],
            [
              182959.8624999998,
              648856.5164999999
            ],
            [
              182975.5547000002,
              648840.0695999991
            ],
            [
              182980.06840000022,
              648835.3388
            ],
            [
              183000.7659,
              648814.6413000003
            ],
            [
              183021.94359999988,
              648794.4353999998
            ],
            [
              183043.58970000036,
              648774.7322000004
            ],
            [
              183056.41189999972,
              648763.7661000006
            ],
            [
              183069.64499999955,
              648753.2993999999
            ],
            [
              183083.2695000004,
              648743.3476999998
            ],
            [
              183097.26549999975,
              648733.9255999997
            ],
            [
              183111.61239999998,
              648725.0468000006
            ],
            [
              183126.2890999997,
              648716.7245000005
            ],
            [
              183141.2740000002,
              648708.9708999991
            ],
            [
              183222.35830000043,
              648667.4711000007
            ],
            [
              183422.83449999988,
              648587.0252
            ],
            [
              183504.55730000045,
              648555.1021999996
            ],
            [
              183631.44409999996,
              648505.8710999992
            ],
            [
              183795.48610000033,
              648437.0792999994
            ],
            [
              183819.5926000001,
              648426.5876000002
            ],
            [
              183843.40869999956,
              648415.4527000003
            ],
            [
              183866.91750000045,
              648403.6828000005
            ],
            [
              183890.10199999996,
              648391.2862
            ],
            [
              183912.94550000038,
              648378.2719
            ],
            [
              183935.43140000012,
              648364.6491999999
            ],
            [
              183957.54370000027,
              648350.4280999992
            ],
            [
              184013.10639999993,
              648307.4331999999
            ],
            [
              184277.69020000007,
              648056.0785000008
            ],
            [
              184335.23720000032,
              647999.8544999994
            ],
            [
              184450.86039999966,
              647899.4449000005
            ],
            [
              184471.62899999972,
              647881.9198000003
            ],
            [
              184492.88680000044,
              647864.9912999999
            ],
            [
              184514.61649999954,
              647848.6731000002
            ],
            [
              184536.80069999956,
              647832.9781999998
            ],
            [
              184559.42140000034,
              647817.9193999991
            ],
            [
              184582.46050000004,
              647803.5088
            ],
            [
              184605.8992999997,
              647789.7578999996
            ],
            [
              184629.71910000034,
              647776.6779999994
            ],
            [
              184668.00090000033,
              647756.7203000002
            ],
            [
              184706.57419999968,
              647737.3318000007
            ],
            [
              184745.43049999978,
              647718.5166999996
            ],
            [
              184784.56109999958,
              647700.2792000007
            ],
            [
              184823.95749999955,
              647682.6231999993
            ],
            [
              184863.61120000016,
              647665.5526999999
            ],
            [
              184886.59889999963,
              647656.2741
            ],
            [
              184909.8627000004,
              647647.7111000009
            ],
            [
              184933.38019999955,
              647639.8718999997
            ],
            [
              184957.12909999955,
              647632.7641000003
            ],
            [
              184981.08640000038,
              647626.3943000007
            ],
            [
              185349.38719999976,
              647550.1941999998
            ],
            [
              185843.62980000023,
              647465.5273000002
            ],
            [
              186123.03039999958,
              647414.7271999996
            ],
            [
              186337.8724999996,
              647377.6854999997
            ],
            [
              186507.20610000007,
              647348.0521000009
            ],
            [
              186692.41480000038,
              647312.0687000006
            ],
            [
              186732.63159999996,
              647300.4269999992
            ],
            [
              186960.17370000016,
              647231.6351999994
            ],
            [
              187051.19060000032,
              647199.8850999996
            ],
            [
              187181.63989999983,
              647142.7959000003
            ],
            [
              187298.71160000004,
              647083.6306999996
            ],
            [
              187493.83110000007,
              646969.0766000003
            ],
            [
              187739.30399999954,
              646821.7928999998
            ],
            [
              187894.14080000017,
              646732.4156
            ],
            [
              188109.40170000028,
              646601.4967
            ],
            [
              188193.7435999997,
              646552.4021000005
            ],
            [
              188275.56790000014,
              646510.8605000004
            ],
            [
              188375.0159,
              646464.2836000007
            ],
            [
              188513.48780000024,
              646417.7067000009
            ],
            [
              188573.91189999972,
              646400.0830000006
            ],
            [
              188576.42960000038,
              646400.0830000006
            ]
          ],
          [
            [
              177217.78270000033,
              652757.5033999998
            ],
            [
              177671.7843000004,
              652620.6043999996
            ],
            [
              177794.81579999998,
              652568.2168000005
            ],
            [
              177866.25349999964,
              652532.4979999997
            ],
            [
              177976.58490000013,
              652465.0291000009
            ],
            [
              178198.0416000001,
              652293.5788000003
            ],
            [
              178365.5231999997,
              652157.0535000004
            ],
            [
              178904.48060000036,
              651721.2839000002
            ],
            [
              178995.7620000001,
              651646.6711999997
            ],
            [
              179288.65629999992,
              651414.8958
            ],
            [
              179380.73149999976,
              651356.9518999998
            ],
            [
              179498.20669999998,
              651301.3892999999
            ],
            [
              179539.21719999984,
              651285.2497000005
            ],
            [
              179790.0427000001,
              651209.0494999997
            ],
            [
              180238.5580000002,
              651089.8637000006
            ],
            [
              180244.06859999988,
              651088.3992999997
            ],
            [
              180337.20220000017,
              651062.9991999995
            ],
            [
              180769.00299999956,
              650938.1157000009
            ],
            [
              181056.8702999996,
              650850.2738000005
            ],
            [
              181158.47049999982,
              650817.4653999992
            ],
            [
              181406.08669999987,
              650743.9561999999
            ]
          ]
        ]
      }
    },
    {
      "type": "Feature",
      "properties": {
        "OBJECTID": 141,
        "PL_NAME": "תוכנית מיתאר ארצית אחודה",
        "PL_NUMBER": "תמא/ 1",
        "stage": "תשתיות",
        "type_name": "מסילות ברזל",
        "Layer_Name": "מסילת ברזל",
        "MAVAT_NAME": "מסילת ברזל",
        "MAVAT_CODE": 10068,
        "NAME": "תכנית מס' מתא/7",
        "SCENARIO": "ראשי",
        "Status": "מאושרת",
        "DATA_DATE": 1563062400000,
        "LABEL": "תכנית מס' מתא/7",
        "pl_change": "מתא/ 7",
        "PL_URL": "https://mavat.iplan.gov.il/SV4/1/5063645",
        "REMARKS": "שלוחת ירושלים",
        "scale": "1:100000",
        "NUM": null,
        "LAST_UPDATE": "14/07/2019",
        "LEGAL_AREA": null,
        "LEN": null
      },
      "geometry": {
        "type": "LineString",
        "coordinates": [
          [
            180047.59449999966,
            661544.5033999998
          ],
          [
            180081.2586000003,
            661463.8540000003
          ],
          [
            180121.47410000023,
            661367.4284000006
          ],
          [
            180186.0625,
            661216.2397000007
          ],
          [
            180216.02109999955,
            661147.8177000005
          ],
          [
            180244.43510000035,
            661082.9232000001
          ],
          [
            180282.23419999983,
            661019.4531999994
          ],
          [
            180308.73979999963,
            660983.3508000001
          ],
          [
            180381.5137,
            660903.0090999994
          ],
          [
            180481.03039999958,
            660784.9461000003
          ],
          [
            180587.4534,
            660685.0764000006
          ],
          [
            180675.00989999995,
            660606.2084999997
          ],
          [
            180719.52639999986,
            660566.5677000005
          ],
          [
            180976.4497999996,
            660349.9210000001
          ],
          [
            181208.57120000012,
            660153.6247000005
          ],
          [
            181280.22149999999,
            660090.8778000008
          ],
          [
            181377.77720000036,
            660007.2585000005
          ],
          [
            181444.22520000022,
            659952.2890000008
          ],
          [
            181504.07550000027,
            659904.5447000004
          ],
          [
            181534.36319999956,
            659880.1344000008
          ],
          [
            181585.05310000014,
            659838.8299000002
          ],
          [
            181648.85989999957,
            659787.5300999992
          ],
          [
            181679.14240000024,
            659762.3278999999
          ],
          [
            181694.64829999954,
            659750.4330000002
          ],
          [
            182111.0898000002,
            659401.4495000001
          ]
        ]
      }
    },
    {
      "type": "Feature",
      "properties": {
        "OBJECTID": 148,
        "PL_NAME": "תמא/ 1/ 12 - גריעת שלוחת מסילה בתחום צריפין",
        "PL_NUMBER": "תמא/ 1/ 12",
        "stage": "תשתיות",
        "type_name": "מסילות ברזל",
        "Layer_Name": "מסילת ברזל",
        "MAVAT_NAME": "מסילת ברזל",
        "MAVAT_CODE": 10068,
        "NAME": null,
        "SCENARIO": "ראשי",
        "Status": "מאושרת",
        "DATA_DATE": 1637193600000,
        "LABEL": null,
        "pl_change": "תמא/ 23",
        "PL_URL": "https://mavat.iplan.gov.il/SV4/1/99001759",
        "REMARKS": "תוכנית מתאר ארצית למסילות ברזל",
        "scale": "1:100000",
        "NUM": null,
        "LAST_UPDATE": "10/04/2022",
        "LEGAL_AREA": null,
        "LEN": null
      },
      "geometry": {
        "type": "MultiLineString",
        "coordinates": [
          [
            [
              187910.62899999972,
              653619.7431000005
            ],
            [
              188444.46439999994,
              652980.9401999991
            ],
            [
              189024.74459999986,
              652276.9936999995
            ],
            [
              189096.76999999955,
              652202.2503999993
            ],
            [
              189304.69240000006,
              652026.9431999996
            ]
          ],
          [
            [
              185713.59520000033,
              656207.7173999995
            ],
            [
              185963.7768000001,
              656129.3992999997
            ],
            [
              186069.61029999983,
              656065.8991999999
            ],
            [
              186254.81900000013,
              655930.9614000004
            ],
            [
              186387.11099999957,
              655814.5445000008
            ],
            [
              186519.4029000001,
              655650.5024999995
            ],
            [
              186535.79980000015,
              655630.7650000006
            ],
            [
              186552.76389999967,
              655611.5127000008
            ],
            [
              186570.28079999983,
              655592.7620000001
            ],
            [
              186588.3356999997,
              655574.5288999993
            ],
            [
              186606.91339999996,
              655556.8286000006
            ],
            [
              186625.99810000043,
              655539.6762000006
            ],
            [
              186645.57359999977,
              655523.0862000007
            ],
            [
              186665.62349999975,
              655507.0725999996
            ],
            [
              186686.1305999998,
              655491.6491
            ],
            [
              186707.0778000001,
              655476.8285000008
            ],
            [
              186728.44710000046,
              655462.6236000005
            ],
            [
              186750.2207000004,
              655449.0462999996
            ],
            [
              186772.37990000006,
              655436.1081000008
            ],
            [
              186794.90610000025,
              655423.8199000005
            ],
            [
              186817.78029999975,
              655412.1921999995
            ],
            [
              186840.983,
              655401.2347999997
            ],
            [
              186864.49459999986,
              655390.9569000006
            ],
            [
              186888.2951999996,
              655381.3673
            ],
            [
              186912.3646999998,
              655372.4740999993
            ],
            [
              186936.68269999977,
              655364.2848000005
            ],
            [
              186961.22860000003,
              655356.8062999994
            ],
            [
              186985.98170000035,
              655350.0449999999
            ],
            [
              187010.9210000001,
              655344.0066
            ],
            [
              187036.02529999986,
              655338.6962000001
            ],
            [
              187061.27350000013,
              655334.1183000002
            ],
            [
              187086.64419999998,
              655330.2766999993
            ],
            [
              187166.81410000008,
              655325.1397999991
            ],
            [
              187237.23869999964,
              655328.7875999995
            ]
          ],
          [
            [
              184625.9489000002,
              657251.9278999995
            ],
            [
              184916.57799999975,
              657008.9276
            ],
            [
              185161.19259999972,
              656803.7230999991
            ],
            [
              185356.88430000003,
              656593.0826999992
            ],
            [
              185545.78120000008,
              656386.5193000007
            ],
            [
              185713.59520000033,
              656207.7173999995
            ]
          ]
        ]
      }
    },
    {
      "type": "Feature",
      "properties": {
        "OBJECTID": 170,
        "PL_NAME": "תוכנית מיתאר ארצית אחודה",
        "PL_NUMBER": "תמא/ 1",
        "stage": "תשתיות",
        "type_name": "מסילות ברזל",
        "Layer_Name": "מסילת ברזל",
        "MAVAT_NAME": "מסילת ברזל",
        "MAVAT_CODE": 10068,
        "NAME": null,
        "SCENARIO": "ראשי",
        "Status": "מאושרת",
        "DATA_DATE": 1563062400000,
        "LABEL": null,
        "pl_change": "תמא/ 23",
        "PL_URL": "https://mavat.iplan.gov.il/SV4/1/99001759",
        "REMARKS": "תוכנית מתאר ארצית למסילות ברזל",
        "scale": "1:100000",
        "NUM": null,
        "LAST_UPDATE": "14/07/2019",
        "LEGAL_AREA": null,
        "LEN": null
      },
      "geometry": {
        "type": "LineString",
        "coordinates": [
          [
            185713.59520000033,
            656207.7173999995
          ],
          [
            185774.08820000011,
            656143.2635999992
          ],
          [
            186003.75409999955,
            655895.9310999997
          ],
          [
            186563.64979999978,
            655240.9075000007
          ],
          [
            186785.16189999972,
            654974.5493000001
          ],
          [
            187505.4160000002,
            654106.1675000004
          ],
          [
            187718.7742999997,
            653849.3221000005
          ],
          [
            187910.62899999972,
            653619.7431000005
          ]
        ]
      }
    },
    {
      "type": "Feature",
      "properties": {
        "OBJECTID": 172,
        "PL_NAME": "תוכנית מיתאר ארצית אחודה",
        "PL_NUMBER": "תמא/ 1",
        "stage": "תשתיות",
        "type_name": "מסילות ברזל",
        "Layer_Name": "מסילת ברזל",
        "MAVAT_NAME": "מסילת ברזל",
        "MAVAT_CODE": 10068,
        "NAME": "נתב\"ג - ירושלים בתוואי שער - הגיא קטע מערב",
        "SCENARIO": "ראשי",
        "Status": "מאושרת",
        "DATA_DATE": 1563062400000,
        "LABEL": "נתב\"ג - ירושלים בתוואי שער - הגיא קטע מערב",
        "pl_change": "תמא/ 23/ 16/ א/ 1",
        "PL_URL": "https://mavat.iplan.gov.il/SV4/1/99001350",
        "REMARKS": "מסילה לירושלים שער הגיא - נתבג- מערב",
        "scale": "1:100000",
        "NUM": null,
        "LAST_UPDATE": "14/07/2019",
        "LEGAL_AREA": null,
        "LEN": null
      },
      "geometry": {
        "type": "LineString",
        "coordinates": [
          [
            189507.69189999998,
            651490.5594999995
          ],
          [
            189506.49899999984,
            651487.7644999996
          ],
          [
            189497.08079999965,
            651465.6971000005
          ],
          [
            189491.35319999978,
            651452.2771000005
          ],
          [
            189481.66839999985,
            651429.5852000006
          ],
          [
            189466.8459999999,
            651400.5813999996
          ],
          [
            189441.24199999962,
            651350.4809000008
          ],
          [
            189430.51520000026,
            651329.4911000002
          ],
          [
            189411.53419999965,
            651301.1283
          ],
          [
            189393.29739999957,
            651273.8775999993
          ],
          [
            189377.59889999963,
            651253.5048999991
          ],
          [
            189372.76609999966,
            651247.2331000008
          ],
          [
            189363.41729999986,
            651235.9910000004
          ],
          [
            189349.38850000035,
            651219.7577
          ],
          [
            189340.03839999996,
            651209.1499000005
          ],
          [
            189293.7070000004,
            651160.6184
          ],
          [
            189151.17080000043,
            651013.7344000004
          ]
        ]
      }
    }
  ]
}