{
  "type": "FeatureCollection",
  "name": "tama1_water_protect",
  "description": "תמ\"א 1 – שטח רגישות הידרולוגית",
  "crs": {
    "type": "name",
    "properties": {
      "name": "urn:ogc:def:crs:EPSG::2039"
    }
  },
  "features": [
    {
      "type": "Feature",
      "properties": {
        "OBJECTID": 11,
        "PL_NAME": "תוכנית מיתאר ארצית אחודה",
        "PL_NUMBER": "תמא/1/ 8",
        "stage": "תשתיות",
        "type_name": "מים",
        "Layer_Name": "שטח בעל רגישות הידרולוגית",
        "MAVAT_NAME": "גבוהה",
        "MAVAT_CODE": 10113,
        "NAME": null,
        "SCENARIO": "משלים",
        "DATA_DATE": 1563062400000,
        "STATUS": "מאושרת",
        "LABEL": null,
        "pl_change": null,
        "PL_URL": null,
        "REMARKS": null,
        "scale": "1:100000",
        "NUM": null,
        "LAST_UPDATE": "14/07/2019",
        "LEGAL_AREA": 540391436.1490364,
        "LEN": null
      },
      "geometry": {
        "type": "Polygon",
        "coordinates": [
          [
            [
              192364.20999999996,
              718783.7721999995
            ],
            [
              191924.77890000027,
              716823.625
            ],
            [
              191495.34860000014,
              714863.4809000008
            ],
            [
              192184.05819999985,
              714709.0811000001
            ],
            [
              193020.05539999995,
              714521.6612
            ],
            [
              193120.00009999983,
              714499.2548999991
            ],
            [
              193120.00009999983,
              714575.9997000005
            ],
            [
              193118.00100000016,
              714712.0007000007
            ],
            [
              193118.00100000016,
              714848.0007000007
            ],
            [
              193118.00100000016,
              714982.0009000003
            ],
            [
              193150.00100000016,
              715086.0009000003
            ],
            [
              193184.00009999983,
              715154.0011
            ],
            [
              193234.00050000008,
              715238.0009000003
            ],
            [
              193286.00100000016,
              715331.9997000005
            ],
            [
              193286.00100000016,
              715407.9997000005
            ],
            [
              193250.00150000025,
              715509.9998000003
            ],
            [
              193250.00150000025,
              715578.0000999998
            ],
            [
              193266.00050000008,
              715630.0009000003
            ],
            [
              193318.00100000016,
              715714.0000999998
            ],
            [
              193360.0011,
              715740.0010000002
            ],
            [
              193394.00050000008,
              715740.0010000002
            ],
            [
              193446.00100000016,
              715723.9997000005
            ],
            [
              193480.00009999983,
              715690.0011
            ],
            [
              193496.0011,
              715640.0007000007
            ],
            [
              193524.00140000042,
              715530.0011
            ],
            [
              193540.00009999983,
              715443.9997000005
            ],
            [
              193524.00140000042,
              715367.9997000005
            ],
            [
              193542.00100000016,
              715360.0007000007
            ],
            [
              193568.00009999983,
              715215.9997000005
            ],
            [
              193578.00150000025,
              715087.9997000005
            ],
            [
              193578.00150000025,
              714951.9997000005
            ],
            [
              193580.00239999965,
              714816.0007000007
            ],
            [
              193580.00239999965,
              714680.0007000007
            ],
            [
              193598.00100000016,
              714562.0000999998
            ],
            [
              193658.00050000008,
              714485.9998000003
            ],
            [
              193692.00140000042,
              714485.9998000003
            ],
            [
              193778.00050000008,
              714571.9997000005
            ],
            [
              193836.00239999965,
              714648.0007000007
            ],
            [
              193888.00009999983,
              714734.0009000003
            ],
            [
              193956.00009999983,
              714802.0011
            ],
            [
              194024.00009999983,
              714869.9998000003
            ],
            [
              194100.00140000042,
              714930.0011
            ],
            [
              194123.33019999973,
              714948.4198000003
            ],
            [
              194176.00009999983,
              714990.0009000003
            ],
            [
              194228.00140000042,
              715008.0007000007
            ],
            [
              194286.00019999966,
              715015.9997000005
            ],
            [
              194412.1314000003,
              715017.8311000001
            ],
            [
              194424.0011,
              715018.0011
            ],
            [
              194526.00100000016,
              715018.0011
            ],
            [
              194628.00009999983,
              714983.9997000005
            ],
            [
              194714.00050000008,
              714933.9998000003
            ],
            [
              194852.00009999983,
              714867.9989
            ],
            [
              194954.00150000025,
              714834.0011
            ],
            [
              195022.00019999966,
              714799.9997000005
            ],
            [
              195082.00150000025,
              714758.0009000003
            ],
            [
              195160.0011,
              714699.9997000005
            ],
            [
              195228.00140000042,
              714631.9997000005
            ],
            [
              195290.00050000008,
              714556.0010000002
            ],
            [
              195340.00239999965,
              714471.9997000005
            ],
            [
              195392.00009999983,
              714386.0011
            ],
            [
              195428.00009999983,
              714283.9997000005
            ],
            [
              195446.00019999966,
              714165.9998000003
            ],
            [
              195472.0011,
              714055.9997000005
            ],
            [
              195490.38410000037,
              713978.2270999998
            ],
            [
              196849.3387000002,
              713680.5
            ],
            [
              197375.7257000003,
              713565.1763000004
            ],
            [
              198006.86170000024,
              713424.4026999995
            ],
            [
              199345.8532999996,
              713125.7434
            ],
            [
              198906.4216,
              711165.5954
            ],
            [
              200866.54629999958,
              710736.1602999996
            ],
            [
              201866.6760999998,
              710513.0832000002
            ],
            [
              202836.67389999982,
              710296.7268000003
            ],
            [
              202689.6316999998,
              709640.8235999998
            ],
            [
              202397.2424999997,
              708336.5786000006
            ],
            [
              201459.84470000025,
              708546.7314999998
            ],
            [
              200437.11500000022,
              708776.0151000004
            ],
            [
              199923.88769999985,
              708888.4560000002
            ],
            [
              198476.9902999997,
              709205.4505000003
            ],
            [
              198047.5580000002,
              707245.3056000005
            ],
            [
              196077.43340000045,
              707674.7391999997
            ],
            [
              195648.00189999957,
              705714.5947999991
            ],
            [
              195218.56909999996,
              703754.4504000004
            ],
            [
              194779.13690000027,
              701794.3032000009
            ],
            [
              194160.82720000017,
              701929.7664000001
            ],
            [
              193139.37930000015,
              702153.5515999999
            ],
            [
              192819.0125000002,
              702223.7393999994
            ],
            [
              193258.44460000005,
              704183.8862999994
            ],
            [
              191995.2723000003,
              704460.6303000003
            ],
            [
              191298.3200000003,
              704613.3233000003
            ],
            [
              190858.88800000027,
              702653.1765999999
            ],
            [
              190458.23649999965,
              702742.9975000005
            ],
            [
              189867.0086000003,
              702875.5436000004
            ],
            [
              189380.68850000016,
              702984.5703999996
            ],
            [
              188898.76080000028,
              703092.6126000006
            ],
            [
              188469.33129999973,
              701122.4691000003
            ],
            [
              189459.4243999999,
              700905.5534000006
            ],
            [
              190032.52520000003,
              700779.9948999994
            ],
            [
              190429.45569999982,
              700693.0329999998
            ],
            [
              190900.21740000043,
              700589.8951999992
            ],
            [
              190904.96800000034,
              700588.8544999994
            ],
            [
              192005.3415000001,
              700347.7773000002
            ],
            [
              192389.5800999999,
              700263.5954999998
            ],
            [
              192721.0625,
              700189.2813000008
            ],
            [
              193017.91779999994,
              700122.7300000004
            ],
            [
              193362.0867999997,
              700045.5715999994
            ],
            [
              193689.83839999977,
              699972.0936999992
            ],
            [
              194349.70739999972,
              699824.159
            ],
            [
              196309.8317999998,
              699394.7215
            ],
            [
              195880.3981999997,
              697434.5774000008
            ],
            [
              193920.27379999962,
              697864.0151000004
            ],
            [
              193300.5694000004,
              698002.9452999998
            ],
            [
              193278.7165000001,
              698007.8443999998
            ],
            [
              192982.96690000035,
              698074.1478000004
            ],
            [
              192600.3021999998,
              698159.9367999993
            ],
            [
              191960.1464999998,
              698303.4518999998
            ],
            [
              190511.9325000001,
              698620.7365000006
            ],
            [
              190000.02240000013,
              698732.8893999998
            ],
            [
              189560.58939999994,
              696772.7432000004
            ],
            [
              190558.15969999973,
              696549.0995000005
            ],
            [
              191520.71659999993,
              696333.3052999992
            ],
            [
              191091.28249999974,
              694373.1616999991
            ],
            [
              190654.38370000012,
              694471.1094000004
            ],
            [
              190168.6677000001,
              694580.0014999993
            ],
            [
              190157.84509999957,
              694582.4276999999
            ],
            [
              189131.15560000017,
              694812.5998
            ],
            [
              188701.72499999963,
              692842.4565999992
            ],
            [
              188262.29050000012,
              690882.3106999993
            ],
            [
              189625.14570000023,
              690583.7262999993
            ],
            [
              189187.63680000044,
              688625.3530000001
            ],
            [
              188788.8359000003,
              688712.7249999996
            ],
            [
              188391.61280000024,
              686745.5250000004
            ],
            [
              188723.53160000034,
              686672.8059
            ],
            [
              188940.79339999985,
              686625.2064999994
            ],
            [
              189363.54650000017,
              686532.5866999999
            ],
            [
              188924.1138000004,
              684562.4409999996
            ],
            [
              188898.7751000002,
              684420.3215999994
            ],
            [
              188249.96980000008,
              684584.8289999999
            ],
            [
              187512.52720000036,
              684771.8107999992
            ],
            [
              186953.61290000007,
              684913.5260000005
            ],
            [
              186944.03619999997,
              684831.8723000009
            ],
            [
              186394.58999999985,
              682911.6953999996
            ],
            [
              185855.14269999973,
              680991.5216000006
            ],
            [
              185305.6980999997,
              679061.3447999991
            ],
            [
              184756.25119999982,
              677141.1684000008
            ],
            [
              184206.8030000003,
              675220.9923
            ],
            [
              184657.5148,
              675092.0212999992
            ],
            [
              186126.9611999998,
              674671.5399999991
            ],
            [
              187111.5762,
              674389.7925000004
            ],
            [
              188047.11950000003,
              674122.0866999999
            ],
            [
              189977.27749999985,
              673572.6371999998
            ],
            [
              190942.5109000001,
              673296.4354999997
            ],
            [
              191897.43570000026,
              673023.1835999992
            ],
            [
              191347.98809999973,
              671103.0066999998
            ],
            [
              190425.14190000016,
              671367.0793999992
            ],
            [
              189427.8300999999,
              671652.4603000004
            ],
            [
              187507.67190000042,
              672201.9131000005
            ],
            [
              186958.2231999999,
              670281.7365000006
            ],
            [
              186464.94629999995,
              670422.1557999998
            ],
            [
              186252.53309999965,
              670482.6227000002
            ],
            [
              185640.8984000003,
              670656.7345000003
            ],
            [
              185028.06510000024,
              670831.1875
            ],
            [
              184488.62009999994,
              668901.0140000004
            ],
            [
              184356.00370000023,
              668783.5844999999
            ],
            [
              184228.68539999984,
              668670.9375999998
            ],
            [
              183579.2287999997,
              666780.7332000006
            ],
            [
              185057.9068,
              666272.6627999991
            ],
            [
              185469.41530000046,
              666131.2694000006
            ],
            [
              186118.8722000001,
              668021.4740999993
            ],
            [
              186260.81570000015,
              668183.0567000005
            ],
            [
              186638.2882000003,
              668064.0560999997
            ],
            [
              187155.28920000046,
              667901.0680999998
            ],
            [
              188162.75820000004,
              667583.4570000004
            ],
            [
              188009.0588999996,
              667372.0105000008
            ],
            [
              187359.60479999986,
              665471.8055000007
            ],
            [
              186710.1467000004,
              663581.6018000003
            ],
            [
              187107.93350000028,
              663444.9231000002
            ],
            [
              187572.76599999983,
              663285.2075999994
            ],
            [
              188600.33320000023,
              662932.1377000008
            ],
            [
              187940.87459999975,
              661041.9299999997
            ],
            [
              186969.7357999999,
              661375.6117000002
            ],
            [
              186523.40539999958,
              661528.9700000007
            ],
            [
              186050.68829999957,
              661691.3946000002
            ],
            [
              185081.09140000027,
              662029.6747999992
            ],
            [
              184160.49899999984,
              662350.8579999991
            ],
            [
              183287.3236999996,
              662650.8792000003
            ],
            [
              182784.76659999974,
              662823.5566000007
            ],
            [
              182270.3125,
              663000.3221000005
            ],
            [
              181620.85510000028,
              661110.1182000004
            ],
            [
              180183.00370000023,
              661604.1610000003
            ],
            [
              179730.66889999993,
              661759.5824999996
            ],
            [
              179071.21030000038,
              659869.3760000002
            ],
            [
              179565.96210000012,
              659699.3802000005
            ],
            [
              179921.24480000045,
              659577.3059
            ],
            [
              180961.39659999963,
              659219.9116999991
            ],
            [
              181912.6277999999,
              658888.0386999995
            ],
            [
              182851.58559999987,
              658560.4480000008
            ],
            [
              182202.1266999999,
              656670.2441000007
            ],
            [
              181552.6682000002,
              654780.0406999998
            ],
            [
              180636.87019999977,
              655099.5515000001
            ],
            [
              179662.4793999996,
              655439.5045999996
            ],
            [
              179003.01989999972,
              653549.2996999994
            ],
            [
              177696.50239999965,
              653998.2164999992
            ],
            [
              177112.83389999997,
              654198.7638000008
            ],
            [
              176463.37519999966,
              652308.5609000009
            ],
            [
              175803.91559999995,
              650418.3554999996
            ],
            [
              175154.45540000033,
              648528.1538999993
            ],
            [
              174946.89850000013,
              648450.2638000008
            ],
            [
              176054.2418999998,
              647998.1565000005
            ],
            [
              176180.3326000003,
              647946.6762000006
            ],
            [
              176442.73060000036,
              647839.5440999996
            ],
            [
              176798.58409999963,
              647694.2558999993
            ],
            [
              176564.74170000013,
              647528.5483999997
            ],
            [
              175725.2586000003,
              645718.2921999991
            ],
            [
              175225.52049999963,
              645952.8036000002
            ],
            [
              175112.8624999998,
              646005.6703999992
            ],
            [
              174545.9804999996,
              646271.6905000005
            ],
            [
              173915.01580000017,
              646567.7824000008
            ],
            [
              173065.53529999964,
              644747.5238000005
            ],
            [
              172226.0519000003,
              642937.2685000002
            ],
            [
              171386.56900000013,
              641127.0131000001
            ],
            [
              170537.08530000038,
              639316.7552000005
            ],
            [
              170986.55700000003,
              639108.3144000005
            ],
            [
              171148.6752000004,
              639033.1327999998
            ],
            [
              171833.54220000003,
              638715.5286999997
            ],
            [
              172347.3247999996,
              638477.2641000003
            ],
            [
              171507.84059999976,
              636667.0099999998
            ],
            [
              170658.35599999968,
              634856.7523999996
            ],
            [
              169818.87420000043,
              633036.4976000004
            ],
            [
              169298.3657999998,
              633280.7565000001
            ],
            [
              168466.81989999954,
              633670.9757000003
            ],
            [
              168008.63210000005,
              633885.9890999999
            ],
            [
              167169.14719999954,
              632075.7349999994
            ],
            [
              166319.6623999998,
              630265.4781
            ],
            [
              166299.6964999996,
              630180.4219000004
            ],
            [
              166836.27269999962,
              629913.0667000003
            ],
            [
              167218.9587000003,
              629722.3892000001
            ],
            [
              167614.63069999963,
              629525.2412999999
            ],
            [
              168090.6009999998,
              629288.0840000007
            ],
            [
              168691.1163999997,
              628988.8724000007
            ],
            [
              168995.63430000003,
              628837.1439999994
            ],
            [
              169877.42389999982,
              628397.7855999991
            ],
            [
              169810.24849999975,
              628206.4542999994
            ],
            [
              168870.74899999984,
              626446.1721000001
            ],
            [
              168307.1283999998,
              626745.2929999996
            ],
            [
              168014.18120000046,
              626900.7639000006
            ],
            [
              167100.4815999996,
              627385.6765000001
            ],
            [
              166160.98180000018,
              625625.3957000002
            ],
            [
              165221.48180000018,
              623865.1140999999
            ],
            [
              166436.17769999988,
              623216.7942999993
            ],
            [
              166981.74909999967,
              622925.6063999999
            ],
            [
              167921.24909999967,
              624685.8881999999
            ],
            [
              169216.25270000007,
              623998.6121999994
            ],
            [
              169691.51620000042,
              623746.3833000008
            ],
            [
              168742.01889999956,
              621976.0985000003
            ],
            [
              167802.51860000007,
              620215.8169
            ],
            [
              167651.43049999978,
              619822.6810999997
            ],
            [
              167502.7402999997,
              619435.7249999996
            ],
            [
              166403.21129999962,
              617775.3999000005
            ],
            [
              165264.03280000016,
              618529.8180999998
            ],
            [
              165245.61899999995,
              618542.0125999991
            ],
            [
              164742.8990000002,
              618874.9375999998
            ],
            [
              165842.42769999988,
              620535.2636999991
            ],
            [
              165941.5502000004,
              620842.8533999994
            ],
            [
              164683.88740000036,
              621593.2155000009
            ],
            [
              164226.2204,
              621866.2744999994
            ],
            [
              164172.1152999997,
              621634.7981000002
            ],
            [
              163072.58660000004,
              619974.4722000007
            ],
            [
              162673.16000000015,
              620238.9915999994
            ],
            [
              162509.6052000001,
              620347.3051999994
            ],
            [
              161760.96949999966,
              620843.0873000007
            ],
            [
              161412.27500000037,
              621074.0092999991
            ],
            [
              160312.74839999992,
              619403.6838000007
            ],
            [
              159213.22219999973,
              617733.3596000001
            ],
            [
              157922.5164999999,
              618583.0066999998
            ],
            [
              157830.77950000018,
              618643.3953000009
            ],
            [
              157542.91079999972,
              618832.8938999996
            ],
            [
              156443.38179999962,
              617172.5690000001
            ],
            [
              155353.85450000037,
              615502.2470999993
            ],
            [
              154254.32510000002,
              613841.9238000009
            ],
            [
              153154.79839999974,
              612171.5995000005
            ],
            [
              152482.1816999996,
              611155.9275000002
            ],
            [
              151805.40639999975,
              611718.1404999997
            ],
            [
              152421.89140000008,
              612657.0654000007
            ],
            [
              153516.7385999998,
              614324.5277999993
            ],
            [
              154187.7089999998,
              615346.4260000009
            ],
            [
              154617.31799999997,
              615984.1622000001
            ],
            [
              155734.4682,
              617642.5318
            ],
            [
              156846.86959999986,
              619293.8692000005
            ],
            [
              156965.23010000028,
              619469.5643000007
            ],
            [
              157233.7109000003,
              619781.7333000004
            ],
            [
              157947.8365000002,
              620963.0348000005
            ],
            [
              158979.3119000001,
              622669.2811999992
            ],
            [
              160013.38549999986,
              624379.8181999996
            ],
            [
              160423.7927000001,
              625058.7096999995
            ],
            [
              160990.26260000002,
              626117.3794999998
            ],
            [
              161936.57909999974,
              627885.9224999994
            ],
            [
              162879.47860000003,
              629648.0842000004
            ],
            [
              162896.5694000004,
              629680.0190999992
            ],
            [
              163469.47539999988,
              630855.0315000005
            ],
            [
              163760.03720000014,
              631445.8288000003
            ],
            [
              164644.19489999954,
              633243.5458000004
            ],
            [
              165525.58469999954,
              635035.6307999995
            ],
            [
              166067.63090000022,
              636137.7240999993
            ],
            [
              166577.77589999977,
              636331.5612000003
            ],
            [
              166745.71810000017,
              636674.9520999994
            ],
            [
              167466.79760000017,
              638149.3403999992
            ],
            [
              167064.3326000003,
              638306.5363999996
            ],
            [
              167210.01040000003,
              638665.1908999998
            ],
            [
              167704.41330000013,
              639882.3319000006
            ],
            [
              168090.88829999976,
              640460.2675000001
            ],
            [
              168497.9252000004,
              641068.9484000001
            ],
            [
              169016.70359999966,
              642232.9461000003
            ],
            [
              169415.21829999983,
              643127.1074999999
            ],
            [
              169234.04499999993,
              643205.8466999996
            ],
            [
              169519.5515999999,
              643918.4440000001
            ],
            [
              169616.19409999996,
              644155.5132999998
            ],
            [
              170100.5747999996,
              645343.7015000004
            ],
            [
              170350.41289999988,
              646018.3192999996
            ],
            [
              170405.30059999973,
              646166.5058999993
            ],
            [
              171049.75679999962,
              647892.6450999994
            ],
            [
              171162.46079999954,
              648194.5095000006
            ],
            [
              171980.11139999982,
              649661.5557000004
            ],
            [
              172952.2932000002,
              651405.8489999995
            ],
            [
              173006.1057000002,
              651502.3946000002
            ],
            [
              173086.23500000034,
              652063.4528999999
            ],
            [
              173226.3909,
              652425.5057999995
            ],
            [
              173245.2226999998,
              652524.7826000005
            ],
            [
              173286.88009999972,
              652639.9152000006
            ],
            [
              173314.67989999987,
              652710.5640999991
            ],
            [
              173340.91959999967,
              652780.3311999999
            ],
            [
              173436.50289999973,
              652979.7309000008
            ],
            [
              173464.02570000011,
              653072.6693999991
            ],
            [
              173484.79959999956,
              653164.8660000004
            ],
            [
              173507.24129999988,
              653230.4732000008
            ],
            [
              173530.83579999954,
              653317.7006000001
            ],
            [
              173537.80850000028,
              653343.4628999997
            ],
            [
              173565.68350000028,
              653395.8010000009
            ],
            [
              173642.12229999993,
              653610.9854000006
            ],
            [
              173734.09929999989,
              653830.5139000006
            ],
            [
              173750.4578999998,
              653869.5488000009
            ],
            [
              173763.01630000025,
              654016.2938000001
            ],
            [
              173920.76939999964,
              654319.8906999994
            ],
            [
              173933.6364000002,
              654435.1961000003
            ],
            [
              174040.64419999998,
              654721.5584999993
            ],
            [
              174076.0728000002,
              654833.1997999996
            ],
            [
              174096.49619999994,
              654924.1865999997
            ],
            [
              174111.76460000034,
              654964.3608999997
            ],
            [
              174189.46470000036,
              655208.6657999996
            ],
            [
              174459.88159999996,
              656058.9207000006
            ],
            [
              174566.5826000003,
              656334.9134999998
            ],
            [
              174577.66789999977,
              656420.6776
            ],
            [
              174766.52300000004,
              657031.0668000001
            ],
            [
              174792.5597000001,
              657115.2150999997
            ],
            [
              175335.75659999996,
              658870.8456999995
            ],
            [
              175339.7770999996,
              658903.6974
            ],
            [
              175312.4570000004,
              659006.6802999992
            ],
            [
              175328.64780000038,
              659041.3255000003
            ],
            [
              175421.60089999996,
              659240.1940000001
            ],
            [
              175418.99579999968,
              659361.1142999995
            ],
            [
              175432.36539999954,
              659399.1982000005
            ],
            [
              175490.1013000002,
              659445.8355
            ],
            [
              175547.05929999985,
              659591.9727999996
            ],
            [
              175561.28369999956,
              659753.9284000006
            ],
            [
              175583.84009999968,
              659833.8753999993
            ],
            [
              175581.10170000046,
              659865.9946999997
            ],
            [
              175556.55360000022,
              659927.7083999999
            ],
            [
              175627.19189999998,
              660038.6798
            ],
            [
              175750.96889999975,
              660189.3867000006
            ],
            [
              175777.69990000036,
              660255.8154000007
            ],
            [
              175785.01970000006,
              660290.3672000002
            ],
            [
              175791.30810000002,
              660330.4494000003
            ],
            [
              175801.7109000003,
              660357.5623000003
            ],
            [
              175813.82380000036,
              660381.5768999998
            ],
            [
              175850.42260000017,
              660418.1872000005
            ],
            [
              175861.38040000014,
              660460.8509
            ],
            [
              175943.45019999985,
              660569.4857999999
            ],
            [
              175948.86050000042,
              660601.9671
            ],
            [
              175940.21380000003,
              660658.1150000002
            ],
            [
              175979.34090000018,
              660671.7465000004
            ],
            [
              175996.94570000004,
              660687.6317999996
            ],
            [
              176039.88850000035,
              660782.6349999998
            ],
            [
              176044.99459999986,
              660900.2876999993
            ],
            [
              176031.6501000002,
              660917.2541000005
            ],
            [
              176014.4341000002,
              660939.1695000008
            ],
            [
              176020.51690000016,
              661032.9820000008
            ],
            [
              176038.1043999996,
              661039.7062999997
            ],
            [
              176065.34200000018,
              661120.8947000001
            ],
            [
              176062.64379999973,
              661147.8540000003
            ],
            [
              176098.17789999954,
              661239.7452000007
            ],
            [
              176106.88599999994,
              661279.1284999996
            ],
            [
              176096.63549999986,
              661316.1060000006
            ],
            [
              176066.95199999958,
              661362.5973000005
            ],
            [
              176088.7335000001,
              661392.9945
            ],
            [
              176096.0440999996,
              661427.5363999996
            ],
            [
              176092.6838999996,
              661461.2358999997
            ],
            [
              176039.90249999985,
              661499.9513000008
            ],
            [
              176017.59389999975,
              661531.2347999997
            ],
            [
              175990.96509999968,
              661561.1375999991
            ],
            [
              175969.58860000037,
              661550.2611999996
            ],
            [
              176047.2938000001,
              661707.2646999992
            ],
            [
              176032.84970000014,
              661788.6417999994
            ],
            [
              176088.60529999994,
              661910.0784000009
            ],
            [
              176357.79310000036,
              662197.9591000006
            ],
            [
              176359.44940000027,
              662312.6697000004
            ],
            [
              176453.9905000003,
              662310.3871999998
            ],
            [
              176486.63049999997,
              662346.8271999992
            ],
            [
              176499.75590000022,
              662501.4418000001
            ],
            [
              176546.0307,
              662553.5954
            ],
            [
              176602.25260000024,
              662653.9527000003
            ],
            [
              176668.6864,
              662708.1720000003
            ],
            [
              176850.6941999998,
              662749.9849999994
            ],
            [
              176899.07160000037,
              662761.1086999997
            ],
            [
              176949.7198999999,
              662764.8936999999
            ],
            [
              176999.40950000007,
              662801.6682999991
            ],
            [
              177035.29250000045,
              662826.6986999996
            ],
            [
              177069.64360000007,
              662860.0285999998
            ],
            [
              177148.70179999992,
              662935.4923
            ],
            [
              177164.10250000004,
              662966.4170999993
            ],
            [
              177203.0674999999,
              662984.0178999994
            ],
            [
              177444.3010999998,
              663460.5713999998
            ],
            [
              177430.19020000007,
              663534.0085000005
            ],
            [
              177436.40689999983,
              663614.6802999992
            ],
            [
              177471.42949999962,
              663709.3413999993
            ],
            [
              177515.4826999996,
              663767.3746000007
            ],
            [
              177558.9994000001,
              663955.1488000005
            ],
            [
              177554.79590000026,
              663999.5483999997
            ],
            [
              177592.09350000042,
              664183.8704000004
            ],
            [
              177730.85879999958,
              664235.6407999992
            ],
            [
              177765.6216000002,
              664365.7217999995
            ],
            [
              177760.24560000002,
              664419.6207999997
            ],
            [
              177766.00609999988,
              664453.3129999992
            ],
            [
              177811.28660000023,
              664520.1566000003
            ],
            [
              177817.2522,
              664535.2383999992
            ],
            [
              177830.3526999997,
              664568.3421999998
            ],
            [
              177836.13090000022,
              664679.2550000008
            ],
            [
              177876.10790000018,
              664759.4070999995
            ],
            [
              177890.57749999966,
              664832.4715
            ],
            [
              177915.52029999997,
              664892.0695999991
            ],
            [
              177975.67389999982,
              664983.4373000003
            ],
            [
              177996.49600000028,
              665046.8344
            ],
            [
              177971.2566999998,
              665149.6381000001
            ],
            [
              178026.71600000001,
              665220.1042
            ],
            [
              178040.97979999986,
              665278.8389999997
            ],
            [
              178024.09860000014,
              665351.7446999997
            ],
            [
              178094.0990000004,
              665454.6859000009
            ],
            [
              178086.83220000006,
              665583.7446999997
            ],
            [
              178112.71640000027,
              665601.1829000004
            ],
            [
              178163.20239999983,
              665686.1580999997
            ],
            [
              178164.4302000003,
              665763.0392000005
            ],
            [
              178132.3541000001,
              665819.3699999992
            ],
            [
              178232.02850000001,
              665943.9001000002
            ],
            [
              178155.8548999997,
              665991.9584999997
            ],
            [
              178200.2302000001,
              666042.0416000001
            ],
            [
              178233.8378999997,
              666190.7727000006
            ],
            [
              178293.2023,
              666243.0998999998
            ],
            [
              178331.95199999958,
              666314.4321999997
            ],
            [
              178354.74540000036,
              666407.3696999997
            ],
            [
              178332.0636,
              666482.5636
            ],
            [
              178310.6638000002,
              666553.5480000004
            ],
            [
              178217.92320000008,
              666589.3519000001
            ],
            [
              178428.3649000004,
              666654.5625
            ],
            [
              178479.45050000027,
              666773.3984999992
            ],
            [
              178357.6174999997,
              666957.6245000008
            ],
            [
              178593.21789999958,
              667096.7743999995
            ],
            [
              178632.13680000044,
              667309.4266999997
            ],
            [
              178710.7929999996,
              667288.1392000001
            ],
            [
              178757.2642000001,
              667490.7748000007
            ],
            [
              178658.82629999984,
              667520.3571000006
            ],
            [
              178891.31450000033,
              667803.0753000006
            ],
            [
              178931.9194,
              667926.2390000001
            ],
            [
              179002.27770000044,
              668107.6103000008
            ],
            [
              178922.1336000003,
              668223.5680999998
            ],
            [
              178987.65189999994,
              668370.7891000006
            ],
            [
              179043.51570000034,
              668496.3156000003
            ],
            [
              178956.3306,
              668619.5322999991
            ],
            [
              179131.78380000032,
              668676.4733000007
            ],
            [
              179187.54669999983,
              668875.1210999992
            ],
            [
              179316.94830000028,
              669184.8301999997
            ],
            [
              179360.41889999993,
              669354.2945000008
            ],
            [
              179414.38219999988,
              669451.3706999999
            ],
            [
              179442.20069999993,
              669557.2598000001
            ],
            [
              179444.27139999997,
              669623.9813000001
            ],
            [
              179481.4068,
              669713.1126000006
            ],
            [
              179508.63320000004,
              669794.4815999996
            ],
            [
              179553.9924999997,
              669899.6554000005
            ],
            [
              179551.99619999994,
              669921.0644000005
            ],
            [
              179549.6467000004,
              669955.6143999994
            ],
            [
              179534.22140000015,
              669975.4404000007
            ],
            [
              179479.67860000022,
              670018.8545999993
            ],
            [
              179521.00769999996,
              670089.8971999995
            ],
            [
              179542.2734000003,
              670072.4136999995
            ],
            [
              179573.43599999975,
              670062.7020999994
            ],
            [
              179596.33519999962,
              670065.6589000002
            ],
            [
              179625.92960000038,
              670083.7573000006
            ],
            [
              179661.6793999998,
              670119.7780000009
            ],
            [
              179671.98780000024,
              670162.6613999996
            ],
            [
              179686.67860000022,
              670226.5362
            ],
            [
              179689.1958999997,
              670238.1275999993
            ],
            [
              179692.60089999996,
              670253.7879000008
            ],
            [
              179697.41469999962,
              670275.8194999993
            ],
            [
              179778.21420000028,
              670521.4650999997
            ],
            [
              179817.08530000038,
              670621.8677999992
            ],
            [
              179853.1741000004,
              670764.7693000007
            ],
            [
              179922.37939999998,
              670919.6106000002
            ],
            [
              179965.8378999997,
              671065.7441000007
            ],
            [
              179979.55489999987,
              671111.6184999999
            ],
            [
              180014.31130000018,
              671264.0105000008
            ],
            [
              180090.79640000034,
              671522.5540999994
            ],
            [
              180201.61780000012,
              671900.7697999999
            ],
            [
              180274.15589999966,
              672186.3135000002
            ],
            [
              180412.8490000004,
              672732.1678999998
            ],
            [
              180497.26319999993,
              673031.9748999998
            ],
            [
              180522.6573999999,
              673155.5535000004
            ],
            [
              180628.74839999992,
              673498.4371000007
            ],
            [
              180758.6671000002,
              673954.9885000009
            ],
            [
              180781.74880000018,
              674020.9759
            ],
            [
              180812.63239999954,
              674109.9154000003
            ],
            [
              180813.6825000001,
              674112.9356999993
            ],
            [
              180829.85219999962,
              674182.1609000005
            ],
            [
              180850.91720000003,
              674304.3685999997
            ],
            [
              180869.8964999998,
              674410.3350000009
            ],
            [
              180894.40519999992,
              674517.3330000006
            ],
            [
              180940.0566999996,
              674652.0274
            ],
            [
              180992.99340000004,
              674802.7941999994
            ],
            [
              181028.22559999954,
              674901.5943
            ],
            [
              181170.69830000028,
              675446.5108000003
            ],
            [
              181201.02560000028,
              675492.3301999997
            ],
            [
              181328.0979000004,
              676039.5712000001
            ],
            [
              181379.03469999973,
              676258.9280999992
            ],
            [
              181420.87710000016,
              676389.5216000006
            ],
            [
              181444.52639999986,
              676498.0490000006
            ],
            [
              181522.1701999996,
              676936.9659000002
            ],
            [
              181552.52869999968,
              677009.9652999993
            ],
            [
              181585.8975999998,
              677151.9960999992
            ],
            [
              181755.07519999985,
              677752.8100000005
            ],
            [
              181768.08609999996,
              677784.0946999993
            ],
            [
              181771.91249999963,
              677797.2556999996
            ],
            [
              181781.64049999975,
              677839.8181999996
            ],
            [
              181784.12449999992,
              677893.4796999991
            ],
            [
              181807.2899000002,
              677977.6870000008
            ],
            [
              181807.91970000044,
              677979.9780000001
            ],
            [
              181817.31489999965,
              678030.3904999997
            ],
            [
              181826.16000000015,
              678047.3134000003
            ],
            [
              181865.07890000008,
              678190.3856000006
            ],
            [
              181940.31879999954,
              678332.2785
            ],
            [
              182001.82919999957,
              678571.2283999994
            ],
            [
              182120.56280000042,
              678768.1853
            ],
            [
              182149.40170000028,
              678876.5541999992
            ],
            [
              182164.53259999957,
              678942.1893000007
            ],
            [
              182205.8069000002,
              679030.2221000008
            ],
            [
              182215.07160000037,
              679120.8048
            ],
            [
              182264.17420000024,
              679249.3504000008
            ],
            [
              182335.5220999997,
              679463.5336000007
            ],
            [
              182356.85819999967,
              679514.4803999998
            ],
            [
              182364.35360000003,
              679562.8423999995
            ],
            [
              182397.4907999998,
              679645.4131000005
            ],
            [
              182414.82349999994,
              679669.0076000001
            ],
            [
              182422.4737999998,
              679704.3909000009
            ],
            [
              182443.9796000002,
              679751.3973999992
            ],
            [
              182486.55570000038,
              679870.1298999991
            ],
            [
              182533.35840000026,
              680000.6250999998
            ],
            [
              182542.6540000001,
              680118.3790000007
            ],
            [
              182587.26659999974,
              680249.4926999994
            ],
            [
              182624.17389999982,
              680466.8958999999
            ],
            [
              182653.5184000004,
              680554.4145999998
            ],
            [
              182766.4093000004,
              680794.4298999999
            ],
            [
              183039.1721999999,
              681789.6576000005
            ],
            [
              183567.15809999965,
              683716.0576000009
            ],
            [
              184001.5809000004,
              685301.0771999992
            ],
            [
              184091.2137000002,
              685639.3167000003
            ],
            [
              184604.70430000033,
              687576.9627999999
            ],
            [
              184669.7335000001,
              687822.3142000008
            ],
            [
              184770.52579999994,
              688022.2250999995
            ],
            [
              185125.28419999965,
              689519.0914999992
            ],
            [
              185588.70949999988,
              691474.4535000008
            ],
            [
              185844.78780000005,
              692554.9384000003
            ],
            [
              185765.0466,
              692765.5675000008
            ],
            [
              185795.31709999964,
              692835.5569000002
            ],
            [
              185885.82770000026,
              692935.3638000004
            ],
            [
              185826.18479999993,
              693155.9180999994
            ],
            [
              185836.38410000037,
              693225.9923999999
            ],
            [
              185986.81659999955,
              693215.3956000004
            ],
            [
              186027.20550000016,
              693325.4082999993
            ],
            [
              186053.17619999964,
              693426.8969
            ],
            [
              186482.9112999998,
              695106.3373000007
            ],
            [
              186463.50239999965,
              695376.8235999998
            ],
            [
              186465.4157999996,
              695400.0549999997
            ],
            [
              186484.18030000012,
              695627.1221999992
            ],
            [
              186595.11789999995,
              695877.0765000004
            ],
            [
              186605.68460000027,
              696097.3721999992
            ],
            [
              186727.02830000035,
              696497.5007000007
            ],
            [
              186687.4182000002,
              696707.9715999998
            ],
            [
              186748.2059000004,
              696958.1209999993
            ],
            [
              186829.03660000023,
              697198.1665000003
            ],
            [
              186860.1771999998,
              697367.9871999994
            ],
            [
              186961.18769999966,
              697918.7522999998
            ],
            [
              187062.56089999992,
              698359.0252
            ],
            [
              187163.62100000028,
              698669.1079999991
            ],
            [
              187234.60819999967,
              698989.3212000001
            ],
            [
              187348.9545,
              699314.8674999997
            ],
            [
              187396.21509999968,
              699449.3928999994
            ],
            [
              187558.52840000018,
              700199.8968000002
            ],
            [
              187679.57720000017,
              700479.8542999998
            ],
            [
              187640.98390000034,
              701110.9594
            ],
            [
              187721.52940000035,
              701230.8339000009
            ],
            [
              187734.2533999998,
              701287.3476999998
            ],
            [
              187762.08779999986,
              701410.9471000005
            ],
            [
              187842.9182000002,
              701651.0025999993
            ],
            [
              187903.8485000003,
              701961.2336999997
            ],
            [
              187914.2176000001,
              702101.4078000002
            ],
            [
              188034.82890000008,
              702201.0939000007
            ],
            [
              188206.51989999972,
              702681.1576000005
            ],
            [
              188176.7148000002,
              702801.4507999998
            ],
            [
              188327.95270000026,
              703121.3575999998
            ],
            [
              188349.59649999999,
              703209.9052000009
            ],
            [
              188563.30399999954,
              704084.2052999996
            ],
            [
              188552.86899999995,
              704376.2847000007
            ],
            [
              188775.47860000003,
              705170.9375999998
            ],
            [
              188851.77020000014,
              705443.2717000004
            ],
            [
              188791.4140999997,
              705634.7263999991
            ],
            [
              188901.23709999956,
              705866.1599000003
            ],
            [
              188860.8015999999,
              706128.0913999993
            ],
            [
              189089.6107999999,
              707165.0578000005
            ],
            [
              189338.39470000006,
              708292.4904999994
            ],
            [
              189531.89439999964,
              709121.9342999998
            ],
            [
              189756.4353,
              710084.3796999995
            ],
            [
              189782.86180000007,
              710250.1068999991
            ],
            [
              189731.0153000001,
              710251.2339999992
            ],
            [
              189736.00009999983,
              710287.9997000005
            ],
            [
              189770.00150000025,
              710389.9998000003
            ],
            [
              189770.00150000025,
              710525.9998000003
            ],
            [
              189770.00150000025,
              710662.0009000003
            ],
            [
              189770.00150000025,
              710795.9997000005
            ],
            [
              189752.0011,
              710916.0010000002
            ],
            [
              189752.0011,
              710983.9997000005
            ],
            [
              189786.00050000008,
              711083.9997000005
            ],
            [
              189844.00140000042,
              711228.0010000002
            ],
            [
              189854.00100000016,
              711356.0010000002
            ],
            [
              189836.00239999965,
              711474.0011
            ],
            [
              189862.00100000016,
              711584.0007000007
            ],
            [
              189904.0011,
              711677.9998000003
            ],
            [
              189904.0011,
              711738.0823999997
            ],
            [
              189804.0970999999,
              711766.1593999993
            ],
            [
              189904.0011,
              711847.7083999999
            ],
            [
              189904.0011,
              711915.9997000005
            ],
            [
              189870.00019999966,
              711983.9997000005
            ],
            [
              189800.00009999983,
              712050.0011
            ],
            [
              189936.0011,
              712117.9998000003
            ],
            [
              189936.0011,
              712253.9998000003
            ],
            [
              189944.09999999963,
              712269.9444999993
            ],
            [
              189883.41590000037,
              712319.9276
            ],
            [
              189971.6606999999,
              712324.2052999996
            ],
            [
              190000.0011,
              712380.0010000002
            ],
            [
              190052.00009999983,
              712455.9997000005
            ],
            [
              190083.46600000001,
              712487.4656000007
            ],
            [
              190083.24340000004,
              712641.8386000004
            ],
            [
              190335.5220999997,
              713057.5267999992
            ],
            [
              190412.93549999967,
              713185.0698000006
            ],
            [
              190731.07519999985,
              714805.9287
            ],
            [
              190838.66679999977,
              715004.0018000007
            ],
            [
              190912.41980000027,
              715139.7758000009
            ],
            [
              190938.00050000008,
              715247.9997000005
            ],
            [
              190962.00050000008,
              715360.0007000007
            ],
            [
              190944.00009999983,
              715477.9998000003
            ],
            [
              190944.00009999983,
              715613.9998000003
            ],
            [
              190960.0011,
              715731.9997000005
            ],
            [
              190976.00009999983,
              715851.9997000005
            ],
            [
              190950.00100000016,
              715962.0000999998
            ],
            [
              190940.00140000042,
              716021.9998000003
            ],
            [
              190940.00140000042,
              716090.0000999998
            ],
            [
              191011.87270000018,
              716211.0485999994
            ],
            [
              191009.06630000006,
              716487.2949999999
            ],
            [
              191164.4815999996,
              716986.2456999999
            ],
            [
              191290.00050000008,
              717389.2060000002
            ],
            [
              191328.82880000025,
              717513.8585999999
            ],
            [
              191766.0706000002,
              718917.5595999993
            ],
            [
              192364.20999999996,
              718783.7721999995
            ]
          ]
        ]
      }
    },
    {
      "type": "Feature",
      "properties": {
        "OBJECTID": 19,
        "PL_NAME": "תוכנית מיתאר ארצית אחודה",
        "PL_NUMBER": "תמא/1/ 8",
        "stage": "תשתיות",
        "type_name": "מים",
        "Layer_Name": "שטח בעל רגישות הידרולוגית",
        "MAVAT_NAME": "גבוהה",
        "MAVAT_CODE": 10113,
        "NAME": null,
        "SCENARIO": "משלים",
        "DATA_DATE": 1563062400000,
        "STATUS": "מאושרת",
        "LABEL": null,
        "pl_change": null,
        "PL_URL": null,
        "REMARKS": null,
        "scale": "1:100000",
        "NUM": null,
        "LAST_UPDATE": "14/07/2019",
        "LEGAL_AREA": 73629277.50514634,
        "LEN": null
      },
      "geometry": {
        "type": "Polygon",
        "coordinates": [
          [
            [
              190274.63769999985,
              651767.0425000004
            ],
            [
              190344.90979999956,
              651681.4938999992
            ],
            [
              190356.3755999999,
              651440.7113000005
            ],
            [
              190367.8415000001,
              651142.5995000005
            ],
            [
              190494.4506000001,
              650841.1660999991
            ],
            [
              190642.83249999955,
              650462.7174999993
            ],
            [
              190354.14410000015,
              649622.5102999993
            ],
            [
              189694.68369999994,
              647732.3030999992
            ],
            [
              189045.2235000003,
              645842.0988999996
            ],
            [
              188218.76879999973,
              646130.4397
            ],
            [
              187155.03500000015,
              646501.5647
            ],
            [
              187804.49519999977,
              648391.7686000001
            ],
            [
              188463.95529999956,
              650281.9756000005
            ],
            [
              187754.6490000002,
              650525.6923999991
            ],
            [
              187190.72190000024,
              650719.4572999999
            ],
            [
              186573.7692999998,
              650931.4414000008
            ],
            [
              185266.25320000015,
              651380.7025000006
            ],
            [
              184683.58359999955,
              651580.9072999991
            ],
            [
              184024.12349999975,
              649690.7005000003
            ],
            [
              184624.5354000004,
              649484.3995999992
            ],
            [
              185193.27550000045,
              649288.9812000003
            ],
            [
              185914.30950000044,
              649041.2346999999
            ],
            [
              185264.84929999989,
              647151.0309999995
            ],
            [
              184615.38960000034,
              645260.8274000008
            ],
            [
              184190.5460000001,
              644676.2706000004
            ],
            [
              183815.70370000042,
              644160.5885000005
            ],
            [
              182966.22009999957,
              642350.3290999997
            ],
            [
              182129.25370000023,
              642738.4685999993
            ],
            [
              181902.4254999999,
              642843.6592999995
            ],
            [
              181155.98010000028,
              643189.8202
            ],
            [
              180683.3683000002,
              643408.9916999992
            ],
            [
              180340.31630000006,
              643568.0809000004
            ],
            [
              180032.37359999958,
              643710.8879000004
            ],
            [
              179852.58249999955,
              643794.2653000001
            ],
            [
              179345.7413999997,
              644029.3110000007
            ],
            [
              178496.75480000023,
              644427.7139999997
            ],
            [
              177535.49859999958,
              644878.8016999997
            ],
            [
              178374.98170000035,
              646689.0580000002
            ],
            [
              178641.7796,
              646941.7167000007
            ],
            [
              178934.82969999965,
              647219.2223000005
            ],
            [
              179594.29000000004,
              649109.4279999994
            ],
            [
              180243.74899999984,
              650999.6311000008
            ],
            [
              180893.2087000003,
              652889.8342000004
            ],
            [
              182783.39470000006,
              652240.3688999992
            ],
            [
              183442.85429999977,
              654130.5754000004
            ],
            [
              185333.04050000012,
              653481.1099999994
            ],
            [
              185832.74349999987,
              653306.7694000006
            ],
            [
              187223.2282999996,
              652821.6456000004
            ],
            [
              188379.2374999998,
              652424.4420999996
            ],
            [
              189113.4143000003,
              652172.1799999997
            ],
            [
              190274.63769999985,
              651767.0425000004
            ]
          ]
        ]
      }
    },
    {
      "type": "Feature",
      "properties": {
        "OBJECTID": 44,
        "PL_NAME": "תוכנית מיתאר ארצית אחודה",
        "PL_NUMBER": "תמא/1/ 8",
        "stage": "תשתיות",
        "type_name": "מים",
        "Layer_Name": "שטח בעל רגישות הידרולוגית",
        "MAVAT_NAME": "בינונית",
        "MAVAT_CODE": 10114,
        "NAME": null,
        "SCENARIO": "משלים",
        "DATA_DATE": 1563062400000,
        "STATUS": "מאושרת",
        "LABEL": null,
        "pl_change": null,
        "PL_URL": null,
        "REMARKS": null,
        "scale": "1:100000",
        "NUM": null,
        "LAST_UPDATE": "14/07/2019",
        "LEGAL_AREA": 1097952272.0472033,
        "LEN": null
      },
      "geometry": {
        "type": "MultiPolygon",
        "coordinates": [
          [
            [
              [
                188898.7751000002,
                684420.3215999994
              ],
              [
                190258.46590000018,
                684075.5656000003
              ],
              [
                190838.29669999983,
                683928.5468000006
              ],
              [
                192126.5025000004,
                683601.9152000006
              ],
              [
                192780.96829999983,
                683435.9718999993
              ],
              [
                192714.50889999978,
                683193.5198999997
              ],
              [
                192165.06429999974,
                681263.3423999995
              ],
              [
                191188.97800000012,
                681542.6489000004
              ],
              [
                190244.90579999983,
                681812.7947000004
              ],
              [
                189315.3125,
                682078.7971000001
              ],
              [
                188324.74839999992,
                682362.2458999995
              ],
              [
                187775.30119999964,
                680442.0690000001
              ],
              [
                188821.4166000001,
                680142.7240999993
              ],
              [
                189695.45940000005,
                679892.6174999997
              ],
              [
                190737.55939999968,
                679594.4210000001
              ],
              [
                191615.61789999995,
                679343.1649999991
              ],
              [
                191066.16999999993,
                677422.9875000007
              ],
              [
                190526.7229000004,
                675502.8142000008
              ],
              [
                191107.22800000012,
                675336.7027000003
              ],
              [
                191462.37069999985,
                675235.0787000004
              ],
              [
                191783.90390000027,
                675143.0720000006
              ],
              [
                192446.88109999988,
                674953.3608999997
              ],
              [
                192996.32830000017,
                676873.5383000001
              ],
              [
                193373.39240000024,
                676765.6414000001
              ],
              [
                193427.44639999978,
                676616.9931000005
              ],
              [
                193602.00629999954,
                676492.3073999994
              ],
              [
                193377.57210000046,
                676367.6217999998
              ],
              [
                193053.38949999958,
                676342.6846999992
              ],
              [
                193053.38949999958,
                675993.5648999996
              ],
              [
                193128.2008999996,
                675669.3823000006
              ],
              [
                193277.82359999977,
                675395.0738999993
              ],
              [
                193277.82359999977,
                675021.0170000009
              ],
              [
                193302.76080000028,
                674821.5199999996
              ],
              [
                193402.50930000003,
                674597.0858999994
              ],
              [
                193602.00629999954,
                674297.8403999992
              ],
              [
                193826.44039999973,
                674148.2175999992
              ],
              [
                194150.62299999967,
                674148.2175999992
              ],
              [
                194304.91229999997,
                674186.7899999991
              ],
              [
                193817.59090000018,
                672483.7302000001
              ],
              [
                193660.70490000024,
                671932.5974000003
              ],
              [
                193427.44639999978,
                671866.4706999995
              ],
              [
                193153.13800000027,
                671691.9108000007
              ],
              [
                193025.25140000042,
                671496.0397999994
              ],
              [
                193017.6952999998,
                671307.1369000003
              ],
              [
                193047.91970000044,
                671095.5657000002
              ],
              [
                193176.37370000035,
                670936.8871999998
              ],
              [
                193161.26150000002,
                670513.7446999997
              ],
              [
                192833.96879999992,
                670447.4648000002
              ],
              [
                192380.08710000012,
                670245.5574999992
              ],
              [
                191997.61959999986,
                670135.9388999995
              ],
              [
                191566.92090000026,
                669916.8114999998
              ],
              [
                191151.33449999988,
                669531.4495999999
              ],
              [
                190856.64599999972,
                669093.1948000006
              ],
              [
                190697.96750000026,
                668670.0523000006
              ],
              [
                190607.2940999996,
                668001.3359999992
              ],
              [
                190743.30420000013,
                667328.8416000009
              ],
              [
                190954.87550000008,
                666943.4796999991
              ],
              [
                191181.55900000036,
                666633.6788999997
              ],
              [
                191415.79860000033,
                666399.4393000007
              ],
              [
                191725.59939999972,
                666180.3118999992
              ],
              [
                191982.5072999997,
                666029.1896000002
              ],
              [
                192180.59009999968,
                665756.875
              ],
              [
                192178.96640000027,
                665443.5906000007
              ],
              [
                192284.75200000033,
                665156.4581000004
              ],
              [
                192435.87430000026,
                664891.9941000007
              ],
              [
                192163.8541000001,
                664567.0811000001
              ],
              [
                191956.15600000042,
                664111.0247000009
              ],
              [
                191706.78479999956,
                663911.5276999995
              ],
              [
                191482.35059999954,
                663537.4707999993
              ],
              [
                191357.66500000004,
                663101.0711000003
              ],
              [
                191108.29370000027,
                662876.6370000001
              ],
              [
                190858.92250000034,
                662652.2028999999
              ],
              [
                190659.4254999999,
                662303.0831000004
              ],
              [
                190484.86560000014,
                661854.2149
              ],
              [
                190335.24289999995,
                661455.2208999991
              ],
              [
                190185.62009999994,
                661081.1640000008
              ],
              [
                190011.06020000018,
                660781.9185000006
              ],
              [
                189736.75179999974,
                660507.6100999992
              ],
              [
                189562.1919999998,
                660183.4275000002
              ],
              [
                189387.63210000005,
                659834.3077000007
              ],
              [
                189287.8836000003,
                659285.6909999996
              ],
              [
                188628.57880000025,
                658679.4710000008
              ],
              [
                188628.57880000025,
                658239.5458000004
              ],
              [
                189437.50629999954,
                657515.1550999992
              ],
              [
                189194.71829999983,
                657101.7257000003
              ],
              [
                189088.38659999985,
                656617.4185000006
              ],
              [
                189107.34130000044,
                656129.6568999998
              ],
              [
                189151.02979999967,
                655638.1614999995
              ],
              [
                189347.62789999973,
                655113.8997000009
              ],
              [
                189718.98000000045,
                654698.8590999991
              ],
              [
                189936.35340000037,
                654559.6291000005
              ],
              [
                190110.80869999994,
                654447.8885999992
              ],
              [
                189840.41289999988,
                654284.2391999997
              ],
              [
                189840.0981999999,
                654283.7328999992
              ],
              [
                189576.69859999977,
                653860.0032000002
              ],
              [
                189507.90359999985,
                653389.9037999995
              ],
              [
                189542.3010999998,
                653000.0653000008
              ],
              [
                189779.58299999963,
                652626.7554000001
              ],
              [
                189989.50320000015,
                652296.4931000005
              ],
              [
                190081.19550000038,
                652002.5373999998
              ],
              [
                190274.63769999985,
                651767.0425000004
              ],
              [
                189113.4143000003,
                652172.1799999997
              ],
              [
                188379.2374999998,
                652424.4420999996
              ],
              [
                187223.2282999996,
                652821.6456000004
              ],
              [
                185832.74349999987,
                653306.7694000006
              ],
              [
                185333.04050000012,
                653481.1099999994
              ],
              [
                183442.85429999977,
                654130.5754000004
              ],
              [
                182783.39470000006,
                652240.3688999992
              ],
              [
                180893.2087000003,
                652889.8342000004
              ],
              [
                180243.74899999984,
                650999.6311000008
              ],
              [
                179594.29000000004,
                649109.4279999994
              ],
              [
                178934.82969999965,
                647219.2223000005
              ],
              [
                178641.7796,
                646941.7167000007
              ],
              [
                178374.98170000035,
                646689.0580000002
              ],
              [
                177535.49859999958,
                644878.8016999997
              ],
              [
                178496.75480000023,
                644427.7139999997
              ],
              [
                179345.7413999997,
                644029.3110000007
              ],
              [
                179852.58249999955,
                643794.2653000001
              ],
              [
                180032.37359999958,
                643710.8879000004
              ],
              [
                180340.31630000006,
                643568.0809000004
              ],
              [
                180683.3683000002,
                643408.9916999992
              ],
              [
                181155.98010000028,
                643189.8202
              ],
              [
                181902.4254999999,
                642843.6592999995
              ],
              [
                182129.25370000023,
                642738.4685999993
              ],
              [
                182966.22009999957,
                642350.3290999997
              ],
              [
                183815.70370000042,
                644160.5885000005
              ],
              [
                184190.5460000001,
                644676.2706000004
              ],
              [
                184615.38960000034,
                645260.8274000008
              ],
              [
                185264.84929999989,
                647151.0309999995
              ],
              [
                185914.30950000044,
                649041.2346999999
              ],
              [
                185193.27550000045,
                649288.9812000003
              ],
              [
                184624.5354000004,
                649484.3995999992
              ],
              [
                184024.12349999975,
                649690.7005000003
              ],
              [
                184683.58359999955,
                651580.9072999991
              ],
              [
                185266.25320000015,
                651380.7025000006
              ],
              [
                186573.7692999998,
                650931.4414000008
              ],
              [
                187190.72190000024,
                650719.4572999999
              ],
              [
                187754.6490000002,
                650525.6923999991
              ],
              [
                188463.95529999956,
                650281.9756000005
              ],
              [
                187804.49519999977,
                648391.7686000001
              ],
              [
                187155.03500000015,
                646501.5647
              ],
              [
                188218.76879999973,
                646130.4397
              ],
              [
                189045.2235000003,
                645842.0988999996
              ],
              [
                188395.76379999984,
                643951.8949999996
              ],
              [
                187887.00710000005,
                643167.0914999992
              ],
              [
                187436.18620000035,
                642471.6063000001
              ],
              [
                186586.70239999983,
                640661.3471000008
              ],
              [
                188406.9447999997,
                639811.8582000006
              ],
              [
                187557.46079999954,
                638001.5982000008
              ],
              [
                186717.97640000004,
                636191.341
              ],
              [
                188528.21590000018,
                635351.8488999996
              ],
              [
                187678.7313000001,
                633541.5899999999
              ],
              [
                186839.2463999996,
                631731.3333999999
              ],
              [
                188616.96329999994,
                630897.1034999993
              ],
              [
                188649.48849999998,
                630881.8403999992
              ],
              [
                188642.4639999997,
                630866.6929000001
              ],
              [
                187810.00329999998,
                629071.5836999994
              ],
              [
                189620.24230000004,
                628232.0906000007
              ],
              [
                189602.3677000003,
                628193.9997000005
              ],
              [
                189313.8649000004,
                627579.1982000005
              ],
              [
                189206.06740000006,
                627349.4809000008
              ],
              [
                188770.7566999998,
                626421.8309000004
              ],
              [
                188651.35059999954,
                626162.9219000004
              ],
              [
                188545.6662999997,
                625933.7659000009
              ],
              [
                187931.27390000038,
                624601.5754000004
              ],
              [
                186121.03230000008,
                625451.0680999998
              ],
              [
                185281.54629999958,
                623640.8129999992
              ],
              [
                184432.06130000018,
                621830.5543000009
              ],
              [
                184181.34920000006,
                621270.7480999995
              ],
              [
                185968.5822999999,
                620380.2469999995
              ],
              [
                185672.65699999966,
                619730.8869000003
              ],
              [
                184733.15649999958,
                617970.6031999998
              ],
              [
                183793.65539999958,
                616210.3195999991
              ],
              [
                182844.15730000008,
                614440.0335000008
              ],
              [
                181904.65600000042,
                612679.7515999991
              ],
              [
                181359.22950000037,
                611644.2368000001
              ],
              [
                180835.23110000044,
                610649.4297000002
              ],
              [
                179735.70110000018,
                608989.1028000005
              ],
              [
                178636.17370000016,
                607318.7760000005
              ],
              [
                177536.6434000004,
                605658.4506000001
              ],
              [
                176437.11569999997,
                603988.1240999997
              ],
              [
                178107.42590000015,
                602888.5866999999
              ],
              [
                177007.8951000003,
                601228.2608000003
              ],
              [
                177466.66399999987,
                600924.4409999996
              ],
              [
                176403.90199999977,
                599229.7665999997
              ],
              [
                175908.3668999998,
                599557.9348000009
              ],
              [
                174808.8356999997,
                597897.6102000009
              ],
              [
                173709.3071999997,
                596227.2849000003
              ],
              [
                172609.77850000001,
                594556.9596999995
              ],
              [
                172260.3883999996,
                593954.0065000001
              ],
              [
                170621.51640000008,
                595096.1440999992
              ],
              [
                168980.67289999966,
                596239.6604999993
              ],
              [
                167339.6902999999,
                597383.2764999997
              ],
              [
                166255.2315999996,
                598139.0439999998
              ],
              [
                165695.24670000002,
                598529.3019999992
              ],
              [
                164054.37399999984,
                599672.8376000002
              ],
              [
                162415.5114000002,
                600814.9638999999
              ],
              [
                161974.9578999998,
                601121.9878000002
              ],
              [
                160774.6484000003,
                601958.4892999995
              ],
              [
                159991.26130000036,
                602504.4393000007
              ],
              [
                159133.62569999974,
                603102.1339999996
              ],
              [
                158744.71559999976,
                603373.1676000003
              ],
              [
                158076.6425999999,
                603838.7515999991
              ],
              [
                158096.67009999976,
                603866.9034000002
              ],
              [
                158112.60039999988,
                603912.8504000008
              ],
              [
                158124.0049999999,
                604032.1662000008
              ],
              [
                158129.03529999964,
                604055.3237999994
              ],
              [
                158146.68549999967,
                604099.7356000002
              ],
              [
                158184.8694000002,
                604148.2876999993
              ],
              [
                158187.48440000042,
                604151
              ],
              [
                158192.66650000028,
                604157.7367000002
              ],
              [
                158352.00590000022,
                604319.9382000007
              ],
              [
                158449.78949999996,
                604406.7536999993
              ],
              [
                158565.42459999956,
                604488.9582000002
              ],
              [
                158621.14419999998,
                604536.1049000006
              ],
              [
                158749.0636,
                604694.3406000007
              ],
              [
                158787.2156999996,
                604757.0965
              ],
              [
                158805.85589999985,
                604800.9879999999
              ],
              [
                158819.55659999978,
                604847.9799000006
              ],
              [
                158848.13630000036,
                605003.9419999998
              ],
              [
                158872.125,
                605043.625
              ],
              [
                158904.9375,
                605114.75
              ],
              [
                158928.28129999992,
                605211.625
              ],
              [
                158986.57809999958,
                605389.75
              ],
              [
                159006,
                605502
              ],
              [
                159017.57809999958,
                605593.75
              ],
              [
                159014.39059999958,
                605607.375
              ],
              [
                159006.78129999992,
                605639.875
              ],
              [
                158967.90629999992,
                605681.125
              ],
              [
                158895.125,
                605748.125
              ],
              [
                158774.625,
                605841.25
              ],
              [
                158618.13690000027,
                605963.6818000004
              ],
              [
                158624.78000000026,
                605973.7734999992
              ],
              [
                158716.51389999967,
                606113.1292000003
              ],
              [
                159816.0412999997,
                607783.4534000009
              ],
              [
                160915.5714999996,
                609443.7770000007
              ],
              [
                161351.1076999996,
                609155.3438000008
              ],
              [
                162575.8831000002,
                608344.2386000007
              ],
              [
                163675.41029999964,
                610014.5635000002
              ],
              [
                164774.9400000004,
                611674.8886999991
              ],
              [
                163645.03920000046,
                612423.1634
              ],
              [
                163114.62820000015,
                612774.4267999995
              ],
              [
                164214.15479999967,
                614444.7512999997
              ],
              [
                163860.2611999996,
                614677.7130999994
              ],
              [
                162995.46609999985,
                615246.9925999995
              ],
              [
                162982.23929999955,
                615255.6994000003
              ],
              [
                162543.84370000008,
                615544.2874999996
              ],
              [
                161444.31730000023,
                613873.9622000009
              ],
              [
                160610.35780000035,
                614426.2497000005
              ],
              [
                160325.80950000044,
                614614.6912999991
              ],
              [
                159784.00519999955,
                614973.4999000002
              ],
              [
                160873.53149999958,
                616643.8223000001
              ],
              [
                160351.11710000038,
                616986.6438999996
              ],
              [
                159561.07270000037,
                617505.0912999995
              ],
              [
                159213.22219999973,
                617733.3596000001
              ],
              [
                160312.74839999992,
                619403.6838000007
              ],
              [
                161412.27500000037,
                621074.0092999991
              ],
              [
                161760.96949999966,
                620843.0873000007
              ],
              [
                162509.6052000001,
                620347.3051999994
              ],
              [
                162673.16000000015,
                620238.9915999994
              ],
              [
                163072.58660000004,
                619974.4722000007
              ],
              [
                164172.1152999997,
                621634.7981000002
              ],
              [
                164226.2204,
                621866.2744999994
              ],
              [
                164683.88740000036,
                621593.2155000009
              ],
              [
                165941.5502000004,
                620842.8533999994
              ],
              [
                165842.42769999988,
                620535.2636999991
              ],
              [
                164742.8990000002,
                618874.9375999998
              ],
              [
                165245.61899999995,
                618542.0125999991
              ],
              [
                165264.03280000016,
                618529.8180999998
              ],
              [
                166403.21129999962,
                617775.3999000005
              ],
              [
                167502.7402999997,
                619435.7249999996
              ],
              [
                167651.43049999978,
                619822.6810999997
              ],
              [
                167802.51860000007,
                620215.8169
              ],
              [
                168742.01889999956,
                621976.0985000003
              ],
              [
                169691.51620000042,
                623746.3833000008
              ],
              [
                169216.25270000007,
                623998.6121999994
              ],
              [
                167921.24909999967,
                624685.8881999999
              ],
              [
                166981.74909999967,
                622925.6063999999
              ],
              [
                166436.17769999988,
                623216.7942999993
              ],
              [
                165221.48180000018,
                623865.1140999999
              ],
              [
                166160.98180000018,
                625625.3957000002
              ],
              [
                167100.4815999996,
                627385.6765000001
              ],
              [
                168014.18120000046,
                626900.7639000006
              ],
              [
                168307.1283999998,
                626745.2929999996
              ],
              [
                168870.74899999984,
                626446.1721000001
              ],
              [
                169810.24849999975,
                628206.4542999994
              ],
              [
                169877.42389999982,
                628397.7855999991
              ],
              [
                168995.63430000003,
                628837.1439999994
              ],
              [
                168691.1163999997,
                628988.8724000007
              ],
              [
                168090.6009999998,
                629288.0840000007
              ],
              [
                167614.63069999963,
                629525.2412999999
              ],
              [
                167218.9587000003,
                629722.3892000001
              ],
              [
                166836.27269999962,
                629913.0667000003
              ],
              [
                166299.6964999996,
                630180.4219000004
              ],
              [
                166319.6623999998,
                630265.4781
              ],
              [
                167169.14719999954,
                632075.7349999994
              ],
              [
                168008.63210000005,
                633885.9890999999
              ],
              [
                168466.81989999954,
                633670.9757000003
              ],
              [
                169298.3657999998,
                633280.7565000001
              ],
              [
                169818.87420000043,
                633036.4976000004
              ],
              [
                170658.35599999968,
                634856.7523999996
              ],
              [
                171507.84059999976,
                636667.0099999998
              ],
              [
                172347.3247999996,
                638477.2641000003
              ],
              [
                171833.54220000003,
                638715.5286999997
              ],
              [
                171148.6752000004,
                639033.1327999998
              ],
              [
                170986.55700000003,
                639108.3144000005
              ],
              [
                170537.08530000038,
                639316.7552000005
              ],
              [
                171386.56900000013,
                641127.0131000001
              ],
              [
                172226.0519000003,
                642937.2685000002
              ],
              [
                173065.53529999964,
                644747.5238000005
              ],
              [
                173915.01580000017,
                646567.7824000008
              ],
              [
                174545.9804999996,
                646271.6905000005
              ],
              [
                175112.8624999998,
                646005.6703999992
              ],
              [
                175225.52049999963,
                645952.8036000002
              ],
              [
                175725.2586000003,
                645718.2921999991
              ],
              [
                176564.74170000013,
                647528.5483999997
              ],
              [
                176798.58409999963,
                647694.2558999993
              ],
              [
                176442.73060000036,
                647839.5440999996
              ],
              [
                176180.3326000003,
                647946.6762000006
              ],
              [
                176054.2418999998,
                647998.1565000005
              ],
              [
                174946.89850000013,
                648450.2638000008
              ],
              [
                175154.45540000033,
                648528.1538999993
              ],
              [
                175803.91559999995,
                650418.3554999996
              ],
              [
                176463.37519999966,
                652308.5609000009
              ],
              [
                177112.83389999997,
                654198.7638000008
              ],
              [
                177696.50239999965,
                653998.2164999992
              ],
              [
                179003.01989999972,
                653549.2996999994
              ],
              [
                179662.4793999996,
                655439.5045999996
              ],
              [
                180636.87019999977,
                655099.5515000001
              ],
              [
                181552.6682000002,
                654780.0406999998
              ],
              [
                182202.1266999999,
                656670.2441000007
              ],
              [
                182851.58559999987,
                658560.4480000008
              ],
              [
                181912.6277999999,
                658888.0386999995
              ],
              [
                180961.39659999963,
                659219.9116999991
              ],
              [
                179921.24480000045,
                659577.3059
              ],
              [
                179565.96210000012,
                659699.3802000005
              ],
              [
                179071.21030000038,
                659869.3760000002
              ],
              [
                179730.66889999993,
                661759.5824999996
              ],
              [
                180183.00370000023,
                661604.1610000003
              ],
              [
                181620.85510000028,
                661110.1182000004
              ],
              [
                182270.3125,
                663000.3221000005
              ],
              [
                182784.76659999974,
                662823.5566000007
              ],
              [
                183287.3236999996,
                662650.8792000003
              ],
              [
                184160.49899999984,
                662350.8579999991
              ],
              [
                185081.09140000027,
                662029.6747999992
              ],
              [
                186050.68829999957,
                661691.3946000002
              ],
              [
                186523.40539999958,
                661528.9700000007
              ],
              [
                186969.7357999999,
                661375.6117000002
              ],
              [
                187940.87459999975,
                661041.9299999997
              ],
              [
                188600.33320000023,
                662932.1377000008
              ],
              [
                187572.76599999983,
                663285.2075999994
              ],
              [
                187107.93350000028,
                663444.9231000002
              ],
              [
                186710.1467000004,
                663581.6018000003
              ],
              [
                187359.60479999986,
                665471.8055000007
              ],
              [
                188009.0588999996,
                667372.0105000008
              ],
              [
                188162.75820000004,
                667583.4570000004
              ],
              [
                187155.28920000046,
                667901.0680999998
              ],
              [
                186638.2882000003,
                668064.0560999997
              ],
              [
                186260.81570000015,
                668183.0567000005
              ],
              [
                186118.8722000001,
                668021.4740999993
              ],
              [
                185469.41530000046,
                666131.2694000006
              ],
              [
                185057.9068,
                666272.6627999991
              ],
              [
                183579.2287999997,
                666780.7332000006
              ],
              [
                184228.68539999984,
                668670.9375999998
              ],
              [
                184356.00370000023,
                668783.5844999999
              ],
              [
                184488.62009999994,
                668901.0140000004
              ],
              [
                185028.06510000024,
                670831.1875
              ],
              [
                185640.8984000003,
                670656.7345000003
              ],
              [
                186252.53309999965,
                670482.6227000002
              ],
              [
                186464.94629999995,
                670422.1557999998
              ],
              [
                186958.2231999999,
                670281.7365000006
              ],
              [
                187507.67190000042,
                672201.9131000005
              ],
              [
                189427.8300999999,
                671652.4603000004
              ],
              [
                190425.14190000016,
                671367.0793999992
              ],
              [
                191347.98809999973,
                671103.0066999998
              ],
              [
                191897.43570000026,
                673023.1835999992
              ],
              [
                190942.5109000001,
                673296.4354999997
              ],
              [
                189977.27749999985,
                673572.6371999998
              ],
              [
                188047.11950000003,
                674122.0866999999
              ],
              [
                187111.5762,
                674389.7925000004
              ],
              [
                186126.9611999998,
                674671.5399999991
              ],
              [
                184657.5148,
                675092.0212999992
              ],
              [
                184206.8030000003,
                675220.9923
              ],
              [
                184756.25119999982,
                677141.1684000008
              ],
              [
                185305.6980999997,
                679061.3447999991
              ],
              [
                185855.14269999973,
                680991.5216000006
              ],
              [
                186394.58999999985,
                682911.6953999996
              ],
              [
                186944.03619999997,
                684831.8723000009
              ],
              [
                186953.61290000007,
                684913.5260000005
              ],
              [
                187512.52720000036,
                684771.8107999992
              ],
              [
                188249.96980000008,
                684584.8289999999
              ],
              [
                188898.7751000002,
                684420.3215999994
              ]
            ],
            [
              [
                177788.0451999996,
                635948.7936000004
              ],
              [
                178627.5296,
                637759.0494999997
              ],
              [
                178195.2430999996,
                637959.5208
              ],
              [
                177596.43680000026,
                638237.2147000004
              ],
              [
                176817.29009999987,
                638598.5407999996
              ],
              [
                176341.69990000036,
                638819.0934999995
              ],
              [
                175007.05030000024,
                639438.0310999993
              ],
              [
                174157.56630000006,
                637627.7739000004
              ],
              [
                175967.8058000002,
                636788.2824000008
              ],
              [
                175128.32139999978,
                634978.0270000007
              ],
              [
                176094.23390000034,
                634524.7533999998
              ],
              [
                176375.21600000001,
                634392.8969999999
              ],
              [
                176938.56340000033,
                634128.5350000001
              ],
              [
                177788.0451999996,
                635948.7936000004
              ]
            ]
          ]
        ]
      }
    },
    {
      "type": "Feature",
      "properties": {
        "OBJECTID": 45,
        "PL_NAME": "תוכנית מיתאר ארצית אחודה",
        "PL_NUMBER": "תמא/1/ 8",
        "stage": "תשתיות",
        "type_name": "מים",
        "Layer_Name": "שטח בעל רגישות הידרולוגית",
        "MAVAT_NAME": "בינונית",
        "MAVAT_CODE": 10114,
        "NAME": null,
        "SCENARIO": "משלים",
        "DATA_DATE": 1563062400000,
        "STATUS": "מאושרת",
        "LABEL": null,
        "pl_change": null,
        "PL_URL": null,
        "REMARKS": null,
        "scale": "1:100000",
        "NUM": null,
        "LAST_UPDATE": "14/07/2019",
        "LEGAL_AREA": 358241.5791897366,
        "LEN": null
      },
      "geometry": {
        "type": "Polygon",
        "coordinates": [
          [
            [
              191117.6007000003,
              649536.5928000007
            ],
            [
              191064.84159999993,
              649378.3153000008
            ],
            [
              190354.14410000015,
              649622.5102999993
            ],
            [
              190642.83249999955,
              650462.7174999993
            ],
            [
              190906.7357999999,
              649789.6305999998
            ],
            [
              191117.6007000003,
              649536.5928000007
            ]
          ]
        ]
      }
    },
    {
      "type": "Feature",
      "properties": {
        "OBJECTID": 46,
        "PL_NAME": "תוכנית מיתאר ארצית אחודה",
        "PL_NUMBER": "תמא/1/ 8",
        "stage": "תשתיות",
        "type_name": "מים",
        "Layer_Name": "שטח בעל רגישות הידרולוגית",
        "MAVAT_NAME": "גבוהה מאוד",
        "MAVAT_CODE": 10112,
        "NAME": null,
        "SCENARIO": "משלים",
        "DATA_DATE": 1563062400000,
        "STATUS": "מאושרת",
        "LABEL": null,
        "pl_change": null,
        "PL_URL": null,
        "REMARKS": null,
        "scale": "1:100000",
        "NUM": null,
        "LAST_UPDATE": "14/07/2019",
        "LEGAL_AREA": 273851361.32400435,
        "LEN": null
      },
      "geometry": {
        "type": "MultiPolygon",
        "coordinates": [
          [
            [
              [
                196542.22449999955,
                691114.7047000006
              ],
              [
                196112.78959999979,
                689154.5604999997
              ],
              [
                195157.6375000002,
                689363.8225999996
              ],
              [
                194752.52950000018,
                687396.1554000005
              ],
              [
                195055.38879999984,
                687329.8025000002
              ],
              [
                194665.71939999983,
                685360.9466999993
              ],
              [
                195243.9201999996,
                685234.2699999996
              ],
              [
                194882.8705000002,
                683577.8487
              ],
              [
                194973.54820000008,
                683487.1710999999
              ],
              [
                194973.54820000008,
                683262.7368999999
              ],
              [
                195048.35950000025,
                682988.4285000004
              ],
              [
                195404.56819999963,
                682770.7455000002
              ],
              [
                195863.3953999998,
                682654.4082999993
              ],
              [
                196719.14690000005,
                683412.3596999999
              ],
              [
                196941.24120000005,
                683595.2609000001
              ],
              [
                197143.07809999958,
                683761.4793999996
              ],
              [
                197641.8206000002,
                684135.5362999998
              ],
              [
                198015.8775000004,
                684359.9704
              ],
              [
                198036.89169999957,
                684392.1922999993
              ],
              [
                198389.27880000044,
                684932.5192000009
              ],
              [
                198389.93429999985,
                684933.5242999997
              ],
              [
                198714.11699999962,
                685644.2324000001
              ],
              [
                199063.23670000024,
                686417.2832999993
              ],
              [
                199262.58690000046,
                687090.0902999993
              ],
              [
                199262.73369999975,
                687090.5856999997
              ],
              [
                199711.60199999996,
                687664.1394999996
              ],
              [
                199974.86610000022,
                688020.1472999994
              ],
              [
                200057.26279999968,
                688131.5709000006
              ],
              [
                200010.31510000024,
                688181.9538000003
              ],
              [
                200010.70710000023,
                688183.7427999992
              ],
              [
                199926.72580000013,
                688273.8690000009
              ],
              [
                199906.2235000003,
                688314.1141999997
              ],
              [
                199840.16249999963,
                688443.7895
              ],
              [
                199817.72020000033,
                688681.0370000005
              ],
              [
                199894.66530000046,
                688892.6361999996
              ],
              [
                200045.3496000003,
                689078.5868999995
              ],
              [
                200226.3027999997,
                689167.8242000006
              ],
              [
                200279.39109999966,
                689194.0046999995
              ],
              [
                200451.95069999993,
                689209.1414999999
              ],
              [
                200462.13580000028,
                689210.0349000003
              ],
              [
                200593.35960000008,
                689171.6279000007
              ],
              [
                200733.21520000044,
                689508.1453000009
              ],
              [
                200733.5917999996,
                689508.4466999993
              ],
              [
                200734.02410000004,
                689509.4868000001
              ],
              [
                200983.3953999998,
                689708.9837999996
              ],
              [
                201182.89240000024,
                689908.4807999991
              ],
              [
                201385.1913999999,
                689489.2588999998
              ],
              [
                201384.89059999958,
                689479.9375
              ],
              [
                201384.60940000042,
                689472.5
              ],
              [
                201383.125,
                689422.375
              ],
              [
                201382.28129999992,
                689397.75
              ],
              [
                201381.54690000042,
                689372.875
              ],
              [
                201380.55319999997,
                689341.8812000006
              ],
              [
                201380.54980000015,
                689341.7739000004
              ],
              [
                201380.07809999958,
                689327.0625
              ],
              [
                201376.0625,
                689245.875
              ],
              [
                201375.65629999992,
                689243.375
              ],
              [
                201375.59559999965,
                689242.2588999998
              ],
              [
                201347.46879999992,
                689163.625
              ],
              [
                201363.56460000016,
                689024.6736999992
              ],
              [
                201361.99930000026,
                688998.7628000006
              ],
              [
                201361.99399999995,
                688998.6734999996
              ],
              [
                201360.98120000027,
                688981.9083999991
              ],
              [
                201360.9639999997,
                688981.7804000005
              ],
              [
                201356.08999999985,
                688945.5054000001
              ],
              [
                201383.88549999986,
                688938.6024999991
              ],
              [
                201383.94930000044,
                688938.5989999995
              ],
              [
                201428.75,
                688754.375
              ],
              [
                201348.79690000042,
                688528.5
              ],
              [
                201310.55539999995,
                688389.9707999993
              ],
              [
                201295.9707000004,
                688357.6950000003
              ],
              [
                201263.71449999977,
                688277.4467999991
              ],
              [
                201259.0513000004,
                688256.1417999994
              ],
              [
                201256.95330000017,
                688209.6646999996
              ],
              [
                201181.41650000028,
                687967.0834999997
              ],
              [
                201144.10589999985,
                687910.7668999992
              ],
              [
                201124.74560000002,
                687836.7929999996
              ],
              [
                201114.97929999977,
                687778.3723000009
              ],
              [
                201114.22559999954,
                687751.3044000007
              ],
              [
                201100.46870000008,
                687707.125
              ],
              [
                201061.79690000042,
                687589
              ],
              [
                201057.45309999958,
                687578.625
              ],
              [
                201054.25,
                687567.875
              ],
              [
                201052.21899999958,
                687556.875
              ],
              [
                201038.94629999995,
                687532.9680000003
              ],
              [
                201038.9444000004,
                687532.9646000005
              ],
              [
                201048.73099999968,
                687514.0717999991
              ],
              [
                201054.56070000026,
                687506.5113999993
              ],
              [
                201063.41619999986,
                687494.7451000009
              ],
              [
                201064.89059999958,
                687491.75
              ],
              [
                201070.92190000042,
                687482.375
              ],
              [
                201072.63949999958,
                687480.2021999992
              ],
              [
                200953.33600000013,
                687427.7086999994
              ],
              [
                200953.05030000024,
                687426.5974000003
              ],
              [
                200744.67289999966,
                686616.2411000002
              ],
              [
                200953.33600000013,
                686523.5020000003
              ],
              [
                201208.36870000046,
                686314.8388999999
              ],
              [
                201185.1838999996,
                685967.0670999996
              ],
              [
                201184.4073999999,
                685966.2129999995
              ],
              [
                200953.33600000013,
                685712.0343999993
              ],
              [
                200744.67289999966,
                685596.1105000004
              ],
              [
                200559.19460000005,
                685410.6322000008
              ],
              [
                200559.3722000001,
                685410.2772000004
              ],
              [
                200837.4121000003,
                684854.1973000001
              ],
              [
                201324.29260000028,
                685225.1538999993
              ],
              [
                201950.28189999983,
                685503.3714000005
              ],
              [
                202576.27109999955,
                685967.0670999996
              ],
              [
                203059.0393000003,
                685826.2597000003
              ],
              [
                203059.78120000008,
                685823.375
              ],
              [
                203061.85940000042,
                685812.25
              ],
              [
                203063.23440000042,
                685801.125
              ],
              [
                203063.90629999992,
                685789.875
              ],
              [
                203063.84379999992,
                685778.625
              ],
              [
                203063.0625,
                685767.5
              ],
              [
                203061.57809999958,
                685756.375
              ],
              [
                203059.375,
                685745.25
              ],
              [
                203056.46870000008,
                685734.5
              ],
              [
                203052.89059999958,
                685723.75
              ],
              [
                203048.625,
                685713.375
              ],
              [
                203043.70309999958,
                685703.25
              ],
              [
                203033.40629999992,
                685686.125
              ],
              [
                203025.25,
                685678.5
              ],
              [
                203017.42190000042,
                685670.375
              ],
              [
                203009.9375,
                685662
              ],
              [
                203002.78129999992,
                685653.375
              ],
              [
                202996,
                685644.375
              ],
              [
                202989.57809999958,
                685635.125
              ],
              [
                202983.54690000042,
                685625.625
              ],
              [
                202977.90629999992,
                685616
              ],
              [
                202972.65629999992,
                685606
              ],
              [
                202967.82809999958,
                685595.875
              ],
              [
                202963.40620000008,
                685585.5
              ],
              [
                202959.40629999992,
                685575
              ],
              [
                202955.84379999992,
                685564.375
              ],
              [
                202952.71879999992,
                685553.5
              ],
              [
                202950.03120000008,
                685542.625
              ],
              [
                202946.96879999992,
                685526.75
              ],
              [
                202897.375,
                685347.125
              ],
              [
                202869.57809999958,
                685295.75
              ],
              [
                202729.76559999958,
                685192.375
              ],
              [
                202719.17190000042,
                685188.625
              ],
              [
                202709,
                685183.75
              ],
              [
                202699.34379999992,
                685178.125
              ],
              [
                202690.26559999958,
                685171.5
              ],
              [
                202681.875,
                685164
              ],
              [
                202674.23440000042,
                685155.75
              ],
              [
                202667.4375,
                685146.75
              ],
              [
                202661.51559999958,
                685137.25
              ],
              [
                202656.54690000042,
                685127.125
              ],
              [
                202650.5625,
                685109.875
              ],
              [
                202628.65409999993,
                685045.3028999995
              ],
              [
                202613.2154000001,
                685010.9195000008
              ],
              [
                202608.67190000042,
                685003
              ],
              [
                202602.75,
                684993.5
              ],
              [
                202596.5,
                684984.125
              ],
              [
                202589.9375,
                684975
              ],
              [
                202583.0625,
                684966.125
              ],
              [
                202575.89059999958,
                684957.5
              ],
              [
                202568.42190000042,
                684949.125
              ],
              [
                202560.67190000042,
                684941
              ],
              [
                202552.65629999992,
                684933.125
              ],
              [
                202544.35940000042,
                684925.5
              ],
              [
                202531.14059999958,
                684914.375
              ],
              [
                202423.79690000042,
                684847.125
              ],
              [
                202338.1875,
                684626.25
              ],
              [
                202318.01559999958,
                684482.625
              ],
              [
                202364.20309999958,
                684436.875
              ],
              [
                202372.17190000042,
                684428.875
              ],
              [
                202379.71879999992,
                684420.625
              ],
              [
                202386.82809999958,
                684411.875
              ],
              [
                202393.46870000008,
                684402.875
              ],
              [
                202399.60940000042,
                684393.375
              ],
              [
                202405.26559999958,
                684383.75
              ],
              [
                202410.39059999958,
                684373.75
              ],
              [
                202415,
                684363.5
              ],
              [
                202419.0625,
                684353
              ],
              [
                202422.5625,
                684342.25
              ],
              [
                202425.5,
                684331.5
              ],
              [
                202427.875,
                684320.5
              ],
              [
                202429.65620000008,
                684309.375
              ],
              [
                202430.85940000042,
                684298.125
              ],
              [
                202431.48440000042,
                684287
              ],
              [
                202431.51559999958,
                684275.75
              ],
              [
                202430.95309999958,
                684264.5
              ],
              [
                202429.79690000042,
                684253.375
              ],
              [
                202426.03120000008,
                684232.375
              ],
              [
                202431.59370000008,
                684145.25
              ],
              [
                202431.8278000001,
                684100.8414999992
              ],
              [
                201093.18159999978,
                683751.6294
              ],
              [
                201083.14389999956,
                683749.0109000001
              ],
              [
                201084.0404000003,
                683748.1142999995
              ],
              [
                201407.32650000043,
                683424.8282999992
              ],
              [
                201405.1760999998,
                683424.8282999992
              ],
              [
                201020.2901999997,
                683424.8282999992
              ],
              [
                200933.52109999955,
                683424.8282999992
              ],
              [
                200559.46420000028,
                683549.5139000006
              ],
              [
                200559.1127000004,
                683548.0198999997
              ],
              [
                200459.7156999996,
                683125.5828000009
              ],
              [
                200310.09300000034,
                682801.4001000002
              ],
              [
                200709.0870000003,
                682776.4629999995
              ],
              [
                201781.3833999997,
                682726.5888
              ],
              [
                202075.20079999976,
                682693.9423999991
              ],
              [
                202075.375,
                682682.875
              ],
              [
                202070.625,
                682616.25
              ],
              [
                202040.73440000042,
                682477.75
              ],
              [
                202067.96779999975,
                682424.4003999997
              ],
              [
                202073.3125,
                682407.25
              ],
              [
                202085.4046,
                682367.3087000009
              ],
              [
                202082.29690000042,
                682359.75
              ],
              [
                202077.46879999992,
                682349.5
              ],
              [
                202072.07809999958,
                682339.75
              ],
              [
                202066.17190000042,
                682330.125
              ],
              [
                202059.73440000042,
                682320.875
              ],
              [
                202052.8125,
                682312.125
              ],
              [
                202045.40629999992,
                682303.625
              ],
              [
                202037.54690000042,
                682295.625
              ],
              [
                202029.25,
                682288
              ],
              [
                202020.5625,
                682280.875
              ],
              [
                202011.5,
                682274.25
              ],
              [
                202002.07809999958,
                682268.125
              ],
              [
                201992.32809999958,
                682262.5
              ],
              [
                201982.29690000042,
                682257.5
              ],
              [
                201972,
                682253
              ],
              [
                201961.46870000008,
                682249
              ],
              [
                201950.73440000042,
                682245.625
              ],
              [
                201939.82809999958,
                682242.875
              ],
              [
                201928.79690000042,
                682240.75
              ],
              [
                201917.67190000042,
                682239.25
              ],
              [
                201906.46879999992,
                682238.375
              ],
              [
                201895.23440000042,
                682238
              ],
              [
                201884,
                682238.375
              ],
              [
                201872.79690000042,
                682239.25
              ],
              [
                201861.29690000042,
                682240.875
              ],
              [
                201712.20309999958,
                682347.5
              ],
              [
                201542.65629999992,
                682459
              ],
              [
                201537.26559999958,
                682449.125
              ],
              [
                201531.64059999958,
                682439.5
              ],
              [
                201525.8125,
                682429.875
              ],
              [
                201525.56410000008,
                682429.4846999999
              ],
              [
                201524.65629999992,
                682430.125
              ],
              [
                201516.5625,
                682419.875
              ],
              [
                201498.96879999992,
                682396.875
              ],
              [
                201467.625,
                682357.1875
              ],
              [
                201453.31790000014,
                682339.0558000002
              ],
              [
                201448.17190000042,
                682334
              ],
              [
                201439.98440000042,
                682326.25
              ],
              [
                201431.625,
                682318.75
              ],
              [
                201423.10940000042,
                682311.5
              ],
              [
                201414.42190000042,
                682304.375
              ],
              [
                201405.57809999958,
                682297.375
              ],
              [
                201396.57809999958,
                682290.625
              ],
              [
                201387.42190000042,
                682284.125
              ],
              [
                201378.125,
                682277.875
              ],
              [
                201368.6875,
                682271.75
              ],
              [
                201359.125,
                682265.875
              ],
              [
                201349.42190000042,
                682260.125
              ],
              [
                201339.59370000008,
                682254.625
              ],
              [
                201329.65629999992,
                682249.5
              ],
              [
                201319.59379999992,
                682244.375
              ],
              [
                201309.42190000042,
                682239.625
              ],
              [
                201299.14059999958,
                682235.125
              ],
              [
                201278.46879999992,
                682226.75
              ],
              [
                201267.84370000008,
                682223.125
              ],
              [
                201257.57809999958,
                682218.5
              ],
              [
                201247.75,
                682213
              ],
              [
                201238.45309999958,
                682206.75
              ],
              [
                201229.73440000042,
                682199.625
              ],
              [
                201221.67190000042,
                682191.875
              ],
              [
                201214.32809999958,
                682183.375
              ],
              [
                201207.75,
                682174.25
              ],
              [
                201202,
                682164.625
              ],
              [
                201197.125,
                682154.5
              ],
              [
                201193.14059999958,
                682144
              ],
              [
                201190.10940000042,
                682133.125
              ],
              [
                201188.03129999992,
                682122.125
              ],
              [
                201186.73440000042,
                682103.25
              ],
              [
                201187.33770000003,
                682070.9629999995
              ],
              [
                201183.53129999992,
                682062.125
              ],
              [
                201170.42190000042,
                682031.3125
              ],
              [
                201188.69969999976,
                681998.9393000007
              ],
              [
                201188.85940000042,
                681990.5
              ],
              [
                201172.5,
                681898.125
              ],
              [
                201003.85940000042,
                681646
              ],
              [
                200618.57809999958,
                681146.5
              ],
              [
                200311.89059999958,
                680839.75
              ],
              [
                200259.53129999992,
                680787.375
              ],
              [
                200001.67190000042,
                680527.625
              ],
              [
                199979.41750000045,
                680507.9365999997
              ],
              [
                199938.64059999958,
                680474.9375
              ],
              [
                199901.25,
                680441.875
              ],
              [
                199877.89059999958,
                680421
              ],
              [
                199862.01559999958,
                680406.5625
              ],
              [
                199830.48440000042,
                680378.1875
              ],
              [
                199817.92190000042,
                680366.875
              ],
              [
                199783.45309999958,
                680335.8125
              ],
              [
                199760.85940000042,
                680315.625
              ],
              [
                199743.26559999958,
                680299.8125
              ],
              [
                199731.01559999958,
                680288.8125
              ],
              [
                199719.875,
                680278.5625
              ],
              [
                199707.48440000042,
                680274.0625
              ],
              [
                199689.48440000042,
                680267.1875
              ],
              [
                199687.07809999958,
                680270.875
              ],
              [
                199633.28129999992,
                680221.375
              ],
              [
                199619.45309999958,
                680208.4375
              ],
              [
                199557.59379999992,
                680135.875
              ],
              [
                199553.6821999997,
                680131.2915000003
              ],
              [
                199415.73440000042,
                680009.25
              ],
              [
                199355.54690000042,
                679941.5
              ],
              [
                199355.4375,
                679929.125
              ],
              [
                199355.1875,
                679916.75
              ],
              [
                199354.76559999958,
                679904.25
              ],
              [
                199354.20309999958,
                679891.875
              ],
              [
                199353.48440000042,
                679879.5
              ],
              [
                199352.59379999992,
                679867.125
              ],
              [
                199351.5625,
                679854.75
              ],
              [
                199350.375,
                679842.375
              ],
              [
                199349.03129999992,
                679830.125
              ],
              [
                199347.54690000042,
                679817.75
              ],
              [
                199345.89059999958,
                679805.5
              ],
              [
                199344.09379999992,
                679793.125
              ],
              [
                199342.14059999958,
                679780.875
              ],
              [
                199340.03129999992,
                679768.625
              ],
              [
                199337.76559999958,
                679756.5
              ],
              [
                199335.35940000042,
                679744.25
              ],
              [
                199332.78129999992,
                679732.125
              ],
              [
                199330.07809999958,
                679720
              ],
              [
                199327.20309999958,
                679708
              ],
              [
                199324.1875,
                679695.875
              ],
              [
                199321.01559999958,
                679683.875
              ],
              [
                199317.70309999958,
                679672
              ],
              [
                199314.23440000042,
                679660
              ],
              [
                199310.625,
                679648.125
              ],
              [
                199306.85940000042,
                679636.375
              ],
              [
                199302.9375,
                679624.5
              ],
              [
                199298.89059999958,
                679612.875
              ],
              [
                199294.6875,
                679601.125
              ],
              [
                199290.32809999958,
                679589.5
              ],
              [
                199285.84379999992,
                679578
              ],
              [
                199281.20309999958,
                679566.375
              ],
              [
                199276.42190000042,
                679555
              ],
              [
                199271.5,
                679543.625
              ],
              [
                199266.4375,
                679532.25
              ],
              [
                199261.21879999992,
                679521
              ],
              [
                199255.875,
                679509.75
              ],
              [
                199255.32270000037,
                679508.6295999996
              ],
              [
                199252.15629999992,
                679504.125
              ],
              [
                199238.20309999958,
                679483.6875
              ],
              [
                199229.54690000042,
                679469.125
              ],
              [
                199216.51559999958,
                679447.0625
              ],
              [
                199191.65620000008,
                679405.2239999995
              ],
              [
                199186.98440000042,
                679400.25
              ],
              [
                199178.26559999958,
                679391.375
              ],
              [
                199169.29690000042,
                679382.75
              ],
              [
                199160.0625,
                679374.5
              ],
              [
                199150.57809999958,
                679366.5
              ],
              [
                199140.85940000042,
                679358.75
              ],
              [
                199130.92190000042,
                679351.375
              ],
              [
                199120.76559999958,
                679344.25
              ],
              [
                199110.39059999958,
                679337.375
              ],
              [
                199099.82809999958,
                679330.875
              ],
              [
                199089.07809999958,
                679324.625
              ],
              [
                199078.125,
                679318.75
              ],
              [
                199067.01559999958,
                679313.25
              ],
              [
                199055.75,
                679308.125
              ],
              [
                199044.32809999958,
                679303.25
              ],
              [
                199032.76559999958,
                679298.75
              ],
              [
                199021.07809999958,
                679294.5
              ],
              [
                199009.26559999958,
                679290.75
              ],
              [
                198997.34379999992,
                679287.25
              ],
              [
                198985.3125,
                679284.125
              ],
              [
                198973.21870000008,
                679281.375
              ],
              [
                198961.03129999992,
                679279
              ],
              [
                198948.78120000008,
                679277
              ],
              [
                198936.46870000008,
                679275.375
              ],
              [
                198924.125,
                679274.125
              ],
              [
                198911.75,
                679273.25
              ],
              [
                198899.34379999992,
                679272.75
              ],
              [
                198886.9375,
                679272.625
              ],
              [
                198874.53129999992,
                679272.75
              ],
              [
                198862.125,
                679273.375
              ],
              [
                198849.75,
                679274.375
              ],
              [
                198831.03129999992,
                679276.5
              ],
              [
                198770.92190000042,
                679270
              ],
              [
                198666.8125,
                679180.875
              ],
              [
                198578.45309999958,
                679030.875
              ],
              [
                198573.0625,
                679019.75
              ],
              [
                198567,
                679008.875
              ],
              [
                198560.29690000042,
                678998.5
              ],
              [
                198552.96879999992,
                678988.375
              ],
              [
                198545.0625,
                678978.875
              ],
              [
                198536.59370000008,
                678969.75
              ],
              [
                198527.59370000008,
                678961.25
              ],
              [
                198518.09379999992,
                678953.25
              ],
              [
                198508.125,
                678945.875
              ],
              [
                198497.73440000042,
                678939.125
              ],
              [
                198486.95309999958,
                678932.875
              ],
              [
                198475.82809999958,
                678927.375
              ],
              [
                198464.39059999958,
                678922.625
              ],
              [
                198452.67190000042,
                678918.5
              ],
              [
                198440.73440000042,
                678915.125
              ],
              [
                198428.625,
                678912.5
              ],
              [
                198408.20309999958,
                678909.625
              ],
              [
                198085.26559999958,
                678851
              ],
              [
                197912.60940000042,
                678637.875
              ],
              [
                197904.17190000042,
                678628.875
              ],
              [
                197895.40629999992,
                678620
              ],
              [
                197886.34370000008,
                678611.625
              ],
              [
                197876.96879999992,
                678603.375
              ],
              [
                197867.3125,
                678595.625
              ],
              [
                197857.39059999958,
                678588.125
              ],
              [
                197847.20309999958,
                678581.125
              ],
              [
                197842.08299999963,
                678577.8137999997
              ],
              [
                197825.54690000042,
                678575.4375
              ],
              [
                197792.29690000042,
                678566.0625
              ],
              [
                197759.82809999958,
                678564.9375
              ],
              [
                197681.96879999992,
                678529.75
              ],
              [
                197620.3125,
                678540.0625
              ],
              [
                197599.70309999958,
                678545.5
              ],
              [
                197578.75,
                678552.375
              ],
              [
                197556.1980999997,
                678562.0504999999
              ],
              [
                197535.04690000042,
                678571.125
              ],
              [
                197444.96019999962,
                678621.3658000007
              ],
              [
                197421.13669999968,
                678628.3427000009
              ],
              [
                197403.71590000018,
                678629.0080999993
              ],
              [
                197403.6211000001,
                678629.0117000006
              ],
              [
                197377.75,
                678630
              ],
              [
                197341.60039999988,
                678617.1198999994
              ],
              [
                197333.8125,
                678617.75
              ],
              [
                197321.42190000042,
                678618.5
              ],
              [
                197309,
                678618.625
              ],
              [
                197296.59370000008,
                678618.375
              ],
              [
                197284.20309999958,
                678617.625
              ],
              [
                197271.84370000008,
                678616.375
              ],
              [
                197259.54690000042,
                678614.75
              ],
              [
                197247.3125,
                678612.625
              ],
              [
                197235.17190000042,
                678610.125
              ],
              [
                197223.14059999958,
                678607
              ],
              [
                197211.21879999992,
                678603.625
              ],
              [
                197199.4375,
                678599.625
              ],
              [
                197187.8125,
                678595.375
              ],
              [
                197183.5410000002,
                678593.5518999994
              ],
              [
                197171.23440000042,
                678591.125
              ],
              [
                197149.6875,
                678589.5625
              ],
              [
                197146.59480000008,
                678589.3416000009
              ],
              [
                197108.31989999954,
                678588.4612000007
              ],
              [
                197075.67190000042,
                678593.5
              ],
              [
                197058.5077999998,
                678596.0346000008
              ],
              [
                197057.83029999956,
                678596.1347000003
              ],
              [
                197032.07809999958,
                678599.9375
              ],
              [
                197003.39059999958,
                678597.625
              ],
              [
                196984.0625,
                678594.5
              ],
              [
                196965.14059999958,
                678591.4375
              ],
              [
                196962.32809999958,
                678590
              ],
              [
                196955.53120000008,
                678592.1875
              ],
              [
                196950.5625,
                678574.6875
              ],
              [
                196948.47950000037,
                678567.5507999994
              ],
              [
                196947.625,
                678567.25
              ],
              [
                196935.98440000042,
                678563
              ],
              [
                196924.40629999992,
                678558.5
              ],
              [
                196912.89059999958,
                678553.875
              ],
              [
                196901.45309999958,
                678549
              ],
              [
                196890.07809999958,
                678544
              ],
              [
                196878.79690000042,
                678538.875
              ],
              [
                196867.57809999958,
                678533.625
              ],
              [
                196856.45309999958,
                678528.125
              ],
              [
                196851.37359999958,
                678525.4847999997
              ],
              [
                196846.25,
                678523.625
              ],
              [
                196842.45540000033,
                678520.8341000006
              ],
              [
                196840.43740000017,
                678519.7748000007
              ],
              [
                196815.73440000042,
                678512.4375
              ],
              [
                196810.26559999958,
                678513.5625
              ],
              [
                196795.59379999992,
                678510
              ],
              [
                196772.26559999958,
                678505.125
              ],
              [
                196748.39059999958,
                678496.4375
              ],
              [
                196722.82809999958,
                678487.0625
              ],
              [
                196693.76559999958,
                678475.8125
              ],
              [
                196694.125,
                678484.3125
              ],
              [
                196694.75,
                678494.375
              ],
              [
                196688.65629999992,
                678488.1875
              ],
              [
                196680.75,
                678479.8125
              ],
              [
                196667.32809999958,
                678465.5625
              ],
              [
                196664.32809999958,
                678455.5625
              ],
              [
                196652.5,
                678433.5625
              ],
              [
                196646.42190000042,
                678423.6875
              ],
              [
                196641.40629999992,
                678415.4375
              ],
              [
                196625.5625,
                678399
              ],
              [
                196617.48440000042,
                678389.5625
              ],
              [
                196612.07809999958,
                678378.625
              ],
              [
                196607.125,
                678361.125
              ],
              [
                196597.42190000042,
                678350.5625
              ],
              [
                196588.23440000042,
                678315.4375
              ],
              [
                196587.65309999976,
                678312.8948999997
              ],
              [
                196587.21870000008,
                678312.375
              ],
              [
                196579.4375,
                678302.625
              ],
              [
                196571.79690000042,
                678292.875
              ],
              [
                196564.3125,
                678283
              ],
              [
                196556.96879999992,
                678273
              ],
              [
                196549.78129999992,
                678262.875
              ],
              [
                196542.75,
                678252.625
              ],
              [
                196535.85940000042,
                678242.25
              ],
              [
                196529.14059999958,
                678231.875
              ],
              [
                196528.20519999973,
                678230.3819999993
              ],
              [
                196506.78120000008,
                678237.3125
              ],
              [
                196489.78120000008,
                678174.5
              ],
              [
                196467.64059999958,
                678118.9375
              ],
              [
                196461.85940000042,
                678113.6875
              ],
              [
                196451.7536000004,
                678104.1734999996
              ],
              [
                196447.71879999992,
                678100.375
              ],
              [
                196449.75,
                678074.9375
              ],
              [
                196450.17899999954,
                678071.2736000009
              ],
              [
                196447.82809999958,
                678064.75
              ],
              [
                196443.78129999992,
                678053
              ],
              [
                196439.89059999958,
                678041.25
              ],
              [
                196436.1875,
                678029.375
              ],
              [
                196432.67190000042,
                678017.5
              ],
              [
                196429.32809999958,
                678005.5
              ],
              [
                196426.15620000008,
                677993.5
              ],
              [
                196423.17190000042,
                677981.5
              ],
              [
                196420.35940000042,
                677969.375
              ],
              [
                196417.73440000042,
                677957.25
              ],
              [
                196415.29690000042,
                677945.125
              ],
              [
                196413.03129999992,
                677932.875
              ],
              [
                196410.95309999958,
                677920.625
              ],
              [
                196409.0625,
                677908.375
              ],
              [
                196407.35940000042,
                677896.125
              ],
              [
                196405.84379999992,
                677883.75
              ],
              [
                196404.5,
                677871.5
              ],
              [
                196403.34370000008,
                677859.125
              ],
              [
                196402.375,
                677846.75
              ],
              [
                196401.59379999992,
                677834.375
              ],
              [
                196401,
                677821.875
              ],
              [
                196400.59379999992,
                677809.5
              ],
              [
                196400.35940000042,
                677797.125
              ],
              [
                196400.3356999997,
                677787.7507000007
              ],
              [
                196371.18759999983,
                677780.6250999998
              ],
              [
                196367.11369999964,
                677774.0155999996
              ],
              [
                196338.39059999958,
                677785.125
              ],
              [
                196191.09370000008,
                677536.875
              ],
              [
                196183.65629999992,
                677526.875
              ],
              [
                196176.84370000008,
                677516.5
              ],
              [
                196170.65620000008,
                677505.75
              ],
              [
                196165.125,
                677494.625
              ],
              [
                196160.26559999958,
                677483.25
              ],
              [
                196156.09379999992,
                677471.625
              ],
              [
                196152.625,
                677459.625
              ],
              [
                196149.94710000046,
                677447.8178000003
              ],
              [
                196142.91089999955,
                677435.7089000009
              ],
              [
                196146.1024000002,
                677412.4286000002
              ],
              [
                196146.01559999958,
                677410.5
              ],
              [
                196146.5,
                677393
              ],
              [
                196162.35940000042,
                677092.5
              ],
              [
                196167.84379999992,
                676990.625
              ],
              [
                196239.82809999958,
                676456.875
              ],
              [
                196347.92190000042,
                675822
              ],
              [
                196402.12009999994,
                675769.3037999999
              ],
              [
                196502.50150000025,
                675651.7568999995
              ],
              [
                196537.20889999997,
                675595.9572000001
              ],
              [
                196553.59379999992,
                675590.8125
              ],
              [
                196598.87980000023,
                675577.0194000006
              ],
              [
                196626.65720000025,
                675570.0749999993
              ],
              [
                196649.6183000002,
                675564.2133000009
              ],
              [
                196695.13350000046,
                675552.4973000009
              ],
              [
                196729.84379999992,
                675543.5625
              ],
              [
                196730.07809999958,
                675554.0625
              ],
              [
                196755.02379999962,
                675553.0200999994
              ],
              [
                196785.68439999968,
                675551.7388000004
              ],
              [
                196817.3696999997,
                675549.3323999997
              ],
              [
                196787.77809999976,
                675160.6325000003
              ],
              [
                196783.29389999993,
                675112.7861000001
              ],
              [
                196783.09719999973,
                675110.6878999993
              ],
              [
                196781.5625,
                675094.3125
              ],
              [
                196779.27919999976,
                675074.0473999996
              ],
              [
                196840.21389999986,
                675076.6816000007
              ],
              [
                196910.3183000004,
                675080.1327
              ],
              [
                196954.44079999998,
                675082.6601
              ],
              [
                196983.08600000013,
                675084.2178000007
              ],
              [
                197004.875,
                675085.375
              ],
              [
                197006.9746000003,
                675085.4553999994
              ],
              [
                197384.46879999992,
                674806
              ],
              [
                197387.07809999958,
                674632.75
              ],
              [
                197385.57809999958,
                674620.375
              ],
              [
                197386.375,
                674608.125
              ],
              [
                197389.45309999958,
                674596
              ],
              [
                197394.6875,
                674584.875
              ],
              [
                197401.90629999992,
                674574.75
              ],
              [
                197410.875,
                674566.125
              ],
              [
                197421.25,
                674559.375
              ],
              [
                197442.625,
                674552.5
              ],
              [
                197548.875,
                674509
              ],
              [
                197683.125,
                674405.125
              ],
              [
                197893.3487999998,
                674169.4431999996
              ],
              [
                197922.73029999994,
                674129.3939999994
              ],
              [
                198001.4375,
                674014.875
              ],
              [
                198008.15629999992,
                674004.375
              ],
              [
                198014.26559999958,
                673993.625
              ],
              [
                198019.71879999992,
                673982.375
              ],
              [
                198024.5,
                673971
              ],
              [
                198028.60940000042,
                673959.25
              ],
              [
                198032,
                673947.375
              ],
              [
                198033.83719999995,
                673939.1338999998
              ],
              [
                198032.8914999999,
                673939.4012000002
              ],
              [
                198038.26779999956,
                673888.5493999999
              ],
              [
                198038.21879999992,
                673885.75
              ],
              [
                198037.26559999958,
                673873.375
              ],
              [
                198035.59379999992,
                673861.125
              ],
              [
                198033.1875,
                673849
              ],
              [
                198030.07809999958,
                673837
              ],
              [
                198026.26559999958,
                673825.125
              ],
              [
                198021.75,
                673813.625
              ],
              [
                198016.5625,
                673802.25
              ],
              [
                198010.73440000042,
                673791.375
              ],
              [
                198003.96879999992,
                673780.25
              ],
              [
                197875.8827999998,
                673544.8197000008
              ],
              [
                197857.26989999972,
                673523.4044000003
              ],
              [
                197820.56269999966,
                673481.9406000003
              ],
              [
                197818.02610000037,
                673476.2674000002
              ],
              [
                197806.15519999992,
                673441.1545000002
              ],
              [
                197794.9952999996,
                673407.7824000008
              ],
              [
                197790.09379999992,
                673398.875
              ],
              [
                197784.90629999992,
                673387.625
              ],
              [
                197780.54690000042,
                673376
              ],
              [
                197777.04690000042,
                673364.125
              ],
              [
                197774.40629999992,
                673352
              ],
              [
                197773.00119999982,
                673342.0640999991
              ],
              [
                197764.69600000046,
                673317.2792000007
              ],
              [
                197751.07510000002,
                673243.4185000006
              ],
              [
                198221.67420000024,
                672846.8894999996
              ],
              [
                198276.26510000043,
                672849.9397
              ],
              [
                198282.04690000042,
                672848.625
              ],
              [
                198294.26559999958,
                672846.5
              ],
              [
                198306.5625,
                672844.75
              ],
              [
                198318.92190000042,
                672843.625
              ],
              [
                198331.32809999958,
                672843.125
              ],
              [
                198343.73440000042,
                672843.125
              ],
              [
                198356.14059999958,
                672843.625
              ],
              [
                198376.125,
                672845.625
              ],
              [
                198523.14059999958,
                672849.125
              ],
              [
                198700.67899999954,
                672832.5818000007
              ],
              [
                198702.45210000034,
                672830.2291000001
              ],
              [
                198712.40500000026,
                672817.023
              ],
              [
                198713.25,
                672816.5700000003
              ],
              [
                198721.59999999963,
                672816.2899999991
              ],
              [
                198873.44060000032,
                672816.1846999992
              ],
              [
                198925.21870000008,
                672722.875
              ],
              [
                199074.46879999992,
                672454.125
              ],
              [
                199133.21879999992,
                672359.875
              ],
              [
                199253.10730000027,
                672167.6862000003
              ],
              [
                199250.25,
                672159.1875
              ],
              [
                199248.96879999992,
                672154.9375
              ],
              [
                199241.23440000042,
                672132.9375
              ],
              [
                199232.3125,
                672094.8125
              ],
              [
                199225.01559999958,
                672065.5625
              ],
              [
                199221.84379999992,
                672053.6875
              ],
              [
                199214.17190000042,
                672023.125
              ],
              [
                199200.92190000042,
                671968.8125
              ],
              [
                199190.38219999988,
                671927.6469
              ],
              [
                199186.32809999958,
                671911.8125
              ],
              [
                199168.875,
                671841.25
              ],
              [
                199152.28079999983,
                671772.8408000004
              ],
              [
                199151.29690000042,
                671771.75
              ],
              [
                199142.71870000008,
                671762.875
              ],
              [
                199133.90629999992,
                671754.125
              ],
              [
                199124.85940000042,
                671745.625
              ],
              [
                199115.57809999958,
                671737.375
              ],
              [
                199106.07809999958,
                671729.375
              ],
              [
                199096.375,
                671721.625
              ],
              [
                199086.46879999992,
                671714.125
              ],
              [
                199080.10450000037,
                671709.6394999996
              ],
              [
                198989.95309999958,
                671709.5625
              ],
              [
                199011.90629999992,
                671479.8125
              ],
              [
                199026.60940000042,
                671396.0625
              ],
              [
                199101.46879999992,
                671214.0313000008
              ],
              [
                199055.70309999958,
                671149.5625
              ],
              [
                199013.1875,
                671090.75
              ],
              [
                198981.48440000042,
                671046.25
              ],
              [
                198964.1875,
                671021.6875
              ],
              [
                198932.62229999993,
                670976.2021999992
              ],
              [
                198589.4313000003,
                671056.0141000003
              ],
              [
                198165.50019999966,
                671230.5739999991
              ],
              [
                198165.4330000002,
                671228.9271000009
              ],
              [
                198115.62600000016,
                670008.6547999997
              ],
              [
                198829.0069000004,
                670008.6547999997
              ],
              [
                198830.78129999992,
                670000.1875
              ],
              [
                198843.68589999992,
                669981.5231999997
              ],
              [
                198439.8086000001,
                669435.1009999998
              ],
              [
                198140.5630999999,
                669335.3524999991
              ],
              [
                197990.9402999999,
                669135.8554999996
              ],
              [
                197990.81900000013,
                669135.4308000002
              ],
              [
                197941.0661000004,
                668961.2956000008
              ],
              [
                198040.81460000016,
                668886.4842000008
              ],
              [
                198215.37449999992,
                668512.4273000006
              ],
              [
                198838.70040000044,
                668612.1594999991
              ],
              [
                198838.80260000005,
                668612.1757999994
              ],
              [
                199038.29959999956,
                668986.2326999996
              ],
              [
                199013.4221999999,
                669384.2712999992
              ],
              [
                199013.3624999998,
                669385.2267000005
              ],
              [
                199112.66669999994,
                669429.3619999997
              ],
              [
                199112.64059999958,
                669429.125
              ],
              [
                199116.8222000003,
                669324.8533999994
              ],
              [
                199116.34559999965,
                669262.5170000009
              ],
              [
                199116.19020000007,
                669242.1895000003
              ],
              [
                199115.1501000002,
                669106.1456000004
              ],
              [
                199119.0423999997,
                669089.0285999998
              ],
              [
                199173.77290000021,
                669033.9678000007
              ],
              [
                199334.19489999954,
                668872.5775000006
              ],
              [
                199364.1601999998,
                668832.2772000004
              ],
              [
                199402.46949999966,
                668746.9746000003
              ],
              [
                199475.48849999998,
                668601.9177000001
              ],
              [
                199530.95779999997,
                668525.0976
              ],
              [
                199543.40629999992,
                668486
              ],
              [
                199517.10940000042,
                668224.375
              ],
              [
                199516.78129999992,
                668221.125
              ],
              [
                199512.78129999992,
                668209.625
              ],
              [
                199508.10940000042,
                668198.375
              ],
              [
                199502.78120000008,
                668187.5
              ],
              [
                199496.82809999958,
                668176.875
              ],
              [
                199490.25,
                668166.75
              ],
              [
                199483.07809999958,
                668156.875
              ],
              [
                199475.35940000042,
                668147.5
              ],
              [
                199467.09379999992,
                668138.625
              ],
              [
                199458.3125,
                668130.25
              ],
              [
                199449.0625,
                668122.375
              ],
              [
                199439.35940000042,
                668115.125
              ],
              [
                199429.23440000042,
                668108.375
              ],
              [
                199418.73440000042,
                668102.25
              ],
              [
                199407.90629999992,
                668096.75
              ],
              [
                199396.76559999958,
                668092
              ],
              [
                199385.35940000042,
                668087.75
              ],
              [
                199373.71870000008,
                668084.25
              ],
              [
                199353.51559999958,
                668080
              ],
              [
                199341.4375,
                668081.125
              ],
              [
                199329.29690000042,
                668081
              ],
              [
                199317.21879999992,
                668079.75
              ],
              [
                199305.3125,
                668077.375
              ],
              [
                199293.70309999958,
                668073.875
              ],
              [
                199282.48440000042,
                668069.25
              ],
              [
                199271.76559999958,
                668063.5
              ],
              [
                199261.65629999992,
                668056.75
              ],
              [
                199252.23440000042,
                668049.125
              ],
              [
                199243.60940000042,
                668040.5
              ],
              [
                199235.84379999992,
                668031.25
              ],
              [
                199229.03129999992,
                668021.125
              ],
              [
                199223.20309999958,
                668010.5
              ],
              [
                199218.45309999958,
                667999.375
              ],
              [
                199214.79690000042,
                667987.75
              ],
              [
                199212.26559999958,
                667975.875
              ],
              [
                199210.90629999992,
                667963.875
              ],
              [
                199210.73440000042,
                667951.75
              ],
              [
                199212.67190000042,
                667933.5
              ],
              [
                199236.46879999992,
                667861.875
              ],
              [
                199267.04690000042,
                667805.375
              ],
              [
                199270.73440000042,
                667793.875
              ],
              [
                199273.3125,
                667782
              ],
              [
                199274.76559999958,
                667769.875
              ],
              [
                199275.0625,
                667757.75
              ],
              [
                199274.20309999958,
                667745.625
              ],
              [
                199272.21870000008,
                667733.75
              ],
              [
                199269.10940000042,
                667722
              ],
              [
                199264.90629999992,
                667710.625
              ],
              [
                199259.64059999958,
                667699.625
              ],
              [
                199253.35940000042,
                667689.25
              ],
              [
                199246.14059999958,
                667679.5
              ],
              [
                199238.01559999958,
                667670.5
              ],
              [
                199229.09379999992,
                667662.25
              ],
              [
                199219.42190000042,
                667654.875
              ],
              [
                199209.09379999992,
                667648.5
              ],
              [
                199198.21870000008,
                667643.125
              ],
              [
                199186.875,
                667638.75
              ],
              [
                199176.42729999963,
                667635.8486000001
              ],
              [
                199138.8421,
                667637.9633000009
              ],
              [
                199111.93439999968,
                667624.8005999997
              ],
              [
                199046.65469999984,
                667607.8149999995
              ],
              [
                199019.88489999995,
                667586.3928999994
              ],
              [
                199001.7100999998,
                667575.2835000008
              ],
              [
                198989.52500000037,
                667562.9471000005
              ],
              [
                198982.65629999992,
                667558.375
              ],
              [
                198972.67190000042,
                667551.5
              ],
              [
                198962.875,
                667544.25
              ],
              [
                198950.6727,
                667534.7157000005
              ],
              [
                198948.28000000026,
                667533.0504000001
              ],
              [
                198937.46879999992,
                667528.875
              ],
              [
                198926.65629999992,
                667523.375
              ],
              [
                198916.4375,
                667516.875
              ],
              [
                198906.95309999958,
                667509.25
              ],
              [
                198898.26559999958,
                667500.75
              ],
              [
                198890.48440000042,
                667491.5
              ],
              [
                198887.0137,
                667486.3298000004
              ],
              [
                198878.6579,
                667479.7938000001
              ],
              [
                198853.0418999996,
                667461.5687000006
              ],
              [
                198858.4935999997,
                667454.6697000004
              ],
              [
                198867.5373999998,
                667435.0705999993
              ],
              [
                198858.54690000042,
                667289.375
              ],
              [
                198841.50129999965,
                667176.2787999995
              ],
              [
                198814.9495000001,
                667094.1467000004
              ],
              [
                198811.4500000002,
                667078.6118000001
              ],
              [
                198804.03500000015,
                667045.6955999993
              ],
              [
                198808.18680000026,
                666984.1150000002
              ],
              [
                198807.6013000002,
                666981.4142000005
              ],
              [
                198770.12990000006,
                666869.9173000008
              ],
              [
                198700.67190000042,
                666816.75
              ],
              [
                198613.78129999992,
                666654.375
              ],
              [
                198557.3967000004,
                666478.0953000002
              ],
              [
                198540.29870000016,
                666450.9177000001
              ],
              [
                198531.5555999996,
                666418.5371000003
              ],
              [
                198527.55939999968,
                666405.2069000006
              ],
              [
                198521.8015999999,
                666386.8002000004
              ],
              [
                198515.54690000042,
                666369.6697000004
              ],
              [
                198512.29030000046,
                666353.7892000005
              ],
              [
                198509.2472000001,
                666340.4517999999
              ],
              [
                198506.75310000032,
                666324.5655000005
              ],
              [
                198504.74390000012,
                666313.1289000008
              ],
              [
                198505.89169999957,
                666271.1311000008
              ],
              [
                198523.05850000028,
                666229.6493999995
              ],
              [
                198525.5884999996,
                666215.9008000009
              ],
              [
                198531.24920000043,
                666195.5208999999
              ],
              [
                198573.8136,
                666180.2489999998
              ],
              [
                198666.2092000004,
                666198.1549999993
              ],
              [
                198671.2167999996,
                666199.5396999996
              ],
              [
                198680.5625,
                666201
              ],
              [
                198692.32809999958,
                666204
              ],
              [
                198706.59839999955,
                666209.3235999998
              ],
              [
                198714.8169999998,
                666211.5963000003
              ],
              [
                198761.09829999972,
                666227.5473999996
              ],
              [
                198794.17200000025,
                666242.6669999994
              ],
              [
                198835.4779000003,
                666268.0856999997
              ],
              [
                198845.29389999993,
                666276.9751999993
              ],
              [
                198908.3125,
                666131
              ],
              [
                198958.625,
                665901
              ],
              [
                199012.51379999984,
                665723.9526000004
              ],
              [
                198439.8086000001,
                665744.4064000007
              ],
              [
                198115.62600000016,
                666018.7148000002
              ],
              [
                197816.38049999997,
                666018.7148000002
              ],
              [
                197567.0092000002,
                666293.0231999997
              ],
              [
                197242.82660000026,
                666068.5889999997
              ],
              [
                196769.0212000003,
                666043.6519000009
              ],
              [
                196768.91249999963,
                666042.3473000005
              ],
              [
                196694.2098000003,
                665145.9154000003
              ],
              [
                197217.88939999975,
                665370.3495000005
              ],
              [
                197816.38049999997,
                665619.7207999993
              ],
              [
                198489.6827999996,
                664746.9213999994
              ],
              [
                198788.9282999998,
                663537.4707999993
              ],
              [
                198788.1026999997,
                663536.1966999993
              ],
              [
                198381.37550000008,
                662908.5055
              ],
              [
                197751.25980000012,
                662839.6821999997
              ],
              [
                197017.1445000004,
                663405.5627999995
              ],
              [
                197043.32959999982,
                663911.5276999995
              ],
              [
                196245.34159999993,
                663786.8421
              ],
              [
                196245.25380000006,
                663785.6132999994
              ],
              [
                196195.46729999967,
                663088.6026000008
              ],
              [
                196295.21580000035,
                662465.1743999999
              ],
              [
                196294.27670000028,
                662464.6461999994
              ],
              [
                195896.2218000004,
                662240.7402999997
              ],
              [
                195895.5535000004,
                662239.4779000003
              ],
              [
                195671.78770000022,
                661816.8092
              ],
              [
                196120.65589999966,
                661542.5008000005
              ],
              [
                196255.49990000017,
                661356.1575000007
              ],
              [
                196245.34159999993,
                661143.5067999996
              ],
              [
                196394.9643000001,
                660919.0726999994
              ],
              [
                196394.03529999964,
                660917.9112999998
              ],
              [
                196095.71879999992,
                660545.0157999992
              ],
              [
                196095.82039999962,
                660544.8125
              ],
              [
                196270.27869999968,
                660195.8959999997
              ],
              [
                196270.27869999968,
                659921.5876000002
              ],
              [
                197542.07210000046,
                659946.5248000007
              ],
              [
                197641.8206000002,
                659422.8451000005
              ],
              [
                197640.72119999956,
                659423.0284000002
              ],
              [
                196594.46129999962,
                659597.4049999993
              ],
              [
                196419.90139999986,
                659597.4049999993
              ],
              [
                196419.67789999954,
                659596.0635000002
              ],
              [
                196370.02720000036,
                659298.1594999991
              ],
              [
                196619.3984000003,
                659048.7883000001
              ],
              [
                197018.39240000024,
                658949.0397999994
              ],
              [
                196793.95830000006,
                658412.8915999997
              ],
              [
                196843.8326000003,
                658138.5832000002
              ],
              [
                196818.8953999998,
                657839.3377
              ],
              [
                196918.64389999956,
                657764.5263
              ],
              [
                197043.32959999982,
                657240.8466999996
              ],
              [
                197267.7637,
                657465.2807999998
              ],
              [
                197741.56909999996,
                657614.9035999998
              ],
              [
                198414.87150000036,
                657939.0862000007
              ],
              [
                199013.3624999998,
                657939.0862000007
              ],
              [
                199012.38680000044,
                657937.7446999997
              ],
              [
                198614.36849999987,
                657390.4693999998
              ],
              [
                198389.93429999985,
                657166.0352999996
              ],
              [
                198065.7516999999,
                657265.7838000003
              ],
              [
                197766.5061999997,
                657315.6580999997
              ],
              [
                197767.31149999984,
                657314.0474999994
              ],
              [
                198140.5630999999,
                656567.5442999993
              ],
              [
                198139.46700000018,
                656566.7770000007
              ],
              [
                197641.8206000002,
                656218.4244999997
              ],
              [
                197641.86319999956,
                656217.6790999994
              ],
              [
                197691.6947999997,
                655345.6250999998
              ],
              [
                197691.6947999997,
                654996.5054000001
              ],
              [
                197641.8206000002,
                654722.1970000006
              ],
              [
                198364.9972000001,
                654672.3227999993
              ],
              [
                198489.6827999996,
                654572.5743000004
              ],
              [
                198564.4941999996,
                654073.8318000007
              ],
              [
                198563.50100000016,
                654073.7189000007
              ],
              [
                198223.94830000028,
                654035.1334000006
              ],
              [
                197467.26070000045,
                653949.1460999995
              ],
              [
                197143.07809999958,
                654073.8318000007
              ],
              [
                197143.07809999958,
                654072.1790999994
              ],
              [
                197143.07809999958,
                653774.5863000005
              ],
              [
                197142.26910000015,
                653773.9930000007
              ],
              [
                196769.0212000003,
                653500.2778999992
              ],
              [
                196769.62789999973,
                653499.9745000005
              ],
              [
                197168.01520000026,
                653300.7808999997
              ],
              [
                197242.82660000026,
                652777.1011999995
              ],
              [
                197241.83729999978,
                652777.0220999997
              ],
              [
                196619.3984000003,
                652727.227
              ],
              [
                196620.30179999955,
                652726.0225000009
              ],
              [
                196993.45529999956,
                652228.4845000003
              ],
              [
                196694.2098000003,
                651555.1820999999
              ],
              [
                196694.05260000005,
                651555.307
              ],
              [
                195721.66189999972,
                652328.2329999991
              ],
              [
                195721.59530000016,
                652326.3014000002
              ],
              [
                195696.72479999997,
                651605.0563999992
              ],
              [
                195695.9740000004,
                651605.4004999995
              ],
              [
                195098.23379999958,
                651879.3647000007
              ],
              [
                194823.92540000007,
                652403.0443999991
              ],
              [
                194823.92540000007,
                652876.2363000009
              ],
              [
                194823.92540000007,
                652876.8497000001
              ],
              [
                195322.66789999977,
                653325.7180000003
              ],
              [
                195695.21609999985,
                653673.4296000004
              ],
              [
                195172.23620000016,
                653623.6219999995
              ],
              [
                194742.34659999982,
                653679.5759999994
              ],
              [
                194250.85109999962,
                653952.6290000007
              ],
              [
                193955.95390000008,
                654236.6041000001
              ],
              [
                193704.74509999994,
                654629.8004999999
              ],
              [
                193700.94579999987,
                654845.5410999991
              ],
              [
                193351.82610000018,
                654970.2268000003
              ],
              [
                193093.10639999993,
                654586.1119999997
              ],
              [
                192803.20930000022,
                654346.7985999994
              ],
              [
                192405.01279999968,
                654127.3828999996
              ],
              [
                191958.6649000002,
                653922.7160999998
              ],
              [
                192030.38800000027,
                653848.5373
              ],
              [
                192099.1830000002,
                653355.5063000005
              ],
              [
                192045.84329999983,
                653111.6675000004
              ],
              [
                192018.92210000008,
                652988.5995000005
              ],
              [
                192259.70469999965,
                652426.7733999994
              ],
              [
                193188.43759999983,
                651968.1399000008
              ],
              [
                193314.56180000026,
                651222.8604000006
              ],
              [
                193199.90350000001,
                649583.2456
              ],
              [
                193039.3816999998,
                649239.2704000007
              ],
              [
                193593.44820000045,
                648246.9604000002
              ],
              [
                193283.71439999994,
                647689.4395000003
              ],
              [
                193279.21600000001,
                647681.3422999997
              ],
              [
                193263.22140000015,
                647649.3532999996
              ],
              [
                193090.67669999972,
                647304.2636999991
              ],
              [
                192952.6797000002,
                647028.2697999999
              ],
              [
                192713.59800000023,
                646550.1063000001
              ],
              [
                193153.52309999987,
                645921.6417999994
              ],
              [
                193256.55740000028,
                645689.8146000002
              ],
              [
                193404.90890000015,
                645356.0238000005
              ],
              [
                193656.29470000044,
                644350.4805999994
              ],
              [
                194221.91270000022,
                643784.8625000007
              ],
              [
                194221.91270000022,
                643282.0909000002
              ],
              [
                193530.6018000003,
                643093.5515999999
              ],
              [
                192399.36569999997,
                644099.0947999991
              ],
              [
                191896.59410000034,
                644853.2522
              ],
              [
                191913.97690000013,
                646332.2135000005
              ],
              [
                192293.64489999972,
                648152.8774999995
              ],
              [
                191537.3569,
                649032.8853999991
              ],
              [
                191117.6007000003,
                649536.5928000007
              ],
              [
                190906.7357999999,
                649789.6305999998
              ],
              [
                190642.83249999955,
                650462.7174999993
              ],
              [
                190494.4506000001,
                650841.1660999991
              ],
              [
                190367.8415000001,
                651142.5995000005
              ],
              [
                190356.3755999999,
                651440.7113000005
              ],
              [
                190344.90979999956,
                651681.4938999992
              ],
              [
                190274.63769999985,
                651767.0425000004
              ],
              [
                190081.19550000038,
                652002.5373999998
              ],
              [
                189989.50320000015,
                652296.4931000005
              ],
              [
                189779.58299999963,
                652626.7554000001
              ],
              [
                189542.3010999998,
                653000.0653000008
              ],
              [
                189507.90359999985,
                653389.9037999995
              ],
              [
                189576.69859999977,
                653860.0032000002
              ],
              [
                189840.0981999999,
                654283.7328999992
              ],
              [
                189840.41289999988,
                654284.2391999997
              ],
              [
                190110.80869999994,
                654447.8885999992
              ],
              [
                189936.35340000037,
                654559.6291000005
              ],
              [
                189718.98000000045,
                654698.8590999991
              ],
              [
                189347.62789999973,
                655113.8997000009
              ],
              [
                189151.02979999967,
                655638.1614999995
              ],
              [
                189107.34130000044,
                656129.6568999998
              ],
              [
                189088.38659999985,
                656617.4185000006
              ],
              [
                189194.71829999983,
                657101.7257000003
              ],
              [
                189437.50629999954,
                657515.1550999992
              ],
              [
                188628.57880000025,
                658239.5458000004
              ],
              [
                188628.57880000025,
                658679.4710000008
              ],
              [
                189287.8836000003,
                659285.6909999996
              ],
              [
                189387.63210000005,
                659834.3077000007
              ],
              [
                189562.1919999998,
                660183.4275000002
              ],
              [
                189736.75179999974,
                660507.6100999992
              ],
              [
                190011.06020000018,
                660781.9185000006
              ],
              [
                190185.62009999994,
                661081.1640000008
              ],
              [
                190335.24289999995,
                661455.2208999991
              ],
              [
                190484.86560000014,
                661854.2149
              ],
              [
                190659.4254999999,
                662303.0831000004
              ],
              [
                190858.92250000034,
                662652.2028999999
              ],
              [
                191108.29370000027,
                662876.6370000001
              ],
              [
                191357.66500000004,
                663101.0711000003
              ],
              [
                191482.35059999954,
                663537.4707999993
              ],
              [
                191706.78479999956,
                663911.5276999995
              ],
              [
                191956.15600000042,
                664111.0247000009
              ],
              [
                192163.8541000001,
                664567.0811000001
              ],
              [
                192435.87430000026,
                664891.9941000007
              ],
              [
                192284.75200000033,
                665156.4581000004
              ],
              [
                192178.96640000027,
                665443.5906000007
              ],
              [
                192180.59009999968,
                665756.875
              ],
              [
                191982.5072999997,
                666029.1896000002
              ],
              [
                191725.59939999972,
                666180.3118999992
              ],
              [
                191415.79860000033,
                666399.4393000007
              ],
              [
                191181.55900000036,
                666633.6788999997
              ],
              [
                190954.87550000008,
                666943.4796999991
              ],
              [
                190743.30420000013,
                667328.8416000009
              ],
              [
                190607.2940999996,
                668001.3359999992
              ],
              [
                190697.96750000026,
                668670.0523000006
              ],
              [
                190856.64599999972,
                669093.1948000006
              ],
              [
                191151.33449999988,
                669531.4495999999
              ],
              [
                191566.92090000026,
                669916.8114999998
              ],
              [
                191997.61959999986,
                670135.9388999995
              ],
              [
                192380.08710000012,
                670245.5574999992
              ],
              [
                192833.96879999992,
                670447.4648000002
              ],
              [
                193161.26150000002,
                670513.7446999997
              ],
              [
                193176.37370000035,
                670936.8871999998
              ],
              [
                193047.91970000044,
                671095.5657000002
              ],
              [
                193017.6952999998,
                671307.1369000003
              ],
              [
                193025.25140000042,
                671496.0397999994
              ],
              [
                193153.13800000027,
                671691.9108000007
              ],
              [
                193427.44639999978,
                671866.4706999995
              ],
              [
                193660.70490000024,
                671932.5974000003
              ],
              [
                193773.3069000002,
                671964.5189999994
              ],
              [
                194025.93740000017,
                671891.4078000002
              ],
              [
                194150.62299999967,
                672140.7789999992
              ],
              [
                194325.18290000036,
                672552.2415999994
              ],
              [
                194549.61699999962,
                672851.4870999996
              ],
              [
                194774.05119999964,
                672976.1727000009
              ],
              [
                194948.61099999957,
                673150.7325999998
              ],
              [
                194749.11400000006,
                673549.7266000006
              ],
              [
                194699.23979999963,
                673898.8464000002
              ],
              [
                194724.1769000003,
                674272.9032000005
              ],
              [
                194624.42839999963,
                674372.6516999993
              ],
              [
                194449.86849999987,
                674223.0289999992
              ],
              [
                194304.91229999997,
                674186.7899999991
              ],
              [
                194150.62299999967,
                674148.2175999992
              ],
              [
                193826.44039999973,
                674148.2175999992
              ],
              [
                193602.00629999954,
                674297.8403999992
              ],
              [
                193402.50930000003,
                674597.0858999994
              ],
              [
                193302.76080000028,
                674821.5199999996
              ],
              [
                193277.82359999977,
                675021.0170000009
              ],
              [
                193277.82359999977,
                675395.0738999993
              ],
              [
                193128.2008999996,
                675669.3823000006
              ],
              [
                193053.38949999958,
                675993.5648999996
              ],
              [
                193053.38949999958,
                676342.6846999992
              ],
              [
                193377.57210000046,
                676367.6217999998
              ],
              [
                193602.00629999954,
                676492.3073999994
              ],
              [
                193427.44639999978,
                676616.9931000005
              ],
              [
                193373.39240000024,
                676765.6414000001
              ],
              [
                193327.69790000003,
                676891.3014000002
              ],
              [
                193203.0122999996,
                677215.4839999992
              ],
              [
                193078.32660000026,
                677439.9181999993
              ],
              [
                193028.45239999983,
                677664.3522999994
              ],
              [
                192654.39549999963,
                677689.2894000001
              ],
              [
                192405.0242999997,
                677714.2265000008
              ],
              [
                192155.65299999993,
                677838.9122000001
              ],
              [
                191981.09310000017,
                677963.5977999996
              ],
              [
                191931.21889999975,
                678312.7174999993
              ],
              [
                191856.40749999974,
                678686.7743999995
              ],
              [
                192030.96740000043,
                678936.1457000002
              ],
              [
                192355.15000000037,
                679010.9571000002
              ],
              [
                192953.64099999983,
                678886.2714000009
              ],
              [
                193203.0122999996,
                678861.3343000002
              ],
              [
                193427.44639999978,
                679035.8942000009
              ],
              [
                193552.13200000022,
                679285.2653999999
              ],
              [
                193826.44039999973,
                679559.5737999994
              ],
              [
                194375.0571999997,
                680270.2818999998
              ],
              [
                193951.12600000016,
                680494.716
              ],
              [
                193851.3775000004,
                680918.6470999997
              ],
              [
                194025.93740000017,
                681192.9554999992
              ],
              [
                194225.43439999968,
                681467.2639000006
              ],
              [
                194225.43439999968,
                681841.3208000008
              ],
              [
                194350.1200000001,
                682140.5662999991
              ],
              [
                194499.74280000012,
                682365.0003999993
              ],
              [
                194574.55420000013,
                682539.5603
              ],
              [
                194549.61699999962,
                682913.6172000002
              ],
              [
                194375.0571999997,
                682988.4285000004
              ],
              [
                194199.14130000025,
                683076.3864999991
              ],
              [
                193743.2723000003,
                683191.9744000006
              ],
              [
                192780.96829999983,
                683435.9718999993
              ],
              [
                192126.5025000004,
                683601.9152000006
              ],
              [
                190838.29669999983,
                683928.5468000006
              ],
              [
                190258.46590000018,
                684075.5656000003
              ],
              [
                188898.7751000002,
                684420.3215999994
              ],
              [
                188924.1138000004,
                684562.4409999996
              ],
              [
                189363.54650000017,
                686532.5866999999
              ],
              [
                188940.79339999985,
                686625.2064999994
              ],
              [
                188723.53160000034,
                686672.8059
              ],
              [
                188391.61280000024,
                686745.5250000004
              ],
              [
                188788.8359000003,
                688712.7249999996
              ],
              [
                189187.63680000044,
                688625.3530000001
              ],
              [
                189625.14570000023,
                690583.7262999993
              ],
              [
                188262.29050000012,
                690882.3106999993
              ],
              [
                188701.72499999963,
                692842.4565999992
              ],
              [
                189774.35560000036,
                692607.4568000007
              ],
              [
                190260.358,
                692500.9800000004
              ],
              [
                190661.84920000006,
                692413.0184000004
              ],
              [
                191655.4994000001,
                692195.3225999996
              ],
              [
                192621.97329999972,
                691983.5809000004
              ],
              [
                194582.10030000005,
                691544.1431000009
              ],
              [
                195248.517,
                691398.1396999992
              ],
              [
                195954.32610000018,
                691243.5056999996
              ],
              [
                196542.22449999955,
                691114.7047000006
              ]
            ],
            [
              [
                202153.17239999957,
                687137.7025000006
              ],
              [
                201898.03029999975,
                687361.9181999993
              ],
              [
                201986.0625,
                687319.6875
              ],
              [
                202031.76559999958,
                687295.1875
              ],
              [
                202033.17190000042,
                687293.625
              ],
              [
                202127.51559999958,
                687170.25
              ],
              [
                202153.17239999957,
                687137.7025000006
              ]
            ],
            [
              [
                202358.56850000005,
                686889.3530000001
              ],
              [
                202298.05370000005,
                687010.3825000003
              ],
              [
                202220.63740000036,
                687078.4149999991
              ],
              [
                202235.7538999999,
                687073.0518999994
              ],
              [
                202235.8114,
                687073.0315000005
              ],
              [
                202265.00420000032,
                687062.6743000001
              ],
              [
                202267.60940000042,
                687061.75
              ],
              [
                202281.29619999975,
                687050.9006999992
              ],
              [
                202355.36239999998,
                686923.4840999991
              ],
              [
                202356.7259999998,
                686908.9670000002
              ],
              [
                202356.7871000003,
                686908.3165000007
              ],
              [
                202358.56850000005,
                686889.3530000001
              ]
            ],
            [
              [
                202776.56300000008,
                686403.4714000002
              ],
              [
                202645.82550000027,
                686314.8388999999
              ],
              [
                202390.90130000003,
                686824.6873000003
              ],
              [
                202421.6900000004,
                686789.4258999992
              ],
              [
                202453.6361999996,
                686767.0960000008
              ],
              [
                202473.22360000014,
                686758.7553000003
              ],
              [
                202482.17190000042,
                686743
              ],
              [
                202609.625,
                686677.25
              ],
              [
                202672.38499999978,
                686639.0911999997
              ],
              [
                202702.3300999999,
                686575.5311999992
              ],
              [
                202708.85940000042,
                686539.5
              ],
              [
                202776.56300000008,
                686403.4714000002
              ]
            ]
          ]
        ]
      }
    }
  ]
}