{
  "type": "FeatureCollection",
  "name": "tmm321_תממ_3__21___יעודי_קרקע",
  "features": [
    {
      "type": "Feature",
      "id": 5,
      "geometry": {
        "type": "MultiPolygon",
        "coordinates": [
          [
            [
              [
                186863.84633977,
                651796.8890402822
              ],
              [
                186886.984415,
                651806.4533780001
              ],
              [
                186918.24339813786,
                651812.1793242232
              ],
              [
                186984.484329,
                651815.609517
              ],
              [
                187059.74837116245,
                651815.1032561465
              ],
              [
                187124.67206300003,
                651812.343551
              ],
              [
                187169.30093494093,
                651807.9036052136
              ],
              [
                187177.734323,
                651805.047145
              ],
              [
                187184.87514464452,
                651799.6632490063
              ],
              [
                187192.953224,
                651790.1250700001
              ],
              [
                187215.827994,
                651756.51572
              ],
              [
                187234.92166454595,
                651726.2682348723
              ],
              [
                187238.51667886646,
                651720.6978548288
              ],
              [
                187242.531091,
                651715.421705
              ],
              [
                187246.40179693757,
                651712.0400593346
              ],
              [
                187280.44417784683,
                651691.2082411908
              ],
              [
                187314.703254,
                651670.734745
              ],
              [
                187356.3732547635,
                651646.5262918656
              ],
              [
                187370.4534994074,
                651642.6606870855
              ],
              [
                187462.57819600002,
                651641.296839
              ],
              [
                187515.62517799996,
                651641.484337
              ],
              [
                187602.76553800004,
                651641.781589
              ],
              [
                187644.45289199997,
                651638.187883
              ],
              [
                187667.26577,
                651619.531096
              ],
              [
                187682.67191600002,
                651559.6873079999
              ],
              [
                187698.172075,
                651477.3750410001
              ],
              [
                187706.17187900003,
                651376.312239
              ],
              [
                187729.00003400003,
                651353.922266
              ],
              [
                187751.796851,
                651339.03144
              ],
              [
                187782.17197699996,
                651324.155858
              ],
              [
                187793.546882,
                651320.453158
              ],
              [
                187808.76578200003,
                651305.531083
              ],
              [
                187808.953027,
                651260.593364
              ],
              [
                187794.31231199997,
                651137.000347
              ],
              [
                187764.703009,
                650972.156304
              ],
              [
                187731.06246499997,
                650867.203305
              ],
              [
                187670.95307599998,
                650743.453277
              ],
              [
                187637.01560499996,
                650705.890469
              ],
              [
                187587.953248,
                650664.5472190001
              ],
              [
                187527.43764000002,
                650641.875237
              ],
              [
                187466.999985,
                650596.734777
              ],
              [
                187383.84385900002,
                650551.515812
              ],
              [
                187323.43754199997,
                650498.890686
              ],
              [
                187236.65600199997,
                650416.2346729999
              ],
              [
                187164.09468669572,
                650357.5171727475
              ],
              [
                187083.6809954095,
                650310.1196246219
              ],
              [
                187051.81536283868,
                650302.4096161618
              ],
              [
                187019.71880100004,
                650309.093439
              ],
              [
                186970.40372887778,
                650341.8050988088
              ],
              [
                186899.29671799997,
                650420.093621
              ],
              [
                186835.17175799998,
                650504.890613
              ],
              [
                186659.42206999997,
                650741.968539
              ],
              [
                186725.734421,
                650799.797108
              ],
              [
                186763.593841,
                650842.484091
              ],
              [
                186801.453261,
                650892.250258
              ],
              [
                186822.077964,
                650956.109242
              ],
              [
                186770.37498900003,
                651026.687656
              ],
              [
                186694.53119,
                651121.953273
              ],
              [
                186670.40603399999,
                651146.62523
              ],
              [
                186642.3678313787,
                651202.9359970975
              ],
              [
                186622.01548399997,
                651401.406448
              ],
              [
                186621.96886899997,
                651479.312518
              ],
              [
                186615.062369,
                651518.234303
              ],
              [
                186611.57797600003,
                651581.984294
              ],
              [
                186635.656126,
                651631.687199
              ],
              [
                186676.968599,
                651663.765317
              ],
              [
                186711.406303,
                651678.0936499999
              ],
              [
                186745.84361500002,
                651681.8123550001
              ],
              [
                186773.390487,
                651696.109438
              ],
              [
                186794.04692,
                651713.921723
              ],
              [
                186814.70296100003,
                651742.343635
              ],
              [
                186834.2348828526,
                651767.4688361378
              ],
              [
                186849.12499499996,
                651785.015375
              ],
              [
                186863.84633977,
                651796.8890402822
              ]
            ]
          ],
          [
            [
              [
                186446.928595,
                655034.952442
              ],
              [
                186564.061757,
                654932.9498640001
              ],
              [
                186687.89302099997,
                654885.551047
              ],
              [
                186777.282273,
                654865.34245
              ],
              [
                186846.20977900003,
                654797.31431
              ],
              [
                186901.459822,
                654708.778033
              ],
              [
                186949.79553,
                654633.866591
              ],
              [
                186963.75386,
                654565.677629
              ],
              [
                186943.31365999999,
                654511.034998
              ],
              [
                186888.474536,
                654469.937171
              ],
              [
                186806.08658200002,
                654449.22858
              ],
              [
                186730.482518,
                654455.830635
              ],
              [
                186641.050176,
                654489.684646
              ],
              [
                186585.99482100003,
                654516.8154150001
              ],
              [
                186537.83225500002,
                654537.143676
              ],
              [
                186496.497453,
                654571.137929
              ],
              [
                186523.85198799998,
                654612.154964
              ],
              [
                186523.70039100002,
                654659.915057
              ],
              [
                186496.086533,
                654700.772032
              ],
              [
                186427.20250799996,
                654755.154759
              ],
              [
                185788.12502100004,
                654773.758954
              ],
              [
                185664.618105,
                654718.815259
              ],
              [
                185616.780279,
                654636.800245
              ],
              [
                185472.465333,
                654643.202606
              ],
              [
                185389.882299,
                654683.898761
              ],
              [
                185334.718828,
                654745.144971
              ],
              [
                185313.78113599995,
                654847.427271
              ],
              [
                185334.005105,
                654970.29926
              ],
              [
                185409.21940299997,
                655086.508221
              ],
              [
                185491.49924100004,
                655141.331491
              ],
              [
                185505.06858900003,
                655195.955068
              ],
              [
                185456.797907,
                655250.397245
              ],
              [
                185456.64630899997,
                655298.157338
              ],
              [
                185477.043029,
                655366.446146
              ],
              [
                185518.16159899998,
                655400.680488
              ],
              [
                185559.215143,
                655455.384095
              ],
              [
                185586.54813300003,
                655503.224217
              ],
              [
                185579.179398,
                655660.130094
              ],
              [
                185627.12573099998,
                655708.030429
              ],
              [
                185688.922279,
                655721.856482
              ],
              [
                185785.11774999998,
                655722.1369660001
              ],
              [
                185846.89275300002,
                655742.786107
              ],
              [
                185915.45243,
                655790.746655
              ],
              [
                186011.64789999998,
                655791.027139
              ],
              [
                186252.612326,
                655641.625745
              ],
              [
                186342.84535299998,
                655355.3258539999
              ],
              [
                186357.17151300004,
                655171.148965
              ],
              [
                186446.928595,
                655034.952442
              ]
            ]
          ],
          [
            [
              [
                186902.04701800004,
                656733.54699
              ],
              [
                186973.577927,
                656634.109168
              ],
              [
                187042.17207600002,
                656540.734535
              ],
              [
                187068.84383499995,
                656503.406481
              ],
              [
                187084.14068900002,
                656469.749876
              ],
              [
                187084.24997999996,
                656443.546686
              ],
              [
                187065.453065,
                656409.7810889999
              ],
              [
                187035.26557499997,
                656383.468907
              ],
              [
                187005.04674799996,
                656360.905918
              ],
              [
                186974.84359,
                656334.593736
              ],
              [
                186940.81249699998,
                656319.500168
              ],
              [
                186918.062295,
                656323.156374
              ],
              [
                186887.57827,
                656364.2343830001
              ],
              [
                186879.89067,
                656390.437573
              ],
              [
                186845.40635199996,
                656427.562886
              ],
              [
                186803.718605,
                656461.343727
              ],
              [
                186784.765784,
                656483.905954
              ],
              [
                186754.452943,
                656483.749706
              ],
              [
                186724.14049300004,
                656483.609464
              ],
              [
                186690.062393,
                656457.031279
              ],
              [
                186655.98429300002,
                656434.219055
              ],
              [
                186610.54695699998,
                656388.718843
              ],
              [
                186610.593964,
                656305.687835
              ],
              [
                186599.281343,
                656230.155974
              ],
              [
                186599.327958,
                656162.20329
              ],
              [
                186595.57797600003,
                656094.26585
              ],
              [
                186576.656493,
                656071.515363
              ],
              [
                186553.937629,
                656063.859205
              ],
              [
                186519.82819100004,
                656063.702957
              ],
              [
                186459.21896099998,
                656063.42171
              ],
              [
                186353.12499599997,
                656078.015284
              ],
              [
                186326.593866,
                656100.531018
              ],
              [
                186326.546859,
                656164.687254
              ],
              [
                186334.109498,
                656194.921644
              ],
              [
                186360.593621,
                656255.437681
              ],
              [
                186371.87490399997,
                656364.937881
              ],
              [
                186368.062638,
                656413.984544
              ],
              [
                186368.03130000003,
                656470.593615
              ],
              [
                186352.82806900004,
                656534.687352
              ],
              [
                186314.906365,
                656591.124932
              ],
              [
                186265.62503300002,
                656636.187649
              ],
              [
                186216.35936999996,
                656666.156037
              ],
              [
                186148.15616300004,
                656692.234227
              ],
              [
                186079.952956,
                656695.6876920001
              ],
              [
                186015.546737,
                656684.062832
              ],
              [
                185954.937507,
                656680.015625
              ],
              [
                185913.250153,
                656702.452854
              ],
              [
                185898.06259,
                656747.671819
              ],
              [
                185886.640678,
                656845.749901
              ],
              [
                185909.32820400002,
                656913.7970970001
              ],
              [
                185939.624984,
                656925.2657079999
              ],
              [
                185958.562529,
                656932.906622
              ],
              [
                186019.18742800003,
                656944.515475
              ],
              [
                186083.5627,
                656959.906295
              ],
              [
                186140.37494100002,
                656990.374677
              ],
              [
                186166.87512500002,
                657024.468776
              ],
              [
                186166.85945600003,
                657050.874707
              ],
              [
                186144.09358500002,
                657107.390792
              ],
              [
                186136.48433,
                657145.093842
              ],
              [
                186155.406206,
                657190.484299
              ],
              [
                186212.187501,
                657266.234145
              ],
              [
                186276.56238100003,
                657311.828106
              ],
              [
                186303.07823400002,
                657304.40594
              ],
              [
                186333.40635199996,
                657281.906212
              ],
              [
                186386.468612,
                657240.640705
              ],
              [
                186420.57805,
                657221.937425
              ],
              [
                186462.26579600002,
                657210.796553
              ],
              [
                186496.359566,
                657214.734768
              ],
              [
                186534.23426199995,
                657230.015833
              ],
              [
                186556.953126,
                657256.546762
              ],
              [
                186583.452918,
                657283.0936970001
              ],
              [
                186609.953102,
                657294.531059
              ],
              [
                186647.84386000002,
                657294.703313
              ],
              [
                186681.95329800004,
                657283.547198
              ],
              [
                186704.703108,
                657264.796662
              ],
              [
                186746.39046199998,
                657231.015821
              ],
              [
                186761.56235599995,
                657197.125225
              ],
              [
                186761.59369400004,
                657166.937328
              ],
              [
                186746.437469,
                657151.765255
              ],
              [
                186735.093902,
                657136.609188
              ],
              [
                186723.734274,
                657121.453122
              ],
              [
                186704.812399,
                657094.953442
              ],
              [
                186685.890524,
                657060.890592
              ],
              [
                186674.54695699998,
                657026.874997
              ],
              [
                186674.56262600003,
                656977.797085
              ],
              [
                186685.9532,
                656943.890483
              ],
              [
                186727.65622300003,
                656906.3436809999
              ],
              [
                186761.78133000003,
                656868.765629
              ],
              [
                186830.01548399997,
                656820.015456
              ],
              [
                186902.04701800004,
                656733.54699
              ]
            ],
            [
              [
                184900.1634179441,
                652805.8715270467
              ],
              [
                185170.0269448831,
                652886.7549564566
              ],
              [
                185399.88144743623,
                652955.6468909936
              ],
              [
                185657.062517,
                652533.343977
              ],
              [
                185757.51564400003,
                652622.953412
              ],
              [
                185846.374893,
                652697.765769
              ],
              [
                185960.093781,
                652786.87521
              ],
              [
                186077.40635299997,
                652872.453443
              ],
              [
                186194.703255,
                652954.484463
              ],
              [
                186269.34367600002,
                652993.812494
              ],
              [
                186351.124849,
                653004.828366
              ],
              [
                186393.812669,
                652983.781365
              ],
              [
                186454.312608,
                652916.7501630001
              ],
              [
                186482.79687700002,
                652853.125171
              ],
              [
                186500.62505699997,
                652789.437679
              ],
              [
                186497.093658,
                652736.281309
              ],
              [
                186539.828093,
                652647.92186
              ],
              [
                186578.984513,
                652573.703245
              ],
              [
                186582.593866,
                652509.953254
              ],
              [
                186571.95305300003,
                652449.687215
              ],
              [
                186554.21849600004,
                652389.374682
              ],
              [
                186525.81257100002,
                652329.015656
              ],
              [
                186515.156089,
                652300.624993
              ],
              [
                186604.109351,
                652230.1875829999
              ],
              [
                186682.374794,
                652170.343794
              ],
              [
                186721.53121400002,
                652120.93738
              ],
              [
                186725.12489800004,
                652060.718596
              ],
              [
                186696.718581,
                651982.656278
              ],
              [
                186639.890671,
                651890.265627
              ],
              [
                186551.062369,
                651772.937777
              ],
              [
                186298.734397,
                651541.484784
              ],
              [
                186289.843811,
                651534.343864
              ],
              [
                186258.452943,
                651507.718424
              ],
              [
                186197.43749499996,
                651455.96905
              ],
              [
                186140.54690800002,
                651441.530962
              ],
              [
                186083.65632199997,
                651441.265722
              ],
              [
                185998.29674300004,
                651462.125225
              ],
              [
                185969.05992157757,
                651351.9110450072
              ],
              [
                186144.1972818612,
                651267.6611833903
              ],
              [
                186072.84550236352,
                651108.8844678446
              ],
              [
                186228.52387354337,
                651008.4340637627
              ],
              [
                186020.95271197055,
                650972.7891823021
              ],
              [
                185803.65205584606,
                650933.9055334532
              ],
              [
                185514.99962022342,
                650846.4152280672
              ],
              [
                185234.99813578092,
                650752.4524170461
              ],
              [
                184856.43720364396,
                650602.2080971184
              ],
              [
                184886.82851100003,
                650525.819476
              ],
              [
                185025.75606599997,
                650564.8853150001
              ],
              [
                185125.696818,
                650620.407509
              ],
              [
                185197.985323,
                650626.141434
              ],
              [
                185231.46212599997,
                650593.100675
              ],
              [
                185220.61839900003,
                650504.700829
              ],
              [
                185209.63443600002,
                650460.4849
              ],
              [
                185245.093757,
                650409.937494
              ],
              [
                185379.76757300005,
                650460.644197
              ],
              [
                185422.85926099995,
                650467.452804
              ],
              [
                185508.21884,
                650446.6093059999
              ],
              [
                185593.593696,
                650404.500059
              ],
              [
                185693.17210199998,
                650390.796719
              ],
              [
                185757.187379,
                650391.093971
              ],
              [
                185806.95327399997,
                650398.421627
              ],
              [
                185863.82819200004,
                650434.124701
              ],
              [
                185927.812523,
                650484.015866
              ],
              [
                185970.43766599998,
                650555.062263
              ],
              [
                186034.406328,
                650604.968671
              ],
              [
                186084.17183200002,
                650640.625252
              ],
              [
                186133.95300500002,
                650640.875249
              ],
              [
                186169.531411,
                650626.8746559999
              ],
              [
                186219.35959,
                650549.17209
              ],
              [
                186283.51549700001,
                650329.827944
              ],
              [
                186326.312608,
                650131.6405539999
              ],
              [
                186312.17173399997,
                650004.0468230001
              ],
              [
                186197.23388935212,
                649809.7587398358
              ],
              [
                186164.2998141902,
                649733.3192922744
              ],
              [
                186116.16089235008,
                649623.7541322415
              ],
              [
                186073.0121782766,
                649562.5674406856
              ],
              [
                186034.96546040033,
                649496.3000459669
              ],
              [
                186017.27349472675,
                649435.1665869969
              ],
              [
                186006.20125170314,
                649414.6230617042
              ],
              [
                186003.83142299997,
                649368.201617
              ],
              [
                185994.43747,
                649184.187836
              ],
              [
                185973.124899,
                649152.203467
              ],
              [
                186005.65903234488,
                649133.0293005719
              ],
              [
                186205.59949921785,
                649286.8666733792
              ],
              [
                186279.52058931452,
                649415.3494839126
              ],
              [
                186373.39116287825,
                649568.2869348801
              ],
              [
                186448.9100037507,
                649668.1838205388
              ],
              [
                186642.91769287398,
                649736.9895640102
              ],
              [
                187306.9173375002,
                649826.2012442953
              ],
              [
                187547.8277975929,
                649919.0916455195
              ],
              [
                187801.59369300003,
                649741.374695
              ],
              [
                187879.265672,
                649679.062187
              ],
              [
                187876.109545,
                649714.562519
              ],
              [
                187872.046967,
                649778.187512
              ],
              [
                187879.31267899997,
                649853.093618
              ],
              [
                187894.296937,
                649894.327876
              ],
              [
                187939.547028,
                649943.156554
              ],
              [
                187988.687339,
                649969.546478
              ],
              [
                188030.328079,
                649977.172148
              ],
              [
                188098.48427899997,
                649988.64076
              ],
              [
                188147.70293499995,
                649996.296917
              ],
              [
                188170.312507,
                650022.577849
              ],
              [
                188189.03146900004,
                650078.796681
              ],
              [
                188264.37503599998,
                650180.155974
              ],
              [
                188355.093802,
                650225.390945
              ],
              [
                188324.750015,
                650236.51581
              ],
              [
                188286.796973,
                650251.359381
              ],
              [
                188282.812348,
                650296.281094
              ],
              [
                188282.703057,
                650322.484283
              ],
              [
                188278.796777,
                650352.422183
              ],
              [
                188282.39046100003,
                650397.3591400001
              ],
              [
                188297.390779,
                650434.859448
              ],
              [
                188308.640724,
                650461.093887
              ],
              [
                188335.09350900003,
                650479.90616
              ],
              [
                188346.359514,
                650502.421893
              ],
              [
                188353.84380799998,
                650521.156423
              ],
              [
                188368.82806600002,
                650562.405924
              ],
              [
                188406.703155,
                650566.2656330001
              ],
              [
                188433.187669,
                650577.594002
              ],
              [
                188448.29688699997,
                650585.140405
              ],
              [
                188470.95307499997,
                650603.937434
              ],
              [
                188478.45303800004,
                650622.687207
              ],
              [
                188489.734321,
                650641.437743
              ],
              [
                188516.20316699997,
                650652.765349
              ],
              [
                188546.48427799996,
                650660.35977
              ],
              [
                188607.09350800002,
                650664.312466
              ],
              [
                188675.26576900005,
                650668.297174
              ],
              [
                188770.03144399996,
                650657.37505
              ],
              [
                188854.49428976793,
                650714.4696347901
              ],
              [
                188468.17770500004,
                650718.526749
              ],
              [
                188262.41876300005,
                650706.879786
              ],
              [
                188217.88787800004,
                650717.796575
              ],
              [
                188217.73001300002,
                650767.5025289999
              ],
              [
                188217.55491199996,
                650822.732044
              ],
              [
                188189.56969899999,
                650877.880767
              ],
              [
                188133.80963099998,
                650921.902338
              ],
              [
                188033.62365999998,
                650943.701617
              ],
              [
                187944.579125,
                650960.010871
              ],
              [
                187888.71407500003,
                651037.169999
              ],
              [
                188087.59746299998,
                651463.021556
              ],
              [
                188125.97548199416,
                651504.917133657
              ],
              [
                188169.3120744771,
                651537.7381740815
              ],
              [
                188240.44852589944,
                651539.9471067803
              ],
              [
                188306.27988238382,
                651493.9165627831
              ],
              [
                188323.8599324451,
                651450.6509486635
              ],
              [
                188333.6893603254,
                651379.4790080595
              ],
              [
                188333.4645955084,
                651331.2158719092
              ],
              [
                188399.3214223046,
                651274.2330005817
              ],
              [
                188583.24569300003,
                651265.639797
              ],
              [
                188627.601869,
                651309.9525230001
              ],
              [
                188683.028971,
                651370.8679450001
              ],
              [
                188705.259746,
                651376.45553
              ],
              [
                188788.584315,
                651409.836224
              ],
              [
                188827.39601700002,
                651448.610907
              ],
              [
                188882.805492,
                651515.048366
              ],
              [
                188899.33392899996,
                651564.803862
              ],
              [
                188860.34751700005,
                651581.2586930001
              ],
              [
                188760.2489,
                651575.443977
              ],
              [
                188676.92433199997,
                651542.062521
              ],
              [
                188587.93228900002,
                651541.803378
              ],
              [
                188556.57658164384,
                651568.0878501559
              ],
              [
                188509.74151149858,
                651546.3136508779
              ],
              [
                188456.37438577274,
                651541.4817450282
              ],
              [
                188426.02253204555,
                651569.5655174206
              ],
              [
                188387.87273722858,
                651559.5823030865
              ],
              [
                188360.08470801637,
                651592.7345758729
              ],
              [
                188360.38045119657,
                651656.2387023865
              ],
              [
                188388.5352019522,
                651701.8315464769
              ],
              [
                188442.22173031268,
                651775.2479089613
              ],
              [
                188452.93838773365,
                651894.5883478979
              ],
              [
                188321.13371803844,
                651956.1674551658
              ],
              [
                188408.056956,
                652137.762633
              ],
              [
                188478.26200235693,
                652199.8363511277
              ],
              [
                188541.81337796059,
                652243.2459048725
              ],
              [
                188623.14721463388,
                652304.5124453075
              ],
              [
                188719.75510034716,
                652365.810925294
              ],
              [
                188796.0348501507,
                652409.2470953317
              ],
              [
                188857.01925787993,
                652462.8340251779
              ],
              [
                188910.52633884712,
                652440.0347400485
              ],
              [
                188999.81659555627,
                652348.5767598598
              ],
              [
                189145.5577914772,
                652199.157795432
              ],
              [
                189225.9042305824,
                652125.5490799
              ],
              [
                189319.64137603005,
                652028.5193311265
              ],
              [
                189388.43547566247,
                651952.3367204553
              ],
              [
                189415.60883405758,
                651952.3712405902
              ],
              [
                189399.33324033057,
                651989.9521439036
              ],
              [
                189372.9407368562,
                652043.3614438337
              ],
              [
                189336.0467699974,
                652089.5467530033
              ],
              [
                189294.15610999998,
                652141.812889
              ],
              [
                189244.79682499997,
                652167.843824
              ],
              [
                189210.54675799998,
                652205.171879
              ],
              [
                189176.297082,
                652238.749979
              ],
              [
                189153.406251,
                652276.109283
              ],
              [
                189134.203117,
                652339.6877830001
              ],
              [
                189133.93752799998,
                652399.59407
              ],
              [
                189145.01550500002,
                652470.765466
              ],
              [
                189159.953148,
                652519.484389
              ],
              [
                189182.56232899998,
                652549.515276
              ],
              [
                189257.93762500002,
                652643.374659
              ],
              [
                189352.187399,
                652756.031071
              ],
              [
                189450.32817500003,
                652838.734339
              ],
              [
                189525.765756,
                652917.625153
              ],
              [
                189639.23433200002,
                652962.937867
              ],
              [
                189798.093629,
                653027.125353
              ],
              [
                189892.70300600003,
                653049.921571
              ],
              [
                189960.76558399998,
                653080.109468
              ],
              [
                190009.952902,
                653099.000246
              ],
              [
                190062.9376,
                653110.406358
              ],
              [
                190093.218711,
                653118.000016
              ],
              [
                190184.03110000002,
                653144.530945
              ],
              [
                190129.000031,
                653166.7966819999
              ],
              [
                190128.81239500002,
                653211.734401
              ],
              [
                190151.34362299996,
                653260.484573
              ],
              [
                190173.93752599997,
                653290.51546
              ],
              [
                190173.843512,
                653312.968695
              ],
              [
                190169.90628599998,
                653346.656549
              ],
              [
                190162.265694,
                653361.593869
              ],
              [
                190135.68755699997,
                653380.234649
              ],
              [
                190108.98445999995,
                653421.312659
              ],
              [
                190066.93750200002,
                653507.297137
              ],
              [
                190055.437637,
                653540.9529800001
              ],
              [
                190036.437416,
                653555.85905
              ],
              [
                190002.312309,
                653559.484768
              ],
              [
                189945.46872999996,
                653563.031219
              ],
              [
                189919.01555300003,
                653547.968901
              ],
              [
                189915.343917,
                653521.734462
              ],
              [
                189915.499823,
                653484.312659
              ],
              [
                189934.609335,
                653443.187394
              ],
              [
                189968.953024,
                653383.4061050001
              ],
              [
                189988.06253599998,
                653346.031557
              ],
              [
                190003.35939,
                653312.374952
              ],
              [
                190030.01548,
                653278.7816079999
              ],
              [
                190049.07798399997,
                653252.640918
              ],
              [
                190068.203165,
                653207.780942
              ],
              [
                190060.73453999998,
                653181.547266
              ],
              [
                190030.531381,
                653158.9690330001
              ],
              [
                189951.14051300002,
                653117.5152660001
              ],
              [
                189898.14053800004,
                653109.843865
              ],
              [
                189852.68753300002,
                653105.937662
              ],
              [
                189811.015455,
                653105.796658
              ],
              [
                189765.10922500002,
                653210.469172
              ],
              [
                189703.874802,
                653356.281433
              ],
              [
                189658.06258499995,
                653438.484707
              ],
              [
                189593.29676300002,
                653524.374674
              ],
              [
                189577.93762500002,
                653572.999849
              ],
              [
                189555.078132,
                653602.875249
              ],
              [
                189513.28109399998,
                653632.687389
              ],
              [
                189407.15618299996,
                653639.797059
              ],
              [
                189285.937332,
                653639.3748079999
              ],
              [
                189172.343795,
                653620.265283
              ],
              [
                189043.593642,
                653608.59393
              ],
              [
                188998.15630599996,
                653600.953017
              ],
              [
                188967.843857,
                653600.844024
              ],
              [
                188929.92176099995,
                653611.952883
              ],
              [
                188929.62483400002,
                653679.343837
              ],
              [
                188933.17190199997,
                653739.265368
              ],
              [
                188933.06261000002,
                653765.453314
              ],
              [
                188944.328224,
                653787.9690469999
              ],
              [
                189012.50009400002,
                653791.952993
              ],
              [
                189088.23421000002,
                653803.43761
              ],
              [
                189171.547027,
                653811.20276
              ],
              [
                189262.45303700003,
                653815.265973
              ],
              [
                189387.48454600002,
                653815.703468
              ],
              [
                189485.906189,
                653834.765738
              ],
              [
                189626.015578,
                653850.219057
              ],
              [
                189807.797044,
                653865.812618
              ],
              [
                189860.843635,
                653866.01536
              ],
              [
                189906.312309,
                653862.4216529999
              ],
              [
                189932.84383100003,
                653862.5154019999
              ],
              [
                189955.515688,
                653873.812521
              ],
              [
                189974.40622500004,
                653888.859595
              ],
              [
                189985.67183900002,
                653911.3593230001
              ],
              [
                189985.578217,
                653933.827802
              ],
              [
                189977.781326,
                653986.218936
              ],
              [
                189947.23423399997,
                654042.265515
              ],
              [
                189931.906433,
                654083.406023
              ],
              [
                189931.64045199996,
                654147.047022
              ],
              [
                189931.48454600002,
                654184.484069
              ],
              [
                189957.90638399997,
                654207.047058
              ],
              [
                190007.15637799999,
                654207.203306
              ],
              [
                190075.34391599998,
                654207.453303
              ],
              [
                190098.093727,
                654203.781092
              ],
              [
                190128.437514,
                654196.4061809999
              ],
              [
                190151.21866200003,
                654185.250066
              ],
              [
                190140.5459666378,
                654283.3953464788
              ],
              [
                190132.52969639516,
                654325.728519083
              ],
              [
                190122.22276273242,
                654365.7736285154
              ],
              [
                190109.62586680148,
                654382.9359222704
              ],
              [
                190099.25670491127,
                654394.3099304638
              ],
              [
                189740.07990378022,
                654685.2855970009
              ],
              [
                189480.91049189022,
                654887.3027975657
              ],
              [
                189412.8336415292,
                654940.3672955438
              ],
              [
                189166.08593388225,
                655182.347924876
              ],
              [
                188906.49460367515,
                655436.9246588704
              ],
              [
                188682.2976591257,
                655614.2295137459
              ],
              [
                188557.9902622682,
                655680.19240404
              ],
              [
                188433.75977658888,
                655684.8786932094
              ],
              [
                188417.25248092625,
                655683.7691101797
              ],
              [
                188452.687339,
                655638.625019
              ],
              [
                188471.76551199995,
                655608.734374
              ],
              [
                188532.734346,
                655522.828401
              ],
              [
                188620.374938,
                655407.062271
              ],
              [
                188704.156257,
                655306.265471
              ],
              [
                188738.406325,
                655268.9374170001
              ],
              [
                188772.59371599997,
                655246.593937
              ],
              [
                188787.76561,
                655242.906482
              ],
              [
                188814.28146199998,
                655243.00023
              ],
              [
                188844.546905,
                655254.327837
              ],
              [
                188859.65612299996,
                655265.624957
              ],
              [
                188878.57799799996,
                655269.437411
              ],
              [
                188889.93762600003,
                655269.46866
              ],
              [
                188912.68743599998,
                655269.547165
              ],
              [
                188996.31245700002,
                655198.702748
              ],
              [
                189186.843881,
                654941.015316
              ],
              [
                189224.89054499997,
                654903.703267
              ],
              [
                189228.79682499997,
                654877.515321
              ],
              [
                189213.703276,
                654862.484253
              ],
              [
                189198.62500500004,
                654843.70323
              ],
              [
                189187.34372200002,
                654824.953457
              ],
              [
                189187.43734399998,
                654802.484217
              ],
              [
                189202.687583,
                654780.078238
              ],
              [
                189267.43734399998,
                654697.937463
              ],
              [
                189381.79670199996,
                654533.593414
              ],
              [
                189435.093605,
                654470.124669
              ],
              [
                189446.562524,
                654447.703446
              ],
              [
                189431.562598,
                654410.203138
              ],
              [
                189416.577948,
                654368.984124
              ],
              [
                189378.81254299998,
                654342.640693
              ],
              [
                189348.53103900002,
                654335.047035
              ],
              [
                189287.85952499998,
                654346.062145
              ],
              [
                189268.82796700002,
                654368.468886
              ],
              [
                189242.23455299996,
                654387.093661
              ],
              [
                189219.37506,
                654416.969062
              ],
              [
                189169.875145,
                654476.703096
              ],
              [
                189093.593789,
                654596.249668
              ],
              [
                189044.09387500002,
                654652.234509
              ],
              [
                189021.26572000002,
                654674.625245
              ],
              [
                188972.04706400004,
                654670.703036
              ],
              [
                188930.43766300002,
                654651.843508
              ],
              [
                188900.20316600002,
                654636.765946
              ],
              [
                188862.187448,
                654666.594092
              ],
              [
                188827.93738100003,
                654703.906141
              ],
              [
                188770.906166,
                654748.640356
              ],
              [
                188487.734566,
                654519.2810869999
              ],
              [
                188427.343527,
                654462.906007
              ],
              [
                188359.29700999998,
                654428.984161
              ],
              [
                188344.28141399997,
                654398.984523
              ],
              [
                188344.43732100003,
                654361.5467139999
              ],
              [
                188359.81251900003,
                654305.437637
              ],
              [
                188382.70295900002,
                654271.812281
              ],
              [
                188363.984389,
                654215.593449
              ],
              [
                188348.98446199996,
                654181.843857
              ],
              [
                188356.750015,
                654136.9373880001
              ],
              [
                188436.67206100002,
                654051.093914
              ],
              [
                188573.65627000004,
                653913.046803
              ],
              [
                188668.843833,
                653797.312684
              ],
              [
                188741.35953800002,
                653674.015395
              ],
              [
                188821.218909,
                653603.156496
              ],
              [
                188889.796997,
                653513.531056
              ],
              [
                188920.343698,
                653457.468471
              ],
              [
                188871.34362399997,
                653397.4059359999
              ],
              [
                188758.04701500002,
                653310.90622
              ],
              [
                188723.84356299997,
                653333.234456
              ],
              [
                188678.20292199997,
                653378.015926
              ],
              [
                188521.98424200004,
                653587.140684
              ],
              [
                188320.29688699997,
                653796.109193
              ],
              [
                188164.046869,
                654012.718616
              ],
              [
                188107.45320999995,
                653960.109496
              ],
              [
                188073.40605600004,
                653948.765883
              ],
              [
                188050.624908,
                653959.921998
              ],
              [
                188012.499899,
                654015.953333
              ],
              [
                187993.51573900005,
                654027.109448
              ],
              [
                187974.56252599997,
                654027.046949
              ],
              [
                187944.296692,
                654015.703336
              ],
              [
                187902.687682,
                654004.343717
              ],
              [
                187872.31255699997,
                654015.453339
              ],
              [
                187845.64040599996,
                654052.812643
              ],
              [
                187803.687462,
                654120.062592
              ],
              [
                187769.343772,
                654176.093926
              ],
              [
                187769.218812,
                654206.04707
              ],
              [
                187784.250077,
                654236.062713
              ],
              [
                187810.687584,
                654254.874986
              ],
              [
                187829.546784,
                654277.405963
              ],
              [
                187844.60938599997,
                654296.171743
              ],
              [
                187844.54671000002,
                654311.140312
              ],
              [
                187798.875123,
                654359.656493
              ],
              [
                187764.60938599997,
                654400.718496
              ],
              [
                187771.984389,
                654449.422176
              ],
              [
                187566.45303900004,
                654669.609299
              ],
              [
                187467.406204,
                654800.312749
              ],
              [
                187372.21864099998,
                654912.296913
              ],
              [
                187349.343871,
                654945.922268
              ],
              [
                187330.37498900003,
                654953.343673
              ],
              [
                187307.67179399997,
                654945.765258
              ],
              [
                187281.23428600002,
                654926.952986
              ],
              [
                187269.93733400002,
                654911.953167
              ],
              [
                187247.26547700004,
                654896.890849
              ],
              [
                187175.20299700001,
                654911.624665
              ],
              [
                187163.687463,
                654949.015981
              ],
              [
                187137.077988,
                654971.405954
              ],
              [
                187114.328178,
                654975.06216
              ],
              [
                187091.64065199997,
                654963.749797
              ],
              [
                187061.437494,
                654941.1875700001
              ],
              [
                186996.984268,
                654948.453488
              ],
              [
                186859.921715,
                655108.9690769999
              ],
              [
                186814.18745099998,
                655172.453065
              ],
              [
                186794.999986,
                655232.296854
              ],
              [
                186809.90629100002,
                655292.250397
              ],
              [
                186851.437347,
                655326.093738
              ],
              [
                186874.156211,
                655326.172243
              ],
              [
                186961.53121400002,
                655270.3123999999
              ],
              [
                187060.31246,
                655206.999904
              ],
              [
                187113.43739600002,
                655188.468878
              ],
              [
                187166.45304000005,
                655192.390324
              ],
              [
                187230.81264300004,
                655200.093737
              ],
              [
                187264.89074299997,
                655207.703401
              ],
              [
                187306.64077399997,
                655189.12512
              ],
              [
                187348.51576500002,
                655140.593695
              ],
              [
                187386.45313799998,
                655129.500079
              ],
              [
                187416.71858,
                655140.843692
              ],
              [
                187439.34382199997,
                655167.125386
              ],
              [
                187461.98434099997,
                655185.9216519999
              ],
              [
                187488.453186,
                655197.2500219999
              ],
              [
                187541.546784,
                655186.202899
              ],
              [
                187663.65602600004,
                654980.703098
              ],
              [
                187857.95310000004,
                654723.031671
              ],
              [
                188010.28116999997,
                654540.094097
              ],
              [
                188055.624884,
                654566.452772
              ],
              [
                188116.171829,
                654585.390806
              ],
              [
                188146.452941,
                654589.234509
              ],
              [
                188199.76551300002,
                654525.781008
              ],
              [
                188347.12494400004,
                654619.8751449999
              ],
              [
                188486.93740599998,
                654706.484615
              ],
              [
                188622.890595,
                654811.78136
              ],
              [
                188702.06248800003,
                654901.906033
              ],
              [
                188599.374962,
                654995.156429
              ],
              [
                188591.73436999996,
                655010.093748
              ],
              [
                188587.87509700004,
                655028.812272
              ],
              [
                188583.859526,
                655081.203407
              ],
              [
                188579.937577,
                655114.890499
              ],
              [
                188530.43766300002,
                655174.625295
              ],
              [
                188290.65624599997,
                655432.140473
              ],
              [
                188237.39068099996,
                655484.37536
              ],
              [
                188233.53140799998,
                655503.077878
              ],
              [
                188221.96886700002,
                655547.953097
              ],
              [
                188225.62483400002,
                655581.6722019999
              ],
              [
                188233.07818199997,
                655607.905878
              ],
              [
                188289.68750999996,
                655660.51576
              ],
              [
                188099.15608699998,
                655877.3591740001
              ],
              [
                188092.92565147043,
                655889.9305473614
              ],
              [
                188048.7818258599,
                655872.8581600022
              ],
              [
                188002.2646008993,
                655852.4661518785
              ],
              [
                187956.69743683073,
                655827.3320363732
              ],
              [
                187932.48946461023,
                655811.2082160877
              ],
              [
                187875.0553037905,
                655766.1560120021
              ],
              [
                187802.10880709038,
                655712.9333287263
              ],
              [
                187776.60165044875,
                655694.3229857953
              ],
              [
                187673.12494453834,
                655614.177803911
              ],
              [
                187675.56901948116,
                655610.4795960067
              ],
              [
                187628.90611800004,
                655579.640976
              ],
              [
                187400.51566699997,
                655451.593744
              ],
              [
                187278.06249000004,
                655436.031432
              ],
              [
                187171.375062,
                655552.765539
              ],
              [
                187114.156211,
                655642.437473
              ],
              [
                187076.015532,
                655705.953473
              ],
              [
                187056.859406,
                655754.546635
              ],
              [
                187056.562478,
                655821.952832
              ],
              [
                187080.59825936926,
                655926.0019397011
              ],
              [
                187051.74655778508,
                655901.585255394
              ],
              [
                187010.87220371678,
                655869.5021398872
              ],
              [
                186977.94751045585,
                655851.1896266569
              ],
              [
                186935.180046123,
                655824.7382186574
              ],
              [
                186871.36820716737,
                655786.4180744446
              ],
              [
                186855.7542543962,
                655779.9746614213
              ],
              [
                186800.74117125932,
                655754.8660254613
              ],
              [
                186766.03344858985,
                655739.1040147197
              ],
              [
                186745.52475405682,
                655723.8676105991
              ],
              [
                186727.11951537337,
                655702.8520816015
              ],
              [
                186715.54980704898,
                655679.7344901133
              ],
              [
                186587.19693110988,
                655781.3622046618
              ],
              [
                186642.41404946428,
                655781.8874472894
              ],
              [
                186685.5355955318,
                655793.9716676578
              ],
              [
                186736.0192370728,
                655816.563652525
              ],
              [
                186837.22140605783,
                655879.3656358824
              ],
              [
                186964.48188725905,
                655955.5476564855
              ],
              [
                187048.85500714392,
                656009.8816949454
              ],
              [
                187159.28784154868,
                656078.7084987955
              ],
              [
                187196.62488403008,
                656107.6052151606
              ],
              [
                187220.28946348932,
                656132.8241411524
              ],
              [
                187238.8489556018,
                656164.1789056561
              ],
              [
                187264.6162897587,
                656206.7359342657
              ],
              [
                187292.4877809171,
                656236.1578932584
              ],
              [
                187328.77309547353,
                656260.3259700018
              ],
              [
                187340.852607557,
                656264.8196169197
              ],
              [
                187378.20500908978,
                656278.714921868
              ],
              [
                187349.21237596357,
                656354.242846143
              ],
              [
                187278.15553391026,
                656545.8118997724
              ],
              [
                187216.0453907369,
                656711.6331448475
              ],
              [
                187149.16110393708,
                656892.7111776794
              ],
              [
                187115.50510919245,
                656984.6552090242
              ],
              [
                187100.78091824567,
                656999.3663705173
              ],
              [
                187063.30644998222,
                657105.8235508886
              ],
              [
                187025.40427902935,
                657206.997001543
              ],
              [
                187008.05076827062,
                657256.3840042781
              ],
              [
                186970.18786182685,
                657291.0598455202
              ],
              [
                186929.69563557126,
                657321.0074111338
              ],
              [
                186879.47142025176,
                657349.9259671093
              ],
              [
                186808.47838302585,
                657376.1957423497
              ],
              [
                186735.90845506464,
                657398.787727217
              ],
              [
                186670.700622577,
                657414.0241313375
              ],
              [
                186586.03512232902,
                657432.4127192104
              ],
              [
                186500.5836307453,
                657452.8560504182
              ],
              [
                186430.12907821685,
                657465.8225910425
              ],
              [
                186371.16921075422,
                657478.7894956602
              ],
              [
                186249.63854328718,
                657456.8825465692
              ],
              [
                186215.18882408866,
                657451.0186186354
              ],
              [
                186149.51825176075,
                657439.8403706709
              ],
              [
                185997.9270967479,
                657412.2594908259
              ],
              [
                185969.69942039903,
                657581.8091213715
              ],
              [
                185551.72311084054,
                657510.1493560728
              ],
              [
                185534.48809476127,
                657610.0222579343
              ],
              [
                185599.13079877745,
                657624.4629722533
              ],
              [
                185783.54568117042,
                657654.8837294234
              ],
              [
                185923.98143711564,
                657676.8014263132
              ],
              [
                185884.698506,
                657712.083936
              ],
              [
                185799.250789,
                657809.678792
              ],
              [
                185794.469788,
                657830.262385
              ],
              [
                185755.85002999997,
                657996.525618
              ],
              [
                185446.65223399998,
                657835.094643
              ],
              [
                185249.22292900004,
                657758.671025
              ],
              [
                185172.79859300004,
                657733.195723
              ],
              [
                185153.98835899995,
                657831.12899
              ],
              [
                185134.22701699997,
                657907.545749
              ],
              [
                185095.01614700002,
                657996.674244
              ],
              [
                184991.18282600003,
                658085.705179
              ],
              [
                184803.777367,
                658085.423171
              ],
              [
                184777.553349,
                658161.830783
              ],
              [
                184744.83610099996,
                658244.598075
              ],
              [
                184750.829882,
                658340.165516
              ],
              [
                184795.69099100004,
                658416.679073
              ],
              [
                184795.347449,
                658486.754445
              ],
              [
                184743.274294,
                658563.1231859999
              ],
              [
                184678.30830100004,
                658633.100998
              ],
              [
                184580.68734399998,
                658773.106165
              ],
              [
                184528.739541,
                658823.991982
              ],
              [
                184405.45669100003,
                658925.735416
              ],
              [
                184353.41526699997,
                658995.733045
              ],
              [
                184292.18476099998,
                659021.969008
              ],
              [
                184122.24787800002,
                659021.712914
              ],
              [
                183894.84379,
                659188.896105
              ],
              [
                183715.09106600005,
                659247.999049
              ],
              [
                183477.35366899997,
                658791.211891
              ],
              [
                183759.20006399998,
                658931.1332169999
              ],
              [
                183882.10803300003,
                658905.8362670001
              ],
              [
                183947.011742,
                658848.5991539999
              ],
              [
                183921.756068,
                658727.5205880001
              ],
              [
                183954.317409,
                658676.605045
              ],
              [
                184025.402144,
                658676.712513
              ],
              [
                184147.903895,
                658734.231635
              ],
              [
                184336.1214,
                658568.880738
              ],
              [
                184414.23054400005,
                658454.32877
              ],
              [
                184492.05882100004,
                658397.1107119999
              ],
              [
                184531.05071800004,
                658352.575427
              ],
              [
                184621.928524,
                658269.895787
              ],
              [
                184609.597418,
                658148.837038
              ],
              [
                184551.624496,
                658110.526526
              ],
              [
                184447.79117500002,
                658199.557461
              ],
              [
                184337.58919199998,
                658269.467439
              ],
              [
                184221.64334900002,
                658192.846414
              ],
              [
                184202.60043,
                658122.742079
              ],
              [
                184170.75751199998,
                658027.136528
              ],
              [
                184029.02520699997,
                657937.73517
              ],
              [
                184006.44893099996,
                657823.665666
              ],
              [
                184292.858528,
                657580.193763
              ],
              [
                184373.586352,
                657517.798176
              ],
              [
                184122.933005,
                657237.1171190001
              ],
              [
                184019.724093,
                657198.738772
              ],
              [
                183961.25172200002,
                657262.3561430001
              ],
              [
                183890.01068900002,
                657294.101948
              ],
              [
                183799.819968,
                657236.631607
              ],
              [
                183684.21805899998,
                657089.93521
              ],
              [
                183581.35308100004,
                656981.480729
              ],
              [
                183426.88345199998,
                656853.838218
              ],
              [
                183336.661785,
                656802.737464
              ],
              [
                183297.70083500003,
                656840.902399
              ],
              [
                183219.37310899998,
                657000.04834
              ],
              [
                183167.26900800003,
                657082.786669
              ],
              [
                183101.83412,
                657248.322014
              ],
              [
                183004.52575899998,
                657324.622158
              ],
              [
                182827.011743,
                657240.399854
              ],
              [
                182940.50989450002,
                657050.1334815
              ],
              [
                183054.00804600003,
                656859.867109
              ],
              [
                183079.506589,
                656817.121437
              ],
              [
                183279.14052200003,
                656469.92213
              ],
              [
                183283.15648499998,
                656471.718602
              ],
              [
                183407.234536,
                656527.265948
              ],
              [
                183536.798693,
                656589.358947
              ],
              [
                183556.68734499998,
                656598.890844
              ],
              [
                183605.01913599996,
                656647.298033
              ],
              [
                183656.281028,
                656698.6404
              ],
              [
                183762.98451700003,
                656805.515632
              ],
              [
                183891.09380799998,
                656855.7657860001
              ],
              [
                183905.96603200003,
                656857.880852
              ],
              [
                183983.245895,
                656868.872335
              ],
              [
                184073.11736000003,
                656881.654955
              ],
              [
                184097.515549,
                656885.125187
              ],
              [
                184318.156508,
                656928.7031660001
              ],
              [
                184401.16299600003,
                656952.260808
              ],
              [
                184434.199891,
                656961.637219
              ],
              [
                184447.801752,
                656965.497691
              ],
              [
                184471.928083,
                656972.344407
              ],
              [
                184496.09358699998,
                656979.2033180001
              ],
              [
                184515.84082599997,
                656990.688697
              ],
              [
                184557.05105999997,
                657014.658682
              ],
              [
                184631.297014,
                657057.843373
              ],
              [
                184657.63580699998,
                656972.4816
              ],
              [
                184705.796806,
                656777.015976
              ],
              [
                184641.82814400003,
                656723.5783609999
              ],
              [
                184614.69023299997,
                656690.428609
              ],
              [
                184610.718926,
                656685.522418
              ],
              [
                184577.875151,
                656645.343788
              ],
              [
                184563.83416700002,
                656627.595527
              ],
              [
                184510.359421,
                656560.000308
              ],
              [
                184507.562898,
                656553.011826
              ],
              [
                184481.95310499996,
                656489.015649
              ],
              [
                184485.56245700002,
                656396.9222500001
              ],
              [
                184478.50005000003,
                656333.125004
              ],
              [
                184467.859238,
                656287.015805
              ],
              [
                184428.76549300004,
                656240.765602
              ],
              [
                184425.25015500002,
                656184.078026
              ],
              [
                184332.796831,
                656190.718951
              ],
              [
                184250.984321,
                656218.687363
              ],
              [
                184194.06239600002,
                656246.750286
              ],
              [
                184151.43764400005,
                656196.95287
              ],
              [
                184122.984321,
                656196.812628
              ],
              [
                184076.76549300004,
                656193.046667
              ],
              [
                184034.093734,
                656171.593421
              ],
              [
                183952.35956899996,
                656089.734654
              ],
              [
                183891.95325200004,
                656032.7658309999
              ],
              [
                183810.18735699996,
                655989.859338
              ],
              [
                183728.40618399996,
                655971.765807
              ],
              [
                183650.17208,
                655982.015683
              ],
              [
                183542.81245199998,
                656027.937384
              ],
              [
                183970.40633100003,
                655299.515553
              ],
              [
                183925.203246,
                655247.5154200001
              ],
              [
                183849.484407,
                655164.1094160001
              ],
              [
                183758.609343,
                655076.874953
              ],
              [
                183703.84386300005,
                655029.3122660001
              ],
              [
                183663.95295900002,
                654982.062837
              ],
              [
                183641.25015600002,
                654951.765948
              ],
              [
                183607.17205499997,
                654921.421803
              ],
              [
                183561.718659,
                654902.328283
              ],
              [
                183478.37489600002,
                654890.609675
              ],
              [
                183410.18735699996,
                654901.609542
              ],
              [
                183314.796881,
                654949.531219
              ],
              [
                183200.953033,
                655005.671546
              ],
              [
                183108.500101,
                655005.234051
              ],
              [
                183030.26560499996,
                654997.781397
              ],
              [
                182966.281274,
                654969.124732
              ],
              [
                182916.51577,
                654940.562577
              ],
              [
                182897.1076850471,
                654910.3669788623
              ],
              [
                182963.14226114505,
                654893.2291345256
              ],
              [
                183006.71700992296,
                654883.238291837
              ],
              [
                183052.43424082047,
                654876.1020881084
              ],
              [
                183110.29579247627,
                654871.8202608923
              ],
              [
                183165.29998355662,
                654870.393072636
              ],
              [
                183221.0185147808,
                654867.5386961234
              ],
              [
                183266.73628399044,
                654863.9704630354
              ],
              [
                183301.11235576833,
                654861.7338873973
              ],
              [
                183419.8737832296,
                654830.0507820282
              ],
              [
                183478.48457899998,
                654758.999986
              ],
              [
                183627.90605,
                654667.59408
              ],
              [
                183720.46866400004,
                654497.984088
              ],
              [
                184268.84383799997,
                653345.687811
              ],
              [
                184399.36264615753,
                653126.0599250143
              ],
              [
                184517.78939746832,
                653187.9149686431
              ],
              [
                184862.8683806532,
                652949.1212525861
              ],
              [
                184895.2433879523,
                652851.0717675379
              ],
              [
                184900.1634179441,
                652805.8715270467
              ]
            ]
          ]
        ]
      },
      "properties": {
        "FID": 5,
        "ID": 5,
        "AREA": 25316511.619373,
        "COUNT": 1,
        "LAYER": "SYM",
        "NUMBER": 952,
        "AREA_1": 25315.64,
        "COLOR": 16,
        "DISC_J": "אזור חקלאי / נוף כפרי פתוח",
        "TYPECODE": 303016,
        "TYPENAME": "אזור חקלאי / נוף כפרי פתוח",
        "TCODE": "3",
        "defq": 0
      }
    },
    {
      "type": "Feature",
      "id": 7,
      "geometry": {
        "type": "Polygon",
        "coordinates": [
          [
            [
              186446.928595,
              655034.952442
            ],
            [
              186357.17151300004,
              655171.148965
            ],
            [
              186342.84535299998,
              655355.3258539999
            ],
            [
              186252.612326,
              655641.625745
            ],
            [
              186011.64789999998,
              655791.027139
            ],
            [
              185915.45243,
              655790.746655
            ],
            [
              185846.89275300002,
              655742.786107
            ],
            [
              185785.11774999998,
              655722.1369660001
            ],
            [
              185688.922279,
              655721.856482
            ],
            [
              185627.12573099998,
              655708.030429
            ],
            [
              185579.179398,
              655660.130094
            ],
            [
              185586.54813300003,
              655503.224217
            ],
            [
              185559.215143,
              655455.384095
            ],
            [
              185518.16159899998,
              655400.680488
            ],
            [
              185477.043029,
              655366.446146
            ],
            [
              185456.64630899997,
              655298.157338
            ],
            [
              185456.797907,
              655250.397245
            ],
            [
              185505.06858900003,
              655195.955068
            ],
            [
              185491.49924100004,
              655141.331491
            ],
            [
              185409.21940299997,
              655086.508221
            ],
            [
              185334.005105,
              654970.29926
            ],
            [
              185313.78113599995,
              654847.427271
            ],
            [
              185334.718828,
              654745.144971
            ],
            [
              185389.882299,
              654683.898761
            ],
            [
              185472.465333,
              654643.202606
            ],
            [
              185616.780279,
              654636.800245
            ],
            [
              185664.618105,
              654718.815259
            ],
            [
              185788.12502100004,
              654773.758954
            ],
            [
              186427.20250799996,
              654755.154759
            ],
            [
              186496.086533,
              654700.772032
            ],
            [
              186523.70039100002,
              654659.915057
            ],
            [
              186523.85198799998,
              654612.154964
            ],
            [
              186496.497453,
              654571.137929
            ],
            [
              186537.83225500002,
              654537.143676
            ],
            [
              186585.99482100003,
              654516.8154150001
            ],
            [
              186641.050176,
              654489.684646
            ],
            [
              186730.482518,
              654455.830635
            ],
            [
              186806.08658200002,
              654449.22858
            ],
            [
              186888.474536,
              654469.937171
            ],
            [
              186943.31365999999,
              654511.034998
            ],
            [
              186963.75386,
              654565.677629
            ],
            [
              186949.79553,
              654633.866591
            ],
            [
              186901.459822,
              654708.778033
            ],
            [
              186846.20977900003,
              654797.31431
            ],
            [
              186777.282273,
              654865.34245
            ],
            [
              186687.89302099997,
              654885.551047
            ],
            [
              186564.061757,
              654932.9498640001
            ],
            [
              186446.928595,
              655034.952442
            ]
          ]
        ]
      },
      "properties": {
        "FID": 7,
        "ID": 7,
        "AREA": 1082506.201546,
        "COUNT": 2,
        "LAYER": "SYM",
        "NUMBER": 194,
        "AREA_1": 1082.51,
        "COLOR": 3,
        "DISC_J": "אזור פתוח כפרי",
        "TYPECODE": 303003,
        "TYPENAME": "אזור פתוח כפרי",
        "TCODE": "3",
        "defq": 0
      }
    },
    {
      "type": "Feature",
      "id": 8,
      "geometry": {
        "type": "Polygon",
        "coordinates": [
          [
            [
              186902.04701800004,
              656733.54699
            ],
            [
              186830.01548399997,
              656820.015456
            ],
            [
              186761.78133000003,
              656868.765629
            ],
            [
              186727.65622300003,
              656906.3436809999
            ],
            [
              186685.9532,
              656943.890483
            ],
            [
              186674.56262600003,
              656977.797085
            ],
            [
              186674.54695699998,
              657026.874997
            ],
            [
              186685.890524,
              657060.890592
            ],
            [
              186704.812399,
              657094.953442
            ],
            [
              186723.734274,
              657121.453122
            ],
            [
              186735.093902,
              657136.609188
            ],
            [
              186746.437469,
              657151.765255
            ],
            [
              186761.59369400004,
              657166.937328
            ],
            [
              186761.56235599995,
              657197.125225
            ],
            [
              186746.39046199998,
              657231.015821
            ],
            [
              186704.703108,
              657264.796662
            ],
            [
              186681.95329800004,
              657283.547198
            ],
            [
              186647.84386000002,
              657294.703313
            ],
            [
              186609.953102,
              657294.531059
            ],
            [
              186583.452918,
              657283.0936970001
            ],
            [
              186556.953126,
              657256.546762
            ],
            [
              186534.23426199995,
              657230.015833
            ],
            [
              186496.359566,
              657214.734768
            ],
            [
              186462.26579600002,
              657210.796553
            ],
            [
              186420.57805,
              657221.937425
            ],
            [
              186386.468612,
              657240.640705
            ],
            [
              186333.40635199996,
              657281.906212
            ],
            [
              186303.07823400002,
              657304.40594
            ],
            [
              186276.56238100003,
              657311.828106
            ],
            [
              186212.187501,
              657266.234145
            ],
            [
              186155.406206,
              657190.484299
            ],
            [
              186136.48433,
              657145.093842
            ],
            [
              186144.09358500002,
              657107.390792
            ],
            [
              186166.85945600003,
              657050.874707
            ],
            [
              186166.87512500002,
              657024.468776
            ],
            [
              186140.37494100002,
              656990.374677
            ],
            [
              186083.5627,
              656959.906295
            ],
            [
              186019.18742800003,
              656944.515475
            ],
            [
              185958.562529,
              656932.906622
            ],
            [
              185939.624984,
              656925.2657079999
            ],
            [
              185909.32820400002,
              656913.7970970001
            ],
            [
              185886.640678,
              656845.749901
            ],
            [
              185898.06259,
              656747.671819
            ],
            [
              185913.250153,
              656702.452854
            ],
            [
              185954.937507,
              656680.015625
            ],
            [
              186015.546737,
              656684.062832
            ],
            [
              186079.952956,
              656695.6876920001
            ],
            [
              186148.15616300004,
              656692.234227
            ],
            [
              186216.35936999996,
              656666.156037
            ],
            [
              186265.62503300002,
              656636.187649
            ],
            [
              186314.906365,
              656591.124932
            ],
            [
              186352.82806900004,
              656534.687352
            ],
            [
              186368.03130000003,
              656470.593615
            ],
            [
              186368.062638,
              656413.984544
            ],
            [
              186371.87490399997,
              656364.937881
            ],
            [
              186360.593621,
              656255.437681
            ],
            [
              186334.109498,
              656194.921644
            ],
            [
              186326.546859,
              656164.687254
            ],
            [
              186326.593866,
              656100.531018
            ],
            [
              186353.12499599997,
              656078.015284
            ],
            [
              186459.21896099998,
              656063.42171
            ],
            [
              186519.82819100004,
              656063.702957
            ],
            [
              186553.937629,
              656063.859205
            ],
            [
              186576.656493,
              656071.515363
            ],
            [
              186595.57797600003,
              656094.26585
            ],
            [
              186599.327958,
              656162.20329
            ],
            [
              186599.281343,
              656230.155974
            ],
            [
              186610.593964,
              656305.687835
            ],
            [
              186610.54695699998,
              656388.718843
            ],
            [
              186655.98429300002,
              656434.219055
            ],
            [
              186690.062393,
              656457.031279
            ],
            [
              186724.14049300004,
              656483.609464
            ],
            [
              186754.452943,
              656483.749706
            ],
            [
              186784.765784,
              656483.905954
            ],
            [
              186803.718605,
              656461.343727
            ],
            [
              186845.40635199996,
              656427.562886
            ],
            [
              186879.89067,
              656390.437573
            ],
            [
              186887.57827,
              656364.2343830001
            ],
            [
              186918.062295,
              656323.156374
            ],
            [
              186940.81249699998,
              656319.500168
            ],
            [
              186974.84359,
              656334.593736
            ],
            [
              187005.04674799996,
              656360.905918
            ],
            [
              187035.26557499997,
              656383.468907
            ],
            [
              187065.453065,
              656409.7810889999
            ],
            [
              187084.24997999996,
              656443.546686
            ],
            [
              187084.14068900002,
              656469.749876
            ],
            [
              187068.84383499995,
              656503.406481
            ],
            [
              187042.17207600002,
              656540.734535
            ],
            [
              186973.577927,
              656634.109168
            ],
            [
              186902.04701800004,
              656733.54699
            ]
          ]
        ]
      },
      "properties": {
        "FID": 8,
        "ID": 8,
        "AREA": 697329.56746,
        "COUNT": 2,
        "LAYER": "SYM",
        "NUMBER": 193,
        "AREA_1": 697.33,
        "COLOR": 3,
        "DISC_J": "אזור פתוח כפרי",
        "TYPECODE": 303003,
        "TYPENAME": "אזור פתוח כפרי",
        "TCODE": "3",
        "defq": 0
      }
    },
    {
      "type": "Feature",
      "id": 10,
      "geometry": {
        "type": "Polygon",
        "coordinates": [
          [
            [
              184292.18476099998,
              659021.969008
            ],
            [
              184319.891849,
              659147.654226
            ],
            [
              184447.070794,
              659203.6878470001
            ],
            [
              184588.753349,
              659189.9403
            ],
            [
              184674.132514,
              659106.306403
            ],
            [
              184802.27000999998,
              658966.8949790001
            ],
            [
              184916.31442100002,
              658813.501255
            ],
            [
              185001.762138,
              658715.907161
            ],
            [
              185200.0219,
              658716.205176
            ],
            [
              185341.567744,
              658730.378785
            ],
            [
              185454.79070899996,
              658744.509712
            ],
            [
              185469.225768,
              658688.689503
            ],
            [
              185427.084013,
              658618.8237320001
            ],
            [
              185498.233382,
              658549.12869
            ],
            [
              185625.68614300003,
              658549.320761
            ],
            [
              185725.08983900002,
              658493.6285999999
            ],
            [
              185739.66200300003,
              658409.887234
            ],
            [
              185654.83007699996,
              658381.838793
            ],
            [
              185612.61977,
              658325.933981
            ],
            [
              185698.272751,
              658186.458534
            ],
            [
              185755.46614000003,
              658074.860798
            ],
            [
              185755.85002999997,
              657996.525618
            ],
            [
              185794.469788,
              657830.262385
            ],
            [
              185799.250789,
              657809.678792
            ],
            [
              185884.698506,
              657712.083936
            ],
            [
              185923.98143711564,
              657676.8014263132
            ],
            [
              185953.85408748442,
              657681.46362713
            ],
            [
              185917.09549536172,
              657868.2425262353
            ],
            [
              186112.4259113099,
              657901.5333721912
            ],
            [
              186129.67845618783,
              657964.9446806759
            ],
            [
              186135.42369526485,
              657998.809544389
            ],
            [
              186133.12602032523,
              658034.9701151375
            ],
            [
              186119.89738648746,
              658071.98789059
            ],
            [
              186099.78975086974,
              658100.6869584819
            ],
            [
              186068.19233824988,
              658127.0903193387
            ],
            [
              186030.27544310607,
              658164.9729433586
            ],
            [
              186081.98049134365,
              658232.7026707851
            ],
            [
              186118.42076048104,
              658204.3497607162
            ],
            [
              186141.40101563733,
              658182.538541917
            ],
            [
              186162.08289470198,
              658160.1533053606
            ],
            [
              186183.9139618124,
              658135.472361769
            ],
            [
              186200.88097641148,
              658099.7110690144
            ],
            [
              186207.46004659217,
              658085.8443953336
            ],
            [
              186216.65214865468,
              658034.7604548787
            ],
            [
              186218.9505247462,
              658001.4692449293
            ],
            [
              186208.0342900391,
              657933.1658637391
            ],
            [
              186334.0348011864,
              657951.6891292087
            ],
            [
              186345.52457818855,
              658003.3474514143
            ],
            [
              186454.67991374072,
              658003.3474514143
            ],
            [
              186523.61997805745,
              658002.1994159
            ],
            [
              186575.15534752328,
              658010.6724567064
            ],
            [
              186639.24344034703,
              658029.1425791244
            ],
            [
              186682.79058564815,
              658049.6648969229
            ],
            [
              186727.9805299678,
              658077.1646062164
            ],
            [
              186782.33663372777,
              658129.3852983869
            ],
            [
              186841.52928363776,
              658205.0573640896
            ],
            [
              186771.79670617776,
              658248.0357223355
            ],
            [
              186601.58386796887,
              658352.9431932054
            ],
            [
              186708.808776,
              658533.295803
            ],
            [
              186559.70185900002,
              658478.406223
            ],
            [
              186371.223858,
              658409.0229150001
            ],
            [
              185976.96184300003,
              658456.066554
            ],
            [
              185857.155943,
              658689.836592
            ],
            [
              185752.68411000003,
              658821.276314
            ],
            [
              185574.408973,
              658879.495122
            ],
            [
              185396.13344400004,
              658937.7146920001
            ],
            [
              185173.934595,
              658878.892995
            ],
            [
              185010.49172599998,
              658937.1339060001
            ],
            [
              184876.427042,
              659053.907647
            ],
            [
              184757.051256,
              659199.946277
            ],
            [
              184756.262322,
              659360.785795
            ],
            [
              184637.675078,
              659345.9856690001
            ],
            [
              184519.01614800002,
              659345.806555
            ],
            [
              184177.584884,
              659403.780702
            ],
            [
              183836.512048,
              659388.645214
            ],
            [
              183758.845553,
              659366.6919730001
            ],
            [
              183715.09106600005,
              659247.999049
            ],
            [
              183894.84379,
              659188.896105
            ],
            [
              184122.24787800002,
              659021.712914
            ],
            [
              184292.18476099998,
              659021.969008
            ]
          ]
        ]
      },
      "properties": {
        "FID": 10,
        "ID": 10,
        "AREA": 1032575.625281,
        "COUNT": 1,
        "LAYER": "SYM",
        "NUMBER": 63,
        "AREA_1": 1032.58,
        "COLOR": 18,
        "DISC_J": "אזור נחל וסביבותיו",
        "TYPECODE": 303018,
        "TYPENAME": "אזור נחל וסביבותיו",
        "TCODE": "3",
        "defq": 0
      }
    },
    {
      "type": "Feature",
      "id": 149,
      "geometry": {
        "type": "Polygon",
        "coordinates": [
          [
            [
              184292.18476099998,
              659021.969008
            ],
            [
              184353.41526699997,
              658995.733045
            ],
            [
              184405.45669100003,
              658925.735416
            ],
            [
              184528.739541,
              658823.991982
            ],
            [
              184580.68734399998,
              658773.106165
            ],
            [
              184678.30830100004,
              658633.100998
            ],
            [
              184743.274294,
              658563.1231859999
            ],
            [
              184795.347449,
              658486.754445
            ],
            [
              184795.69099100004,
              658416.679073
            ],
            [
              184750.829882,
              658340.165516
            ],
            [
              184744.83610099996,
              658244.598075
            ],
            [
              184777.553349,
              658161.830783
            ],
            [
              184803.777367,
              658085.423171
            ],
            [
              184991.18282600003,
              658085.705179
            ],
            [
              185095.01614700002,
              657996.674244
            ],
            [
              185134.22701699997,
              657907.545749
            ],
            [
              185153.98835899995,
              657831.12899
            ],
            [
              185172.79859300004,
              657733.195723
            ],
            [
              185249.22292900004,
              657758.671025
            ],
            [
              185446.65223399998,
              657835.094643
            ],
            [
              185755.85002999997,
              657996.525618
            ],
            [
              185755.46614000003,
              658074.860798
            ],
            [
              185698.272751,
              658186.458534
            ],
            [
              185612.61977,
              658325.933981
            ],
            [
              185654.83007699996,
              658381.838793
            ],
            [
              185739.66200300003,
              658409.887234
            ],
            [
              185725.08983900002,
              658493.6285999999
            ],
            [
              185625.68614300003,
              658549.320761
            ],
            [
              185498.233382,
              658549.12869
            ],
            [
              185427.084013,
              658618.8237320001
            ],
            [
              185469.225768,
              658688.689503
            ],
            [
              185454.79070899996,
              658744.509712
            ],
            [
              185341.567744,
              658730.378785
            ],
            [
              185200.0219,
              658716.205176
            ],
            [
              185001.762138,
              658715.907161
            ],
            [
              184916.31442100002,
              658813.501255
            ],
            [
              184802.27000999998,
              658966.8949790001
            ],
            [
              184674.132514,
              659106.306403
            ],
            [
              184588.753349,
              659189.9403
            ],
            [
              184447.070794,
              659203.6878470001
            ],
            [
              184319.891849,
              659147.654226
            ],
            [
              184292.18476099998,
              659021.969008
            ]
          ]
        ]
      },
      "properties": {
        "FID": 149,
        "ID": 181,
        "AREA": 894915.860201,
        "COUNT": 1,
        "LAYER": "SYM",
        "NUMBER": 192,
        "AREA_1": 894.92,
        "COLOR": 3,
        "DISC_J": "אזור פתוח כפרי",
        "TYPECODE": 303003,
        "TYPENAME": "אזור פתוח כפרי",
        "TCODE": "3",
        "defq": 0
      }
    },
    {
      "type": "Feature",
      "id": 170,
      "geometry": {
        "type": "Polygon",
        "coordinates": [
          [
            [
              188289.68750999996,
              655660.51576
            ],
            [
              188233.07818199997,
              655607.905878
            ],
            [
              188225.62483400002,
              655581.6722019999
            ],
            [
              188221.96886700002,
              655547.953097
            ],
            [
              188233.53140799998,
              655503.077878
            ],
            [
              188237.39068099996,
              655484.37536
            ],
            [
              188290.65624599997,
              655432.140473
            ],
            [
              188530.43766300002,
              655174.625295
            ],
            [
              188579.937577,
              655114.890499
            ],
            [
              188583.859526,
              655081.203407
            ],
            [
              188587.87509700004,
              655028.812272
            ],
            [
              188591.73436999996,
              655010.093748
            ],
            [
              188599.374962,
              654995.156429
            ],
            [
              188702.06248800003,
              654901.906033
            ],
            [
              188622.890595,
              654811.78136
            ],
            [
              188486.93740599998,
              654706.484615
            ],
            [
              188347.12494400004,
              654619.8751449999
            ],
            [
              188199.76551300002,
              654525.781008
            ],
            [
              188146.452941,
              654589.234509
            ],
            [
              188116.171829,
              654585.390806
            ],
            [
              188055.624884,
              654566.452772
            ],
            [
              188010.28116999997,
              654540.094097
            ],
            [
              187857.95310000004,
              654723.031671
            ],
            [
              187663.65602600004,
              654980.703098
            ],
            [
              187541.546784,
              655186.202899
            ],
            [
              187488.453186,
              655197.2500219999
            ],
            [
              187461.98434099997,
              655185.9216519999
            ],
            [
              187439.34382199997,
              655167.125386
            ],
            [
              187416.71858,
              655140.843692
            ],
            [
              187386.45313799998,
              655129.500079
            ],
            [
              187348.51576500002,
              655140.593695
            ],
            [
              187306.64077399997,
              655189.12512
            ],
            [
              187264.89074299997,
              655207.703401
            ],
            [
              187230.81264300004,
              655200.093737
            ],
            [
              187166.45304000005,
              655192.390324
            ],
            [
              187113.43739600002,
              655188.468878
            ],
            [
              187060.31246,
              655206.999904
            ],
            [
              186961.53121400002,
              655270.3123999999
            ],
            [
              186874.156211,
              655326.172243
            ],
            [
              186851.437347,
              655326.093738
            ],
            [
              186809.90629100002,
              655292.250397
            ],
            [
              186794.999986,
              655232.296854
            ],
            [
              186814.18745099998,
              655172.453065
            ],
            [
              186859.921715,
              655108.9690769999
            ],
            [
              186996.984268,
              654948.453488
            ],
            [
              187061.437494,
              654941.1875700001
            ],
            [
              187091.64065199997,
              654963.749797
            ],
            [
              187114.328178,
              654975.06216
            ],
            [
              187137.077988,
              654971.405954
            ],
            [
              187163.687463,
              654949.015981
            ],
            [
              187175.20299700001,
              654911.624665
            ],
            [
              187247.26547700004,
              654896.890849
            ],
            [
              187269.93733400002,
              654911.953167
            ],
            [
              187281.23428600002,
              654926.952986
            ],
            [
              187307.67179399997,
              654945.765258
            ],
            [
              187330.37498900003,
              654953.343673
            ],
            [
              187349.343871,
              654945.922268
            ],
            [
              187372.21864099998,
              654912.296913
            ],
            [
              187467.406204,
              654800.312749
            ],
            [
              187566.45303900004,
              654669.609299
            ],
            [
              187771.984389,
              654449.422176
            ],
            [
              187764.60938599997,
              654400.718496
            ],
            [
              187798.875123,
              654359.656493
            ],
            [
              187844.54671000002,
              654311.140312
            ],
            [
              187844.60938599997,
              654296.171743
            ],
            [
              187829.546784,
              654277.405963
            ],
            [
              187810.687584,
              654254.874986
            ],
            [
              187784.250077,
              654236.062713
            ],
            [
              187769.218812,
              654206.04707
            ],
            [
              187769.343772,
              654176.093926
            ],
            [
              187803.687462,
              654120.062592
            ],
            [
              187845.64040599996,
              654052.812643
            ],
            [
              187872.31255699997,
              654015.453339
            ],
            [
              187902.687682,
              654004.343717
            ],
            [
              187944.296692,
              654015.703336
            ],
            [
              187974.56252599997,
              654027.046949
            ],
            [
              187993.51573900005,
              654027.109448
            ],
            [
              188012.499899,
              654015.953333
            ],
            [
              188050.624908,
              653959.921998
            ],
            [
              188073.40605600004,
              653948.765883
            ],
            [
              188107.45320999995,
              653960.109496
            ],
            [
              188164.046869,
              654012.718616
            ],
            [
              188320.29688699997,
              653796.109193
            ],
            [
              188521.98424200004,
              653587.140684
            ],
            [
              188678.20292199997,
              653378.015926
            ],
            [
              188723.84356299997,
              653333.234456
            ],
            [
              188758.04701500002,
              653310.90622
            ],
            [
              188871.34362399997,
              653397.4059359999
            ],
            [
              188920.343698,
              653457.468471
            ],
            [
              188889.796997,
              653513.531056
            ],
            [
              188821.218909,
              653603.156496
            ],
            [
              188741.35953800002,
              653674.015395
            ],
            [
              188668.843833,
              653797.312684
            ],
            [
              188573.65627000004,
              653913.046803
            ],
            [
              188436.67206100002,
              654051.093914
            ],
            [
              188356.750015,
              654136.9373880001
            ],
            [
              188348.98446199996,
              654181.843857
            ],
            [
              188363.984389,
              654215.593449
            ],
            [
              188382.70295900002,
              654271.812281
            ],
            [
              188359.81251900003,
              654305.437637
            ],
            [
              188344.43732100003,
              654361.5467139999
            ],
            [
              188344.28141399997,
              654398.984523
            ],
            [
              188359.29700999998,
              654428.984161
            ],
            [
              188427.343527,
              654462.906007
            ],
            [
              188487.734566,
              654519.2810869999
            ],
            [
              188770.906166,
              654748.640356
            ],
            [
              188827.93738100003,
              654703.906141
            ],
            [
              188862.187448,
              654666.594092
            ],
            [
              188900.20316600002,
              654636.765946
            ],
            [
              188930.43766300002,
              654651.843508
            ],
            [
              188972.04706400004,
              654670.703036
            ],
            [
              189021.26572000002,
              654674.625245
            ],
            [
              189044.09387500002,
              654652.234509
            ],
            [
              189093.593789,
              654596.249668
            ],
            [
              189169.875145,
              654476.703096
            ],
            [
              189219.37506,
              654416.969062
            ],
            [
              189242.23455299996,
              654387.093661
            ],
            [
              189268.82796700002,
              654368.468886
            ],
            [
              189287.85952499998,
              654346.062145
            ],
            [
              189348.53103900002,
              654335.047035
            ],
            [
              189378.81254299998,
              654342.640693
            ],
            [
              189416.577948,
              654368.984124
            ],
            [
              189431.562598,
              654410.203138
            ],
            [
              189446.562524,
              654447.703446
            ],
            [
              189435.093605,
              654470.124669
            ],
            [
              189381.79670199996,
              654533.593414
            ],
            [
              189267.43734399998,
              654697.937463
            ],
            [
              189202.687583,
              654780.078238
            ],
            [
              189187.43734399998,
              654802.484217
            ],
            [
              189187.34372200002,
              654824.953457
            ],
            [
              189198.62500500004,
              654843.70323
            ],
            [
              189213.703276,
              654862.484253
            ],
            [
              189228.79682499997,
              654877.515321
            ],
            [
              189224.89054499997,
              654903.703267
            ],
            [
              189186.843881,
              654941.015316
            ],
            [
              188996.31245700002,
              655198.702748
            ],
            [
              188912.68743599998,
              655269.547165
            ],
            [
              188889.93762600003,
              655269.46866
            ],
            [
              188878.57799799996,
              655269.437411
            ],
            [
              188859.65612299996,
              655265.624957
            ],
            [
              188844.546905,
              655254.327837
            ],
            [
              188814.28146199998,
              655243.00023
            ],
            [
              188787.76561,
              655242.906482
            ],
            [
              188772.59371599997,
              655246.593937
            ],
            [
              188738.406325,
              655268.9374170001
            ],
            [
              188704.156257,
              655306.265471
            ],
            [
              188620.374938,
              655407.062271
            ],
            [
              188532.734346,
              655522.828401
            ],
            [
              188471.76551199995,
              655608.734374
            ],
            [
              188452.687339,
              655638.625019
            ],
            [
              188417.25248092625,
              655683.7691101797
            ],
            [
              188414.59366800002,
              655687.1564440001
            ],
            [
              188372.797022,
              655716.95334
            ],
            [
              188289.68750999996,
              655660.51576
            ]
          ]
        ]
      },
      "properties": {
        "FID": 170,
        "ID": 204,
        "AREA": 1414462.84115,
        "COUNT": 1,
        "LAYER": "SYM",
        "NUMBER": 196,
        "AREA_1": 1414.46,
        "COLOR": 3,
        "DISC_J": "אזור פתוח כפרי",
        "TYPECODE": 303003,
        "TYPENAME": "אזור פתוח כפרי",
        "TCODE": "3",
        "defq": 0
      }
    },
    {
      "type": "Feature",
      "id": 259,
      "geometry": {
        "type": "Polygon",
        "coordinates": [
          [
            [
              183283.15648499998,
              656471.718602
            ],
            [
              183542.81245199998,
              656027.937384
            ],
            [
              183650.17208,
              655982.015683
            ],
            [
              183728.40618399996,
              655971.765807
            ],
            [
              183810.18735699996,
              655989.859338
            ],
            [
              183891.95325200004,
              656032.7658309999
            ],
            [
              183952.35956899996,
              656089.734654
            ],
            [
              184034.093734,
              656171.593421
            ],
            [
              184076.76549300004,
              656193.046667
            ],
            [
              184122.984321,
              656196.812628
            ],
            [
              184151.43764400005,
              656196.95287
            ],
            [
              184194.06239600002,
              656246.750286
            ],
            [
              184250.984321,
              656218.687363
            ],
            [
              184332.796831,
              656190.718951
            ],
            [
              184425.25015500002,
              656184.078026
            ],
            [
              184428.76549300004,
              656240.765602
            ],
            [
              184467.859238,
              656287.015805
            ],
            [
              184478.50005000003,
              656333.125004
            ],
            [
              184485.56245700002,
              656396.9222500001
            ],
            [
              184481.95310499996,
              656489.015649
            ],
            [
              184507.562898,
              656553.011826
            ],
            [
              184510.359421,
              656560.000308
            ],
            [
              184563.83416700002,
              656627.595527
            ],
            [
              184577.875151,
              656645.343788
            ],
            [
              184610.718926,
              656685.522418
            ],
            [
              184614.69023299997,
              656690.428609
            ],
            [
              184641.82814400003,
              656723.5783609999
            ],
            [
              184705.796806,
              656777.015976
            ],
            [
              184657.63580699998,
              656972.4816
            ],
            [
              184631.297014,
              657057.843373
            ],
            [
              184557.05105999997,
              657014.658682
            ],
            [
              184515.84082599997,
              656990.688697
            ],
            [
              184496.09358699998,
              656979.2033180001
            ],
            [
              184471.928083,
              656972.344407
            ],
            [
              184447.801752,
              656965.497691
            ],
            [
              184434.199891,
              656961.637219
            ],
            [
              184401.16299600003,
              656952.260808
            ],
            [
              184318.156508,
              656928.7031660001
            ],
            [
              184097.515549,
              656885.125187
            ],
            [
              184073.11736000003,
              656881.654955
            ],
            [
              183983.245895,
              656868.872335
            ],
            [
              183905.96603200003,
              656857.880852
            ],
            [
              183891.09380799998,
              656855.7657860001
            ],
            [
              183762.98451700003,
              656805.515632
            ],
            [
              183656.281028,
              656698.6404
            ],
            [
              183605.01913599996,
              656647.298033
            ],
            [
              183556.68734499998,
              656598.890844
            ],
            [
              183536.798693,
              656589.358947
            ],
            [
              183407.234536,
              656527.265948
            ],
            [
              183283.15648499998,
              656471.718602
            ]
          ]
        ]
      },
      "properties": {
        "FID": 259,
        "ID": 333,
        "AREA": 834305.374147,
        "COUNT": 1,
        "LAYER": "SYM",
        "NUMBER": 37,
        "AREA_1": 834.31,
        "COLOR": 1,
        "DISC_J": "אזור פיתוח  עירוני",
        "TYPECODE": 303001,
        "TYPENAME": "אזור פיתוח  עירוני",
        "TCODE": "3",
        "defq": 0
      }
    },
    {
      "type": "Feature",
      "id": 356,
      "geometry": {
        "type": "Polygon",
        "coordinates": [
          [
            [
              183265.79291836533,
              658454.5990665136
            ],
            [
              183265.25466099998,
              658453.742649
            ],
            [
              183143.32561199996,
              658259.742709
            ],
            [
              182708.09035800002,
              657644.276067
            ],
            [
              182628.06998799997,
              657544.306239
            ],
            [
              182827.011743,
              657240.399854
            ],
            [
              183004.52575899998,
              657324.622158
            ],
            [
              183101.83412,
              657248.322014
            ],
            [
              183167.26900800003,
              657082.786669
            ],
            [
              183219.37310899998,
              657000.04834
            ],
            [
              183297.70083500003,
              656840.902399
            ],
            [
              183336.661785,
              656802.737464
            ],
            [
              183426.88345199998,
              656853.838218
            ],
            [
              183581.35308100004,
              656981.480729
            ],
            [
              183684.21805899998,
              657089.93521
            ],
            [
              183799.819968,
              657236.631607
            ],
            [
              183890.01068900002,
              657294.101948
            ],
            [
              183961.25172200002,
              657262.3561430001
            ],
            [
              184019.724093,
              657198.738772
            ],
            [
              184122.933005,
              657237.1171190001
            ],
            [
              184373.586352,
              657517.798176
            ],
            [
              184292.858528,
              657580.193763
            ],
            [
              184006.44893099996,
              657823.665666
            ],
            [
              183265.79291836533,
              658454.5990665136
            ]
          ]
        ]
      },
      "properties": {
        "FID": 356,
        "ID": 472,
        "AREA": 1392598.765609,
        "COUNT": 1,
        "LAYER": "SYM",
        "NUMBER": 191,
        "AREA_1": 1391.38,
        "COLOR": 3,
        "DISC_J": "אזור פתוח כפרי",
        "TYPECODE": 303003,
        "TYPENAME": "אזור פתוח כפרי",
        "TCODE": "3",
        "defq": 0
      }
    },
    {
      "type": "Feature",
      "id": 357,
      "geometry": {
        "type": "Polygon",
        "coordinates": [
          [
            [
              183265.79291836533,
              658454.5990665136
            ],
            [
              184006.44893099996,
              657823.665666
            ],
            [
              184029.02520699997,
              657937.73517
            ],
            [
              184170.75751199998,
              658027.136528
            ],
            [
              184202.60043,
              658122.742079
            ],
            [
              184221.64334900002,
              658192.846414
            ],
            [
              184337.58919199998,
              658269.467439
            ],
            [
              184447.79117500002,
              658199.557461
            ],
            [
              184551.624496,
              658110.526526
            ],
            [
              184609.597418,
              658148.837038
            ],
            [
              184621.928524,
              658269.895787
            ],
            [
              184531.05071800004,
              658352.575427
            ],
            [
              184492.05882100004,
              658397.1107119999
            ],
            [
              184414.23054400005,
              658454.32877
            ],
            [
              184336.1214,
              658568.880738
            ],
            [
              184147.903895,
              658734.231635
            ],
            [
              184025.402144,
              658676.712513
            ],
            [
              183954.317409,
              658676.605045
            ],
            [
              183921.756068,
              658727.5205880001
            ],
            [
              183947.011742,
              658848.5991539999
            ],
            [
              183882.10803300003,
              658905.8362670001
            ],
            [
              183759.20006399998,
              658931.1332169999
            ],
            [
              183477.35366899997,
              658791.211891
            ],
            [
              183265.79291836533,
              658454.5990665136
            ]
          ]
        ]
      },
      "properties": {
        "FID": 357,
        "ID": 473,
        "AREA": 738330.557241,
        "COUNT": 1,
        "LAYER": "SYM",
        "NUMBER": 1020,
        "AREA_1": 738.33,
        "COLOR": 3,
        "DISC_J": "אזור פתוח כפרי",
        "TYPECODE": 303003,
        "TYPENAME": "אזור פתוח כפרי",
        "TCODE": "3",
        "defq": 0
      }
    },
    {
      "type": "Feature",
      "id": 473,
      "geometry": {
        "type": "Polygon",
        "coordinates": [
          [
            [
              182510.98422500002,
              655445.077817
            ],
            [
              182494.983441,
              655385.998501
            ],
            [
              182418.671922,
              655104.234378
            ],
            [
              182303.250598,
              654712.592773
            ],
            [
              182795.81242899998,
              654628.234037
            ],
            [
              182852.56238599995,
              654841.062256
            ],
            [
              182897.1076850471,
              654910.3669788623
            ],
            [
              182916.51577,
              654940.562577
            ],
            [
              182966.281274,
              654969.124732
            ],
            [
              183030.26560499996,
              654997.781397
            ],
            [
              183108.500101,
              655005.234051
            ],
            [
              183200.953033,
              655005.671546
            ],
            [
              183314.796881,
              654949.531219
            ],
            [
              183410.18735699996,
              654901.609542
            ],
            [
              183478.37489600002,
              654890.609675
            ],
            [
              183561.718659,
              654902.328283
            ],
            [
              183607.17205499997,
              654921.421803
            ],
            [
              183641.25015600002,
              654951.765948
            ],
            [
              183663.95295900002,
              654982.062837
            ],
            [
              183703.84386300005,
              655029.3122660001
            ],
            [
              183758.609343,
              655076.874953
            ],
            [
              183849.484407,
              655164.1094160001
            ],
            [
              183925.203246,
              655247.5154200001
            ],
            [
              183970.40633100003,
              655299.515553
            ],
            [
              183542.81245199998,
              656027.937384
            ],
            [
              183283.15648499998,
              656471.718602
            ],
            [
              183279.14052200003,
              656469.92213
            ],
            [
              183079.506589,
              656817.121437
            ],
            [
              183054.00804600003,
              656859.867109
            ],
            [
              182940.50989450002,
              657050.1334815
            ],
            [
              182827.011743,
              657240.399854
            ],
            [
              182628.06998799997,
              657544.306239
            ],
            [
              182478.50906299998,
              657336.350675
            ],
            [
              182294.53041200002,
              657095.13408
            ],
            [
              182139.170393,
              656788.5021180001
            ],
            [
              182049.22528299998,
              656543.197158
            ],
            [
              181995.54047791913,
              656265.5946787932
            ],
            [
              182167.30597326206,
              656200.2254641858
            ],
            [
              182370.69427711226,
              656111.1750057704
            ],
            [
              182515.07496286614,
              656049.71746602
            ],
            [
              182695.86492516322,
              655949.3788880587
            ],
            [
              182776.3970747417,
              655898.1280409317
            ],
            [
              182695.17265581503,
              655798.952510994
            ],
            [
              182603.62191860855,
              655682.8691963885
            ],
            [
              182571.13120814596,
              655595.8741851099
            ],
            [
              182568.40638199996,
              655588.578368
            ],
            [
              182510.98422500002,
              655445.077817
            ]
          ]
        ]
      },
      "properties": {
        "FID": 473,
        "ID": 637,
        "AREA": 2753061.739634,
        "COUNT": 1,
        "LAYER": "SYM",
        "NUMBER": 526,
        "AREA_1": 2753.06,
        "COLOR": 8,
        "DISC_J": "מוסד",
        "TYPECODE": 303008,
        "TYPENAME": "מוסד",
        "TCODE": "3",
        "defq": 0
      }
    },
    {
      "type": "Feature",
      "id": 504,
      "geometry": {
        "type": "Polygon",
        "coordinates": [
          [
            [
              182747.171959,
              653488.875104
            ],
            [
              182928.74384400004,
              653411.733056
            ],
            [
              183110.31799400004,
              653334.583485
            ],
            [
              183278.74328978296,
              653247.0998994991
            ],
            [
              183594.40487969667,
              653083.6983317992
            ],
            [
              183613.95084743723,
              653073.3996531706
            ],
            [
              183733.30119257042,
              652912.7926454678
            ],
            [
              183786.65226247397,
              652806.0374039614
            ],
            [
              183958.7886649074,
              652895.94533916
            ],
            [
              184399.36264615753,
              653126.0599250143
            ],
            [
              184268.84383799997,
              653345.687811
            ],
            [
              183720.46866400004,
              654497.984088
            ],
            [
              183627.90605,
              654667.59408
            ],
            [
              183478.48457899998,
              654758.999986
            ],
            [
              183419.8737832296,
              654830.0507820282
            ],
            [
              183301.11235576833,
              654861.7338873973
            ],
            [
              183266.73628399044,
              654863.9704630354
            ],
            [
              183221.0185147808,
              654867.5386961234
            ],
            [
              183165.29998355662,
              654870.393072636
            ],
            [
              183110.29579247627,
              654871.8202608923
            ],
            [
              183052.43424082047,
              654876.1020881084
            ],
            [
              183006.71700992296,
              654883.238291837
            ],
            [
              182963.14226114505,
              654893.2291345256
            ],
            [
              182897.1076850471,
              654910.3669788623
            ],
            [
              182852.56238599995,
              654841.062256
            ],
            [
              182795.81242899998,
              654628.234037
            ],
            [
              182881.187676,
              654579.047132
            ],
            [
              182980.78136000002,
              654544.094049
            ],
            [
              183023.50012600003,
              654473.437891
            ],
            [
              183037.76556800003,
              654395.562309
            ],
            [
              183002.296845,
              654253.6875
            ],
            [
              182888.78126199997,
              653835.124727
            ],
            [
              182747.171959,
              653488.875104
            ]
          ]
        ]
      },
      "properties": {
        "FID": 504,
        "ID": 671,
        "AREA": 1862632.949755,
        "COUNT": 1,
        "LAYER": "SYM",
        "NUMBER": 882,
        "AREA_1": 1862.63,
        "COLOR": 17,
        "DISC_J": "אזור נופש מטרופוליני",
        "TYPECODE": 303017,
        "TYPENAME": "אזור נופש מטרופוליני",
        "TCODE": "3",
        "defq": 0
      }
    },
    {
      "type": "Feature",
      "id": 505,
      "geometry": {
        "type": "Polygon",
        "coordinates": [
          [
            [
              185796.69609874018,
              651900.2431610359
            ],
            [
              185514.51542399998,
              651693.640718
            ],
            [
              185543.015755,
              651630.0157250001
            ],
            [
              185607.04709300003,
              651601.968809
            ],
            [
              185699.515693,
              651581.15656
            ],
            [
              185791.98429399997,
              651567.42197
            ],
            [
              185905.81247400003,
              651511.280881
            ],
            [
              185998.29674300004,
              651462.125225
            ],
            [
              186083.65632199997,
              651441.265722
            ],
            [
              186140.54690800002,
              651441.530962
            ],
            [
              186197.43749499996,
              651455.96905
            ],
            [
              186258.452943,
              651507.718424
            ],
            [
              186289.843811,
              651534.343864
            ],
            [
              186298.734397,
              651541.484784
            ],
            [
              186551.062369,
              651772.937777
            ],
            [
              186639.890671,
              651890.265627
            ],
            [
              186696.718581,
              651982.656278
            ],
            [
              186725.12489800004,
              652060.718596
            ],
            [
              186721.53121400002,
              652120.93738
            ],
            [
              186682.374794,
              652170.343794
            ],
            [
              186604.109351,
              652230.1875829999
            ],
            [
              186515.156089,
              652300.624993
            ],
            [
              186525.81257100002,
              652329.015656
            ],
            [
              186554.21849600004,
              652389.374682
            ],
            [
              186571.95305300003,
              652449.687215
            ],
            [
              186582.593866,
              652509.953254
            ],
            [
              186578.984513,
              652573.703245
            ],
            [
              186539.828093,
              652647.92186
            ],
            [
              186497.093658,
              652736.281309
            ],
            [
              186500.62505699997,
              652789.437679
            ],
            [
              186482.79687700002,
              652853.125171
            ],
            [
              186454.312608,
              652916.7501630001
            ],
            [
              186393.812669,
              652983.781365
            ],
            [
              186351.124849,
              653004.828366
            ],
            [
              186269.34367600002,
              652993.812494
            ],
            [
              186194.703255,
              652954.484463
            ],
            [
              186077.40635299997,
              652872.453443
            ],
            [
              185960.093781,
              652786.87521
            ],
            [
              185846.374893,
              652697.765769
            ],
            [
              185757.51564400003,
              652622.953412
            ],
            [
              185657.062517,
              652533.343977
            ],
            [
              185880.203072,
              652166.92158
            ],
            [
              185898.57810000004,
              652134.890717
            ],
            [
              185963.249908,
              652022.187812
            ],
            [
              185796.69609874018,
              651900.2431610359
            ]
          ]
        ]
      },
      "properties": {
        "FID": 505,
        "ID": 672,
        "AREA": 1098509.657716,
        "COUNT": 1,
        "LAYER": "SYM",
        "NUMBER": 428,
        "AREA_1": 1098.51,
        "COLOR": 6,
        "DISC_J": "אזור תעשיה, מלאכה ותעסוקה",
        "TYPECODE": 303006,
        "TYPENAME": "אזור תעשיה, מלאכה ותעסוקה",
        "TCODE": "3",
        "defq": 0
      }
    },
    {
      "type": "Feature",
      "id": 506,
      "geometry": {
        "type": "Polygon",
        "coordinates": [
          [
            [
              185579.2956593968,
              652138.141945133
            ],
            [
              185702.54022928746,
              652053.8920835161
            ],
            [
              185796.69609874018,
              651900.2431610359
            ],
            [
              185963.249908,
              652022.187812
            ],
            [
              185898.57810000004,
              652134.890717
            ],
            [
              185880.203072,
              652166.92158
            ],
            [
              185657.062517,
              652533.343977
            ],
            [
              185399.88144743623,
              652955.6468909936
            ],
            [
              185170.0269448831,
              652886.7549564566
            ],
            [
              184900.1634179441,
              652805.8715270467
            ],
            [
              184745.718657,
              652766.9531950001
            ],
            [
              184560.82238149492,
              652721.1131600883
            ],
            [
              184618.14315737027,
              652489.7456411863
            ],
            [
              184859.734473,
              652427.406234
            ],
            [
              184973.546983,
              652392.51565
            ],
            [
              185073.12499799998,
              652392.984394
            ],
            [
              185222.48457600002,
              652372.437387
            ],
            [
              185378.98451500002,
              652323.593465
            ],
            [
              185498.21115617547,
              652241.8327929841
            ],
            [
              185579.2956593968,
              652138.141945133
            ]
          ]
        ]
      },
      "properties": {
        "FID": 506,
        "ID": 673,
        "AREA": 581396.478399,
        "COUNT": 1,
        "LAYER": "SYM",
        "NUMBER": 531,
        "AREA_1": 581.45,
        "COLOR": 8,
        "DISC_J": "מוסד",
        "TYPECODE": 303008,
        "TYPENAME": "מוסד",
        "TCODE": "3",
        "defq": 0
      }
    },
    {
      "type": "Feature",
      "id": 526,
      "geometry": {
        "type": "Polygon",
        "coordinates": [
          [
            [
              178302.82287278573,
              653576.1400969246
            ],
            [
              178346.09402180702,
              653578.7762671608
            ],
            [
              178427.64611208288,
              653535.670139156
            ],
            [
              178509.24078842747,
              653472.1986124315
            ],
            [
              178572.98380134063,
              653423.9638719365
            ],
            [
              178626.5387916352,
              653378.2535132474
            ],
            [
              178682.60219395952,
              653350.3682016965
            ],
            [
              178723.44477982994,
              653296.9942021944
            ],
            [
              178718.47054183914,
              653240.9787091974
            ],
            [
              178688.04487870698,
              653182.3643087745
            ],
            [
              178667.81256145204,
              653118.6798517059
            ],
            [
              178657.66180164367,
              653103.3845096315
            ],
            [
              178606.7429815852,
              653105.8237192996
            ],
            [
              178514.98157565645,
              653161.6369284699
            ],
            [
              178466.50728852465,
              653212.4492833563
            ],
            [
              178395.12192783295,
              653263.2137289153
            ],
            [
              178354.32192803134,
              653296.2223296977
            ],
            [
              178317.30625047814,
              653321.9089019306
            ],
            [
              178282.90462778806,
              653362.2608242966
            ],
            [
              178267.30868722394,
              653401.3286100943
            ],
            [
              178267.4762042488,
              653436.0534551048
            ],
            [
              178262.28903591406,
              653481.8649557075
            ],
            [
              178264.73889209924,
              653527.6924260858
            ],
            [
              178302.82287278573,
              653576.1400969246
            ]
          ],
          [
            [
              175896.10162800003,
              654885.328489
            ],
            [
              175856.866079,
              654800.988808
            ],
            [
              175698.53913599998,
              654460.656034
            ],
            [
              175799.31269499997,
              654386.265927
            ],
            [
              175905.40626800002,
              654356.56278
            ],
            [
              176056.97674100002,
              654311.984051
            ],
            [
              176216.11729700002,
              654282.546907
            ],
            [
              176398.00766300003,
              654223.015615
            ],
            [
              176632.96107199998,
              654126.00002
            ],
            [
              176765.03109200002,
              654098.921842
            ],
            [
              176985.54996691056,
              654069.8392513817
            ],
            [
              176999.0815474225,
              653900.919671125
            ],
            [
              177027.10515179776,
              653745.980343719
            ],
            [
              177047.49876483576,
              653608.8186291561
            ],
            [
              177060.2663745106,
              653481.8138413717
            ],
            [
              177090.81292635313,
              653359.8988162364
            ],
            [
              177160.5476514001,
              653261.417119367
            ],
            [
              177484.3338552977,
              652978.2659212383
            ],
            [
              177651.285958234,
              652872.0842644562
            ],
            [
              177828.35654603568,
              652735.5648456811
            ],
            [
              178430.22256924433,
              652303.5635166008
            ],
            [
              179001.1374973302,
              651849.8464764913
            ],
            [
              179366.82029200002,
              651965.890474
            ],
            [
              179708.38278400002,
              652166.07784
            ],
            [
              179843.53136999998,
              652329.81214
            ],
            [
              179957.32037700003,
              652493.4686970001
            ],
            [
              179925.390496,
              652333.765598
            ],
            [
              179911.32013200002,
              652081.9378510002
            ],
            [
              180016.71878499998,
              651926.234704
            ],
            [
              180127.0234,
              651820.4684530001
            ],
            [
              180301.35151900002,
              651697.296924
            ],
            [
              180450.757713,
              651609.453474
            ],
            [
              180692.61722999997,
              651529.1091710001
            ],
            [
              180973.593604,
              651477.296536
            ],
            [
              181279.43745199998,
              651439.780984
            ],
            [
              181424.43752499996,
              651443.7496859999
            ],
            [
              181410.343658,
              651206.109267
            ],
            [
              181382.04702499998,
              650936.484479
            ],
            [
              181325.28139899997,
              650645.452938
            ],
            [
              181837.95320600003,
              650442.234359
            ],
            [
              182072.96889899997,
              650280.234794
            ],
            [
              182400.609491,
              649998.109395
            ],
            [
              182434.03145200002,
              649965.968778
            ],
            [
              182642.796882,
              649765.234163
            ],
            [
              182714.031256,
              649684.0156330001
            ],
            [
              183005.703284,
              649969.06249
            ],
            [
              183112.43732699996,
              650054.671973
            ],
            [
              183261.87485899997,
              650119.203205
            ],
            [
              183281.062324,
              650122.8746539999
            ],
            [
              183375.765715,
              650141.015441
            ],
            [
              183503.90634400002,
              650148.718854
            ],
            [
              183710.34375300002,
              650142.593928
            ],
            [
              183852.70320999995,
              650150.3750839999
            ],
            [
              184064.484529,
              650418.515896
            ],
            [
              184185.203148,
              650702.500266
            ],
            [
              184263.312684,
              650887.078064
            ],
            [
              184270.296746,
              651085.500207
            ],
            [
              184284.37494400004,
              651312.297007
            ],
            [
              184248.734253,
              651446.749649
            ],
            [
              184240.24443934407,
              651460.790150678
            ],
            [
              184251.8509560977,
              651495.5768655012
            ],
            [
              184560.86331974948,
              651395.0594061939
            ],
            [
              184231.2488401858,
              650597.6671637944
            ],
            [
              184370.1242133861,
              650380.6666242192
            ],
            [
              184856.43720364396,
              650602.2080971184
            ],
            [
              185234.99813578092,
              650752.4524170461
            ],
            [
              185514.99962022342,
              650846.4152280672
            ],
            [
              185803.65205584606,
              650933.9055334532
            ],
            [
              186020.95271197055,
              650972.7891823021
            ],
            [
              186228.52387354337,
              651008.4340637627
            ],
            [
              186072.84550236352,
              651108.8844678446
            ],
            [
              186144.1972818612,
              651267.6611833903
            ],
            [
              185969.05992157757,
              651351.9110450072
            ],
            [
              185998.29674300004,
              651462.125225
            ],
            [
              185905.81247400003,
              651511.280881
            ],
            [
              185791.98429399997,
              651567.42197
            ],
            [
              185699.515693,
              651581.15656
            ],
            [
              185607.04709300003,
              651601.968809
            ],
            [
              185543.015755,
              651630.0157250001
            ],
            [
              185514.51542399998,
              651693.640718
            ],
            [
              185796.69609874018,
              651900.2431610359
            ],
            [
              185702.54022928746,
              652053.8920835161
            ],
            [
              185579.2956593968,
              652138.141945133
            ],
            [
              185501.45647380734,
              652076.5751899001
            ],
            [
              185280.91050005052,
              652177.0255939818
            ],
            [
              185232.26302728942,
              652283.9568856021
            ],
            [
              185014.96237116447,
              652345.523640835
            ],
            [
              184878.7429890898,
              652270.9967869062
            ],
            [
              184849.55450543296,
              652280.7181182136
            ],
            [
              184856.03868235322,
              652345.523640835
            ],
            [
              184636.37455169074,
              652416.1570966205
            ],
            [
              184618.14315737027,
              652489.7456411863
            ],
            [
              184560.82238149492,
              652721.1131600883
            ],
            [
              184745.718657,
              652766.9531950001
            ],
            [
              184900.1634179441,
              652805.8715270467
            ],
            [
              184895.2433879523,
              652851.0717675379
            ],
            [
              184862.8683806532,
              652949.1212525861
            ],
            [
              184517.78939746832,
              653187.9149686431
            ],
            [
              184399.36264615753,
              653126.0599250143
            ],
            [
              183958.7886649074,
              652895.94533916
            ],
            [
              183786.65226247397,
              652806.0374039614
            ],
            [
              183733.30119257042,
              652912.7926454678
            ],
            [
              183613.95084743723,
              653073.3996531706
            ],
            [
              183594.40487969667,
              653083.6983317992
            ],
            [
              183278.74328978296,
              653247.0998994991
            ],
            [
              183110.31799400004,
              653334.583485
            ],
            [
              182928.74384400004,
              653411.733056
            ],
            [
              182747.171959,
              653488.875104
            ],
            [
              182634.5753687129,
              653531.7377032648
            ],
            [
              182543.48528929777,
              653366.4034287154
            ],
            [
              182494.95944697422,
              653373.3149440752
            ],
            [
              182355.656327,
              653400.406661
            ],
            [
              182135.12505000003,
              653470.2030730001
            ],
            [
              181928.062448,
              653512.0158299999
            ],
            [
              181978.249839,
              653662.546784
            ],
            [
              182035.09381,
              653825.9060889999
            ],
            [
              182184.26575299999,
              654308.859089
            ],
            [
              182303.250598,
              654712.592773
            ],
            [
              182418.671922,
              655104.234378
            ],
            [
              182494.983441,
              655385.998501
            ],
            [
              182510.98422500002,
              655445.077817
            ],
            [
              182568.40638199996,
              655588.578368
            ],
            [
              182571.13120814596,
              655595.8741851099
            ],
            [
              182499.29111406486,
              655622.9866027078
            ],
            [
              182368.75689189904,
              655677.3218484346
            ],
            [
              182217.4801963861,
              655724.4968354944
            ],
            [
              182105.97055463307,
              655745.3370193981
            ],
            [
              182021.30764049152,
              655750.0366542158
            ],
            [
              181927.70175340446,
              655727.450671542
            ],
            [
              181832.02708034217,
              655646.0576190946
            ],
            [
              181769.35499228304,
              655544.5237920736
            ],
            [
              181720.79332030017,
              655443.6157035355
            ],
            [
              181645.03665982466,
              655274.7888858978
            ],
            [
              181538.41426071234,
              654997.6729126901
            ],
            [
              181384.92318389803,
              654571.7335859732
            ],
            [
              181268.32500299998,
              654323.906163
            ],
            [
              181193.04567799997,
              654228.1649430001
            ],
            [
              181131.24913,
              654214.338891
            ],
            [
              180973.018943,
              654275.284038
            ],
            [
              180695.861103,
              654392.265855
            ],
            [
              180667.496309,
              654316.849084
            ],
            [
              180491.631063,
              654403.514957
            ],
            [
              180470.736461,
              654492.151842
            ],
            [
              180484.089185,
              654615.0040150001
            ],
            [
              180469.78457000002,
              654792.358577
            ],
            [
              180441.97563399997,
              654894.62106
            ],
            [
              180372.98310100002,
              654983.117703
            ],
            [
              180215.104683,
              655109.244988
            ],
            [
              180071.53910599998,
              655139.656206
            ],
            [
              179779.906251,
              655202.0472200001
            ],
            [
              179445.578133,
              655299.656557
            ],
            [
              179225.04685599997,
              655383.625054
            ],
            [
              178720.538985,
              654686.875097
            ],
            [
              178713.45307499997,
              654644.343599
            ],
            [
              178734.820489,
              654594.8434349999
            ],
            [
              178770.42200699996,
              654538.328113
            ],
            [
              178834.45295299997,
              654496.125117
            ],
            [
              178703.25765400002,
              654338.484493
            ],
            [
              178397.038925,
              654521.406061
            ],
            [
              178105.093864,
              654661.859393
            ],
            [
              177813.15624699998,
              654766.859647
            ],
            [
              177729.000047,
              654789.155872
            ],
            [
              177616.065,
              654782.736742
            ],
            [
              177378.353848,
              654814.813336
            ],
            [
              177147.07677699998,
              654899.3397530001
            ],
            [
              176966.879677195,
              655013.6103273896
            ],
            [
              176965.890732,
              655011.062487
            ],
            [
              176192.453201,
              655527.2970970001
            ],
            [
              176108.62795006562,
              655345.7115047692
            ],
            [
              176107.85735176742,
              655344.0421912654
            ],
            [
              176088.70410099998,
              655302.551339
            ],
            [
              176053.29687800002,
              655225.851048
            ],
            [
              175896.10162800003,
              654885.328489
            ]
          ]
        ]
      },
      "properties": {
        "FID": 526,
        "ID": 693,
        "AREA": 25983520.408172,
        "COUNT": 1,
        "LAYER": "SYM",
        "NUMBER": 41,
        "AREA_1": 25983.52,
        "COLOR": 1,
        "DISC_J": "אזור פיתוח  עירוני",
        "TYPECODE": 303001,
        "TYPENAME": "אזור פיתוח  עירוני",
        "TCODE": "3",
        "defq": 0
      }
    },
    {
      "type": "Feature",
      "id": 637,
      "geometry": {
        "type": "Polygon",
        "coordinates": [
          [
            [
              187673.12494453834,
              655614.177803911
            ],
            [
              187662.68198739737,
              655623.6623826677
            ],
            [
              187642.74613400735,
              655646.4254444821
            ],
            [
              187612.36802462826,
              655679.6216521268
            ],
            [
              187597.13830312563,
              655713.1341701273
            ],
            [
              187578.6264893458,
              655752.0210522274
            ],
            [
              187550.14709944685,
              655820.3106016642
            ],
            [
              187526.41380709654,
              655891.4454883287
            ],
            [
              187481.23833776146,
              655883.0253555645
            ],
            [
              187477.0330775727,
              655882.2415485644
            ],
            [
              187443.76902676804,
              655877.1547393338
            ],
            [
              187441.237951849,
              655877.2221624743
            ],
            [
              187418.31230292493,
              655877.8328592333
            ],
            [
              187394.5523668005,
              655881.5634286648
            ],
            [
              187375.54483859206,
              655888.6845975942
            ],
            [
              187349.2390197377,
              655898.9062631981
            ],
            [
              187309.865831994,
              655917.5576543815
            ],
            [
              187270.832001794,
              655936.8875294579
            ],
            [
              187240.28351249115,
              655951.1302313104
            ],
            [
              187215.16544503986,
              655956.2170405409
            ],
            [
              187179.0315793045,
              655956.5224310915
            ],
            [
              187147.4650173704,
              655954.4877073993
            ],
            [
              187123.60180958756,
              655947.2097494513
            ],
            [
              187115.21974034887,
              655944.6533308845
            ],
            [
              187080.59825936926,
              655926.0019397011
            ],
            [
              187056.562478,
              655821.952832
            ],
            [
              187056.859406,
              655754.546635
            ],
            [
              187076.015532,
              655705.953473
            ],
            [
              187114.156211,
              655642.437473
            ],
            [
              187171.375062,
              655552.765539
            ],
            [
              187278.06249000004,
              655436.031432
            ],
            [
              187400.51566699997,
              655451.593744
            ],
            [
              187628.90611800004,
              655579.640976
            ],
            [
              187675.56901948116,
              655610.4795960067
            ],
            [
              187673.12494453834,
              655614.177803911
            ]
          ]
        ]
      },
      "properties": {
        "FID": 637,
        "ID": 813,
        "AREA": 210982.162064,
        "COUNT": 1,
        "LAYER": "SYM",
        "NUMBER": 530,
        "AREA_1": 210.98,
        "COLOR": 8,
        "DISC_J": "מוסד",
        "TYPECODE": 303008,
        "TYPENAME": "מוסד",
        "TCODE": "3",
        "defq": 0
      }
    },
    {
      "type": "Feature",
      "id": 638,
      "geometry": {
        "type": "Polygon",
        "coordinates": [
          [
            [
              192984.85920199996,
              647073.906194
            ],
            [
              192989.99118900002,
              647252.226446
            ],
            [
              192939.40815599996,
              647417.768651
            ],
            [
              192877.630411,
              647605.3708029999
            ],
            [
              192877.280209,
              647715.829833
            ],
            [
              192926.57250899996,
              647953.4016549999
            ],
            [
              193057.68750400003,
              648042.7656650001
            ],
            [
              193191.202989,
              648129.7813810001
            ],
            [
              193190.79677100002,
              648230.171935
            ],
            [
              193198.54704600002,
              648397.499942
            ],
            [
              193239.781175,
              648656.968603
            ],
            [
              193296.171921,
              649016.8438240001
            ],
            [
              193193.87494400004,
              649160.047122
            ],
            [
              193167.187516,
              649201.140375
            ],
            [
              193151.890662,
              649234.780974
            ],
            [
              193128.874871,
              649302.0934230001
            ],
            [
              193105.92175600003,
              649354.437302
            ],
            [
              193071.56239700003,
              649414.218591
            ],
            [
              193010.624902,
              649492.6246549999
            ],
            [
              192926.74996,
              649615.8906940001
            ],
            [
              192861.812563,
              649739.218471
            ],
            [
              192812.047059,
              649862.593503
            ],
            [
              192781.28138399997,
              649971.062466
            ],
            [
              192743.062361,
              650049.562279
            ],
            [
              192731.406197,
              650116.921982
            ],
            [
              192696.93754800002,
              650206.6564150001
            ],
            [
              192658.49994200002,
              650337.562607
            ],
            [
              192608.43751099997,
              650528.3278300001
            ],
            [
              192551.04708399996,
              650662.922239
            ],
            [
              192467.06245899998,
              650812.390705
            ],
            [
              192398.437364,
              650913.23476
            ],
            [
              192352.71877000004,
              650972.9848
            ],
            [
              192318.54704700003,
              650991.593569
            ],
            [
              192307.07812800002,
              651014.0155539999
            ],
            [
              192291.796943,
              651047.656153
            ],
            [
              192253.656265,
              651107.437442
            ],
            [
              192192.765777,
              651170.874937
            ],
            [
              192147.12513499998,
              651211.906453
            ],
            [
              192128.09396900004,
              651230.5472339999
            ],
            [
              192090.140535,
              651249.1407590001
            ],
            [
              192067.29671100003,
              651275.265443
            ],
            [
              191972.39040699997,
              651319.874659
            ],
            [
              191911.624879,
              651353.359773
            ],
            [
              191884.984458,
              651383.219168
            ],
            [
              191822.343743,
              651544.797244
            ],
            [
              191772.04706,
              651691.890739
            ],
            [
              191599.12484200002,
              652308.4061489999
            ],
            [
              191462.312601,
              652777.78157
            ],
            [
              191332.546706,
              653261.203315
            ],
            [
              191245.96886300005,
              653597.515558
            ],
            [
              191151.827989,
              653859.109193
            ],
            [
              191150.58504599996,
              653988.834758
            ],
            [
              191149.76555799996,
              654074.374882
            ],
            [
              191143.93993861534,
              654127.8404675523
            ],
            [
              191116.480767934,
              654124.8485115987
            ],
            [
              191081.3684805896,
              654109.2790534211
            ],
            [
              191053.400931614,
              654101.9052729993
            ],
            [
              191014.9448506208,
              654101.5172559231
            ],
            [
              191010.71880757823,
              654102.4288878657
            ],
            [
              190980.7622907618,
              654108.8910363449
            ],
            [
              190931.81837890274,
              654116.2644527731
            ],
            [
              190901.93177704047,
              654131.9318252036
            ],
            [
              190814.46307129704,
              654196.4478539755
            ],
            [
              190660.62051737332,
              654309.163174676
            ],
            [
              190624.90664165583,
              654337.042529195
            ],
            [
              190572.69395940658,
              654375.4554917517
            ],
            [
              190519.44146881567,
              654417.9455455564
            ],
            [
              190462.00730799593,
              654463.4716691852
            ],
            [
              190400.3010283457,
              654512.7920611091
            ],
            [
              190328.4617007163,
              654567.1257355754
            ],
            [
              190296.18487185705,
              654592.7344986111
            ],
            [
              190260.58458275557,
              654624.5078556451
            ],
            [
              190222.1369155856,
              654660.0754809743
            ],
            [
              190187.68300992216,
              654690.1697359704
            ],
            [
              190150.65938236238,
              654722.417740535
            ],
            [
              190109.36363597226,
              654746.1293694231
            ],
            [
              190058.0996123111,
              654767.469580627
            ],
            [
              190019.96721514384,
              654782.3056580327
            ],
            [
              189869.8914978695,
              654840.6952459835
            ],
            [
              189812.45733704965,
              654863.458307798
            ],
            [
              189750.2763775295,
              654888.1185037598
            ],
            [
              189691.41817709955,
              654912.3044161849
            ],
            [
              189624.84029370174,
              654949.5667952726
            ],
            [
              189577.84909002308,
              654979.4437461464
            ],
            [
              189532.75590467255,
              655011.2171031806
            ],
            [
              189494.1371564269,
              655043.6853238156
            ],
            [
              189467.5557848562,
              655065.5001825498
            ],
            [
              189433.38023651682,
              655099.6449572683
            ],
            [
              189404.90014546597,
              655133.3154484499
            ],
            [
              189349.7026593662,
              655201.4084413941
            ],
            [
              189303.18613555748,
              655259.7391285376
            ],
            [
              189223.29548008798,
              655359.1377468623
            ],
            [
              189180.57569408766,
              655412.7259626307
            ],
            [
              189127.28323783563,
              655480.7974799582
            ],
            [
              189087.88621092564,
              655527.7464541977
            ],
            [
              189039.4709676368,
              655586.077141341
            ],
            [
              188995.70646523125,
              655644.6586200094
            ],
            [
              188958.20815780142,
              655683.5458661029
            ],
            [
              188927.35466740036,
              655715.793506674
            ],
            [
              188894.128478801,
              655744.721890474
            ],
            [
              188851.69967085985,
              655776.2950510805
            ],
            [
              188811.35328420985,
              655803.3263007331
            ],
            [
              188772.90561704,
              655825.6154430043
            ],
            [
              188720.21755376866,
              655852.6466926569
            ],
            [
              188669.20314020175,
              655874.0371349645
            ],
            [
              188640.7237503028,
              655885.4188478685
            ],
            [
              188610.3449397718,
              655899.1716144632
            ],
            [
              188586.61164742138,
              655906.285139529
            ],
            [
              188555.75885817234,
              655915.7697182857
            ],
            [
              188488.18814361363,
              655929.1333758236
            ],
            [
              188458.2161532499,
              655933.9072988203
            ],
            [
              188455.4359337323,
              655934.3501307354
            ],
            [
              188412.24216901395,
              655938.1440350369
            ],
            [
              188360.43545374367,
              655938.0832481214
            ],
            [
              188321.0384268337,
              655936.6607615044
            ],
            [
              188276.41992135323,
              655932.3925736663
            ],
            [
              188232.2760957427,
              655927.1758187544
            ],
            [
              188207.0501440277,
              655921.7752003907
            ],
            [
              188185.7588707821,
              655917.216956461
            ],
            [
              188163.24786137766,
              655911.7581167601
            ],
            [
              188136.86894762318,
              655905.3613240137
            ],
            [
              188092.92565147043,
              655889.9305473614
            ],
            [
              188099.15608699998,
              655877.3591740001
            ],
            [
              188289.68750999996,
              655660.51576
            ],
            [
              188372.797022,
              655716.95334
            ],
            [
              188414.59366800002,
              655687.1564440001
            ],
            [
              188417.25248092625,
              655683.7691101797
            ],
            [
              188433.75977658888,
              655684.8786932094
            ],
            [
              188557.9902622682,
              655680.19240404
            ],
            [
              188682.2976591257,
              655614.2295137459
            ],
            [
              188906.49460367515,
              655436.9246588704
            ],
            [
              189166.08593388225,
              655182.347924876
            ],
            [
              189412.8336415292,
              654940.3672955438
            ],
            [
              189480.91049189022,
              654887.3027975657
            ],
            [
              189740.07990378022,
              654685.2855970009
            ],
            [
              190099.25670491127,
              654394.3099304638
            ],
            [
              190109.62586680148,
              654382.9359222704
            ],
            [
              190122.22276273242,
              654365.7736285154
            ],
            [
              190132.52969639516,
              654325.728519083
            ],
            [
              190140.5459666378,
              654283.3953464788
            ],
            [
              190151.21866200003,
              654185.250066
            ],
            [
              190174.062486,
              654155.374665
            ],
            [
              190208.906409,
              653983.265466
            ],
            [
              190243.812615,
              653788.703032
            ],
            [
              190277.984337,
              653773.843456
            ],
            [
              190300.875168,
              653736.4841519999
            ],
            [
              190300.98445999995,
              653706.531008
            ],
            [
              190308.734343,
              653669.12521
            ],
            [
              190312.609285,
              653646.6719760001
            ],
            [
              190270.984215,
              653635.297113
            ],
            [
              190263.703226,
              653567.87491
            ],
            [
              190286.59366500005,
              653526.765652
            ],
            [
              190313.390776,
              653463.203158
            ],
            [
              190343.937477,
              653407.15658
            ],
            [
              190351.67208399996,
              653369.734776
            ],
            [
              190363.23423299997,
              653324.859557
            ],
            [
              190371.125138,
              653249.999944
            ],
            [
              190386.609236,
              653171.4376320001
            ],
            [
              190360.20306600002,
              653141.390739
            ],
            [
              190335.625077,
              653133.8123250001
            ],
            [
              190381.203042,
              653104.015429
            ],
            [
              190415.453109,
              653066.7033800001
            ],
            [
              190445.98453299998,
              653018.1247
            ],
            [
              190499.187422,
              652980.87515
            ],
            [
              190518.21858800005,
              652958.4844150001
            ],
            [
              190544.87507,
              652924.875065
            ],
            [
              190567.71850299998,
              652898.734375
            ],
            [
              190594.312308,
              652880.124844
            ],
            [
              190620.95312099997,
              652850.2502049999
            ],
            [
              190681.765656,
              652809.281189
            ],
            [
              190795.546829,
              652779.719046
            ],
            [
              190917.593787,
              652749.749897
            ],
            [
              190954.50014000002,
              652501.843596
            ],
            [
              191110.828111,
              652028.796726
            ],
            [
              191151.46877699997,
              651931.062389
            ],
            [
              191290.062583,
              651556.9845970001
            ],
            [
              191348.999931,
              651411.531325
            ],
            [
              191362.96064788423,
              651369.6674972875
            ],
            [
              191364,
              651371
            ],
            [
              191509,
              651428
            ],
            [
              191637,
              651468
            ],
            [
              191738,
              651467
            ],
            [
              191822,
              651380
            ],
            [
              191838,
              651295
            ],
            [
              191838,
              651245
            ],
            [
              191701,
              651196
            ],
            [
              191540,
              651165
            ],
            [
              191430.6431905675,
              651166.7087001473
            ],
            [
              191455.952949,
              651090.812643
            ],
            [
              191464.781251,
              650922.281145
            ],
            [
              191424.68743299996,
              650801.734584
            ],
            [
              191368.29707899998,
              650689.155915
            ],
            [
              191272.71896700002,
              650583.62518
            ],
            [
              191288.562669,
              650418.953391
            ],
            [
              191273.765656,
              650336.531369
            ],
            [
              191228.48422600003,
              650291.4534080001
            ],
            [
              191137.93742700003,
              650201.28148
            ],
            [
              191070.04681600002,
              650133.6565360001
            ],
            [
              191017.34376800002,
              650051.109516
            ],
            [
              190987.45320600003,
              649953.656427
            ],
            [
              190950.047012,
              649841.202756
            ],
            [
              190957.93752499996,
              649766.359149
            ],
            [
              190966.00000500004,
              649650.312534
            ],
            [
              190935.937476,
              649594.062452
            ],
            [
              190837.765754,
              649511.343941
            ],
            [
              190792.53133100003,
              649458.781314
            ],
            [
              190732.172022,
              649398.672285
            ],
            [
              190694.46850900003,
              649353.6095680001
            ],
            [
              190671.95295,
              649301.1246839999
            ],
            [
              190619.45320699998,
              649173.6407079999
            ],
            [
              190566.671814,
              649113.546922
            ],
            [
              190476.09367700003,
              649030.874904
            ],
            [
              190400.546805,
              648978.203285
            ],
            [
              190355.20309099997,
              648948.093893
            ],
            [
              190279.53125899995,
              648925.359412
            ],
            [
              190226.53128300002,
              648917.687248
            ],
            [
              190158.32807599998,
              648917.4532570001
            ],
            [
              190082.562621,
              648917.20326
            ],
            [
              190006.796775,
              648916.937258
            ],
            [
              189787.01565099997,
              648923.671932
            ],
            [
              189976.859206,
              648826.9840770001
            ],
            [
              190052.952926,
              648752.359217
            ],
            [
              190121.45306099998,
              648677.718352
            ],
            [
              190183.9884316664,
              648491.7930479068
            ],
            [
              190303.54465374973,
              648535.3197133408
            ],
            [
              190400.23238834203,
              648558.4330707275
            ],
            [
              190504.34773339343,
              648591.685015904
            ],
            [
              190583.33998602896,
              648645.3692899062
            ],
            [
              190641.8565701584,
              648666.6397213931
            ],
            [
              190709.22687244904,
              648810.4938438598
            ],
            [
              190719.59486425843,
              648832.6323576081
            ],
            [
              190735.03554016212,
              648865.6024469039
            ],
            [
              190751.22906368706,
              648900.1800729071
            ],
            [
              190769.0917825452,
              648938.3218899814
            ],
            [
              190773.43517068692,
              649042.8938093395
            ],
            [
              190806.34795281448,
              649129.515956261
            ],
            [
              190872.37580089626,
              649206.0246061842
            ],
            [
              190918.09148284415,
              649257.0339216387
            ],
            [
              190959.92200299999,
              649294.624763
            ],
            [
              191008.92188049998,
              649354.6953015
            ],
            [
              191057.92175799998,
              649414.76584
            ],
            [
              191095.57023399998,
              649471.0547935
            ],
            [
              191133.21871,
              649527.343747
            ],
            [
              191151.346685578,
              649570.0098155629
            ],
            [
              191144.87468875854,
              649618.8658505919
            ],
            [
              191141.3637007758,
              649645.3697189736
            ],
            [
              191138.43898480615,
              649667.4479167616
            ],
            [
              191132.33223231483,
              649713.5467826838
            ],
            [
              191120.92395012395,
              649799.6660206695
            ],
            [
              191177.05871841556,
              649852.3856152187
            ],
            [
              191237.37466605543,
              649947.0818877141
            ],
            [
              191285.62755671376,
              649997.0129686024
            ],
            [
              191325.4915793757,
              650073.6208875224
            ],
            [
              191424.63238511607,
              650182.195735289
            ],
            [
              191475.39188885211,
              650191.7674738507
            ],
            [
              191502.89184154352,
              650196.9531501923
            ],
            [
              191524.747634743,
              650201.0745052719
            ],
            [
              191562.8339711911,
              650208.256459949
            ],
            [
              191608.5796868795,
              650216.8827466276
            ],
            [
              191630.39075000002,
              650217.952773
            ],
            [
              191721.31242899998,
              650218.2652690001
            ],
            [
              191827.437341,
              650211.156361
            ],
            [
              191888.296883,
              650151.452815
            ],
            [
              191949.265716,
              650069.2967960001
            ],
            [
              191964.64052300004,
              650016.937673
            ],
            [
              191957.406149,
              649934.546902
            ],
            [
              191995.90603900002,
              649792.40609
            ],
            [
              192049.953095,
              649552.969199
            ],
            [
              192111.14051099995,
              649418.390797
            ],
            [
              192241.34357100003,
              649089.3749589999
            ],
            [
              192264.68762799999,
              648947.187654
            ],
            [
              192257.51553800004,
              648849.8123069999
            ],
            [
              192242.54694899998,
              648804.828095
            ],
            [
              192227.609307,
              648752.359217
            ],
            [
              192220.515563,
              648640.015302
            ],
            [
              192168.765581,
              648332.828468
            ],
            [
              192153.874946,
              648272.874925
            ],
            [
              192108.59390799998,
              648227.796964
            ],
            [
              192070.765434,
              648212.6873910001
            ],
            [
              191933.64059650002,
              648163.546979
            ],
            [
              191865.07817775,
              648138.976773
            ],
            [
              191796.51575899997,
              648114.406567
            ],
            [
              191950.51570999995,
              647980.140661
            ],
            [
              192087.703223,
              647793.421882
            ],
            [
              192120.04506213454,
              647719.6673054461
            ],
            [
              192133.60945400002,
              647688.734124
            ],
            [
              192163.343718,
              647433.984156
            ],
            [
              192211.71428900003,
              647122.92618
            ],
            [
              192218.50209700002,
              646736.336344
            ],
            [
              192219.34273799998,
              646471.2343669999
            ],
            [
              192264.977112,
              646112.372091
            ],
            [
              192393.918819,
              645792.414071
            ],
            [
              192472.2771,
              645637.999017
            ],
            [
              192474.75538945186,
              645633.0978178527
            ],
            [
              193291.687455,
              645260.703276
            ],
            [
              193318.484566,
              645225.5314450001
            ],
            [
              193413.85937299998,
              645072.343511
            ],
            [
              193532.00005100004,
              644908.015468
            ],
            [
              193566.437363,
              644825.765701
            ],
            [
              193585.546874,
              644788.406396
            ],
            [
              193707.70312299998,
              644567.9220199999
            ],
            [
              193681.249947,
              644552.8597019999
            ],
            [
              193650.95316600002,
              644552.7499480001
            ],
            [
              193628.29697799997,
              644533.9529190001
            ],
            [
              193601.89041700005,
              644507.655981
            ],
            [
              193582.98421100003,
              644496.359623
            ],
            [
              193560.26573800005,
              644492.54717
            ],
            [
              193533.812562,
              644477.468846
            ],
            [
              193511.156374,
              644462.406528
            ],
            [
              193503.65641,
              644443.671998
            ],
            [
              193515.14060699998,
              644413.765348
            ],
            [
              193530.375176,
              644395.09408
            ],
            [
              193549.43768099998,
              644368.95339
            ],
            [
              193564.68752799998,
              644346.531405
            ],
            [
              193591.265665,
              644331.656585
            ],
            [
              193621.671737,
              644309.2970990001
            ],
            [
              193644.453276,
              644298.1409839999
            ],
            [
              193682.343642,
              644294.5152660001
            ],
            [
              193720.29707600002,
              644279.687701
            ],
            [
              193769.65636100003,
              644253.64076
            ],
            [
              193830.468505,
              644208.921789
            ],
            [
              193895.24999499996,
              644119.2971109999
            ],
            [
              193960.04676399997,
              644025.9064720001
            ],
            [
              194043.671785,
              643962.54672
            ],
            [
              194172.734534,
              643903.093933
            ],
            [
              194294.14063000004,
              643862.32842
            ],
            [
              194373.781419,
              643843.875137
            ],
            [
              194438.26558999997,
              643825.37536
            ],
            [
              194498.98450299999,
              643799.390919
            ],
            [
              194563.484344,
              643777.140426
            ],
            [
              194601.46872400003,
              643754.812189
            ],
            [
              194679.671882,
              643696.406646
            ],
            [
              194688.120995,
              643612.929759
            ],
            [
              194698.27450199996,
              643512.613137
            ],
            [
              194726.329441,
              643435.373217
            ],
            [
              194732.34518260154,
              643299.3366198298
            ],
            [
              194764.1202953132,
              643188.3404224862
            ],
            [
              194844.60112366173,
              643070.5609675455
            ],
            [
              194948.73258817778,
              642962.2213274393
            ],
            [
              195060.17455259734,
              642883.8373220237
            ],
            [
              195218.95087105274,
              642777.4405109077
            ],
            [
              195357.61573934183,
              642645.961781445
            ],
            [
              195496.28032963345,
              642486.0553244281
            ],
            [
              195624.27871236147,
              642333.2557992998
            ],
            [
              195714.07996244123,
              642201.4285276477
            ],
            [
              195770.9162079798,
              642140.8378279826
            ],
            [
              195770.06682009343,
              642144.2429021003
            ],
            [
              195771.06682009343,
              642153.2429021003
            ],
            [
              195778.06682009343,
              642168.2429021003
            ],
            [
              195796.06682009343,
              642182.2429021003
            ],
            [
              195819.06682009343,
              642193.2429021003
            ],
            [
              195831.06682009343,
              642209.2429021003
            ],
            [
              195838.06682009343,
              642236.2429021003
            ],
            [
              195836.06682009343,
              642282.2429021003
            ],
            [
              195831.06682009343,
              642354.2429021003
            ],
            [
              195996.06682009343,
              642239.2429021003
            ],
            [
              196457.06682009343,
              641938.2429021003
            ],
            [
              196646.06682009343,
              641808.2429021003
            ],
            [
              196676.06682009343,
              641783.2429021003
            ],
            [
              196685.06682009343,
              641764.2429021003
            ],
            [
              196692.06682009343,
              641736.2429021003
            ],
            [
              196686.06682009343,
              641659.2429021003
            ],
            [
              196693.06682009343,
              641650.2429021003
            ],
            [
              196759.06682009343,
              641639.2429021003
            ],
            [
              196867.06682009343,
              641624.2429021003
            ],
            [
              196942.06682009343,
              641599.2429021003
            ],
            [
              197033.06682009343,
              641538.2429021003
            ],
            [
              197103.06682009343,
              641472.2429021003
            ],
            [
              197148.06682009343,
              641405.2429021003
            ],
            [
              197194.06682009343,
              641317.2429021003
            ],
            [
              197228.06682009343,
              641263.2429021003
            ],
            [
              197248.1910910434,
              641251.7433187003
            ],
            [
              197256.93754199997,
              641251.7814859999
            ],
            [
              197357.53129800002,
              641364.187139
            ],
            [
              197381.73440800002,
              641372.296797
            ],
            [
              197442.45292900002,
              641340.547181
            ],
            [
              197531.640443,
              641252.9377220001
            ],
            [
              197624.734236,
              641205.312536
            ],
            [
              197637.01559199998,
              641161.374805
            ],
            [
              197629.10941000003,
              641113.344136
            ],
            [
              197623.8099194984,
              641097.403966105
            ],
            [
              197640.06682009343,
              641094.2429021003
            ],
            [
              197690.06682009343,
              641083.2429021003
            ],
            [
              197738.06682009343,
              641091.2429021003
            ],
            [
              197778.06682009343,
              641110.2429021003
            ],
            [
              197808.06682009343,
              641117.2429021003
            ],
            [
              197828.06682009343,
              641105.2429021003
            ],
            [
              197828.06682009343,
              641086.2429021003
            ],
            [
              197809.06682009343,
              641060.2429021003
            ],
            [
              197767.06682009343,
              641030.2429021003
            ],
            [
              197690.06682009343,
              640993.2429021003
            ],
            [
              197649.06682009343,
              640972.2429021003
            ],
            [
              197568.06682009343,
              640954.2429021003
            ],
            [
              197547.2757017461,
              640953.1549947449
            ],
            [
              197461.03211558124,
              640948.6422489572
            ],
            [
              197396.06682009343,
              640945.2429021003
            ],
            [
              197337.91501028932,
              640940.6691642506
            ],
            [
              197307.06682009343,
              640938.2429021003
            ],
            [
              197240.06682009343,
              640944.2429021003
            ],
            [
              197151.06682009343,
              640964.2429021003
            ],
            [
              197101.26423612173,
              640977.2543880028
            ],
            [
              197054.34241207363,
              640989.5132429344
            ],
            [
              197099.6972746572,
              640911.2177651922
            ],
            [
              197228.79180147464,
              640851.0078852272
            ],
            [
              197314.85509735043,
              640859.6092407049
            ],
            [
              197420.26785228192,
              640892.5227845596
            ],
            [
              197555.09996922407,
              640911.773670403
            ],
            [
              197733.95938210213,
              640922.7740926805
            ],
            [
              197890.8050080135,
              640903.5232068372
            ],
            [
              198036.64415743778,
              640843.0207864055
            ],
            [
              198146.71142428642,
              640774.2680982183
            ],
            [
              198282.32816299493,
              640678.5155530197
            ],
            [
              198259.046783,
              640768.9847339999
            ],
            [
              198229.187363,
              640823.2500835
            ],
            [
              198182.7342839773,
              640899.8825405305
            ],
            [
              198131.21875,
              640969.312341
            ],
            [
              198043.40938244422,
              641046.537606406
            ],
            [
              197961.31242099998,
              641110.937153
            ],
            [
              197783.09369200002,
              641219.0623699999
            ],
            [
              197480.17171899998,
              641409.953354
            ],
            [
              197426.62489600002,
              641443.702945
            ],
            [
              197002.234543,
              641709.93753
            ],
            [
              196696.687622,
              641901.297259
            ],
            [
              196424.99982699996,
              642092.76598
            ],
            [
              196263.56258899998,
              642234.406035
            ],
            [
              196102.156297,
              642367.703203
            ],
            [
              195744.96868599998,
              642759.640536
            ],
            [
              195617.09364600002,
              642916.328428
            ],
            [
              195215.359481,
              643408.6403089999
            ],
            [
              195166.34373800003,
              643468.702845
            ],
            [
              194885.56244400004,
              643810.718525
            ],
            [
              194837.937324,
              643873.40603
            ],
            [
              194587.625169,
              644202.875368
            ],
            [
              194493.76555399998,
              644378.218522
            ],
            [
              194408.297075,
              644570.328241
            ],
            [
              194322.796867,
              644770.7968530001
            ],
            [
              193830.812439,
              645011.703238
            ],
            [
              193712.750106,
              645066.343584
            ],
            [
              193728.18758899998,
              645103.3903920001
            ],
            [
              193724.187295,
              645152.046815
            ],
            [
              193704.84353199997,
              645245.578459
            ],
            [
              193624.78124799998,
              645365.109787
            ],
            [
              193563.875091,
              645432.297237
            ],
            [
              193533.37500500004,
              645477.125201
            ],
            [
              193571.265763,
              645477.250199
            ],
            [
              193601.51553600002,
              645492.327761
            ],
            [
              193624.187393,
              645503.640886
            ],
            [
              193635.312378,
              645559.843713
            ],
            [
              193593.562347,
              645578.4059880001
            ],
            [
              193566.843973,
              645626.984669
            ],
            [
              193556.6207557252,
              645646.9825751677
            ],
            [
              193529.8144481141,
              645669.6745537624
            ],
            [
              193505.7381025086,
              645680.5487141539
            ],
            [
              193472.0713243139,
              645689.8942095975
            ],
            [
              193441.65175825468,
              645689.4834063401
            ],
            [
              193418.1187120571,
              645688.7606175179
            ],
            [
              193395.666618615,
              645687.7535670322
            ],
            [
              193380.92916780128,
              645688.974431485
            ],
            [
              193367.5344003039,
              645670.4175867415
            ],
            [
              193335.75242646018,
              645683.1106968722
            ],
            [
              193306.73993503608,
              645706.1721414546
            ],
            [
              193291.61067152378,
              645713.4882854368
            ],
            [
              193265.37820390012,
              645736.3817151514
            ],
            [
              193264.55832972852,
              645737.7362493493
            ],
            [
              193258.5788375025,
              645744.2472701498
            ],
            [
              193246.1410750883,
              645755.0062537972
            ],
            [
              193233.8540609182,
              645767.894992456
            ],
            [
              193216.90658793808,
              645774.3313001425
            ],
            [
              193204.74788484912,
              645774.8282523815
            ],
            [
              193192.2697806484,
              645772.239589128
            ],
            [
              193171.67066883072,
              645768.8801047964
            ],
            [
              193160.0763111696,
              645764.1832872832
            ],
            [
              193132.8560654723,
              645761.8685626072
            ],
            [
              193111.43265632738,
              645769.7838525872
            ],
            [
              193076.9255236247,
              645791.3827314693
            ],
            [
              193057.2141956525,
              645808.5794653678
            ],
            [
              193035.58643280392,
              645832.0717260572
            ],
            [
              193014.17079883558,
              645853.585840119
            ],
            [
              193007.2281006762,
              645869.348711486
            ],
            [
              193007.96369790577,
              645879.2819996189
            ],
            [
              193006.41714018577,
              645891.3716316028
            ],
            [
              193001.1294797688,
              645906.161468541
            ],
            [
              192991.1874838978,
              645924.7040931925
            ],
            [
              192987.34514792552,
              645952.6047131983
            ],
            [
              192982.8541786007,
              645966.0293357174
            ],
            [
              192978.4446114928,
              645977.7619271593
            ],
            [
              192976.5835682259,
              645990.9183269003
            ],
            [
              192973.25189219552,
              645997.2640473363
            ],
            [
              192966.74272123032,
              646004.3194949877
            ],
            [
              192960.74227192032,
              646010.8292276484
            ],
            [
              192958.1696475516,
              646021.7583585468
            ],
            [
              192955.8122137411,
              646035.8119521597
            ],
            [
              192942.8165957473,
              646071.6349898055
            ],
            [
              192926.4388538852,
              646086.2860384379
            ],
            [
              192887.4616069369,
              646108.7681869636
            ],
            [
              192874.5745533655,
              646135.648863677
            ],
            [
              192854.1775704989,
              646162.1243831929
            ],
            [
              192818.49548354192,
              646210.3212300859
            ],
            [
              192853.7431440096,
              646238.0117438982
            ],
            [
              192837.4393044175,
              646274.830624309
            ],
            [
              192838.9043755207,
              646284.4919818903
            ],
            [
              192804.7815702913,
              646374.124489618
            ],
            [
              192659.1680017938,
              646428.099373729
            ],
            [
              192666.09077823878,
              646452.293414474
            ],
            [
              192675.3227936952,
              646490.750170351
            ],
            [
              192672.85187989761,
              646509.5937416464
            ],
            [
              192663.3871740071,
              646523.6855363855
            ],
            [
              192654.83570087372,
              646536.7247483658
            ],
            [
              192652.1977131733,
              646547.796937039
            ],
            [
              192646.72508608171,
              646557.3145907498
            ],
            [
              192640.11847401448,
              646567.6110427809
            ],
            [
              192634.89496913808,
              646576.2049865094
            ],
            [
              192629.38720259827,
              646583.7179774826
            ],
            [
              192624.77848381718,
              646590.7771329073
            ],
            [
              192617.9178339701,
              646597.84491167
            ],
            [
              192612.3397885339,
              646601.3485771678
            ],
            [
              192609.69906845648,
              646621.4037440753
            ],
            [
              192609.67494320968,
              646621.5869652561
            ],
            [
              192609.64441474449,
              646621.8188162089
            ],
            [
              192609.800203325,
              646621.8041563107
            ],
            [
              192837.8034253018,
              647008.2835860634
            ],
            [
              192922.4200107029,
              646990.7265421326
            ],
            [
              192922.8104948592,
              646991.9520069992
            ],
            [
              192971.97748330282,
              646984.0686053808
            ],
            [
              192974.56438381653,
              646983.1360522081
            ],
            [
              192984.85920199996,
              647073.906194
            ]
          ]
        ]
      },
      "properties": {
        "FID": 638,
        "ID": 814,
        "AREA": 10662544.177249,
        "COUNT": 1,
        "LAYER": "SYM",
        "NUMBER": 892,
        "AREA_1": 10662.54,
        "COLOR": 18,
        "DISC_J": "אזור נחל וסביבותיו",
        "TYPECODE": 303018,
        "TYPENAME": "אזור נחל וסביבותיו",
        "TCODE": "3",
        "defq": 0
      }
    },
    {
      "type": "Feature",
      "id": 639,
      "geometry": {
        "type": "Polygon",
        "coordinates": [
          [
            [
              187080.59825936926,
              655926.0019397011
            ],
            [
              187115.21974034887,
              655944.6533308845
            ],
            [
              187123.60180958756,
              655947.2097494513
            ],
            [
              187147.4650173704,
              655954.4877073993
            ],
            [
              187179.0315793045,
              655956.5224310915
            ],
            [
              187215.16544503986,
              655956.2170405409
            ],
            [
              187240.28351249115,
              655951.1302313104
            ],
            [
              187270.832001794,
              655936.8875294579
            ],
            [
              187309.865831994,
              655917.5576543815
            ],
            [
              187349.2390197377,
              655898.9062631981
            ],
            [
              187375.54483859206,
              655888.6845975942
            ],
            [
              187394.5523668005,
              655881.5634286648
            ],
            [
              187418.31230292493,
              655877.8328592333
            ],
            [
              187441.237951849,
              655877.2221624743
            ],
            [
              187443.76902676804,
              655877.1547393338
            ],
            [
              187477.0330775727,
              655882.2415485644
            ],
            [
              187481.23833776146,
              655883.0253555645
            ],
            [
              187526.41380709654,
              655891.4454883287
            ],
            [
              187550.14709944685,
              655820.3106016642
            ],
            [
              187578.6264893458,
              655752.0210522274
            ],
            [
              187597.13830312563,
              655713.1341701273
            ],
            [
              187612.36802462826,
              655679.6216521268
            ],
            [
              187642.74613400735,
              655646.4254444821
            ],
            [
              187662.68198739737,
              655623.6623826677
            ],
            [
              187673.12494453834,
              655614.177803911
            ],
            [
              187776.60165044875,
              655694.3229857953
            ],
            [
              187802.10880709038,
              655712.9333287263
            ],
            [
              187875.0553037905,
              655766.1560120021
            ],
            [
              187932.48946461023,
              655811.2082160877
            ],
            [
              187956.69743683073,
              655827.3320363732
            ],
            [
              188002.2646008993,
              655852.4661518785
            ],
            [
              188048.7818258599,
              655872.8581600022
            ],
            [
              188092.92565147043,
              655889.9305473614
            ],
            [
              188136.86894762318,
              655905.3613240137
            ],
            [
              188163.24786137766,
              655911.7581167601
            ],
            [
              188185.7588707821,
              655917.216956461
            ],
            [
              188207.0501440277,
              655921.7752003907
            ],
            [
              188232.2760957427,
              655927.1758187544
            ],
            [
              188276.41992135323,
              655932.3925736663
            ],
            [
              188321.0384268337,
              655936.6607615044
            ],
            [
              188360.43545374367,
              655938.0832481214
            ],
            [
              188412.24216901395,
              655938.1440350369
            ],
            [
              188455.4359337323,
              655934.3501307354
            ],
            [
              188458.2161532499,
              655933.9072988203
            ],
            [
              188488.18814361363,
              655929.1333758236
            ],
            [
              188555.75885817234,
              655915.7697182857
            ],
            [
              188586.61164742138,
              655906.285139529
            ],
            [
              188610.3449397718,
              655899.1716144632
            ],
            [
              188640.7237503028,
              655885.4188478685
            ],
            [
              188669.20314020175,
              655874.0371349645
            ],
            [
              188720.21755376866,
              655852.6466926569
            ],
            [
              188772.90561704,
              655825.6154430043
            ],
            [
              188811.35328420985,
              655803.3263007331
            ],
            [
              188851.69967085985,
              655776.2950510805
            ],
            [
              188894.128478801,
              655744.721890474
            ],
            [
              188927.35466740036,
              655715.793506674
            ],
            [
              188958.20815780142,
              655683.5458661029
            ],
            [
              188995.70646523125,
              655644.6586200094
            ],
            [
              189039.4709676368,
              655586.077141341
            ],
            [
              189087.88621092564,
              655527.7464541977
            ],
            [
              189127.28323783563,
              655480.7974799582
            ],
            [
              189180.57569408766,
              655412.7259626307
            ],
            [
              189223.29548008798,
              655359.1377468623
            ],
            [
              189303.18613555748,
              655259.7391285376
            ],
            [
              189349.7026593662,
              655201.4084413941
            ],
            [
              189404.90014546597,
              655133.3154484499
            ],
            [
              189433.38023651682,
              655099.6449572683
            ],
            [
              189467.5557848562,
              655065.5001825498
            ],
            [
              189494.1371564269,
              655043.6853238156
            ],
            [
              189532.75590467255,
              655011.2171031806
            ],
            [
              189577.84909002308,
              654979.4437461464
            ],
            [
              189624.84029370174,
              654949.5667952726
            ],
            [
              189691.41817709955,
              654912.3044161849
            ],
            [
              189750.2763775295,
              654888.1185037598
            ],
            [
              189812.45733704965,
              654863.458307798
            ],
            [
              189869.8914978695,
              654840.6952459835
            ],
            [
              190019.96721514384,
              654782.3056580327
            ],
            [
              190058.0996123111,
              654767.469580627
            ],
            [
              190109.36363597226,
              654746.1293694231
            ],
            [
              190150.65938236238,
              654722.417740535
            ],
            [
              190187.68300992216,
              654690.1697359704
            ],
            [
              190222.1369155856,
              654660.0754809743
            ],
            [
              190260.58458275557,
              654624.5078556451
            ],
            [
              190296.18487185705,
              654592.7344986111
            ],
            [
              190328.4617007163,
              654567.1257355754
            ],
            [
              190400.3010283457,
              654512.7920611091
            ],
            [
              190462.00730799593,
              654463.4716691852
            ],
            [
              190519.44146881567,
              654417.9455455564
            ],
            [
              190572.69395940658,
              654375.4554917517
            ],
            [
              190624.90664165583,
              654337.042529195
            ],
            [
              190660.62051737332,
              654309.163174676
            ],
            [
              190814.46307129704,
              654196.4478539755
            ],
            [
              190901.93177704047,
              654131.9318252036
            ],
            [
              190931.81837890274,
              654116.2644527731
            ],
            [
              190980.7622907618,
              654108.8910363449
            ],
            [
              191010.71880757823,
              654102.4288878657
            ],
            [
              191014.9448506208,
              654101.5172559231
            ],
            [
              191053.400931614,
              654101.9052729993
            ],
            [
              191081.3684805896,
              654109.2790534211
            ],
            [
              191116.480767934,
              654124.8485115987
            ],
            [
              191143.93993861534,
              654127.8404675523
            ],
            [
              191123.984581,
              654310.984063
            ],
            [
              191120.37914600002,
              654457.588998
            ],
            [
              191131.53116,
              654482.4065330001
            ],
            [
              191155.54702399997,
              654662.046891
            ],
            [
              191204.265448,
              654858.0780559999
            ],
            [
              191301.851149,
              655173.395127
            ],
            [
              191318.51551499998,
              655184.93767
            ],
            [
              191363.67746799998,
              655278.610318
            ],
            [
              191424.937353,
              655405.672044
            ],
            [
              191514.674849,
              655641.7774199999
            ],
            [
              191581.2232955424,
              655816.8714821865
            ],
            [
              191530.28732684674,
              655836.2415053921
            ],
            [
              191443.99234946736,
              655870.042670242
            ],
            [
              191247.19582479203,
              655945.169837668
            ],
            [
              191242.42452894303,
              655946.7706876795
            ],
            [
              191242.4533231245,
              655946.9802899477
            ],
            [
              191277.73343599995,
              656203.795775
            ],
            [
              191281.86378299998,
              656256.77989
            ],
            [
              191296.73953200004,
              656447.602278
            ],
            [
              191316.58392,
              656495.3799010001
            ],
            [
              191317.433571,
              656506.250958
            ],
            [
              191316.90121699998,
              656614.890651
            ],
            [
              191333.973368,
              656661.8230099999
            ],
            [
              191396.28307500004,
              656833.111335
            ],
            [
              191395.31081399997,
              657031.383327
            ],
            [
              191394.38712700002,
              657219.742329
            ],
            [
              191403.325504,
              657447.770059
            ],
            [
              191300.71984799998,
              657863.989873
            ],
            [
              191229.64451500005,
              658002.674934
            ],
            [
              191188.73865099996,
              658141.404201
            ],
            [
              191107.99554899998,
              658200.764763
            ],
            [
              190995.75503,
              658248.902139
            ],
            [
              190989.85644762346,
              658251.4320871494
            ],
            [
              191053.8202204801,
              658366.871040676
            ],
            [
              191077.1328216605,
              658316.8627010281
            ],
            [
              191110.0448941863,
              658281.9255124496
            ],
            [
              191154.6136178784,
              658253.1536458565
            ],
            [
              191210.15256497776,
              658234.6573159063
            ],
            [
              191256.77846849058,
              658231.2321370253
            ],
            [
              191251.42650171753,
              658305.5108090121
            ],
            [
              191229.69296866807,
              658607.1453372061
            ],
            [
              191223.92318927275,
              658681.1994517797
            ],
            [
              191222.76418509963,
              658717.6668690527
            ],
            [
              191232.61326653918,
              658754.1342863259
            ],
            [
              191247.6775161816,
              658783.6556155453
            ],
            [
              191268.8971787918,
              658809.2651065679
            ],
            [
              191293.9577517832,
              658831.0515738088
            ],
            [
              191347.65968077397,
              658879.5016572624
            ],
            [
              191406.35731740738,
              658931.5046813171
            ],
            [
              191430.08542115916,
              658952.9529117171
            ],
            [
              191438.69236327562,
              659000.5511364859
            ],
            [
              191436.95138158696,
              659025.1536582387
            ],
            [
              191432.08398475114,
              659081.2079300027
            ],
            [
              191228.17318003674,
              659071.4769535906
            ],
            [
              191051.5064190455,
              659063.0461100833
            ],
            [
              190834.24963553034,
              659107.9354709613
            ],
            [
              190805.78103099996,
              659105.223337
            ],
            [
              190701.32212599996,
              659101.125825
            ],
            [
              190496.16839899996,
              659093.077905
            ],
            [
              190222.980689,
              659135.577391
            ],
            [
              190137.63179680338,
              659149.8043659218
            ],
            [
              189857.7861094554,
              659030.9127634729
            ],
            [
              189929.68573615246,
              658875.4249300078
            ],
            [
              190004.07351939037,
              658832.3973360809
            ],
            [
              190050.61691870238,
              658805.4755701886
            ],
            [
              190005.93881530617,
              658796.8926033436
            ],
            [
              189955.65710552677,
              658796.8926033436
            ],
            [
              189910.85206860624,
              658802.9970119715
            ],
            [
              189885.64427872666,
              658806.4314171325
            ],
            [
              189821.99650932732,
              658829.9595932942
            ],
            [
              189762.80385941733,
              658865.5701698568
            ],
            [
              189760.6350936821,
              658867.3586439673
            ],
            [
              189722.70568055753,
              658898.6371598073
            ],
            [
              189676.8073369381,
              658937.9424124502
            ],
            [
              189673.69656156714,
              658940.6063389066
            ],
            [
              189638.89909144817,
              658960.5593708633
            ],
            [
              189615.4983278961,
              658969.707944272
            ],
            [
              189594.98173791752,
              658977.7289444883
            ],
            [
              189571.57060448473,
              658983.7344452209
            ],
            [
              189547.88255683857,
              658989.8109808958
            ],
            [
              189505.87514121924,
              658991.7186708548
            ],
            [
              189467.04955314845,
              658991.7186708548
            ],
            [
              189421.2229628584,
              658985.3597043245
            ],
            [
              189377.30631047965,
              658970.0978206587
            ],
            [
              189334.02560291952,
              658950.3850244151
            ],
            [
              189286.28977587004,
              658917.9539311175
            ],
            [
              189251.28336246999,
              658884.2514085076
            ],
            [
              189215.00365712913,
              658834.6511055785
            ],
            [
              189208.8966758827,
              658827.1573423623
            ],
            [
              189181.6288243163,
              658793.6974683579
            ],
            [
              189150.4408844352,
              658761.2663750604
            ],
            [
              189147.87518670218,
              658758.94480435
            ],
            [
              189116.70776297606,
              658730.7429717219
            ],
            [
              189068.9719359266,
              658693.2250691939
            ],
            [
              189038.42064201587,
              658674.1478056097
            ],
            [
              188988.775578207,
              658645.5324562239
            ],
            [
              188921.7019803807,
              658625.0454457954
            ],
            [
              188894.50720474444,
              658619.8345983921
            ],
            [
              188875.23874412023,
              658616.1425286597
            ],
            [
              188793.76979561162,
              658618.0502186187
            ],
            [
              188723.1203228411,
              658637.1274822027
            ],
            [
              188685.26022100518,
              658655.5961486467
            ],
            [
              188640.70622150414,
              658681.0320147674
            ],
            [
              188599.3730815592,
              658709.5746280025
            ],
            [
              188597.4255139439,
              658710.9195214529
            ],
            [
              188545.8712133756,
              658730.6326816899
            ],
            [
              188484.76932670607,
              658745.2583047093
            ],
            [
              188442.91576264257,
              658746.5254259908
            ],
            [
              188421.75750212534,
              658747.1659946684
            ],
            [
              188396.94893885212,
              658743.2357269548
            ],
            [
              188348.98353894672,
              658735.636864395
            ],
            [
              188284.06247760647,
              658708.2929443216
            ],
            [
              188226.7797656079,
              658673.9541610652
            ],
            [
              188176.4980558285,
              658624.989754789
            ],
            [
              188163.72601780773,
              658611.5499303251
            ],
            [
              188155.22300221433,
              658602.6023342717
            ],
            [
              188110.03305789467,
              658566.9917577091
            ],
            [
              188057.84141020395,
              658546.0071681595
            ],
            [
              187997.37616950495,
              658532.0174417931
            ],
            [
              187937.54687362444,
              658528.837958528
            ],
            [
              187873.58358584775,
              658537.0947871925
            ],
            [
              187810.5717612669,
              658551.720410212
            ],
            [
              187745.01475510816,
              658569.5258804901
            ],
            [
              187682.00293052732,
              658574.6130537142
            ],
            [
              187610.0808669679,
              658565.7105005719
            ],
            [
              187520.7057290728,
              658536.4264951176
            ],
            [
              187483.15343294293,
              658514.170112262
            ],
            [
              187432.87172316352,
              658479.1954323524
            ],
            [
              187382.47292100848,
              658438.298214125
            ],
            [
              187334.737093959,
              658419.8572111875
            ],
            [
              187270.45267858915,
              658400.7803115968
            ],
            [
              187216.35249529092,
              658389.333807849
            ],
            [
              187161.35343519296,
              658384.1709239758
            ],
            [
              187146.09037165256,
              658388.7457065829
            ],
            [
              187034.05789639428,
              658422.3250871506
            ],
            [
              186980.75229302526,
              658577.3636925146
            ],
            [
              186942.04877999995,
              658563.699398
            ],
            [
              186800.4401304135,
              658545.2402488117
            ],
            [
              186708.808776,
              658533.295803
            ],
            [
              186601.58386796887,
              658352.9431932054
            ],
            [
              186771.79670617776,
              658248.0357223355
            ],
            [
              186841.52928363776,
              658205.0573640896
            ],
            [
              186782.33663372777,
              658129.3852983869
            ],
            [
              186727.9805299678,
              658077.1646062164
            ],
            [
              186682.79058564815,
              658049.6648969229
            ],
            [
              186639.24344034703,
              658029.1425791244
            ],
            [
              186575.15534752328,
              658010.6724567064
            ],
            [
              186523.61997805745,
              658002.1994159
            ],
            [
              186454.67991374072,
              658003.3474514143
            ],
            [
              186345.52457818855,
              658003.3474514143
            ],
            [
              186334.0348011864,
              657951.6891292087
            ],
            [
              186208.0342900391,
              657933.1658637391
            ],
            [
              186218.9505247462,
              658001.4692449293
            ],
            [
              186216.65214865468,
              658034.7604548787
            ],
            [
              186207.46004659217,
              658085.8443953336
            ],
            [
              186200.88097641148,
              658099.7110690144
            ],
            [
              186183.9139618124,
              658135.472361769
            ],
            [
              186162.08289470198,
              658160.1533053606
            ],
            [
              186141.40101563733,
              658182.538541917
            ],
            [
              186118.42076048104,
              658204.3497607162
            ],
            [
              186081.98049134365,
              658232.7026707851
            ],
            [
              186030.27544310607,
              658164.9729433586
            ],
            [
              186068.19233824988,
              658127.0903193387
            ],
            [
              186099.78975086974,
              658100.6869584819
            ],
            [
              186119.89738648746,
              658071.98789059
            ],
            [
              186133.12602032523,
              658034.9701151375
            ],
            [
              186135.42369526485,
              657998.809544389
            ],
            [
              186129.67845618783,
              657964.9446806759
            ],
            [
              186112.4259113099,
              657901.5333721912
            ],
            [
              185917.09549536172,
              657868.2425262353
            ],
            [
              185953.85408748442,
              657681.46362713
            ],
            [
              185923.98143711564,
              657676.8014263132
            ],
            [
              185783.54568117042,
              657654.8837294234
            ],
            [
              185599.13079877745,
              657624.4629722533
            ],
            [
              185534.48809476127,
              657610.0222579343
            ],
            [
              185551.72311084054,
              657510.1493560728
            ],
            [
              185969.69942039903,
              657581.8091213715
            ],
            [
              185997.9270967479,
              657412.2594908259
            ],
            [
              186149.51825176075,
              657439.8403706709
            ],
            [
              186215.18882408866,
              657451.0186186354
            ],
            [
              186249.63854328718,
              657456.8825465692
            ],
            [
              186371.16921075422,
              657478.7894956602
            ],
            [
              186430.12907821685,
              657465.8225910425
            ],
            [
              186500.5836307453,
              657452.8560504182
            ],
            [
              186586.03512232902,
              657432.4127192104
            ],
            [
              186670.700622577,
              657414.0241313375
            ],
            [
              186735.90845506464,
              657398.787727217
            ],
            [
              186808.47838302585,
              657376.1957423497
            ],
            [
              186879.47142025176,
              657349.9259671093
            ],
            [
              186929.69563557126,
              657321.0074111338
            ],
            [
              186970.18786182685,
              657291.0598455202
            ],
            [
              187008.05076827062,
              657256.3840042781
            ],
            [
              187025.40427902935,
              657206.997001543
            ],
            [
              187063.30644998222,
              657105.8235508886
            ],
            [
              187100.78091824567,
              656999.3663705173
            ],
            [
              187115.50510919245,
              656984.6552090242
            ],
            [
              187149.16110393708,
              656892.7111776794
            ],
            [
              187216.0453907369,
              656711.6331448475
            ],
            [
              187278.15553391026,
              656545.8118997724
            ],
            [
              187349.21237596357,
              656354.242846143
            ],
            [
              187378.20500908978,
              656278.714921868
            ],
            [
              187340.852607557,
              656264.8196169197
            ],
            [
              187328.77309547353,
              656260.3259700018
            ],
            [
              187292.4877809171,
              656236.1578932584
            ],
            [
              187264.6162897587,
              656206.7359342657
            ],
            [
              187238.8489556018,
              656164.1789056561
            ],
            [
              187220.28946348932,
              656132.8241411524
            ],
            [
              187196.62488403008,
              656107.6052151606
            ],
            [
              187159.28784154868,
              656078.7084987955
            ],
            [
              187048.85500714392,
              656009.8816949454
            ],
            [
              186964.48188725905,
              655955.5476564855
            ],
            [
              186837.22140605783,
              655879.3656358824
            ],
            [
              186736.0192370728,
              655816.563652525
            ],
            [
              186685.5355955318,
              655793.9716676578
            ],
            [
              186642.41404946428,
              655781.8874472894
            ],
            [
              186587.19693110988,
              655781.3622046618
            ],
            [
              186715.54980704898,
              655679.7344901133
            ],
            [
              186727.11951537337,
              655702.8520816015
            ],
            [
              186745.52475405682,
              655723.8676105991
            ],
            [
              186766.03344858985,
              655739.1040147197
            ],
            [
              186800.74117125932,
              655754.8660254613
            ],
            [
              186855.7542543962,
              655779.9746614213
            ],
            [
              186871.36820716737,
              655786.4180744446
            ],
            [
              186935.180046123,
              655824.7382186574
            ],
            [
              186977.94751045585,
              655851.1896266569
            ],
            [
              187010.87220371678,
              655869.5021398872
            ],
            [
              187051.74655778508,
              655901.585255394
            ],
            [
              187080.59825936926,
              655926.0019397011
            ]
          ]
        ]
      },
      "properties": {
        "FID": 639,
        "ID": 815,
        "AREA": 15999872.091274,
        "COUNT": 1,
        "LAYER": "SYM",
        "NUMBER": 580,
        "AREA_1": 15999.87,
        "COLOR": 10,
        "DISC_J": "שדה תעופה",
        "TYPECODE": 303010,
        "TYPENAME": "שדה תעופה",
        "TCODE": "3",
        "defq": 0
      }
    }
  ]
}