{
  "type": "FeatureCollection",
  "name": "tmm_merkaz_גבול_שינויי_תמ_מים",
  "features": [
    {
      "type": "Feature",
      "id": 15,
      "geometry": {
        "type": "Polygon",
        "coordinates": [
          [
            [
              193919.61569999997,
              701801.6521000005
            ],
            [
              193868.40079999994,
              701810.6900999993
            ],
            [
              192831.62899999972,
              702042.0402000006
            ],
            [
              192668.0859000003,
              702078.4244999997
            ],
            [
              192618.25079999957,
              701837.5112999994
            ],
            [
              192581.27689999994,
              701752.3886999991
            ],
            [
              192518.47479999997,
              701727.9792999998
            ],
            [
              192476.67769999988,
              701674.9787000008
            ],
            [
              192471.8552000001,
              701552.9160999991
            ],
            [
              192381.09740000032,
              701446.6190000009
            ],
            [
              192306.73950000014,
              701384.1842999998
            ],
            [
              192307.53039999958,
              701309.8949999996
            ],
            [
              192235.33210000023,
              700992.5254999995
            ],
            [
              192210.96530000027,
              700989.1687000003
            ],
            [
              192149.97809999995,
              701012.9039999992
            ],
            [
              192017.35809999984,
              701024.4083999991
            ],
            [
              191754.14169999957,
              701132.8872999996
            ],
            [
              191613.76630000025,
              701173.6414000001
            ],
            [
              191543.24019999988,
              701194.1166999992
            ],
            [
              191366.35529999994,
              701248.5428999998
            ],
            [
              191189.46999999974,
              701282.5592999998
            ],
            [
              191080.29629999958,
              701295.3029999994
            ],
            [
              190936.21829999983,
              701335.6447999999
            ],
            [
              190739.64769999962,
              701352.0263999999
            ],
            [
              190297.36369999964,
              701401.1684000008
            ],
            [
              189972.80489999987,
              701488.0231999997
            ],
            [
              189511.08040000033,
              701564.9781
            ],
            [
              189316.04729999974,
              701633.8355
            ],
            [
              189307.96320000011,
              701677.2771000005
            ],
            [
              189244.82230000012,
              701732.6635999996
            ],
            [
              189188.21920000017,
              701789.2665999997
            ],
            [
              189105.49129999988,
              701797.9752999991
            ],
            [
              189057.59619999956,
              701828.4536000006
            ],
            [
              188872.22499999963,
              701859.8328000009
            ],
            [
              188741.1777999997,
              701810.6900999993
            ],
            [
              188625.1677000001,
              701810.6900999993
            ],
            [
              188556.54459999967,
              701810.6900999993
            ],
            [
              188380.79800000042,
              701810.6900999993
            ],
            [
              188249.75079999957,
              701941.7365000006
            ],
            [
              188118.70349999983,
              702023.6425000001
            ],
            [
              187905.75179999974,
              701974.4990999997
            ],
            [
              187897.8191999998,
              701972.6685000006
            ],
            [
              187895.51719999965,
              701967.2101000007
            ],
            [
              187877.69450000022,
              701917.0285999998
            ],
            [
              187849.3404000001,
              701884.6532000005
            ],
            [
              187842.04949999973,
              701851.4683999997
            ],
            [
              187834.7581000002,
              701841.7557999995
            ],
            [
              187822.6065999996,
              701805.3334999997
            ],
            [
              187803.16359999962,
              701750.2956000008
            ],
            [
              187768.32849999983,
              701705.7793000005
            ],
            [
              187741.51860000007,
              701627.7115000002
            ],
            [
              187726.93630000018,
              701552.4389999993
            ],
            [
              187708.22819999978,
              701471.1184
            ],
            [
              187678.2538999999,
              701400.7019999996
            ],
            [
              187671.77290000021,
              701378.0392000005
            ],
            [
              187670.88570000045,
              701341.1769999992
            ],
            [
              187670.85560000036,
              701339.9231000002
            ],
            [
              187670.10989999957,
              701308.9418000001
            ],
            [
              187667.67929999996,
              701270.0912999995
            ],
            [
              187661.9512,
              701257.0846999995
            ],
            [
              187649.8565999996,
              701229.6221999992
            ],
            [
              187623.93310000002,
              701181.0592999998
            ],
            [
              187610.97109999973,
              701142.2087999992
            ],
            [
              187609.30759999994,
              701097.3394000009
            ],
            [
              187641.7126000002,
              701074.6765999999
            ],
            [
              187638.4720999999,
              701039.8731999993
            ],
            [
              187623.08000000007,
              700988.0725999996
            ],
            [
              187604.44739999995,
              700939.5097000003
            ],
            [
              187589.78259999957,
              700914.1204000004
            ],
            [
              187543.6057000002,
              700910.0734999999
            ],
            [
              187522.54250000045,
              700918.1675000004
            ],
            [
              187507.1503999997,
              700909.2642000001
            ],
            [
              187508.7706000004,
              700890.6482999995
            ],
            [
              187518.49210000038,
              700871.2233000007
            ],
            [
              187516.06149999984,
              700820.2318999991
            ],
            [
              187532.27049999963,
              700764.8542999998
            ],
            [
              187557.3847000003,
              700726.8133000005
            ],
            [
              187561.4349999996,
              700676.6316
            ],
            [
              187554.14419999998,
              700618.3561000004
            ],
            [
              187537.04810000025,
              700469.9024
            ],
            [
              187519.19359999988,
              700379.0032000002
            ],
            [
              187518.38109999988,
              700374.8665999994
            ],
            [
              187504.60919999983,
              700273.6937000006
            ],
            [
              187495.65000000037,
              700178.5829000007
            ],
            [
              187495.89219999965,
              700147.8366
            ],
            [
              187496.4598000003,
              700075.7910999991
            ],
            [
              187494.82859999966,
              699977.4351000004
            ],
            [
              187478.36840000004,
              699849.4605999999
            ],
            [
              187441.3652999997,
              699693.4923999999
            ],
            [
              187424.86459999997,
              699614.3607999999
            ],
            [
              187412.9472000003,
              699538.8877000008
            ],
            [
              187383.24590000045,
              699463.7126000002
            ],
            [
              187363.358,
              699409.9509999994
            ],
            [
              187342.23680000007,
              699303.7825000007
            ],
            [
              187331.00829999987,
              699244.0949000008
            ],
            [
              187309.22719999962,
              699173.5357000008
            ],
            [
              187273.51549999975,
              699088.7858000007
            ],
            [
              187229.95370000042,
              698986.5741000008
            ],
            [
              187220.68960000016,
              698936.1033999994
            ],
            [
              187222.6699000001,
              698898.5159000009
            ],
            [
              187220.68960000016,
              698858.9500999991
            ],
            [
              187206.82909999974,
              698812.1302000005
            ],
            [
              187182.40830000024,
              698736.2958000004
            ],
            [
              187165.83640000038,
              698677.2213000003
            ],
            [
              187157.9157999996,
              698623.8073999994
            ],
            [
              187127.55460000038,
              698553.9077000003
            ],
            [
              187116.9587000003,
              698506.182
            ],
            [
              187085.9375,
              698400.0134999994
            ],
            [
              187065.41050000023,
              698335.6885000002
            ],
            [
              187058.81020000018,
              698291.5066
            ],
            [
              187058.78509999998,
              698142.7633999996
            ],
            [
              187037.6638000002,
              698075.5015999991
            ],
            [
              187027.1035000002,
              698015.4933000002
            ],
            [
              187025.35749999993,
              697995.5865000002
            ],
            [
              187020.47420000006,
              697939.9094999991
            ],
            [
              186998.03309999965,
              697844.2921999991
            ],
            [
              186972.8970999997,
              697751.6928000003
            ],
            [
              186956.41139999963,
              697690.443
            ],
            [
              186951.77579999994,
              697673.2205999997
            ],
            [
              186927.28770000022,
              697595.7530000005
            ],
            [
              186915.94660000037,
              697545.4439000003
            ],
            [
              186910.78699999955,
              697522.5559
            ],
            [
              186888.98230000027,
              697439.1761000007
            ],
            [
              186877.7620000001,
              697387.7407000009
            ],
            [
              186856.6222000001,
              697281.9813000001
            ],
            [
              186820.9804999996,
              697207.4655000009
            ],
            [
              186805.0943,
              697124.0296999998
            ],
            [
              186775.73489999957,
              697024.4093999993
            ],
            [
              186770.11259999964,
              697005.3320000004
            ],
            [
              186752.89279999956,
              696944.9896000009
            ],
            [
              186739.0318,
              696848.0534000006
            ],
            [
              186725.1542999996,
              696748.8632999994
            ],
            [
              186715.9138000002,
              696669.7316999994
            ],
            [
              186701.36280000024,
              696567.1660999991
            ],
            [
              186699.36780000012,
              696558.5147999991
            ],
            [
              186658.41220000014,
              696380.9060999993
            ],
            [
              186618.74480000045,
              696222.3188000005
            ],
            [
              186593.63499999978,
              696088.7748000007
            ],
            [
              186586.37480000034,
              695962.1640000008
            ],
            [
              186573.8189000003,
              695863.5077999998
            ],
            [
              186536.8574000001,
              695754.0420999993
            ],
            [
              186512.37409999967,
              695666.5999999996
            ],
            [
              186493.23319999967,
              695568.3444999997
            ],
            [
              186481.82720000017,
              695493.2150999997
            ],
            [
              186474.06819999963,
              695442.1078999992
            ],
            [
              186453.58880000003,
              695308.5902999993
            ],
            [
              186429.82789999992,
              695229.4583999999
            ],
            [
              186410.0061999997,
              695127.5720000006
            ],
            [
              186394.82540000044,
              695049.0997000001
            ],
            [
              186386.88549999986,
              694988.0846999995
            ],
            [
              186376.98510000017,
              694964.3450000007
            ],
            [
              186373.02500000037,
              694881.9162000008
            ],
            [
              186373.6701999996,
              694782.6875
            ],
            [
              186359.14919999987,
              694710.8092999998
            ],
            [
              186339.9868999999,
              694579.2399000004
            ],
            [
              186339.9868999999,
              694521.8694000002
            ],
            [
              186324.12320000026,
              694481.3563000001
            ],
            [
              186313.56230000034,
              694416.7321000006
            ],
            [
              186304.98220000044,
              694368.5936999992
            ],
            [
              186293.74170000013,
              694307.0496999994
            ],
            [
              186256.74299999978,
              694184.2010999992
            ],
            [
              186228.3320000004,
              694100.9246999994
            ],
            [
              186207.18290000036,
              694018.9572000001
            ],
            [
              186198.60230000038,
              693972.1377000008
            ],
            [
              186156.97539999988,
              693828.0702999998
            ],
            [
              186127.22369999997,
              693714.4995000008
            ],
            [
              186108.76350000035,
              693592.7733999994
            ],
            [
              186075.80090000015,
              693500.8841999993
            ],
            [
              185991.65409999993,
              693255.8731999993
            ],
            [
              185966.4151999997,
              693164.4651999995
            ],
            [
              185925.40170000028,
              693104.5770999994
            ],
            [
              185882.2854000004,
              693073.0572999995
            ],
            [
              185843.37530000042,
              693060.4491000008
            ],
            [
              185790.79459999967,
              693064.6519000009
            ],
            [
              185793.94919999968,
              693103.5265999995
            ],
            [
              185796.05260000005,
              693137.148
            ],
            [
              185781.3298000004,
              693144.5024999995
            ],
            [
              185764.50399999972,
              693110.8812000006
            ],
            [
              185740.31680000015,
              693033.1318999995
            ],
            [
              185730.68510000035,
              692973.5818000007
            ],
            [
              185734.89140000008,
              692945.2137000002
            ],
            [
              185752.76879999973,
              692957.8217999991
            ],
            [
              185760.1303000003,
              692989.3417000007
            ],
            [
              185774.85309999995,
              693008.2539000008
            ],
            [
              185801.1436999999,
              693004.0511000007
            ],
            [
              185825.3309000004,
              692989.3417000007
            ],
            [
              185863.18929999974,
              692942.0618999992
            ],
            [
              185889.4798999997,
              692877.9713000003
            ],
            [
              185898.9441999998,
              692821.2352000009
            ],
            [
              185887.37650000025,
              692783.4112999998
            ],
            [
              185843.2083999999,
              692751.8912000004
            ],
            [
              185765.38829999976,
              692735.0804999992
            ],
            [
              185718.06560000032,
              692730.8780000005
            ],
            [
              185695.9813000001,
              692735.0804999992
            ],
            [
              185706.49789999984,
              692784.4617999997
            ],
            [
              185699.1364000002,
              692804.4244999997
            ],
            [
              185683.36180000007,
              692809.6777999997
            ],
            [
              185664.43319999985,
              692751.8912000004
            ],
            [
              185641.23539999966,
              692667.4704999998
            ],
            [
              185629.66760000028,
              692630.6974
            ],
            [
              185630.7193,
              692608.6334000006
            ],
            [
              185640.1836000001,
              692596.0252
            ],
            [
              185658.06109999958,
              692603.3797999993
            ],
            [
              185662.26800000016,
              692633.8490999993
            ],
            [
              185671.73230000027,
              692656.9638999999
            ],
            [
              185693.81659999955,
              692662.2171999998
            ],
            [
              185729.5714999996,
              692651.7105999999
            ],
            [
              185768.4815999996,
              692614.9372000005
            ],
            [
              185801.13389999978,
              692572.6048000008
            ],
            [
              185824.26989999972,
              692514.8181999996
            ],
            [
              185833.73419999983,
              692443.3729999997
            ],
            [
              185814.80510000046,
              692367.7248999998
            ],
            [
              185774.7890999997,
              692247.2580999993
            ],
            [
              185748.49849999975,
              692143.2422000002
            ],
            [
              185725.3624999998,
              691995.0982000008
            ],
            [
              185674.81460000016,
              691782.2780000009
            ],
            [
              185631.69830000028,
              691627.8300999999
            ],
            [
              185550.4894000003,
              691245.2906999998
            ],
            [
              185507.21160000004,
              691045.0771999992
            ],
            [
              185459.91079999972,
              690792.3509
            ],
            [
              185398.07699999958,
              690511.9855000004
            ],
            [
              185342.5502000004,
              690355.8291999996
            ],
            [
              185299.36220000032,
              690170.9071999993
            ],
            [
              185235.45999999996,
              689878.0695999991
            ],
            [
              185190.21609999985,
              689754.7884999998
            ],
            [
              185149.08499999996,
              689580.1402000003
            ],
            [
              185116.02670000028,
              689521.7467999998
            ],
            [
              185103.68740000017,
              689443.6688000001
            ],
            [
              185099.57469999976,
              689340.9343999997
            ],
            [
              185087.23539999966,
              689287.5124999993
            ],
            [
              185048.16060000006,
              689178.6140999999
            ],
            [
              185027.51429999992,
              689072.9782999996
            ],
            [
              184996.66610000003,
              688974.3531999998
            ],
            [
              184976.10080000013,
              688906.5485999994
            ],
            [
              184941.13929999992,
              688764.7753999997
            ],
            [
              184926.7430999996,
              688680.5330999997
            ],
            [
              184869.74930000026,
              688545.1335000005
            ],
            [
              184849.9227,
              688480.7547999993
            ],
            [
              184840.0092000002,
              688421.3279999997
            ],
            [
              184820.18259999994,
              688355.2984999996
            ],
            [
              184788.7899000002,
              688262.8567999993
            ],
            [
              184765.52749999985,
              688103.3562000003
            ],
            [
              184694.48110000044,
              687834.2853999995
            ],
            [
              184644.84109999985,
              687683.3909000009
            ],
            [
              184636.5795,
              687619.0121999998
            ],
            [
              184572.14209999982,
              687432.4783999994
            ],
            [
              184535.71530000027,
              687308.1206
            ],
            [
              184502.67059999984,
              687108.3809999991
            ],
            [
              184474.50310000032,
              686924.3813000005
            ],
            [
              184461.28500000015,
              686617.3433999997
            ],
            [
              184453.0092000002,
              686500.9868000001
            ],
            [
              184446.49450000003,
              686469.2083999999
            ],
            [
              184424.92109999992,
              686363.9754000008
            ],
            [
              184386.9199000001,
              686205.5043000001
            ],
            [
              184300.87700000033,
              685986.9294000007
            ],
            [
              184238.09169999976,
              685798.7447999995
            ],
            [
              184142.7940999996,
              685533.2905000001
            ],
            [
              184093.73739999998,
              685360.6826000009
            ],
            [
              184045.62569999974,
              685223.5479000006
            ],
            [
              184006.16729999986,
              685086.1008000001
            ],
            [
              184000.5865000002,
              685065.7893000003
            ],
            [
              183976.30680000037,
              684977.4220000003
            ],
            [
              183933.61450000014,
              684822.3168000001
            ],
            [
              183888.82320000045,
              684658.2329999991
            ],
            [
              183857.8108000001,
              684540.4499999993
            ],
            [
              183846.08000000007,
              684458.4080999997
            ],
            [
              183819.3214999996,
              684347.1305999998
            ],
            [
              183795.85940000042,
              684281.0710000005
            ],
            [
              183784.1286000004,
              684219.2730999999
            ],
            [
              183774.5307,
              684148.9513000008
            ],
            [
              183756.4009999996,
              684089.2844999991
            ],
            [
              183720.06219999958,
              684005.6995000001
            ],
            [
              183709.39790000021,
              683948.1637999993
            ],
            [
              183699.79949999973,
              683879.9727999996
            ],
            [
              183690.10759999976,
              683853.8515000008
            ],
            [
              183668.77840000018,
              683810.1668999996
            ],
            [
              183652.78170000017,
              683730.2558999993
            ],
            [
              183622.92109999992,
              683585.3505000006
            ],
            [
              183616.45440000016,
              683540.0847999994
            ],
            [
              183592.9922000002,
              683430.3403999992
            ],
            [
              183572.73010000028,
              683345.1019000001
            ],
            [
              183540.6928000003,
              683243.4563999996
            ],
            [
              183511.8986999998,
              683147.5632000007
            ],
            [
              183484.11050000042,
              683047.0216000006
            ],
            [
              183457.44880000036,
              683016.1225000005
            ],
            [
              183443.5850999998,
              682972.4378999993
            ],
            [
              183440.3855999997,
              682907.4432999995
            ],
            [
              183412.59020000044,
              682839.9316000007
            ],
            [
              183381.6632000003,
              682763.2169000003
            ],
            [
              183364.59999999963,
              682700.3537000008
            ],
            [
              183351.7714999998,
              682630.7432000004
            ],
            [
              183338.97360000014,
              682565.7486000005
            ],
            [
              183310.17960000038,
              682499.6890999991
            ],
            [
              183300.5270999996,
              682431.0813999996
            ],
            [
              183274.9325000001,
              682371.4145999998
            ],
            [
              183265.3345999997,
              682272.3247999996
            ],
            [
              183257.8211000003,
              682219.7236000001
            ],
            [
              183218.36220000032,
              682117.4375
            ],
            [
              183190.55420000013,
              682034.0701000001
            ],
            [
              183153.2282999996,
              681954.159
            ],
            [
              183124.36199999973,
              681894.1720000003
            ],
            [
              183117.96360000037,
              681862.2073999997
            ],
            [
              183128.62799999956,
              681800.4097000007
            ],
            [
              183127.56149999984,
              681742.8736000005
            ],
            [
              183113.67140000034,
              681688.2905000001
            ],
            [
              183087.01040000003,
              681623.2961999997
            ],
            [
              183064.5714999996,
              681546.3156000003
            ],
            [
              183049.64120000042,
              681477.0593999997
            ],
            [
              183029.34080000035,
              681427.8179000001
            ],
            [
              183000.54669999983,
              681342.5792999994
            ],
            [
              182970.61670000013,
              681270.9300999995
            ],
            [
              182924.68609999958,
              681127.7311000004
            ],
            [
              182890.55960000027,
              681025.4450000003
            ],
            [
              182864.90160000045,
              680938.8572000004
            ],
            [
              182833.9751000004,
              680820.5887000002
            ],
            [
              182804.01389999967,
              680730.7059000004
            ],
            [
              182790.1501000002,
              680689.1522000004
            ],
            [
              182749.62469999958,
              680614.5686000008
            ],
            [
              182742.1314000003,
              680580.1429999992
            ],
            [
              182731.4671,
              680528.9999000002
            ],
            [
              182714.40390000027,
              680469.3331000004
            ],
            [
              182688.80879999977,
              680423.5175000001
            ],
            [
              182651.4199000001,
              680349.5822999999
            ],
            [
              182635.42310000025,
              680298.4393000007
            ],
            [
              182623.69180000015,
              680228.1174999997
            ],
            [
              182616.18589999992,
              680161.7375000007
            ],
            [
              182593.7907999996,
              680120.1838000007
            ],
            [
              182596.94969999976,
              680100.1352999993
            ],
            [
              182601.9199000001,
              680065.3730999995
            ],
            [
              182599.43510000035,
              680035.5767999999
            ],
            [
              182578.9316999996,
              680015.0919000003
            ],
            [
              182569.61180000007,
              679983.4334999993
            ],
            [
              182547.8443,
              679924.8177000005
            ],
            [
              182526.0981999999,
              679851.5686000008
            ],
            [
              182489.38999999966,
              679748.1530000009
            ],
            [
              182447.76150000002,
              679647.5909000002
            ],
            [
              182419.7182,
              679585.7762000002
            ],
            [
              182383.06039999984,
              679512.5271000005
            ],
            [
              182370.0125000002,
              679480.8686999995
            ],
            [
              182358.1486999998,
              679428.3663999997
            ],
            [
              182339.5089999996,
              679378.7061999999
            ],
            [
              182330.8108000001,
              679348.2891000006
            ],
            [
              182332.0354000004,
              679316.3912000004
            ],
            [
              182296.6202999996,
              679249.3498999998
            ],
            [
              182278.60170000046,
              679216.4497999996
            ],
            [
              182275.49519999977,
              679159.3407000005
            ],
            [
              182246.8002000004,
              679122.9954000004
            ],
            [
              182230.02479999978,
              679085.1294999998
            ],
            [
              182232.50960000046,
              679050.3673
            ],
            [
              182240.5867999997,
              679030.5031000003
            ],
            [
              182240.5867999997,
              679001.3278000001
            ],
            [
              182217.5985000003,
              678957.2541000005
            ],
            [
              182208.23330000043,
              678919.7448999994
            ],
            [
              182201.39879999962,
              678893.6732999999
            ],
            [
              182188.35140000004,
              678873.1884000003
            ],
            [
              182186.45430000033,
              678836.3210000005
            ],
            [
              182178.04150000028,
              678819.2561000008
            ],
            [
              182370.2703999998,
              678748.5945999995
            ],
            [
              182477.2692999998,
              678709.2629000004
            ],
            [
              182353.02049999963,
              678376.8969
            ],
            [
              182928.32890000008,
              678161.6168000009
            ],
            [
              183049.37619999982,
              678116.3210000005
            ],
            [
              183035.6900000004,
              678065.0397999994
            ],
            [
              182998.33810000028,
              677925.0369000006
            ],
            [
              182977.6649000002,
              677846.3540000003
            ],
            [
              183148.64800000004,
              677800.8081999999
            ],
            [
              184279.04360000044,
              677586.4936999995
            ],
            [
              184819.48790000007,
              677454.0658999998
            ],
            [
              184785.6048999997,
              677144.8264000006
            ],
            [
              184853.94859999977,
              677068.5763000008
            ],
            [
              185220.5268000001,
              676978.4511999991
            ],
            [
              185352.9798999997,
              676979.2013000008
            ],
            [
              185325.7298999997,
              676661.9511999991
            ],
            [
              185556.0580000002,
              676617.2014000006
            ],
            [
              185812.9018000001,
              676475.4514000006
            ],
            [
              185979.2923999997,
              676435.4511999991
            ],
            [
              186251.26779999956,
              676463.591
            ],
            [
              186240.15170000028,
              676078.8263000008
            ],
            [
              186684.4879999999,
              676100.0864000004
            ],
            [
              186694.9938000003,
              675922.9384000003
            ],
            [
              186711.49320000038,
              675538.1731000002
            ],
            [
              186771.3777999999,
              675469.7753999997
            ],
            [
              187306.27529999986,
              675280.4956999999
            ],
            [
              187293.0201000003,
              674958.7952999994
            ],
            [
              187309.2148000002,
              674681.0036999993
            ],
            [
              187324.5837000003,
              674430.1433000006
            ],
            [
              187441.91930000018,
              674417.9429000001
            ],
            [
              187652.1688000001,
              674396.0812999997
            ],
            [
              188082.68200000003,
              674355.2094999999
            ],
            [
              188290.60840000026,
              674356.0878999997
            ],
            [
              188688.05740000028,
              674364.8455999997
            ],
            [
              188576.50299999956,
              674163.8188000005
            ],
            [
              188403.26410000026,
              673912.9940000009
            ],
            [
              188326.86390000023,
              673811.4726
            ],
            [
              188228.6140999999,
              673716.4783999994
            ],
            [
              188204.02579999994,
              673692.7047000006
            ],
            [
              188128.7366000004,
              673573.9368999992
            ],
            [
              188100.99920000043,
              673467.0449999999
            ],
            [
              188128.7366000004,
              673324.5236000009
            ],
            [
              188136.5926000001,
              673246.3080000002
            ],
            [
              188152.47759999987,
              673088.1543000005
            ],
            [
              188207.9523,
              672767.4802999999
            ],
            [
              188219.83949999977,
              672462.6420000009
            ],
            [
              188180.4576000003,
              672139.0050000008
            ],
            [
              188148.55979999993,
              671966.6166999992
            ],
            [
              188076.9046,
              671720.2475000005
            ],
            [
              188025.39130000025,
              671561.8903999999
            ],
            [
              187969.9166000001,
              671447.0807000007
            ],
            [
              187977.86710000038,
              671105.2731999997
            ],
            [
              187975.9779000003,
              671062.8008999992
            ],
            [
              187969.9428000003,
              670927.1206
            ],
            [
              187938.2424999997,
              670784.5984000005
            ],
            [
              187930.83609999996,
              670768.9948999994
            ],
            [
              187996.20440000016,
              670660.4142000005
            ],
            [
              188039.7352,
              670498.8739999998
            ],
            [
              188050.06240000017,
              670444.9024999999
            ],
            [
              188055.04349999968,
              670418.8705000002
            ],
            [
              188080.15579999983,
              670287.6304000001
            ],
            [
              187955.78230000008,
              670278.3103
            ],
            [
              187939.4606999997,
              670388.3815000001
            ],
            [
              187931.67129999958,
              670440.9125999995
            ],
            [
              187915.43030000012,
              670502.7510000002
            ],
            [
              187876.79650000017,
              670455.5776000004
            ],
            [
              187696.51499999966,
              670370.8784999996
            ],
            [
              187353.7287999997,
              670314.0508999992
            ],
            [
              187409.11060000025,
              670130.3367999997
            ],
            [
              187443.32770000026,
              670016.8311000001
            ],
            [
              187518.91270000022,
              669788.1380000003
            ],
            [
              187556.8432,
              669676.3629999999
            ],
            [
              187403.37170000002,
              669290.1139000002
            ],
            [
              187083.5906999996,
              669270.5752000008
            ],
            [
              187084.0212000003,
              669182.8445999995
            ],
            [
              187099.49870000035,
              669051.2707000002
            ],
            [
              187070.69429999962,
              668875.7652000003
            ],
            [
              186907.68159999978,
              668846.2763
            ],
            [
              186863.39940000046,
              668802.3439000007
            ],
            [
              186789.02269999962,
              668846.0978999995
            ],
            [
              186728.9042999996,
              669006.8475000001
            ],
            [
              186683.76190000027,
              669138.3763999995
            ],
            [
              186506.1319000004,
              669065
            ],
            [
              186402.37729999982,
              669050.2219999991
            ],
            [
              185996.22690000013,
              668904.7175999992
            ],
            [
              185875.23639999982,
              668316.8627000004
            ],
            [
              185743.75239999965,
              667814.9000000004
            ],
            [
              185681.91280000005,
              667512.1819000002
            ],
            [
              185562.55379999988,
              666771.0536000002
            ],
            [
              185547.96559999976,
              666682.1667999998
            ],
            [
              185339.08499999996,
              664960.8392999992
            ],
            [
              185324.5893000001,
              664449.7013000008
            ],
            [
              185448.7298999997,
              664396.5763000008
            ],
            [
              185608.79179999977,
              664708.3439000007
            ],
            [
              185688.1518000001,
              664663.3260999992
            ],
            [
              186060.8393000001,
              664473.0760999992
            ],
            [
              185955.0268000001,
              664040.5760999992
            ],
            [
              185782.4330000002,
              664046.5760999992
            ],
            [
              185768.88430000003,
              664157.7926000003
            ],
            [
              185774.4576000003,
              664211.6843999997
            ],
            [
              185536.10149999987,
              664225.1686000004
            ],
            [
              185572.79310000036,
              663770.8864999991
            ],
            [
              185998.57969999965,
              663857.6326000001
            ],
            [
              186125.94460000005,
              663881.7468999997
            ],
            [
              186418.5745000001,
              663937.4070999995
            ],
            [
              186659.64020000026,
              663983.8158999998
            ],
            [
              186833.4637000002,
              663993.1999999993
            ],
            [
              186834.79860000033,
              664051.9047999997
            ],
            [
              186847.65070000011,
              664053.8383000009
            ],
            [
              186941.65600000042,
              664088.8496000003
            ],
            [
              187035.66119999997,
              664123.8607999999
            ],
            [
              187227.94010000024,
              664180.4134999998
            ],
            [
              187390.64190000016,
              664124.1413000003
            ],
            [
              187450.54480000027,
              664007.2563000005
            ],
            [
              187525.85390000045,
              663773.4199000001
            ],
            [
              187482.71870000008,
              663495.5391000006
            ],
            [
              187491.08050000016,
              663292.2664000001
            ],
            [
              187499.5586000001,
              663086.1523000002
            ],
            [
              187545.91959999967,
              662706.0539999995
            ],
            [
              187562.39180000033,
              662525.5316000003
            ],
            [
              187608.61870000046,
              662018.9206000008
            ],
            [
              187669.3822999997,
              661726.5749999993
            ],
            [
              187566.84590000007,
              661463.2268000003
            ],
            [
              187560.66959999967,
              661290.0788000003
            ],
            [
              187553.80620000046,
              661097.6603999995
            ],
            [
              187629.33000000007,
              660819.9586999994
            ],
            [
              187601.3859000001,
              660468.9919000007
            ],
            [
              187481.85929999966,
              660168.6106000002
            ],
            [
              187487.4609000003,
              660101.0969999991
            ],
            [
              187722.33910000045,
              660001.2741999999
            ],
            [
              187796.85929999966,
              659928.2774
            ],
            [
              187708.65380000044,
              659767.3037
            ],
            [
              187590.49670000002,
              659664.773
            ],
            [
              187620.87849999964,
              659518.6001999993
            ],
            [
              187828.60309999995,
              659504.2908999994
            ],
            [
              188036.04140000045,
              659548.4686999992
            ],
            [
              188184.79540000018,
              659460.9614000004
            ],
            [
              188259.38719999976,
              659373.3420000002
            ],
            [
              188289.69730000012,
              659241.7909999993
            ],
            [
              188162.4545,
              659054.727
            ],
            [
              188122.47470000014,
              658995.9509999994
            ],
            [
              188019.27049999963,
              658935.2422000002
            ],
            [
              187925.52290000021,
              658867.2436999995
            ],
            [
              187779.82320000045,
              658800.4716999996
            ],
            [
              187646.26499999966,
              658751.9082999993
            ],
            [
              187464.13999999966,
              658691.1994000003
            ],
            [
              187221.3066999996,
              658630.4904999994
            ],
            [
              187045.25299999956,
              658600.1357000005
            ],
            [
              186980.75229999982,
              658577.3637000006
            ],
            [
              186942.0488,
              658563.6994000003
            ],
            [
              186800.44010000024,
              658545.2401999999
            ],
            [
              186708.80879999977,
              658533.2958000004
            ],
            [
              186559.70189999975,
              658478.4061999992
            ],
            [
              186371.22389999963,
              658409.0229000002
            ],
            [
              185976.9617999997,
              658456.0666000005
            ],
            [
              185857.15589999966,
              658689.8366
            ],
            [
              185752.6841000002,
              658821.2763
            ],
            [
              185574.40899999999,
              658879.4951000009
            ],
            [
              185396.1333999997,
              658937.7147000004
            ],
            [
              185173.93460000027,
              658878.8929999992
            ],
            [
              185010.49170000013,
              658937.1338999998
            ],
            [
              184876.42700000014,
              659053.9076000005
            ],
            [
              184757.0513000004,
              659199.9463
            ],
            [
              184756.2622999996,
              659360.7858000007
            ],
            [
              184637.67509999964,
              659345.9857000001
            ],
            [
              184519.01609999966,
              659345.8066000007
            ],
            [
              184177.58490000013,
              659403.7807
            ],
            [
              183836.5120000001,
              659388.6451999992
            ],
            [
              183758.84559999965,
              659366.6919999998
            ],
            [
              183715.09109999985,
              659247.9989999998
            ],
            [
              183477.35369999986,
              658791.2118999995
            ],
            [
              183265.79289999977,
              658454.5990999993
            ],
            [
              183265.2547000004,
              658453.7425999995
            ],
            [
              183143.3256000001,
              658259.7426999994
            ],
            [
              182708.0904000001,
              657644.2761000004
            ],
            [
              182628.0700000003,
              657544.3061999995
            ],
            [
              182478.50910000037,
              657336.3507000003
            ],
            [
              182294.53039999958,
              657095.1340999994
            ],
            [
              182139.17040000018,
              656788.5021000002
            ],
            [
              182049.22530000005,
              656543.1972000003
            ],
            [
              181995.54050000012,
              656265.5946999993
            ],
            [
              181992.39070000034,
              656253.6251999997
            ],
            [
              181981.09379999992,
              656140.3438000008
            ],
            [
              181967.875,
              656062.8440000005
            ],
            [
              181954.68759999983,
              655985.4844000004
            ],
            [
              181950.98419999983,
              655834.4846999999
            ],
            [
              181354.24980000034,
              655980.0781999994
            ],
            [
              181229.42200000025,
              655790.0470000003
            ],
            [
              181058.82820000034,
              655399.2034000009
            ],
            [
              180936.65629999992,
              655051.8752999995
            ],
            [
              180654.7890999997,
              655057.3903999999
            ],
            [
              180398.75,
              655070.3438000008
            ],
            [
              180215.10470000003,
              655109.2449999992
            ],
            [
              180071.5390999997,
              655139.6561999992
            ],
            [
              179779.90629999992,
              655202.0471999999
            ],
            [
              179445.57809999958,
              655299.6566000003
            ],
            [
              179225.04690000042,
              655383.6250999998
            ],
            [
              178997.39829999954,
              655481.7344000004
            ],
            [
              178712.82039999962,
              655622.0940000005
            ],
            [
              178449.60960000008,
              655727.1247000005
            ],
            [
              178193.5234000003,
              655810.9376999997
            ],
            [
              177965.85960000008,
              655916.1406999994
            ],
            [
              177752.6327999998,
              655716.7498000003
            ],
            [
              177610.35950000025,
              655758.5938000008
            ],
            [
              177468.17989999987,
              655658.7184999995
            ],
            [
              177404.17200000025,
              655658.4220000003
            ],
            [
              177375.7422000002,
              655622.8592000008
            ],
            [
              177269.0390999997,
              655664.8595000003
            ],
            [
              177246.99990000017,
              655674.9218000006
            ],
            [
              176884.8672000002,
              655840.1874000002
            ],
            [
              176771.03899999987,
              655889.2347999997
            ],
            [
              176557.60140000004,
              656022.8436999992
            ],
            [
              176585.92200000025,
              656207.1875
            ],
            [
              176419.46870000008,
              656287.1721000001
            ],
            [
              176251.24210000038,
              656389.8438000008
            ],
            [
              176103.09370000008,
              656044.2344000004
            ],
            [
              175662.71860000025,
              656318.0778999999
            ],
            [
              175489.5390999997,
              656430.5780999996
            ],
            [
              175148.10940000042,
              656670.4059999995
            ],
            [
              175033.47819999978,
              656750.8714000005
            ],
            [
              174994.71889999975,
              656778.0785000008
            ],
            [
              174936.82359999977,
              656811.7127999999
            ],
            [
              174908.98390000034,
              656741.1592999995
            ],
            [
              174881.82100000046,
              656660.9331999999
            ],
            [
              174849.62449999992,
              656573.2036000006
            ],
            [
              174812.30570000038,
              656457.6931999996
            ],
            [
              174779.24459999986,
              656368.0362999998
            ],
            [
              174762.41449999996,
              656320.5159000009
            ],
            [
              174751.43829999957,
              656267.1471999995
            ],
            [
              174744.85280000046,
              656238.6350999996
            ],
            [
              174722.8356999997,
              656173.1837000009
            ],
            [
              174700.88389999978,
              656126.3948999997
            ],
            [
              174690.4271999998,
              656107.1854999997
            ],
            [
              174678.1997999996,
              656084.7233000007
            ],
            [
              174667.22360000014,
              656049.6316
            ],
            [
              174650.39350000024,
              655992.6074000001
            ],
            [
              174634.21779999975,
              655938.7895999998
            ],
            [
              174619.58299999963,
              655892.7315999996
            ],
            [
              174599.0943,
              655851.0603
            ],
            [
              174580.06879999954,
              655812.3128999993
            ],
            [
              174566.8973000003,
              655770.6415999997
            ],
            [
              174551.44880000036,
              655703.6159000006
            ],
            [
              174540.47259999998,
              655645.1296999995
            ],
            [
              174533.88709999993,
              655600.5338000003
            ],
            [
              174504.6174999997,
              655554.4759
            ],
            [
              174478.2748999996,
              655509.1491999999
            ],
            [
              174454.03139999975,
              655445.0949000008
            ],
            [
              174447.4458999997,
              655401.9614000004
            ],
            [
              174436.46970000025,
              655342.7440000009
            ],
            [
              174414.51719999965,
              655276.2157000005
            ],
            [
              174384.44770000037,
              655177.0091999993
            ],
            [
              174339.81170000043,
              655040.2974999994
            ],
            [
              174324.34140000027,
              654998.9068
            ],
            [
              174297.99880000018,
              654949.1931999996
            ],
            [
              174278.97329999972,
              654905.3286000006
            ],
            [
              174249.70380000025,
              654826.3721999992
            ],
            [
              174219.70210000034,
              654737.9114999995
            ],
            [
              174211.56089999992,
              654717.7731999997
            ],
            [
              174193.99909999967,
              654697.3028999995
            ],
            [
              174192.53589999955,
              654666.5975000001
            ],
            [
              174204.97539999988,
              654654.1691999994
            ],
            [
              174195.4628999997,
              654624.9262000006
            ],
            [
              174177.9012000002,
              654573.0195000004
            ],
            [
              174126.5954,
              654431.4846000001
            ],
            [
              174072.4464999996,
              654294.7729000002
            ],
            [
              174036.5005999999,
              654186.7809999995
            ],
            [
              174034.30530000012,
              654136.3365000002
            ],
            [
              174026.98809999973,
              654107.8244000003
            ],
            [
              173996.98639999982,
              654057.3801000006
            ],
            [
              173966.88949999958,
              654008.0124999993
            ],
            [
              173916.39910000004,
              653911.5099999998
            ],
            [
              173897.37420000043,
              653855.2171
            ],
            [
              173896.06730000023,
              653824.7971999999
            ],
            [
              173893.68120000046,
              653769.2592999991
            ],
            [
              173893.68120000046,
              653725.3947000001
            ],
            [
              173876.1194000002,
              653679.3366999999
            ],
            [
              173854.16700000037,
              653640.5896000005
            ],
            [
              173811.65689999983,
              653510.8072999995
            ],
            [
              173733.98620000016,
              653307.8965000007
            ],
            [
              173676.83920000028,
              653166.4349000007
            ],
            [
              173657.08210000023,
              653111.6041000001
            ],
            [
              173646.83800000045,
              653069.2015000004
            ],
            [
              173633.66640000045,
              653027.5298999995
            ],
            [
              173611.64400000032,
              652974.5719000008
            ],
            [
              173595.54540000018,
              652913.1612
            ],
            [
              173581.6423000004,
              652853.2127999999
            ],
            [
              173553.0599999996,
              652754.8295000009
            ],
            [
              173531.10749999993,
              652703.6541000009
            ],
            [
              173504.76489999983,
              652664.1757999994
            ],
            [
              173483.54470000044,
              652644.4368999992
            ],
            [
              173468.17769999988,
              652621.0423000008
            ],
            [
              173467.4461000003,
              652603.4965000004
            ],
            [
              173462.97229999956,
              652554.8101000004
            ],
            [
              173436.62909999955,
              652479.5088999998
            ],
            [
              173412.4819,
              652401.2837000005
            ],
            [
              173394.85059999954,
              652342.3594000004
            ],
            [
              173372.89879999962,
              652298.4947999995
            ],
            [
              173346.5555999996,
              652225.3869000003
            ],
            [
              173318.74980000034,
              652155.9343999997
            ],
            [
              173301.84750000015,
              652103.6204000004
            ],
            [
              173292.33440000005,
              652086.8055000007
            ],
            [
              173276.23649999965,
              652045.1340999994
            ],
            [
              173260.13790000044,
              651996.8828999996
            ],
            [
              173237.45390000008,
              651928.8925000001
            ],
            [
              173227.87579999957,
              651898.5053000003
            ],
            [
              173211.04559999984,
              651851.7161999997
            ],
            [
              173193.48390000034,
              651804.1961000003
            ],
            [
              173175.19060000032,
              651777.1461999994
            ],
            [
              173162.7505999999,
              651742.7857000008
            ],
            [
              173153.96970000025,
              651722.3153000008
            ],
            [
              173124.6054999996,
              651658.2917
            ],
            [
              173103.3847000003,
              651602.7295999993
            ],
            [
              173099.72609999962,
              651574.9486999996
            ],
            [
              173090.2137000002,
              651530.3529000003
            ],
            [
              173076.25850000046,
              651483.9910000004
            ],
            [
              173057.23359999992,
              651445.9750999995
            ],
            [
              173039.67129999958,
              651417.4629999995
            ],
            [
              173035.5111999996,
              651405.7982999999
            ],
            [
              173016.98780000024,
              651353.8589999992
            ],
            [
              172997.88239999954,
              651289.1567000002
            ],
            [
              172983.97919999994,
              651277.4595999997
            ],
            [
              172956.17339999974,
              651211.6624999996
            ],
            [
              172927.63549999986,
              651152.4450000003
            ],
            [
              172912.27780000027,
              651107.1072000004
            ],
            [
              172909.17360000033,
              651097.9433999993
            ],
            [
              172887.95330000017,
              651044.5746999998
            ],
            [
              172883.56259999983,
              651018.2558999993
            ],
            [
              172861.61070000008,
              650959.7696000002
            ],
            [
              172840.3356999997,
              650901.6287999991
            ],
            [
              172808.1387,
              650808.0507999994
            ],
            [
              172781.79609999992,
              650737.1361999996
            ],
            [
              172756.13200000022,
              650667.4031000007
            ],
            [
              172737.10709999967,
              650628.6558999997
            ],
            [
              172725.3986999998,
              650582.5979999993
            ],
            [
              172705.54090000037,
              650539.1095000003
            ],
            [
              172682.12530000042,
              650487.2028999999
            ],
            [
              172668.2220999999,
              650440.4136999995
            ],
            [
              172641.83139999956,
              650369.2838000003
            ],
            [
              172611.09860000014,
              650295.4450000003
            ],
            [
              172583.52049999963,
              650210.2619000003
            ],
            [
              172554.68209999986,
              650140.1267000008
            ],
            [
              172533.40440000035,
              650090.2137000002
            ],
            [
              172514.43140000012,
              650040.5504000001
            ],
            [
              172490.11070000008,
              649979.6932999995
            ],
            [
              172470.75850000046,
              649925.1016000006
            ],
            [
              172444.52979999967,
              649860.4367999993
            ],
            [
              172428.21339999977,
              649814.1853999998
            ],
            [
              172407.6902999999,
              649745.7447999995
            ],
            [
              172399.72200000007,
              649719.5862000007
            ],
            [
              172375.76190000027,
              649661.7555999998
            ],
            [
              172347.68200000003,
              649609.4385000002
            ],
            [
              172316.90869999956,
              649542.4840999991
            ],
            [
              172298.69469999988,
              649502.6776999999
            ],
            [
              172275.92750000022,
              649461.7338999994
            ],
            [
              172266.74880000018,
              649440.9782999996
            ],
            [
              172237.92960000038,
              649375.8103999998
            ],
            [
              172212.88609999977,
              649329.5592999998
            ],
            [
              172200.36699999962,
              649307.3969
            ],
            [
              172168.43180000037,
              649250.8624000009
            ],
            [
              172137.69629999995,
              649210.6769999992
            ],
            [
              172104.6325000003,
              649174.4791000001
            ],
            [
              172046.57600000035,
              649134.2935000006
            ],
            [
              172000.88289999962,
              649107.5846999995
            ],
            [
              171967.8705000002,
              649077.6351999994
            ],
            [
              171943.58540000021,
              649027.9718999993
            ],
            [
              171928.36459999997,
              648995.5644000005
            ],
            [
              171906.3563000001,
              648974.7134000007
            ],
            [
              171872.20519999973,
              648957.6535
            ],
            [
              171832.36280000024,
              648947.4177000001
            ],
            [
              171799.35039999988,
              648938.3189000003
            ],
            [
              171778.6952999998,
              648909.7238999996
            ],
            [
              171776.41849999968,
              648886.5983000007
            ],
            [
              171768.45019999985,
              648869.5382000003
            ],
            [
              171739.9910000004,
              648831.2485000007
            ],
            [
              171729.7092000004,
              648803.7678999994
            ],
            [
              171719.84379999992,
              648770.4064000007
            ],
            [
              171703.52689999994,
              648729.4626000002
            ],
            [
              171693.99149999954,
              648710.3029999994
            ],
            [
              171663.63520000037,
              648686.4191999994
            ],
            [
              171622.6540000001,
              648666.7052999996
            ],
            [
              171596.09250000026,
              648651.9203999992
            ],
            [
              171578.25829999987,
              648626.1407999992
            ],
            [
              171574.7999999998,
              648600.1345000006
            ],
            [
              171576.69770000037,
              648586.4866000004
            ],
            [
              171590.35790000018,
              648559.1908999998
            ],
            [
              171596.42899999954,
              648540.6144999992
            ],
            [
              171593.77300000004,
              648516.7306999993
            ],
            [
              171580.4497999996,
              648484.7070000004
            ],
            [
              171556.16469999962,
              648446.0380000006
            ],
            [
              171535.67430000007,
              648415.7093000002
            ],
            [
              171510.1601999998,
              648367.3385000005
            ],
            [
              171482.08079999965,
              648326.3946000002
            ],
            [
              171468.04140000045,
              648299.8571000006
            ],
            [
              171457.36230000015,
              648272.7407000009
            ],
            [
              171442.56390000042,
              648228.3849
            ],
            [
              171426.24700000044,
              648176.8259999994
            ],
            [
              171411.7982999999,
              648134.1783000007
            ],
            [
              171400.79420000035,
              648095.5089999996
            ],
            [
              171379.09350000042,
              648056.6113000009
            ],
            [
              171345.70189999975,
              648016.4260000009
            ],
            [
              171321.03699999955,
              647987.2344000004
            ],
            [
              171298.27029999997,
              647966.7625999991
            ],
            [
              171278.47439999972,
              647951.4021000005
            ],
            [
              171237.49370000046,
              647921.8315999992
            ],
            [
              171197.6512000002,
              647900.9805999994
            ],
            [
              171151.94940000027,
              647891.7748000007
            ],
            [
              171115.14219999965,
              647888.3628000002
            ],
            [
              171090.09860000014,
              647881.5385999996
            ],
            [
              171071.12569999974,
              647863.3413999993
            ],
            [
              171071.12569999974,
              647840.9739999995
            ],
            [
              171087.4424999999,
              647821.2603999991
            ],
            [
              171104.1381000001,
              647817.0902999993
            ],
            [
              171121.59310000017,
              647813.2991000004
            ],
            [
              171128.8030000003,
              647796.6184999999
            ],
            [
              171127.26750000007,
              647765.2929999996
            ],
            [
              171119.67839999963,
              647734.5851000007
            ],
            [
              171111.67210000008,
              647704.0420999993
            ],
            [
              171107.15689999983,
              647686.8172999993
            ],
            [
              171091.2045,
              647641.1459999997
            ],
            [
              171071.09339999966,
              647596.7902000006
            ],
            [
              171046.76559999958,
              647549.1941
            ],
            [
              171013.75320000015,
              647489.2948000003
            ],
            [
              170992.08910000045,
              647439.8110000007
            ],
            [
              170973.49590000045,
              647401.1417999994
            ],
            [
              170962.11209999956,
              647361.7146000005
            ],
            [
              170946.8956000004,
              647294.7558999993
            ],
            [
              170933.9944000002,
              647246.6092000008
            ],
            [
              170925.61510000005,
              647195.1922999993
            ],
            [
              170897.5351999998,
              647129.9855000004
            ],
            [
              170870.93759999983,
              647070.6316999998
            ],
            [
              170857.27740000002,
              647039.1658999994
            ],
            [
              170847.03220000025,
              647007.3204999994
            ],
            [
              170834.0504999999,
              646976.3859000001
            ],
            [
              170814.6989000002,
              646928.9974000007
            ],
            [
              170797.24390000012,
              646889.1909999996
            ],
            [
              170785.07699999958,
              646858.2993000001
            ],
            [
              170766.86349999998,
              646816.2180000003
            ],
            [
              170751.68539999984,
              646786.6475000009
            ],
            [
              170717.89049999975,
              646714.8019999992
            ],
            [
              170704.23029999994,
              646683.7148000002
            ],
            [
              170691.67980000004,
              646653.5711000003
            ],
            [
              170679.15770000033,
              646620.5886000004
            ],
            [
              170672.32760000043,
              646587.6063999999
            ],
            [
              170669.29179999977,
              646569.7881000005
            ],
            [
              170661.3032999998,
              646536.6001999993
            ],
            [
              170651.81709999964,
              646517.2655999996
            ],
            [
              170632.84410000034,
              646489.9695999995
            ],
            [
              170618.04569999967,
              646466.0858999994
            ],
            [
              170599.76939999964,
              646435.6052000001
            ],
            [
              170576.62239999976,
              646409.4466999993
            ],
            [
              170559.54710000008,
              646383.6673000008
            ],
            [
              170551.46449999977,
              646350.9078000002
            ],
            [
              170533.25100000016,
              646311.1013999991
            ],
            [
              170519.22360000014,
              646279.0609000009
            ],
            [
              170509.73739999998,
              646248.3530000001
            ],
            [
              170496.4570000004,
              646214.2334000003
            ],
            [
              170486.18879999965,
              646178.0150000006
            ],
            [
              170474.42569999956,
              646136.3129999992
            ],
            [
              170453.17650000006,
              646093.0946999993
            ],
            [
              170438.73649999965,
              646052.7589999996
            ],
            [
              170422.79989999998,
              646012.9526000004
            ],
            [
              170398.48359999992,
              645958.9274000004
            ],
            [
              170373.43950000033,
              645910.4014999997
            ],
            [
              170358.61209999956,
              645870.4421999995
            ],
            [
              170344.95189999975,
              645832.9107000008
            ],
            [
              170327.44930000044,
              645783.4331
            ],
            [
              170314.9271999998,
              645748.5552999992
            ],
            [
              170297.40649999958,
              645696.3990000002
            ],
            [
              170278.0543999998,
              645650.9060999993
            ],
            [
              170262.84499999974,
              645602.8912000004
            ],
            [
              170249.18479999993,
              645567.2548999991
            ],
            [
              170238.18070000038,
              645538.8217999991
            ],
            [
              170223.3816999998,
              645505.8392999992
            ],
            [
              170197.51790000033,
              645442.5965999998
            ],
            [
              170188.03170000017,
              645420.9870999996
            ],
            [
              170178.92470000032,
              645393.3122000005
            ],
            [
              170166.78249999974,
              645367.1538999993
            ],
            [
              170150.84530000016,
              645331.1383999996
            ],
            [
              170131.04119999986,
              645280.0450999998
            ],
            [
              170108.2740000002,
              645235.6893000007
            ],
            [
              170087.40390000027,
              645196.2620999999
            ],
            [
              170070.70779999997,
              645156.0765000004
            ],
            [
              170050.5360000003,
              645098.1318999995
            ],
            [
              170030.04569999967,
              645050.3641999997
            ],
            [
              170010.69350000005,
              645009.0414000005
            ],
            [
              169998.4768000003,
              644984.8630999997
            ],
            [
              169993.92360000033,
              644970.0778000001
            ],
            [
              169974.9506000001,
              644929.1342999991
            ],
            [
              169936.24629999977,
              644859.7574000005
            ],
            [
              169916.06900000013,
              644821.1904000007
            ],
            [
              169903.54690000042,
              644786.3123000003
            ],
            [
              169892.16359999962,
              644746.8848000001
            ],
            [
              169877.36459999997,
              644694.9469000008
            ],
            [
              169873.91839999985,
              644671.5140000004
            ],
            [
              169867.08829999994,
              644650.2840999998
            ],
            [
              169855.70440000016,
              644625.2629000004
            ],
            [
              169843.94130000006,
              644604.4119000006
            ],
            [
              169823.83079999965,
              644574.0832000002
            ],
            [
              169797.2686999999,
              644516.4584999997
            ],
            [
              169777.07720000017,
              644472.5475999992
            ],
            [
              169766.4528000001,
              644441.8397000004
            ],
            [
              169752.03359999973,
              644400.5168999992
            ],
            [
              169734.95830000006,
              644351.6119999997
            ],
            [
              169724.25299999956,
              644323.6885000002
            ],
            [
              169707.17769999988,
              644289.5686000008
            ],
            [
              169696.17360000033,
              644259.9980999995
            ],
            [
              169677.58040000033,
              644218.2960999999
            ],
            [
              169669.91640000045,
              644191.0973000005
            ],
            [
              169664.22439999972,
              644175.1745999996
            ],
            [
              169644.4930999996,
              644130.4398999996
            ],
            [
              169620.96690000035,
              644071.2988000009
            ],
            [
              169610.3097000001,
              644037.6723999996
            ],
            [
              169587.16270000022,
              643983.0807000007
            ],
            [
              169570.0873999996,
              643937.9667000007
            ],
            [
              169548.76539999992,
              643895.6128000002
            ],
            [
              169536.2433000002,
              643868.3168000001
            ],
            [
              169523.72130000032,
              643834.1972000003
            ],
            [
              169510.4402999999,
              643789.8413999993
            ],
            [
              169492.92179999966,
              643741.057
            ],
            [
              169475.46669999976,
              643694.8056000005
            ],
            [
              169461.80649999995,
              643646.6589000002
            ],
            [
              169450.01829999965,
              643622.9186000004
            ],
            [
              169433.32270000037,
              643602.8257999998
            ],
            [
              169424.97470000014,
              643591.4525000006
            ],
            [
              169413.97059999965,
              643570.6015000008
            ],
            [
              169401.44849999994,
              643551.2671000008
            ],
            [
              169388.92650000006,
              643530.7950999998
            ],
            [
              169377.87040000036,
              643494.5393000003
            ],
            [
              169367.24540000036,
              643457.7655999996
            ],
            [
              169353.58519999962,
              643415.6845999993
            ],
            [
              169327.3345999997,
              643367.2945000008
            ],
            [
              169310.25930000003,
              643328.6251999997
            ],
            [
              169286.35340000037,
              643284.2697000001
            ],
            [
              169282.50659999996,
              643251.8034000006
            ],
            [
              169265.4313000003,
              643217.3045000006
            ],
            [
              169252.15029999986,
              643178.6352999993
            ],
            [
              169235.8339999998,
              643132.3841999993
            ],
            [
              169225.14719999954,
              643114.3736000005
            ],
            [
              169204.65689999983,
              643066.6057999991
            ],
            [
              169192.89379999973,
              643040.4473000001
            ],
            [
              169181.49299999978,
              643010.2893000003
            ],
            [
              169169.7298999997,
              642973.8947999999
            ],
            [
              169147.67239999957,
              642931.6397999991
            ],
            [
              169121.49010000005,
              642875.9110000003
            ],
            [
              169099.86110000033,
              642831.5551999994
            ],
            [
              169084.98110000044,
              642802.8835000005
            ],
            [
              169052.7276999997,
              642742.6052999999
            ],
            [
              169033.33559999987,
              642703.7343000006
            ],
            [
              169015.88109999988,
              642646.1096000001
            ],
            [
              168999.18510000035,
              642609.7151999995
            ],
            [
              168982.81240000017,
              642567.4171999991
            ],
            [
              168969.91110000014,
              642527.2317999993
            ],
            [
              168953.18549999967,
              642472.4589000009
            ],
            [
              168938.00739999954,
              642432.2732999995
            ],
            [
              168929.2796,
              642407.2522
            ],
            [
              168916.7182,
              642372.1831999999
            ],
            [
              168900.78110000025,
              642330.1019000001
            ],
            [
              168877.98479999974,
              642269.682
            ],
            [
              168866.6009999998,
              642233.2875999995
            ],
            [
              168850.2441999996,
              642208.8498999998
            ],
            [
              168844.5521999998,
              642184.5868999995
            ],
            [
              168835.06599999964,
              642169.0435000006
            ],
            [
              168812.27579999994,
              642125.3401999995
            ],
            [
              168801.65089999977,
              642085.1546
            ],
            [
              168771.25629999954,
              642030.7938999999
            ],
            [
              168757.21630000044,
              641989.8502999991
            ],
            [
              168742.37420000043,
              641956.7109999992
            ],
            [
              168730.2319,
              641940.7884
            ],
            [
              168710.8797000004,
              641907.8059
            ],
            [
              168687.6830000002,
              641864.0377999991
            ],
            [
              168671.74590000045,
              641831.0556000005
            ],
            [
              168647.79779999983,
              641783.8628000002
            ],
            [
              168628.82540000044,
              641732.3038999997
            ],
            [
              168615.54050000012,
              641698.0617999993
            ],
            [
              168601.1213999996,
              641663.1838000007
            ],
            [
              168589.70519999973,
              641621.6849000007
            ],
            [
              168568.8356999997,
              641567.4724000003
            ],
            [
              168547.55680000037,
              641519.9145999998
            ],
            [
              168524.0307,
              641471.7678999994
            ],
            [
              168521.3476999998,
              641440.5267999992
            ],
            [
              168488.71509999968,
              641389.3474000003
            ],
            [
              168452.64010000043,
              641312.9732000008
            ],
            [
              168391.46619999968,
              641186.3709999993
            ],
            [
              168357.3652999997,
              641114.9341000002
            ],
            [
              168430.24409999978,
              641081.1459999997
            ],
            [
              168460.35149999987,
              641067.1876999997
            ],
            [
              168883.32809999958,
              640837.0936999992
            ],
            [
              169457.10929999966,
              640496.5940000005
            ],
            [
              169544.59360000025,
              640458.2971999999
            ],
            [
              169544.70289999992,
              640424.5468000006
            ],
            [
              169544.88269999996,
              640366.7190000005
            ],
            [
              169535.3125,
              640323.3125
            ],
            [
              169501.59360000025,
              640246.1092000008
            ],
            [
              169448.46079999954,
              640164.0308999997
            ],
            [
              169390.39080000017,
              640110.8441000003
            ],
            [
              169317.78110000025,
              640047.9843000006
            ],
            [
              169274.25769999996,
              639999.6564000007
            ],
            [
              169279.28120000008,
              639946.6563000008
            ],
            [
              169337.78139999975,
              639864.9065000005
            ],
            [
              169425.17200000025,
              639855.5155999996
            ],
            [
              169560.72640000004,
              639961.9373000003
            ],
            [
              169797.7265999997,
              640218.0623000003
            ],
            [
              169904.03129999992,
              640367.7654999997
            ],
            [
              169937.65620000008,
              640478.7031999994
            ],
            [
              169970.9297000002,
              640700.5
            ],
            [
              170013.13289999962,
              641168.0934999995
            ],
            [
              170314.91729999986,
              641198.7189000007
            ],
            [
              170648.71899999958,
              641232.5934999995
            ],
            [
              171158.22640000004,
              641263.0153000001
            ],
            [
              171517.96109999996,
              641080.9222999997
            ],
            [
              171525.75999999978,
              641076.3640000001
            ],
            [
              171649.25,
              641004.1876999997
            ],
            [
              171824.3518000003,
              640884.2189000007
            ],
            [
              171907.78129999992,
              639062.75
            ],
            [
              171911.53129999992,
              638860.6717000008
            ],
            [
              171660.88260000013,
              638846.5155999996
            ],
            [
              171032.61710000038,
              638827.3123000003
            ],
            [
              171124.15620000008,
              638224.5468000006
            ],
            [
              171173.20330000017,
              637890.7497000005
            ],
            [
              170951.90620000008,
              637792.4215999991
            ],
            [
              170628.5549999997,
              637694.3811000008
            ],
            [
              170245.64039999992,
              637578.2808999997
            ],
            [
              169923.3515999997,
              637456.5621000007
            ],
            [
              169813.61730000004,
              637433.5784000009
            ],
            [
              169576.81259999983,
              637382.5782999992
            ],
            [
              169280.57820000034,
              637373.1874000002
            ],
            [
              169183.22670000046,
              637381.2657999992
            ],
            [
              168952.78129999992,
              637400.3905999996
            ],
            [
              168951.60919999983,
              637395.0780999996
            ],
            [
              168918.27350000013,
              637294.7188000008
            ],
            [
              168903.49990000017,
              637235.2653000001
            ],
            [
              168877.38289999962,
              637216.6252999995
            ],
            [
              168806.32050000038,
              637220.1251999997
            ],
            [
              168720.2890999997,
              637223.5778999999
            ],
            [
              168608.15629999992,
              637204.6871000007
            ],
            [
              168503.52350000013,
              637182.0936999992
            ],
            [
              168447.53890000004,
              637144.7969000004
            ],
            [
              168402.75769999996,
              637114.9686999992
            ],
            [
              168387.89059999958,
              637085.2191000003
            ],
            [
              168376.7577999998,
              637059.1874000002
            ],
            [
              168395.5625,
              637025.8127999995
            ],
            [
              168440.39859999996,
              637037.0939000007
            ],
            [
              168492.71109999996,
              637052.0936999992
            ],
            [
              168563.77350000013,
              637052.3125
            ],
            [
              168604.90610000025,
              637048.7027000003
            ],
            [
              168634.89859999996,
              637026.5154999997
            ],
            [
              168657.39059999958,
              637011.7344000004
            ],
            [
              168709.68740000017,
              637030.4529999997
            ],
            [
              168784.4297000002,
              637045.5153000001
            ],
            [
              168859.22640000004,
              637045.7347999997
            ],
            [
              168892.8125,
              637068.1248000003
            ],
            [
              168933.96870000008,
              637060.8124000002
            ],
            [
              168926.89059999958,
              636934.5310999993
            ],
            [
              168938.53890000004,
              636800.8749000002
            ],
            [
              168935.13289999962,
              636696.9058999997
            ],
            [
              168927.88289999962,
              636622.5935999993
            ],
            [
              168901.92949999962,
              636551.9686999992
            ],
            [
              168915.5142000001,
              636368.0716999993
            ],
            [
              168917.5625,
              636340.3439000007
            ],
            [
              168922.04690000042,
              636102.7028000001
            ],
            [
              168915.64039999992,
              635766.0737999994
            ],
            [
              168916.07820000034,
              635627.3594000004
            ],
            [
              168927.7265999997,
              635489.9846000001
            ],
            [
              168913.02359999996,
              635411.9686999992
            ],
            [
              168890.92989999987,
              635304.2032999992
            ],
            [
              168846.50009999983,
              635162.9686999992
            ],
            [
              168842.88289999962,
              635125.8128999993
            ],
            [
              168865.4606999997,
              635081.3278999999
            ],
            [
              168888.0625,
              635029.4063000008
            ],
            [
              168884.57809999958,
              634947.7029999997
            ],
            [
              168877.52350000013,
              634813.9843000006
            ],
            [
              168871.6063000001,
              634721.5134999994
            ],
            [
              168848.24670000002,
              634356.4602000006
            ],
            [
              168868.34370000008,
              634355.8750999998
            ],
            [
              168903.0318,
              634347.7485000007
            ],
            [
              168940.23900000006,
              634329.7126000002
            ],
            [
              168981.6392000001,
              634307.6239999998
            ],
            [
              168999.9994000001,
              634303.6242999993
            ],
            [
              169043.62399999984,
              634259.0625999998
            ],
            [
              169067.11039999966,
              634215.9375999998
            ],
            [
              169072.3761,
              634217.6876999997
            ],
            [
              169075.21839999966,
              634236.9385000002
            ],
            [
              169058.13069999963,
              634303.7885999996
            ],
            [
              169077.62629999965,
              634305.3123000003
            ],
            [
              169080.51520000026,
              634337.3751999997
            ],
            [
              169073.25019999966,
              634360.9998000003
            ],
            [
              169047.29700000025,
              634405.6871000007
            ],
            [
              169014.12550000008,
              634432.0623000003
            ],
            [
              169005.9846999999,
              634451.5623000003
            ],
            [
              169006.21779999975,
              634475.5006000008
            ],
            [
              169018.03079999983,
              634498.9373000003
            ],
            [
              169040.53139999975,
              634524.9995000008
            ],
            [
              169070.35950000025,
              634554.3125
            ],
            [
              169088.98319999967,
              634594.5614
            ],
            [
              169077.89099999983,
              634605.0629999992
            ],
            [
              169078.74959999975,
              634631.2509000003
            ],
            [
              169058.84360000025,
              634660.5627999995
            ],
            [
              169063.79669999983,
              634758.9999000002
            ],
            [
              169088.85900000017,
              634779.8736000005
            ],
            [
              169101.06300000008,
              634796.9367999993
            ],
            [
              169097.01669999957,
              634807.1238000002
            ],
            [
              169072.75160000008,
              634806.9997000005
            ],
            [
              169066.12519999966,
              634809.8752999995
            ],
            [
              169070.14039999992,
              634867.5623000003
            ],
            [
              169094.00069999974,
              634871.5631000008
            ],
            [
              169107.57919999957,
              634878.3740999997
            ],
            [
              169117.7818,
              634898.3137999997
            ],
            [
              169122.48589999974,
              634916.1867999993
            ],
            [
              169148.1102,
              634936.3126999997
            ],
            [
              169169.56099999975,
              634931.6861000005
            ],
            [
              169172.42190000042,
              634923.0009000003
            ],
            [
              169184.23489999957,
              634916.5001999997
            ],
            [
              169201.06230000034,
              634929.3743999992
            ],
            [
              169260.29789999966,
              635016.3753999993
            ],
            [
              169330.8903000001,
              635111.4377999995
            ],
            [
              169383.64099999983,
              635107.6248000003
            ],
            [
              169419.60900000017,
              635137.3750999998
            ],
            [
              169432.15560000017,
              635177.6861000005
            ],
            [
              169431.9216,
              635220.1879999992
            ],
            [
              169488.17200000025,
              635202.6877999995
            ],
            [
              169546.1244000001,
              635441.6242999993
            ],
            [
              169606.5482999999,
              635388.8453000002
            ],
            [
              169878.34339999966,
              635151.4381000008
            ],
            [
              169911.44859999977,
              635222.7276000008
            ],
            [
              169943.53039999958,
              635291.8132000007
            ],
            [
              170060.0421000002,
              635141.7698999997
            ],
            [
              170136.59329999983,
              635043.1875
            ],
            [
              170157.6518000001,
              635088.5896000005
            ],
            [
              170167.43719999958,
              635109.6871000007
            ],
            [
              170199.81230000034,
              635065.6194000002
            ],
            [
              170249.76580000017,
              634997.6247000005
            ],
            [
              170421.09329999983,
              634760.1252999995
            ],
            [
              170586.40579999983,
              634535.1248000003
            ],
            [
              170604.8169999998,
              634506.2287000008
            ],
            [
              170471.21850000042,
              634296.7062999997
            ],
            [
              170224.40280000027,
              633949.9368999992
            ],
            [
              170041.4009999996,
              633753.8008999992
            ],
            [
              169910.27979999967,
              633630.5051000006
            ],
            [
              169748.30759999994,
              633494.3661000002
            ],
            [
              169544.85620000027,
              633270.0039000008
            ],
            [
              169403.4508999996,
              633077.3542
            ],
            [
              169228.11699999962,
              632876.1686000004
            ],
            [
              169120.13489999995,
              632737.4607999995
            ],
            [
              169025.00850000046,
              632642.4201999996
            ],
            [
              168928.38269999996,
              632578.6096999999
            ],
            [
              168683.8202999998,
              632360.2654999997
            ],
            [
              168574.31240000017,
              632234.4066000003
            ],
            [
              168726.6797000002,
              632234.9377999995
            ],
            [
              168883.1495000003,
              632243.0374999996
            ],
            [
              168994.15529999975,
              632053.9978999998
            ],
            [
              169164.56020000018,
              632124.2608000003
            ],
            [
              169304.57050000038,
              632284.1323000006
            ],
            [
              169384.89680000022,
              632274.4006999992
            ],
            [
              169465.31790000014,
              632234.7694000006
            ],
            [
              169555.55489999987,
              632264.9320999999
            ],
            [
              169665.8967000004,
              632285.1864
            ],
            [
              169826.8655000003,
              632166.0582999997
            ],
            [
              170007.52850000001,
              632166.5856999997
            ],
            [
              170097.63900000043,
              632236.6138000004
            ],
            [
              170197.78610000014,
              632306.6717000008
            ],
            [
              170328.29669999983,
              632297.0856999997
            ],
            [
              170539.45010000002,
              632178.1039000005
            ],
            [
              170760.76599999983,
              632019.2857000008
            ],
            [
              170811.32940000016,
              631899.8358999994
            ],
            [
              170980.17190000042,
              631948.9534000009
            ],
            [
              170980.28110000025,
              631913.5469000004
            ],
            [
              171030.3518000003,
              631871.2028999999
            ],
            [
              171030.49990000017,
              631821.625
            ],
            [
              170973.61710000038,
              631764.7971000001
            ],
            [
              170959.49230000004,
              631722.2655999996
            ],
            [
              171038.10950000025,
              631672.9065000005
            ],
            [
              171088.07789999992,
              631658.8905999996
            ],
            [
              171145.1875,
              631644.8907999992
            ],
            [
              171187.82050000038,
              631694.5936999992
            ],
            [
              171194.93730000034,
              631701.7034000009
            ],
            [
              171223.46899999958,
              631701.7810999993
            ],
            [
              171259.17200000025,
              631687.7188000008
            ],
            [
              171301.89859999996,
              631709.0934999995
            ],
            [
              171323.29690000042,
              631709.1559999995
            ],
            [
              171380.38300000038,
              631702.2346000001
            ],
            [
              171430.49199999962,
              631645.7346000001
            ],
            [
              171537.84379999992,
              631532.7183999997
            ],
            [
              171609.4765999997,
              631433.7653000001
            ],
            [
              171645.42989999987,
              631341.7969000004
            ],
            [
              171645.57010000013,
              631299.3126999997
            ],
            [
              171674.14059999958,
              631285.2343000006
            ],
            [
              171724.02359999996,
              631299.5467000008
            ],
            [
              171752.46870000008,
              631327.9532999992
            ],
            [
              171752.32809999958,
              631370.4528000001
            ],
            [
              171752.21879999992,
              631405.8594000004
            ],
            [
              171823.63289999962,
              631377.7346999999
            ],
            [
              171902.38289999962,
              631285.8905999996
            ],
            [
              171991.32799999975,
              631214.0156999994
            ],
            [
              172033.6875,
              631162.3280999996
            ],
            [
              172056.47649999987,
              631152.7031999994
            ],
            [
              172085.75789999962,
              631182.0465999991
            ],
            [
              172098.7734000003,
              631201.5471000001
            ],
            [
              172118.2890999997,
              631217.8594000004
            ],
            [
              172128.04700000025,
              631224.3905999996
            ],
            [
              172144.32039999962,
              631234.2028999999
            ],
            [
              172173.61710000038,
              631227.8440000005
            ],
            [
              172183.40629999992,
              631198.7034000009
            ],
            [
              172199.70320000034,
              631169.5940000005
            ],
            [
              172235.50769999996,
              631173.0153999999
            ],
            [
              172245.25769999996,
              631195.7659000009
            ],
            [
              172264.78129999992,
              631215.3122000005
            ],
            [
              172398.24230000004,
              631225.6718000006
            ],
            [
              172398.21100000013,
              631271.0782999992
            ],
            [
              172404.70299999975,
              631306.7813000008
            ],
            [
              172430.71860000025,
              631336.0934999995
            ],
            [
              172479.53110000025,
              631362.2653999999
            ],
            [
              172502.31259999983,
              631378.5936999992
            ],
            [
              172534.84379999992,
              631420.9065000005
            ],
            [
              172564.10960000008,
              631456.7032999992
            ],
            [
              172690.96100000013,
              631629.1875
            ],
            [
              172791.71889999975,
              631859.9218000006
            ],
            [
              172869.75789999962,
              632002.9839999992
            ],
            [
              172895.77359999996,
              632048.5154999997
            ],
            [
              172954.35950000025,
              632052.0315000005
            ],
            [
              173029.24990000017,
              632029.6872000005
            ],
            [
              173214.85140000004,
              631949.4846999999
            ],
            [
              173533.96109999996,
              631821.2811999992
            ],
            [
              173677.2422000002,
              631740.8751999997
            ],
            [
              173898.3125,
              632192.7028000001
            ],
            [
              174148.64859999996,
              632690.0625999998
            ],
            [
              174168.17169999983,
              632709.6249000002
            ],
            [
              174220.25,
              632713.1096000001
            ],
            [
              174288.64039999992,
              632671.2807999998
            ],
            [
              174519.86739999987,
              632513.4535000008
            ],
            [
              174682.39829999954,
              632880.6875999998
            ],
            [
              174734.39080000017,
              633023.6249000002
            ],
            [
              174512.9609000003,
              633132.8439000007
            ],
            [
              174337.10149999987,
              633239.0307999998
            ],
            [
              174229.7265999997,
              633160.6873000003
            ],
            [
              174177.6797000002,
              633098.8282999992
            ],
            [
              174135.3827999998,
              633075.9375
            ],
            [
              174057.25800000038,
              633056.0940000005
            ],
            [
              174001.92179999966,
              633055.8440000005
            ],
            [
              173930.28899999987,
              633081.4375
            ],
            [
              173878.17980000004,
              633116.8752999995
            ],
            [
              173858.6327999998,
              633145.9535000008
            ],
            [
              173845.5702999998,
              633214.0159000009
            ],
            [
              173822.70299999975,
              633330.6561999992
            ],
            [
              173835.65610000025,
              633430.4530999996
            ],
            [
              173871.1875,
              633473.0623000003
            ],
            [
              173899.57820000034,
              633515.6403000001
            ],
            [
              173927.9297000002,
              633572.3750999998
            ],
            [
              173920.65610000025,
              633614.8594000004
            ],
            [
              173884.92960000038,
              633636.0000999998
            ],
            [
              173813.45320000034,
              633685.3752999995
            ],
            [
              173570.39850000013,
              633854.6407999992
            ],
            [
              173614.91449999996,
              634030.8741999995
            ],
            [
              173071.97690000013,
              634328.2843999993
            ],
            [
              172728.64059999958,
              634481.7346000001
            ],
            [
              172680.9297000002,
              634540.9846000001
            ],
            [
              172725.28899999987,
              634692.5154999997
            ],
            [
              172875.81240000017,
              635311.9531999994
            ],
            [
              173257.64070000034,
              635112.6720000003
            ],
            [
              173378.81259999983,
              635086.3125999998
            ],
            [
              173436.99230000004,
              635122.0942000002
            ],
            [
              173481.85149999987,
              635117.7809999995
            ],
            [
              173616.61730000004,
              635046.9221000001
            ],
            [
              173841.21860000025,
              634931.7969000004
            ],
            [
              174029.7890999997,
              634865.5470000003
            ],
            [
              174164.39039999992,
              634843.6721999999
            ],
            [
              174254.09379999992,
              634843.9375
            ],
            [
              174370.59360000025,
              634875.4530999996
            ],
            [
              174451.03899999987,
              634960.2965999991
            ],
            [
              174571.57820000034,
              635134.3127999995
            ],
            [
              174669.82830000017,
              635263.7501999997
            ],
            [
              174701.04679999966,
              635317.2808999997
            ],
            [
              174705.42980000004,
              635352.9221999999
            ],
            [
              174664.84389999975,
              635424.0471000001
            ],
            [
              174713.89059999958,
              635513.2654999997
            ],
            [
              174883.60149999987,
              635736.4060999993
            ],
            [
              175004.10149999987,
              635919.3436999992
            ],
            [
              175291.71100000013,
              635733.1561999992
            ],
            [
              175493.93730000034,
              635600.1402000003
            ],
            [
              175750.00789999962,
              635462.8439000007
            ],
            [
              176059.8981999997,
              635321.2343000006
            ],
            [
              176369.6875,
              635210.8125999998
            ],
            [
              176692.95289999992,
              635095.9846999999
            ],
            [
              177029.78100000042,
              634945.5468000006
            ],
            [
              177357.67200000025,
              634786.1874000002
            ],
            [
              177698.01580000017,
              634620.0156999994
            ],
            [
              177595.85400000028,
              634394.5846999995
            ],
            [
              177535.3775000004,
              634221.2711999994
            ],
            [
              177461.98830000032,
              633995.9798000008
            ],
            [
              177427.65160000045,
              633827.0710000005
            ],
            [
              177406.3097000001,
              633684.1710000001
            ],
            [
              177406.54310000036,
              633610.5880999994
            ],
            [
              177380.6638000002,
              633523.9442999996
            ],
            [
              177341.7483000001,
              633424.2771000005
            ],
            [
              177337.5404000003,
              633376.6525999997
            ],
            [
              177307.1512000002,
              633337.6081000008
            ],
            [
              177263.63019999955,
              633315.8386000004
            ],
            [
              177215.6947999997,
              633311.3706999999
            ],
            [
              177154.66920000035,
              633311.1922999993
            ],
            [
              177080.49810000043,
              633332.6181000005
            ],
            [
              176988.83559999987,
              633371.3067000005
            ],
            [
              176884.05549999978,
              633422.9417000003
            ],
            [
              176840.90469999984,
              633284.307
            ],
            [
              176785.1026999997,
              633011.4536000006
            ],
            [
              176789.58519999962,
              632972.5103999991
            ],
            [
              176811.36629999988,
              632976.9028999992
            ],
            [
              176898.54619999975,
              632977.1567000002
            ],
            [
              177051.20639999956,
              632947.3034000006
            ],
            [
              177217.02630000003,
              632891.5175000001
            ],
            [
              177247.60790000018,
              632869.9644000009
            ],
            [
              177247.75870000012,
              632822.3521999996
            ],
            [
              177247.92360000033,
              632770.4123
            ],
            [
              177234.94259999972,
              632740.0749999993
            ],
            [
              177235.07969999965,
              632696.7912000008
            ],
            [
              177235.24459999986,
              632644.8505000006
            ],
            [
              177248.4587000003,
              632601.6049000006
            ],
            [
              177318.35340000037,
              632554.1961000003
            ],
            [
              177427.41029999964,
              632528.5439999998
            ],
            [
              177449.3010999998,
              632498.3088000007
            ],
            [
              177466.88800000027,
              632450.7477000002
            ],
            [
              177475.81180000026,
              632385.8476
            ],
            [
              177519.52520000003,
              632347.0187999997
            ],
            [
              177558.85199999996,
              632316.8346999995
            ],
            [
              177585.10230000038,
              632286.6125000007
            ],
            [
              177633.0647,
              632282.4243000001
            ],
            [
              177672.24069999997,
              632299.8516000006
            ],
            [
              177685.23539999966,
              632325.8605000004
            ],
            [
              177702.52020000014,
              632373.5238000005
            ],
            [
              177711.08729999978,
              632421.1612
            ],
            [
              177715.34999999963,
              632451.4725000001
            ],
            [
              177719.51680000033,
              632512.0822999999
            ],
            [
              177736.78830000013,
              632564.0741000008
            ],
            [
              177745.31379999965,
              632624.6967999991
            ],
            [
              177745.0669999998,
              632702.6074000001
            ],
            [
              177723.17590000015,
              632732.8425999992
            ],
            [
              177688.2904000003,
              632737.0697000008
            ],
            [
              177662.05429999996,
              632762.9634000007
            ],
            [
              177661.97159999982,
              632788.9333999995
            ],
            [
              177666.1657999996,
              632840.8870000001
            ],
            [
              177679.1194000002,
              632879.8805
            ],
            [
              177705.1498999996,
              632918.9120000005
            ],
            [
              177735.6213999996,
              632931.9865000006
            ],
            [
              177744.18840000033,
              632979.6239
            ],
            [
              177761.45990000013,
              633031.6157000009
            ],
            [
              177752.6046000002,
              633074.8735000007
            ],
            [
              177748.1495000003,
              633105.1597000007
            ],
            [
              177700.18709999975,
              633109.3479999993
            ],
            [
              177669.60560000036,
              633130.9010000005
            ],
            [
              177647.70069999993,
              633165.4647000004
            ],
            [
              177630.00409999955,
              633247.6526999995
            ],
            [
              177638.39250000007,
              633351.5592
            ],
            [
              177698.6085000001,
              633607.1117000002
            ],
            [
              177746.41999999993,
              633650.5358000007
            ],
            [
              177851.00820000004,
              633659.4975000005
            ],
            [
              177968.70079999976,
              633659.8412999995
            ],
            [
              178156.2879999997,
              633612.7755999994
            ],
            [
              178278.44930000044,
              633578.5045999996
            ],
            [
              178470.4779000003,
              633505.4818999991
            ],
            [
              178600.65600000042,
              633417.1835999992
            ],
            [
              178659.90629999992,
              633356.6558999997
            ],
            [
              178796.20299999975,
              633156.3596000001
            ],
            [
              178881.79679999966,
              632930.7968000006
            ],
            [
              178950.50769999996,
              632696.7964999992
            ],
            [
              178977.32050000038,
              632362.2654999997
            ],
            [
              179029.42179999966,
              632052.9376999997
            ],
            [
              179106.81259999983,
              631768.7810999993
            ],
            [
              179252.36730000004,
              631376.1097999997
            ],
            [
              179406.4765999997,
              630966.7268000003
            ],
            [
              179714.32799999975,
              630231.6403999999
            ],
            [
              179723.8624999998,
              630205.9462000001
            ],
            [
              179894.14059999958,
              629747.0700000003
            ],
            [
              180012.39850000013,
              629806.0311999992
            ],
            [
              180090.93589999992,
              629851.1879999992
            ],
            [
              180231.96100000013,
              629932.2736000009
            ],
            [
              180372.96860000025,
              630023.1719000004
            ],
            [
              180648.10950000025,
              629738.8902000003
            ],
            [
              180933.8515999997,
              629452.9058999997
            ],
            [
              180965.93730000034,
              629452.9996000007
            ],
            [
              181001.86710000038,
              629508.8830999993
            ],
            [
              181101.87490000017,
              629600.7890000008
            ],
            [
              181257.93759999983,
              629724.7265000008
            ],
            [
              181257.79700000025,
              629768.5469000004
            ],
            [
              181185.39059999958,
              629828.0942000002
            ],
            [
              180755.2109000003,
              630224.0077999998
            ],
            [
              181152.64039999992,
              630579.2809999995
            ],
            [
              181235.3219999997,
              630650.5734999999
            ],
            [
              181388.54140000045,
              630782.6875
            ],
            [
              181584.87509999983,
              630951.9769000001
            ],
            [
              182027.04700000025,
              631339.5622000005
            ],
            [
              182255.53110000025,
              631553.1876999997
            ],
            [
              182468.84360000025,
              631841.0781999994
            ],
            [
              182786.14070000034,
              632337.2971000001
            ],
            [
              183004.15639999975,
              632719.2970000003
            ],
            [
              183167.95299999975,
              632907.9684999995
            ],
            [
              183341.79690000042,
              633076.875
            ],
            [
              183575.40629999992,
              633240.9843000006
            ],
            [
              183784.18740000017,
              633385.2028000001
            ],
            [
              184042.75009999983,
              633578.7653000001
            ],
            [
              184362.18759999983,
              633817.9217000008
            ],
            [
              184687.73440000042,
              634123.4377999995
            ],
            [
              185069.42200000025,
              634402.9061999992
            ],
            [
              185560.18740000017,
              634604.1248000003
            ],
            [
              185909.35950000025,
              634704.6564000007
            ],
            [
              186086.46889999975,
              634720.7035000008
            ],
            [
              186501.06259999983,
              634763.9528999999
            ],
            [
              186932.35950000025,
              634865.8281999994
            ],
            [
              187600.42179999966,
              635027.0625999998
            ],
            [
              187615.78139999975,
              635028.8438000008
            ],
            [
              187708.90610000025,
              635039.5936999992
            ],
            [
              188048.84370000008,
              635078.8126999997
            ],
            [
              188087.00009999983,
              635083.9689000007
            ],
            [
              188429.56259999983,
              635130.3127999995
            ],
            [
              188861.09379999992,
              635173.6248000003
            ],
            [
              189140.40649999958,
              635182.9531999994
            ],
            [
              189910.59389999975,
              635210.7028999999
            ],
            [
              190672.34389999975,
              635238.4220000003
            ],
            [
              190816.09399999958,
              635272.3750999998
            ],
            [
              191002.1875,
              635306.4845000003
            ],
            [
              191281.35919999983,
              635349.2660000008
            ],
            [
              191560.31240000017,
              635442.2503999993
            ],
            [
              191813.875,
              635535.1563000008
            ],
            [
              192160.15629999992,
              635720.3750999998
            ],
            [
              192345.75,
              635871.5934999995
            ],
            [
              192349.23440000042,
              635874.9059999995
            ],
            [
              192125.15600000042,
              635987.9534000009
            ],
            [
              191980.76549999975,
              636104.5625
            ],
            [
              191861.37480000034,
              636313.2970000003
            ],
            [
              191775.40610000025,
              636622.5157999992
            ],
            [
              191714.8125,
              636940.1873000003
            ],
            [
              191679.54669999983,
              637274.6877999995
            ],
            [
              191652.62509999983,
              637634.2970000003
            ],
            [
              191643.09360000025,
              637885.2345000003
            ],
            [
              191759.35950000025,
              638007.8748000003
            ],
            [
              191860.40649999958,
              638094.4066000003
            ],
            [
              191937.40620000008,
              638161.7029999997
            ],
            [
              192000.01559999958,
              638200.2184999995
            ],
            [
              192067.53139999975,
              638209.9997000005
            ],
            [
              192120.59360000025,
              638214.9530999996
            ],
            [
              192163.93759999983,
              638239.0313000008
            ],
            [
              192178.32799999975,
              638267.8122000005
            ],
            [
              192178.15600000042,
              638325.3123000003
            ],
            [
              192182.81240000017,
              638373.25
            ],
            [
              192279.09370000008,
              638445.4060999993
            ],
            [
              192370.51559999958,
              638527.1247000005
            ],
            [
              192447.34379999992,
              638642.3282999992
            ],
            [
              192518.5625,
              638726.8279999997
            ],
            [
              192524.26559999958,
              638733.5940000005
            ],
            [
              192567.45289999992,
              638805.5938000008
            ],
            [
              192591.34379999992,
              638882.3124000002
            ],
            [
              192673.18769999966,
              638944.8436999992
            ],
            [
              192745.51570000034,
              638959.4373000003
            ],
            [
              192875.79669999983,
              638959.8123000003
            ],
            [
              192957.84350000042,
              638950.4685999993
            ],
            [
              193044.84360000025,
              638907.5941000003
            ],
            [
              193151.04690000042,
              638893.5309999995
            ],
            [
              193315.29669999983,
              638826.9373000003
            ],
            [
              193354.12490000017,
              638759.9685999993
            ],
            [
              193397.73440000042,
              638697.8124000002
            ],
            [
              193426.73460000008,
              638683.5153000001
            ],
            [
              193479.62490000017,
              638741.1715999991
            ],
            [
              193532.59350000042,
              638774.8595000003
            ],
            [
              193614.56230000034,
              638799.0626999997
            ],
            [
              193711.06259999983,
              638799.3439000007
            ],
            [
              193788.21860000025,
              638813.9375
            ],
            [
              193845.90639999975,
              638881.1874000002
            ],
            [
              193874.59360000025,
              638962.7184999995
            ],
            [
              193869.54700000025,
              639034.5780999996
            ],
            [
              193883.90600000042,
              639068.1561999992
            ],
            [
              193960.89049999975,
              639140.2499000002
            ],
            [
              194013.78120000008,
              639197.9061999992
            ],
            [
              194028.17200000025,
              639226.6877999995
            ],
            [
              194018.29700000025,
              639298.5467000008
            ],
            [
              193993.96860000025,
              639360.7501999997
            ],
            [
              194013.04669999983,
              639427.8903999999
            ],
            [
              194061.14080000017,
              639480.7343000006
            ],
            [
              194109.21870000008,
              639533.5781999994
            ],
            [
              194147.70289999992,
              639572.0160000008
            ],
            [
              194171.62519999966,
              639639.1721999999
            ],
            [
              194210.10940000042,
              639672.8127999995
            ],
            [
              194277.71870000008,
              639653.8434999995
            ],
            [
              194350.34370000008,
              639577.4061999992
            ],
            [
              194403.56230000034,
              639534.4372000005
            ],
            [
              194466.29700000025,
              639529.8281999994
            ],
            [
              194548.21879999992,
              639563.6090999991
            ],
            [
              194654.40639999975,
              639554.3278999999
            ],
            [
              194731.51549999975,
              639583.3123000003
            ],
            [
              194832.68740000017,
              639631.5153000001
            ],
            [
              194876.01570000034,
              639665.1878999993
            ],
            [
              194914.51559999958,
              639698.8285000008
            ],
            [
              194938.62509999983,
              639703.6874000002
            ],
            [
              195001.37509999983,
              639694.2972999997
            ],
            [
              195035.26559999958,
              639660.8433999997
            ],
            [
              195083.5625,
              639646.6248000003
            ],
            [
              195141.40610000025,
              639665.9530999996
            ],
            [
              195295.42179999966,
              639786.1872000005
            ],
            [
              195401.40600000042,
              639839.2032999992
            ],
            [
              195420.35929999966,
              639949.4535000008
            ],
            [
              195502.25009999983,
              639992.8126999997
            ],
            [
              195584.35960000008,
              639969.0934999995
            ],
            [
              195666.31230000034,
              639988.5154999997
            ],
            [
              195719.31269999966,
              640017.4061999992
            ],
            [
              195820.39059999958,
              640094.3595000003
            ],
            [
              196129.17200000025,
              640104.8441000003
            ],
            [
              196515.23440000042,
              640091.5934999995
            ],
            [
              196608.84370000008,
              640089.1407999992
            ],
            [
              197171.51570000034,
              640074.3436999992
            ],
            [
              197779.51570000034,
              640066.5465999991
            ],
            [
              198443.53110000025,
              640052.3279999997
            ],
            [
              198961.76539999992,
              640041.2344000004
            ],
            [
              199525.15620000008,
              640036.9058999997
            ],
            [
              199654.51549999975,
              640086.7971000001
            ],
            [
              199744.44660000037,
              640131.8330000006
            ],
            [
              199848.48429999966,
              640186.4064000007
            ],
            [
              199962.95299999975,
              640221.4059999995
            ],
            [
              200062.51570000034,
              640241.5002999995
            ],
            [
              200142.15649999958,
              640261.5313000008
            ],
            [
              200495.60940000042,
              640336.8124000002
            ],
            [
              201257.48440000042,
              640433.0626999997
            ],
            [
              201751.00480000023,
              640491.9483000003
            ],
            [
              201810.23429999966,
              640499.0153999999
            ],
            [
              202258.71889999975,
              640445.7813000008
            ],
            [
              202477.95320000034,
              640431.5467000008
            ],
            [
              202737.01570000034,
              640422.3594000004
            ],
            [
              203000.98450000025,
              640437.9528999999
            ],
            [
              203050.73440000042,
              640457.9061999992
            ],
            [
              203170.09370000008,
              640527.5935999993
            ],
            [
              203318.73450000025,
              640785.5623000003
            ],
            [
              203387.96870000008,
              640984.1872000005
            ],
            [
              203526.12490000017,
              641380.5467000008
            ],
            [
              203531.50040000025,
              641400.9289999995
            ],
            [
              203673.84399999958,
              641940.6565000005
            ],
            [
              203688.43730000034,
              642054.6247000005
            ],
            [
              203688.04679999966,
              642183.4067000002
            ],
            [
              203702.73450000025,
              642262.7028999999
            ],
            [
              203717.45309999958,
              642337.0465999991
            ],
            [
              203759.89059999958,
              642543.3435999993
            ],
            [
              203755.37480000034,
              642715.5625999998
            ],
            [
              203771.68740000017,
              642882.3280999996
            ],
            [
              203798.95309999958,
              643161.25
            ],
            [
              203805.8125,
              643329.7502999995
            ],
            [
              203838.98460000008,
              643550.7659000009
            ],
            [
              203842.34360000025,
              643651.8592000008
            ],
            [
              203872.18759999983,
              643764.2816000003
            ],
            [
              203871.81230000034,
              643850.3903000001
            ],
            [
              203875.10950000025,
              643966.4689000007
            ],
            [
              203885.5,
              644198.6247000005
            ],
            [
              203896.34370000008,
              644318.4845000003
            ],
            [
              203880.45299999975,
              644494.3909000009
            ],
            [
              203887.78139999975,
              644554.3124000002
            ],
            [
              203856.90600000042,
              644688.9998000003
            ],
            [
              203783.85950000025,
              644939.5935999993
            ],
            [
              203782.18759999983,
              644962.9530999996
            ],
            [
              203779.82830000017,
              644995.7346999999
            ],
            [
              203798.4375,
              645078.1872000005
            ],
            [
              203812.76570000034,
              645269.1719000004
            ],
            [
              203849.40639999975,
              645565.0624000002
            ],
            [
              203856.53110000025,
              645673.6715999991
            ],
            [
              203856.12490000017,
              645771.0156999994
            ],
            [
              203863.04710000008,
              645924.5465999991
            ],
            [
              203854.73429999966,
              646096.7343000006
            ],
            [
              203819.71879999992,
              646313.7660000008
            ],
            [
              203811.54700000025,
              646456.0157999992
            ],
            [
              203738.2731999997,
              646653.3239999991
            ],
            [
              203715.73429999966,
              646714.0156999994
            ],
            [
              203646.74990000017,
              646900.9845000003
            ],
            [
              203589.34379999992,
              647039.3128999993
            ],
            [
              203531.87509999983,
              647188.8750999998
            ],
            [
              203440.04690000042,
              647401.9684999995
            ],
            [
              203348.20309999958,
              647618.7967000008
            ],
            [
              203310.32239999995,
              647682.3969
            ],
            [
              203241.37509999983,
              647798.1566000003
            ],
            [
              203180.34360000025,
              647895.2811999992
            ],
            [
              203092.79700000025,
              647992.3127999995
            ],
            [
              202990.32809999958,
              648079.8285000008
            ],
            [
              202570.51539999992,
              648128.6403999999
            ],
            [
              202197.84370000008,
              648177.5468000006
            ],
            [
              201706.54669999983,
              648251.1403999999
            ],
            [
              201626.03120000008,
              648267.3125
            ],
            [
              201617.29690000042,
              648269.0625
            ],
            [
              201249.43759999983,
              648483.9219000004
            ],
            [
              201154.59360000025,
              648517.2972999997
            ],
            [
              201135.37509999983,
              648580.875
            ],
            [
              201074.46899999958,
              648648.0625
            ],
            [
              200937.78129999992,
              648718.7185999993
            ],
            [
              200808.5,
              648830.5938000008
            ],
            [
              200614.62519999966,
              648987.1872000005
            ],
            [
              200538.53110000025,
              649061.7968000006
            ],
            [
              200458.56240000017,
              649155.1249000002
            ],
            [
              200428.04700000025,
              649207.4375999998
            ],
            [
              200386.04669999983,
              649282.1721999999
            ],
            [
              200370.48429999966,
              649379.4529999997
            ],
            [
              200392.62490000017,
              649518.0625999998
            ],
            [
              200415.10960000008,
              649578.0465999991
            ],
            [
              200445.04669999983,
              649667.9998000003
            ],
            [
              200512.70309999958,
              649795.5310999993
            ],
            [
              200606.81259999983,
              649938.1253999993
            ],
            [
              200689.62480000034,
              650061.9530999996
            ],
            [
              200783.92200000025,
              650163.3749000002
            ],
            [
              200829.09370000008,
              650230.9221000001
            ],
            [
              200806.06269999966,
              650301.9845000003
            ],
            [
              200737.54690000042,
              650380.3753999993
            ],
            [
              200570.40610000025,
              650484.6249000002
            ],
            [
              200312.18740000017,
              650622.2656999994
            ],
            [
              200217.40639999975,
              650640.6565000005
            ],
            [
              200156.65620000008,
              650670.4060999993
            ],
            [
              200126.17179999966,
              650711.4842000008
            ],
            [
              200126.01549999975,
              650748.9220000003
            ],
            [
              200140.98440000042,
              650790.1561999992
            ],
            [
              200163.51570000034,
              650838.9064000007
            ],
            [
              200083.65629999992,
              650909.7653000001
            ],
            [
              199904.54679999966,
              651160.0000999998
            ],
            [
              199835.87509999983,
              651272.0779999997
            ],
            [
              199652.82799999975,
              651552.2499000002
            ],
            [
              199584.23419999983,
              651645.6093000006
            ],
            [
              199409.10929999966,
              651847.1875999998
            ],
            [
              199352.04679999966,
              651903.1565000005
            ],
            [
              199294.87490000017,
              651985.3125
            ],
            [
              199264.01559999958,
              652116.2499000002
            ],
            [
              199244.65620000008,
              652213.5315000005
            ],
            [
              199248.20330000017,
              652269.7030999996
            ],
            [
              199244.04710000008,
              652355.7965999991
            ],
            [
              199213.54700000025,
              652404.3752999995
            ],
            [
              199190.54679999966,
              652464.1877999995
            ],
            [
              199087.71870000008,
              652591.1404999997
            ],
            [
              199072.35950000025,
              652639.7497000005
            ],
            [
              199079.48419999983,
              652748.3436999992
            ],
            [
              199098.15620000008,
              652812.0624000002
            ],
            [
              199105.18769999966,
              652939.3909000009
            ],
            [
              199108.56240000017,
              653036.7342000008
            ],
            [
              199142.45320000034,
              653089.2816000003
            ],
            [
              199206.65610000025,
              653134.4221000001
            ],
            [
              199354.26549999975,
              653168.6251999997
            ],
            [
              199554.78120000008,
              653236.7028000001
            ],
            [
              199633.95309999958,
              653326.8434999995
            ],
            [
              199679.14049999975,
              653394.3906999994
            ],
            [
              199705.14049999975,
              653518.0309999995
            ],
            [
              199757.60919999983,
              653652.9996000007
            ],
            [
              199794.60919999983,
              653862.7965999991
            ],
            [
              199809.45320000034,
              653933.9688000008
            ],
            [
              199857.98440000042,
              654106.3752999995
            ],
            [
              199872.46879999992,
              654263.6560999993
            ],
            [
              199917.67190000042,
              654327.4685999993
            ],
            [
              199966.5,
              654424.9842000008
            ],
            [
              199988.90629999992,
              654503.6875
            ],
            [
              199980.18769999966,
              654773.2185999993
            ],
            [
              199994.79710000008,
              654900.5623000003
            ],
            [
              200035.51570000034,
              655129.0938000008
            ],
            [
              200056.90620000008,
              655447.4063000008
            ],
            [
              200080.39049999975,
              656162.5934999995
            ],
            [
              200078.78129999992,
              656544.4684999995
            ],
            [
              200086.2424999997,
              656842.6958000008
            ],
            [
              200108.3027999997,
              656946.0077999998
            ],
            [
              200090.2592000002,
              657285.0975000001
            ],
            [
              200089.96889999975,
              657344.2324000001
            ],
            [
              200088.8337000003,
              657575.7662000004
            ],
            [
              200119.9327999996,
              657914.9298
            ],
            [
              200119.14109999966,
              658076.4125999995
            ],
            [
              200167.65029999986,
              658205.6724999994
            ],
            [
              200387.99909999967,
              658356.3885999992
            ],
            [
              200617.33160000015,
              658569.3320000004
            ],
            [
              200633.71160000004,
              658634.8716000002
            ],
            [
              200551.80740000028,
              658962.4766000006
            ],
            [
              200551.80740000028,
              659240.9594999999
            ],
            [
              200519.04509999976,
              659863.4276
            ],
            [
              200469.9031999996,
              660616.9375
            ],
            [
              200338.8543999996,
              661272.1856999993
            ],
            [
              200256.95029999968,
              661485.1282000002
            ],
            [
              200071.50850000046,
              662047.6138000004
            ],
            [
              199955.6492999997,
              662453.1218999997
            ],
            [
              199854.27240000013,
              662829.6645999998
            ],
            [
              199762.3013000004,
              663236.5102999993
            ],
            [
              199192.7818,
              665005.1227000002
            ],
            [
              199192.19170000032,
              665006.9552999996
            ],
            [
              199164.94259999972,
              665166.2906
            ],
            [
              199147.46999999974,
              665230.3177000005
            ],
            [
              198812.03060000017,
              666191.5424000006
            ],
            [
              198674.7611999996,
              666159.8643999994
            ],
            [
              198579.72840000037,
              666191.5424000006
            ],
            [
              198526.9325000001,
              666265.4569000006
            ],
            [
              198537.49179999996,
              666360.4891999997
            ],
            [
              198537.49179999996,
              666455.5216000006
            ],
            [
              198579.72840000037,
              666561.1132999994
            ],
            [
              198611.40600000042,
              666645.5872000009
            ],
            [
              198653.64290000033,
              666730.0610000007
            ],
            [
              198738.1163999997,
              666782.8568999991
            ],
            [
              198759.2346999999,
              666825.0933999997
            ],
            [
              198759.2346999999,
              666899.0078999996
            ],
            [
              198780.35300000012,
              666994.0403000005
            ],
            [
              198864.57540000044,
              667103.7020999994
            ],
            [
              198880.95500000007,
              667316.6545000002
            ],
            [
              198897.33770000003,
              667414.9460000005
            ],
            [
              199077.52560000028,
              667529.6076999996
            ],
            [
              199306.85819999967,
              667677.0388999991
            ],
            [
              199341.36089999974,
              667797.0405000001
            ],
            [
              199339.62009999994,
              667939.1325000003
            ],
            [
              199437.90699999966,
              668021.034
            ],
            [
              199552.57299999986,
              668135.7048000004
            ],
            [
              199524.34169999976,
              668361.5516999997
            ],
            [
              199519.81070000026,
              668397.7984999996
            ],
            [
              199503.43120000046,
              668627.1309999991
            ],
            [
              199457.72470000014,
              668711.7870000005
            ],
            [
              199184.0932,
              669019.0371000003
            ],
            [
              199143.04980000015,
              669069.4068999998
            ],
            [
              199175.81209999975,
              669265.9792999998
            ],
            [
              199175.81209999975,
              669462.5515999999
            ],
            [
              199143.04980000015,
              669577.2133000009
            ],
            [
              199062.9134999998,
              669748.1745999996
            ],
            [
              198897.33770000003,
              670101.4097000007
            ],
            [
              198848.1941999998,
              670396.2635999992
            ],
            [
              198930.0968000004,
              670756.6381000001
            ],
            [
              199077.52560000028,
              671018.7316999994
            ],
            [
              199192.19170000032,
              671133.4033000004
            ],
            [
              199192.19170000032,
              671198.9239000008
            ],
            [
              199126.6701999996,
              671297.2054999992
            ],
            [
              199077.52560000028,
              671461.0175000001
            ],
            [
              199093.9079,
              671542.9181999993
            ],
            [
              199158.25399999972,
              671624.4254999999
            ],
            [
              199339.62009999994,
              671854.1621000003
            ],
            [
              199345.96590000018,
              671864.7376000006
            ],
            [
              199388.76510000043,
              671936.0636
            ],
            [
              199372.38239999954,
              672067.1146000009
            ],
            [
              199213.5979000004,
              672298.0745000001
            ],
            [
              199173.4104000004,
              672356.5287999995
            ],
            [
              199012.00380000006,
              672591.3011000007
            ],
            [
              198848.1941999998,
              672738.7237999998
            ],
            [
              198618.76389999967,
              672799.9115999993
            ],
            [
              198602.4804999996,
              672804.2543000001
            ],
            [
              198455.66839999985,
              672807.3023000006
            ],
            [
              198368.05080000032,
              672797.8827
            ],
            [
              198274.86309999973,
              672787.8642999995
            ],
            [
              198147.78899999987,
              672905.5258000009
            ],
            [
              197832.57749999966,
              673197.3890000004
            ],
            [
              197930.86290000007,
              674000.0493000001
            ],
            [
              197881.7209999999,
              674196.6224000007
            ],
            [
              197863.3515999997,
              674219.5843000002
            ],
            [
              197834.4955000002,
              674255.6548999995
            ],
            [
              197750.67339999974,
              674360.4337000009
            ],
            [
              197521.34080000035,
              674491.4755000006
            ],
            [
              197504.9600999998,
              674557.0059999991
            ],
            [
              197488.57890000008,
              674622.5273000002
            ],
            [
              197355.5220999997,
              674799.2729000002
            ],
            [
              197230.9905000003,
              674855.8781000003
            ],
            [
              197208.34839999955,
              674923.8040999994
            ],
            [
              197106.45880000014,
              675025.6939000003
            ],
            [
              196993.24799999967,
              675082.2992000002
            ],
            [
              196846.07419999968,
              675082.2992000002
            ],
            [
              196766.8267000001,
              675093.6206999999
            ],
            [
              196728.11259999964,
              675158.6359000001
            ],
            [
              196727.05829999968,
              675158.8864999991
            ],
            [
              196716.78550000023,
              675508.1613999996
            ],
            [
              196562.54420000035,
              675600.7060000002
            ],
            [
              196500.8479000004,
              675672.6845999993
            ],
            [
              196418.58609999996,
              676248.5183000006
            ],
            [
              196459.7167999996,
              677050.5719000008
            ],
            [
              196521.4134999998,
              677698.3849
            ],
            [
              196583.10979999974,
              677945.1708000004
            ],
            [
              196737.3509999998,
              678202.2392999995
            ],
            [
              196943.0058000004,
              678366.7631999999
            ],
            [
              197148.66050000023,
              678469.5905000009
            ],
            [
              197282.3361999998,
              678500.4385000002
            ],
            [
              197451.70270000026,
              678492.7380999997
            ],
            [
              197596.18259999994,
              678475.7405999992
            ],
            [
              197723.66509999987,
              678454.4938999992
            ],
            [
              197791.65600000042,
              678462.9923
            ],
            [
              197889.39250000007,
              678543.7313999999
            ],
            [
              198042.37129999977,
              678696.7105
            ],
            [
              198118.86099999957,
              678760.4513000008
            ],
            [
              198229.34580000024,
              678819.9437000006
            ],
            [
              198339.8306,
              678836.9412999991
            ],
            [
              198458.81429999974,
              678841.1904000007
            ],
            [
              198582.04739999957,
              678926.1787
            ],
            [
              198743.52500000037,
              679083.4069999997
            ],
            [
              198815.7653000001,
              679147.1486000009
            ],
            [
              199061.1456000004,
              679241.9355999995
            ],
            [
              199175.81209999975,
              679340.2171999998
            ],
            [
              199290.47819999978,
              679438.5078999996
            ],
            [
              199372.38239999954,
              679569.5497999992
            ],
            [
              199437.90699999966,
              679749.7228999995
            ],
            [
              199437.90699999966,
              679848.0090999994
            ],
            [
              199487.0488,
              679979.0555000007
            ],
            [
              199700.00140000042,
              680175.6285999995
            ],
            [
              199716.3814000003,
              680241.1491
            ],
            [
              199765.52329999954,
              680273.9146999996
            ],
            [
              200011.23809999973,
              680470.4816999994
            ],
            [
              200338.8543999996,
              680748.9607999995
            ],
            [
              200486.28280000016,
              680896.3873999994
            ],
            [
              200797.5223000003,
              681256.7672000006
            ],
            [
              201125.13860000018,
              681682.6675000004
            ],
            [
              201321.7092000004,
              682010.2862999998
            ],
            [
              201172.0092000002,
              682058.3610999994
            ],
            [
              201256.18740000017,
              682190.4783999994
            ],
            [
              201466.48560000025,
              682433.0654000007
            ],
            [
              201551.04179999977,
              682436.1919
            ],
            [
              201632.9456000002,
              682436.1919
            ],
            [
              201747.61199999973,
              682354.2859000005
            ],
            [
              201845.89850000013,
              682305.1455000006
            ],
            [
              201927.80269999988,
              682272.3798999991
            ],
            [
              202009.70650000032,
              682288.7645999994
            ],
            [
              202091.61070000008,
              682354.2859000005
            ],
            [
              202140.7553000003,
              682485.3322999999
            ],
            [
              202157.1353000002,
              682747.4260000009
            ],
            [
              202147.44319999963,
              682873.4289999995
            ],
            [
              202140.7553000003,
              682960.3783999998
            ],
            [
              202107.99019999988,
              683320.7581999991
            ],
            [
              202353.70830000006,
              683763.0432999991
            ],
            [
              202451.99199999962,
              684025.1369000003
            ],
            [
              202451.99199999962,
              684287.2304999996
            ],
            [
              202402.84740000032,
              684451.0426000003
            ],
            [
              202337.3228000002,
              684516.5631000008
            ],
            [
              202320.94319999963,
              684598.4691000003
            ],
            [
              202320.94319999963,
              684696.7553000003
            ],
            [
              202337.3228000002,
              684811.4215999991
            ],
            [
              202370.08779999986,
              684860.5627999995
            ],
            [
              202435.61239999998,
              684909.7031999994
            ],
            [
              202501.13659999985,
              684876.9429000001
            ],
            [
              202533.8962000003,
              684942.4688000008
            ],
            [
              202583.0407999996,
              684991.6092000008
            ],
            [
              202664.9450000003,
              685106.2754999995
            ],
            [
              202714.08409999963,
              685155.4158999994
            ],
            [
              202845.13289999962,
              685302.8477999996
            ],
            [
              202910.65710000042,
              685433.8949999996
            ],
            [
              203008.9408999998,
              685663.2276000008
            ],
            [
              203008.9408999998,
              685810.6542000007
            ],
            [
              202976.1816999996,
              685908.9403000008
            ],
            [
              202943.41669999994,
              685990.8418000005
            ],
            [
              202910.65710000042,
              686056.3676999994
            ],
            [
              202894.27749999985,
              686187.4141000006
            ],
            [
              202861.5125000002,
              686302.0803999994
            ],
            [
              202812.37339999992,
              686383.9864000008
            ],
            [
              202795.9938000003,
              686498.6526999995
            ],
            [
              202763.22869999986,
              686564.1740000006
            ],
            [
              202697.70409999974,
              686646.0800000001
            ],
            [
              202648.56539999973,
              686711.6006000005
            ],
            [
              202566.65529999975,
              686727.9860999994
            ],
            [
              202484.75160000008,
              686826.2675999999
            ],
            [
              202419.23280000035,
              686891.7927999999
            ],
            [
              202353.70830000006,
              687006.4597999994
            ],
            [
              202189.90029999986,
              687186.6467000004
            ],
            [
              202075.23110000044,
              687301.3136999998
            ],
            [
              201845.89850000013,
              687383.2190000005
            ],
            [
              201632.9456000002,
              687481.5058999993
            ],
            [
              201534.66179999989,
              687465.125
            ],
            [
              201469.13760000002,
              687399.5998999998
            ],
            [
              201403.6129999999,
              687301.3136999998
            ],
            [
              201321.7092000004,
              687317.6939000003
            ],
            [
              201239.80510000046,
              687334.0786000006
            ],
            [
              201110.35529999994,
              687453.0108000003
            ],
            [
              201043.23479999974,
              687530.6462999992
            ],
            [
              201043.23479999974,
              687612.5523000006
            ],
            [
              201190.6632000003,
              688005.6923999991
            ],
            [
              201354.47109999973,
              688464.3530000001
            ],
            [
              201419.99569999985,
              688644.5428999998
            ],
            [
              201419.99569999985,
              688906.6388000008
            ],
            [
              201469.13760000002,
              689037.6853
            ],
            [
              201616.56599999964,
              689299.7788999993
            ],
            [
              201682.09059999976,
              689611.0175000001
            ],
            [
              201845.89850000013,
              690167.9672999997
            ],
            [
              201927.80269999988,
              690528.3463000003
            ],
            [
              201960.56460000016,
              690855.9659000002
            ],
            [
              201927.80269999988,
              691101.6786000002
            ],
            [
              201878.66079999972,
              691412.9156999998
            ],
            [
              201845.89850000013,
              691773.2947000004
            ],
            [
              201845.89850000013,
              692133.6744999997
            ],
            [
              201862.27809999976,
              692412.1490000002
            ],
            [
              201895.0404000003,
              693018.2431000005
            ],
            [
              201895.0404000003,
              693378.6228999998
            ],
            [
              201911.42310000025,
              693706.2408000007
            ],
            [
              201944.1849999996,
              693902.8115999997
            ],
            [
              202058.85149999987,
              694001.0969999991
            ],
            [
              202206.27990000043,
              694050.2397000007
            ],
            [
              202402.84740000032,
              693951.9536000006
            ],
            [
              202648.56539999973,
              693902.8115999997
            ],
            [
              202746.84920000006,
              693984.7153999992
            ],
            [
              202779.60830000043,
              694083.0014999993
            ],
            [
              202959.80169999972,
              694656.3322000001
            ],
            [
              203239.84580000024,
              694642.6296999995
            ],
            [
              203558.0137,
              694615.3578999992
            ],
            [
              203767.0959999999,
              694633.5391000006
            ],
            [
              203957.99689999968,
              694697.1724999994
            ],
            [
              204085.26389999967,
              694778.9869999997
            ],
            [
              204121.62619999982,
              694806.2588
            ],
            [
              204194.35030000005,
              694878.9827999994
            ],
            [
              204221.62179999985,
              694978.9784999993
            ],
            [
              204221.62179999985,
              695197.1512000002
            ],
            [
              204194.35030000005,
              695297.1469
            ],
            [
              204139.80730000045,
              695478.9572000001
            ],
            [
              204139.80730000045,
              695597.1340999994
            ],
            [
              204176.16920000035,
              695706.2204999998
            ],
            [
              204267.07440000027,
              695760.7631999999
            ],
            [
              204403.4321999997,
              695888.0307999998
            ],
            [
              204491.35720000044,
              695958.3706
            ],
            [
              204494.33750000037,
              695951.6641000006
            ],
            [
              204548.8808000004,
              695969.8453000002
            ],
            [
              204657.9667999996,
              696006.2076999992
            ],
            [
              204739.4079,
              696094.4353
            ],
            [
              204767.05310000014,
              696124.3846000005
            ],
            [
              204930.6825000001,
              696288.0136999991
            ],
            [
              205039.76879999973,
              696442.5523000006
            ],
            [
              205076.13109999988,
              696569.8198000006
            ],
            [
              205109.77359999996,
              696687.8504000008
            ],
            [
              205105.69880000036,
              696802.2307999991
            ],
            [
              205103.40259999968,
              697060.7079000007
            ],
            [
              205039.76879999973,
              697587.9583999999
            ],
            [
              204941.8909,
              697998.0364999995
            ],
            [
              204384.93620000035,
              698227.3691000007
            ],
            [
              204155.60360000003,
              698161.8454999998
            ],
            [
              203959.03610000014,
              698112.7028000001
            ],
            [
              203845.66469999962,
              698080.3122000005
            ],
            [
              203696.93850000016,
              698096.3219000008
            ],
            [
              203500.37100000028,
              697981.6556000002
            ],
            [
              203279.2279000003,
              697973.4650999997
            ],
            [
              203131.7991000004,
              697965.2747000009
            ],
            [
              203049.89529999997,
              697907.9415000007
            ],
            [
              203033.5153000001,
              697858.7989000008
            ],
            [
              203025.3228000002,
              697776.8944000006
            ],
            [
              203049.89529999997,
              697711.3707999997
            ],
            [
              203033.5153000001,
              697654.0375999995
            ],
            [
              202992.56049999967,
              697596.7045000009
            ],
            [
              202886.0870000003,
              697572.1330999993
            ],
            [
              202845.13489999995,
              697604.8948999997
            ],
            [
              202836.94230000023,
              697662.2281
            ],
            [
              202795.99019999988,
              697760.5134999994
            ],
            [
              202771.42090000026,
              697858.7989000008
            ],
            [
              202681.32380000036,
              697957.0842000004
            ],
            [
              202443.80140000023,
              697735.9420999996
            ],
            [
              202312.7558000004,
              697785.0847999994
            ],
            [
              202181.7070000004,
              697817.8465999998
            ],
            [
              202067.04050000012,
              697834.2274999991
            ],
            [
              201919.61209999956,
              697924.3224
            ],
            [
              201878.66000000015,
              698112.7028000001
            ],
            [
              201919.61209999956,
              698153.6549999993
            ],
            [
              201895.04279999994,
              698210.9881999996
            ],
            [
              201837.70799999963,
              698227.3691000007
            ],
            [
              201731.23170000035,
              698251.9404000007
            ],
            [
              201747.61400000006,
              698374.7971999999
            ],
            [
              201698.46939999983,
              698432.1303000003
            ],
            [
              201591.99579999968,
              698440.3208000008
            ],
            [
              201437.45799999963,
              698464.8921000008
            ],
            [
              201346.28060000017,
              698464.8921000008
            ],
            [
              201288.9489000002,
              698546.7965999991
            ],
            [
              201166.08990000002,
              698554.9870999996
            ],
            [
              201100.56840000022,
              698514.0348000005
            ],
            [
              200994.0921,
              698530.4156999998
            ],
            [
              200871.2346999999,
              698522.2252999991
            ],
            [
              200705.0831000004,
              698590.1923999991
            ],
            [
              200702.01939999964,
              698590.4401999991
            ],
            [
              200690.9888000004,
              698595.9583999999
            ],
            [
              200597.3348000003,
              698692.9563999996
            ],
            [
              200384.73249999993,
              699370.6265999991
            ],
            [
              200172.13049999997,
              699848.9813000001
            ],
            [
              199959.52809999976,
              700048.2960000001
            ],
            [
              199640.62459999975,
              700300.7617000006
            ],
            [
              199308.43329999968,
              700420.3501999993
            ],
            [
              198869.94120000023,
              700646.2400000002
            ],
            [
              198710.48929999955,
              700779.1163999997
            ],
            [
              198617.47580000013,
              700938.5688000005
            ],
            [
              198511.17459999956,
              701204.3216999993
            ],
            [
              198378.29839999974,
              701164.4585999995
            ],
            [
              198338.4353,
              700978.4310999997
            ],
            [
              198165.69600000046,
              701031.5821000002
            ],
            [
              197195.69799999986,
              701217.6087999996
            ],
            [
              195973.23460000008,
              701403.6362999994
            ],
            [
              195840.35840000026,
              701470.0745000001
            ],
            [
              195627.75600000005,
              701549.7999000009
            ],
            [
              195502.74560000002,
              701561.4934
            ],
            [
              195414.30319999997,
              701561.4934
            ],
            [
              195373.4835000001,
              701609.1162999999
            ],
            [
              195346.2703999998,
              701677.1490000002
            ],
            [
              194917.6643000003,
              701697.5588000007
            ],
            [
              194441.4349999996,
              701745.1817000005
            ],
            [
              194121.68099999987,
              701745.1817000005
            ],
            [
              193919.61569999997,
              701801.6521000005
            ]
          ],
          [
            [
              176015.17389999982,
              655620.4507999998
            ],
            [
              175927.0423999997,
              655429.5365999993
            ],
            [
              176108.62799999956,
              655345.7115000002
            ],
            [
              176041.3524000002,
              655199.9763999991
            ],
            [
              175933.90409999993,
              654967.2177000009
            ],
            [
              175933.8958999999,
              654967.1998999994
            ],
            [
              175910.75739999954,
              654916.7777999993
            ],
            [
              175910.6347000003,
              654916.8104999997
            ],
            [
              175547.5092000002,
              655013.6375999991
            ],
            [
              175696.7229000004,
              655432.0504000001
            ],
            [
              175742.31379999965,
              655553.7697000001
            ],
            [
              175743.1788999997,
              655555.8643999994
            ],
            [
              175816.89190000016,
              655528.8061999995
            ],
            [
              175863.06799999997,
              655512.3476999998
            ],
            [
              175896.09229999967,
              655501.0159000009
            ],
            [
              175899.10230000038,
              655499.9831000008
            ],
            [
              175902.88949999958,
              655498.9548000004
            ],
            [
              175905.69409999996,
              655498.4784999993
            ],
            [
              175907.1228,
              655498.9548000004
            ],
            [
              175908.33990000002,
              655499.6426999997
            ],
            [
              175909.60989999957,
              655501.3359999992
            ],
            [
              175910.87990000006,
              655503.3998000007
            ],
            [
              175912.04140000045,
              655505.4649999999
            ],
            [
              175913.14190000016,
              655508.0969999991
            ],
            [
              175916.70720000006,
              655519.5076000001
            ],
            [
              175964.81620000023,
              655674.6272999998
            ],
            [
              175964.6573999999,
              655674.8866000008
            ],
            [
              175989.44259999972,
              655665.7744999994
            ],
            [
              176019.6342000002,
              655654.1132999994
            ],
            [
              176028.71229999978,
              655650.2586000003
            ],
            [
              176015.17389999982,
              655620.4507999998
            ]
          ]
        ]
      },
      "properties": {
        "OBJECTID": 15,
        "שם_תוכנית": "תממ/ 3/ 21",
        "Shape_Length": 272590.11400918424,
        "Shape_Area": 1295569588.1954656,
        "type_name": "גבול תמ''מ מתארית"
      }
    },
    {
      "type": "Feature",
      "id": 48,
      "geometry": {
        "type": "MultiPolygon",
        "coordinates": [
          [
            [
              [
                184842.2768000001,
                654639.9156999998
              ],
              [
                184844.00129999965,
                654642.0947999991
              ],
              [
                185343.4824000001,
                655273.2467999998
              ],
              [
                185452.8211000003,
                655935.3826000001
              ],
              [
                185247.98929999955,
                655994.9949999992
              ],
              [
                184983.7714999998,
                656071.8905999996
              ],
              [
                184826.88489999995,
                655683.5197000001
              ],
              [
                184751.81010000035,
                655450.1817000005
              ],
              [
                184727.28079999983,
                655248.2731999997
              ],
              [
                184708.46210000012,
                655035.4513000008
              ],
              [
                184663.3245000001,
                654719.7683000006
              ],
              [
                184801.75069999974,
                654588.7062999997
              ],
              [
                184842.2768000001,
                654639.9156999998
              ]
            ]
          ],
          [
            [
              [
                184721.33629999962,
                656222.2524999995
              ],
              [
                184735.9177000001,
                656258.4241000004
              ],
              [
                184750.49930000026,
                656294.5956999995
              ],
              [
                184765.08069999982,
                656330.7671000008
              ],
              [
                184779.66229999997,
                656366.9386999998
              ],
              [
                184794.24390000012,
                656403.1103000008
              ],
              [
                184808.82529999968,
                656439.2817000002
              ],
              [
                184821.34410000034,
                656470.3365000002
              ],
              [
                184822.9776999997,
                656474.3884999994
              ],
              [
                184823.40689999983,
                656475.4532999992
              ],
              [
                184825.6007000003,
                656480.8950999994
              ],
              [
                184825.7603000002,
                656481.2913000006
              ],
              [
                184829.59370000008,
                656490.8008999992
              ],
              [
                184830.68649999984,
                656493.5116000008
              ],
              [
                184831.20889999997,
                656494.8072999995
              ],
              [
                184829.0521999998,
                656495.6767999995
              ],
              [
                184823.7890999997,
                656497.7984999996
              ],
              [
                184821.33939999994,
                656498.7860000003
              ],
              [
                184822.12689999957,
                656500.5179999992
              ],
              [
                184816.55900000036,
                656502.9829999991
              ],
              [
                184734.33359999955,
                656539.3849
              ],
              [
                184683.1816999996,
                656562.0303000007
              ],
              [
                184681.70799999963,
                656562.6827000007
              ],
              [
                184638.6149000004,
                656601.1791999992
              ],
              [
                184635.22219999973,
                656604.2100000009
              ],
              [
                184634.69489999954,
                656604.6809999999
              ],
              [
                184642.9422000004,
                656613.9586999994
              ],
              [
                184668.54899999965,
                656642.7647999991
              ],
              [
                184902.6127000004,
                656906.0722000003
              ],
              [
                184880.02290000021,
                656936.2453000005
              ],
              [
                184809.46719999984,
                657028.4087000005
              ],
              [
                184700.11419999972,
                657124.1184
              ],
              [
                184629.75459999964,
                657055.1684000008
              ],
              [
                184659.33860000037,
                656968.1422000006
              ],
              [
                184706.17989999987,
                656777.2433000002
              ],
              [
                184641.2594999997,
                656722.1842999998
              ],
              [
                184583.14910000004,
                656651.9368999992
              ],
              [
                184576.33910000045,
                656643.7046000008
              ],
              [
                184576.24590000045,
                656643.3549000006
              ],
              [
                184576.03830000013,
                656643.0956999995
              ],
              [
                184509.5725999996,
                656560.1151999999
              ],
              [
                184482.58499999996,
                656485.5024999995
              ],
              [
                184485.75999999978,
                656399.7774
              ],
              [
                184473.0599999996,
                656287.5408999994
              ],
              [
                184442.44880000036,
                656255.9093999993
              ],
              [
                184425.43489999976,
                656238.3282999992
              ],
              [
                184425.43489999976,
                656187.5282000005
              ],
              [
                184338.1222000001,
                656189.1157000009
              ],
              [
                184193.65940000024,
                656246.2657999992
              ],
              [
                184153.9718000004,
                656197.0532000009
              ],
              [
                184108.78390000015,
                656196.0709000006
              ],
              [
                184080.9467000002,
                656195.4657000005
              ],
              [
                184033.32160000037,
                656176.4156999998
              ],
              [
                183979.34649999999,
                656111.3279999997
              ],
              [
                183922.19639999978,
                656057.3529000003
              ],
              [
                183860.28380000032,
                656017.6653000005
              ],
              [
                183801.54609999992,
                655985.9153000005
              ],
              [
                183722.1710000001,
                655973.2152999993
              ],
              [
                183666.60840000026,
                655977.9778000005
              ],
              [
                183544.37060000002,
                656023.8565999996
              ],
              [
                183790.4720999999,
                655639.7544
              ],
              [
                183884.09630000032,
                655493.6305
              ],
              [
                184146.0343000004,
                655028.4921000004
              ],
              [
                184204.48840000015,
                654949.0545000006
              ],
              [
                184245.39049999975,
                654967.6523000002
              ],
              [
                184276.1414999999,
                654987.7105
              ],
              [
                184354.27749999985,
                655024.1854999997
              ],
              [
                184335.2807,
                655059.9177000001
              ],
              [
                184323.8674999997,
                655081.3857000005
              ],
              [
                184315.62009999994,
                655096.8987000007
              ],
              [
                184352.55599999987,
                655115.1916000005
              ],
              [
                184352.82160000037,
                655115.3231000006
              ],
              [
                184394.71850000042,
                655136.0728999991
              ],
              [
                184399.77890000027,
                655147.5065000001
              ],
              [
                184462.62660000008,
                655289.5068999995
              ],
              [
                184463.12729999982,
                655290.6381999999
              ],
              [
                184472.4106999999,
                655311.6133999992
              ],
              [
                184472.51279999968,
                655311.8441000003
              ],
              [
                184475.75129999965,
                655315.5458000004
              ],
              [
                184504.75189999957,
                655404.2759000007
              ],
              [
                184591.14410000015,
                655756.7568999995
              ],
              [
                184563.26790000033,
                655818.8676999994
              ],
              [
                184539.8470999999,
                655872.9238000009
              ],
              [
                184529.4671,
                655896.8815000001
              ],
              [
                184527.13819999993,
                655899.3870999999
              ],
              [
                184527.1037999997,
                655899.4696999993
              ],
              [
                184526.15579999983,
                655901.7469999995
              ],
              [
                184489.2405000003,
                655990.4271000009
              ],
              [
                184488.69020000007,
                655991.7490999997
              ],
              [
                184475.47449999955,
                656023.4967
              ],
              [
                184495.23249999993,
                656104.1019000001
              ],
              [
                184506.5440999996,
                656101.3292999994
              ],
              [
                184544.4205,
                656092.0449000001
              ],
              [
                184571.91810000036,
                656085.3047000002
              ],
              [
                184609.79669999983,
                656076.0198999997
              ],
              [
                184636.52570000011,
                656069.4680000003
              ],
              [
                184638.75739999954,
                656068.9210000001
              ],
              [
                184657.65749999974,
                656064.2881000005
              ],
              [
                184669.6924999999,
                656094.1426999997
              ],
              [
                184684.12550000008,
                656129.9461000003
              ],
              [
                184692.1732999999,
                656149.9094999991
              ],
              [
                184706.7547000004,
                656186.0811000001
              ],
              [
                184721.33629999962,
                656222.2524999995
              ]
            ]
          ]
        ]
      },
      "properties": {
        "OBJECTID": 48,
        "שם_תוכנית": "תממ/ 3/ 21/ 42",
        "Shape_Length": 9892.819904055495,
        "Shape_Area": 1609499.7751087127,
        "type_name": "גבול תמ''מ מתארית"
      }
    }
  ]
}