{"type": "FeatureCollection", "features": [{"type": "Feature", "properties": {"OBJECTID": 20004967, "LAYER_ID": 6851183, "GROUP_ID": 421487, "SCENARIO": "", "DEFQ": 0, "PLAN_NAME": "", "DATA_DATE": null, "MAVAT_CODE": 650, "MAVAT_NAME": "", "NAME": "", "LABEL": "", "NUM": "902", "LEGAL_AREA": 5875.423, "TYPE_CODE": 0, "TYPE_NAME": "", "SOURCE_COD": 0, "HASAVA": 0, "STATUS": "", "PL_CHANGE": "", "ADDRESS": "", "PLACE_NO": 0, "CALC_AREA": 0.0, "OLD_MIG": "", "AGAM_ID": 4005042224.0, "FONT_SIZE": 3.0, "ROTATION": 0.0}, "geometry": {"type": "Point", "coordinates": [34.83678532952797, 31.999950552975047]}}, {"type": "Feature", "properties": {"OBJECTID": 20004968, "LAYER_ID": 6851183, "GROUP_ID": 421487, "SCENARIO": "", "DEFQ": 0, "PLAN_NAME": "", "DATA_DATE": null, "MAVAT_CODE": 820, "MAVAT_NAME": "", "NAME": "", "LABEL": "", "NUM": "733", "LEGAL_AREA": 21627.6298, "TYPE_CODE": 0, "TYPE_NAME": "", "SOURCE_COD": 0, "HASAVA": 0, "STATUS": "", "PL_CHANGE": "", "ADDRESS": "", "PLACE_NO": 0, "CALC_AREA": 0.0, "OLD_MIG": "", "AGAM_ID": 4005042224.0, "FONT_SIZE": 3.0, "ROTATION": 0.0}, "geometry": {"type": "Point", "coordinates": [34.83541065923293, 31.980757106450778]}}, {"type": "Feature", "properties": {"OBJECTID": 20004969, "LAYER_ID": 6851183, "GROUP_ID": 421487, "SCENARIO": "", "DEFQ": 0, "PLAN_NAME": "", "DATA_DATE": null, "MAVAT_CODE": 660, "MAVAT_NAME": "", "NAME": "", "LABEL": "", "NUM": "905", "LEGAL_AREA": 13700.0514, "TYPE_CODE": 0, "TYPE_NAME": "", "SOURCE_COD": 0, "HASAVA": 0, "STATUS": "", "PL_CHANGE": "", "ADDRESS": "", "PLACE_NO": 0, "CALC_AREA": 0.0, "OLD_MIG": "", "AGAM_ID": 4005042224.0, "FONT_SIZE": 3.0, "ROTATION": 0.0}, "geometry": {"type": "Point", "coordinates": [34.841161276498724, 32.000553019005814]}}, {"type": "Feature", "properties": {"OBJECTID": 20004970, "LAYER_ID": 6851183, "GROUP_ID": 421487, "SCENARIO": "", "DEFQ": 0, "PLAN_NAME": "", "DATA_DATE": null, "MAVAT_CODE": 820, "MAVAT_NAME": "", "NAME": "", "LABEL": "", "NUM": "760", "LEGAL_AREA": 2340.5663, "TYPE_CODE": 0, "TYPE_NAME": "", "SOURCE_COD": 0, "HASAVA": 0, "STATUS": "", "PL_CHANGE": "", "ADDRESS": "", "PLACE_NO": 0, "CALC_AREA": 0.0, "OLD_MIG": "", "AGAM_ID": 4005042224.0, "FONT_SIZE": 3.0, "ROTATION": 0.0}, "geometry": {"type": "Point", "coordinates": [34.84154569226288, 32.000947484735605]}}, {"type": "Feature", "properties": {"OBJECTID": 20004971, "LAYER_ID": 6851183, "GROUP_ID": 421487, "SCENARIO": "", "DEFQ": 0, "PLAN_NAME": "", "DATA_DATE": null, "MAVAT_CODE": 820, "MAVAT_NAME": "", "NAME": "", "LABEL": "", "NUM": "709", "LEGAL_AREA": 305.9986, "TYPE_CODE": 0, "TYPE_NAME": "", "SOURCE_COD": 0, "HASAVA": 0, "STATUS": "", "PL_CHANGE": "", "ADDRESS": "", "PLACE_NO": 0, "CALC_AREA": 0.0, "OLD_MIG": "", "AGAM_ID": 4005042224.0, "FONT_SIZE": 3.0, "ROTATION": 0.0}, "geometry": {"type": "Point", "coordinates": [34.83464059333745, 31.998664462765124]}}, {"type": "Feature", "properties": {"OBJECTID": 20004972, "LAYER_ID": 6851183, "GROUP_ID": 421487, "SCENARIO": "", "DEFQ": 0, "PLAN_NAME": "", "DATA_DATE": null, "MAVAT_CODE": 840, "MAVAT_NAME": "", "NAME": "", "LABEL": "", "NUM": "727", "LEGAL_AREA": 353.3048, "TYPE_CODE": 0, "TYPE_NAME": "", "SOURCE_COD": 0, "HASAVA": 0, "STATUS": "", "PL_CHANGE": "", "ADDRESS": "", "PLACE_NO": 0, "CALC_AREA": 0.0, "OLD_MIG": "", "AGAM_ID": 4005042224.0, "FONT_SIZE": 3.0, "ROTATION": 0.0}, "geometry": {"type": "Point", "coordinates": [34.83482691333937, 31.998665005596493]}}, {"type": "Feature", "properties": {"OBJECTID": 20004973, "LAYER_ID": 6851183, "GROUP_ID": 421487, "SCENARIO": "", "DEFQ": 0, "PLAN_NAME": "", "DATA_DATE": null, "MAVAT_CODE": 670, "MAVAT_NAME": "", "NAME": "", "LABEL": "", "NUM": "806", "LEGAL_AREA": 2846.622, "TYPE_CODE": 0, "TYPE_NAME": "", "SOURCE_COD": 0, "HASAVA": 0, "STATUS": "", "PL_CHANGE": "", "ADDRESS": "", "PLACE_NO": 0, "CALC_AREA": 0.0, "OLD_MIG": "", "AGAM_ID": 4005042224.0, "FONT_SIZE": 3.0, "ROTATION": 0.0}, "geometry": {"type": "Point", "coordinates": [34.833487688008965, 31.998684863838022]}}, {"type": "Feature", "properties": {"OBJECTID": 20004974, "LAYER_ID": 6851183, "GROUP_ID": 421487, "SCENARIO": "", "DEFQ": 0, "PLAN_NAME": "", "DATA_DATE": null, "MAVAT_CODE": 670, "MAVAT_NAME": "", "NAME": "", "LABEL": "", "NUM": "810", "LEGAL_AREA": 4834.5615, "TYPE_CODE": 0, "TYPE_NAME": "", "SOURCE_COD": 0, "HASAVA": 0, "STATUS": "", "PL_CHANGE": "", "ADDRESS": "", "PLACE_NO": 0, "CALC_AREA": 0.0, "OLD_MIG": "", "AGAM_ID": 4005042224.0, "FONT_SIZE": 3.0, "ROTATION": 0.0}, "geometry": {"type": "Point", "coordinates": [34.830890907918615, 31.9987608143236]}}, {"type": "Feature", "properties": {"OBJECTID": 20004975, "LAYER_ID": 6851183, "GROUP_ID": 421487, "SCENARIO": "", "DEFQ": 0, "PLAN_NAME": "", "DATA_DATE": null, "MAVAT_CODE": 20, "MAVAT_NAME": "", "NAME": "", "LABEL": "", "NUM": "117", "LEGAL_AREA": 923.4919, "TYPE_CODE": 0, "TYPE_NAME": "", "SOURCE_COD": 0, "HASAVA": 0, "STATUS": "", "PL_CHANGE": "", "ADDRESS": "", "PLACE_NO": 0, "CALC_AREA": 0.0, "OLD_MIG": "", "AGAM_ID": 4005042224.0, "FONT_SIZE": 3.0, "ROTATION": 0.0}, "geometry": {"type": "Point", "coordinates": [34.833132065613924, 31.998367278860545]}}, {"type": "Feature", "properties": {"OBJECTID": 20004976, "LAYER_ID": 6851183, "GROUP_ID": 421487, "SCENARIO": "", "DEFQ": 0, "PLAN_NAME": "", "DATA_DATE": null, "MAVAT_CODE": 20, "MAVAT_NAME": "", "NAME": "", "LABEL": "", "NUM": "118", "LEGAL_AREA": 935.5412, "TYPE_CODE": 0, "TYPE_NAME": "", "SOURCE_COD": 0, "HASAVA": 0, "STATUS": "", "PL_CHANGE": "", "ADDRESS": "", "PLACE_NO": 0, "CALC_AREA": 0.0, "OLD_MIG": "", "AGAM_ID": 4005042224.0, "FONT_SIZE": 3.0, "ROTATION": 0.0}, "geometry": {"type": "Point", "coordinates": [34.832655782513804, 31.998469710534543]}}, {"type": "Feature", "properties": {"OBJECTID": 20004977, "LAYER_ID": 6851183, "GROUP_ID": 421487, "SCENARIO": "", "DEFQ": 0, "PLAN_NAME": "", "DATA_DATE": null, "MAVAT_CODE": 20, "MAVAT_NAME": "", "NAME": "", "LABEL": "", "NUM": "119", "LEGAL_AREA": 935.0965, "TYPE_CODE": 0, "TYPE_NAME": "", "SOURCE_COD": 0, "HASAVA": 0, "STATUS": "", "PL_CHANGE": "", "ADDRESS": "", "PLACE_NO": 0, "CALC_AREA": 0.0, "OLD_MIG": "", "AGAM_ID": 4005042224.0, "FONT_SIZE": 3.0, "ROTATION": 0.0}, "geometry": {"type": "Point", "coordinates": [34.83227478349213, 31.99854456506097]}}, {"type": "Feature", "properties": {"OBJECTID": 20004978, "LAYER_ID": 6851183, "GROUP_ID": 421487, "SCENARIO": "", "DEFQ": 0, "PLAN_NAME": "", "DATA_DATE": null, "MAVAT_CODE": 20, "MAVAT_NAME": "", "NAME": "", "LABEL": "", "NUM": "120", "LEGAL_AREA": 936.4064, "TYPE_CODE": 0, "TYPE_NAME": "", "SOURCE_COD": 0, "HASAVA": 0, "STATUS": "", "PL_CHANGE": "", "ADDRESS": "", "PLACE_NO": 0, "CALC_AREA": 0.0, "OLD_MIG": "", "AGAM_ID": 4005042224.0, "FONT_SIZE": 3.0, "ROTATION": 0.0}, "geometry": {"type": "Point", "coordinates": [34.83188184844534, 31.998629512429112]}}, {"type": "Feature", "properties": {"OBJECTID": 20004979, "LAYER_ID": 6851183, "GROUP_ID": 421487, "SCENARIO": "", "DEFQ": 0, "PLAN_NAME": "", "DATA_DATE": null, "MAVAT_CODE": 860, "MAVAT_NAME": "", "NAME": "", "LABEL": "", "NUM": "731", "LEGAL_AREA": 194.873, "TYPE_CODE": 0, "TYPE_NAME": "", "SOURCE_COD": 0, "HASAVA": 0, "STATUS": "", "PL_CHANGE": "", "ADDRESS": "", "PLACE_NO": 0, "CALC_AREA": 0.0, "OLD_MIG": "", "AGAM_ID": 4005042224.0, "FONT_SIZE": 3.0, "ROTATION": 0.0}, "geometry": {"type": "Point", "coordinates": [34.832895042560736, 31.998425891164338]}}, {"type": "Feature", "properties": {"OBJECTID": 20004980, "LAYER_ID": 6851183, "GROUP_ID": 421487, "SCENARIO": "", "DEFQ": 0, "PLAN_NAME": "", "DATA_DATE": null, "MAVAT_CODE": 860, "MAVAT_NAME": "", "NAME": "", "LABEL": "", "NUM": "725", "LEGAL_AREA": 265.0835, "TYPE_CODE": 0, "TYPE_NAME": "", "SOURCE_COD": 0, "HASAVA": 0, "STATUS": "", "PL_CHANGE": "", "ADDRESS": "", "PLACE_NO": 0, "CALC_AREA": 0.0, "OLD_MIG": "", "AGAM_ID": 4005042224.0, "FONT_SIZE": 3.0, "ROTATION": 0.0}, "geometry": {"type": "Point", "coordinates": [34.83092119942856, 31.996336231869925]}}, {"type": "Feature", "properties": {"OBJECTID": 20004981, "LAYER_ID": 6851183, "GROUP_ID": 421487, "SCENARIO": "", "DEFQ": 0, "PLAN_NAME": "", "DATA_DATE": null, "MAVAT_CODE": 660, "MAVAT_NAME": "", "NAME": "", "LABEL": "", "NUM": "1000", "LEGAL_AREA": 4392.3933, "TYPE_CODE": 0, "TYPE_NAME": "", "SOURCE_COD": 0, "HASAVA": 0, "STATUS": "", "PL_CHANGE": "", "ADDRESS": "", "PLACE_NO": 0, "CALC_AREA": 0.0, "OLD_MIG": "", "AGAM_ID": 4005042224.0, "FONT_SIZE": 3.0, "ROTATION": 0.0}, "geometry": {"type": "Point", "coordinates": [34.83083042325312, 31.997122597090417]}}, {"type": "Feature", "properties": {"OBJECTID": 20004982, "LAYER_ID": 6851183, "GROUP_ID": 421487, "SCENARIO": "", "DEFQ": 0, "PLAN_NAME": "", "DATA_DATE": null, "MAVAT_CODE": 830, "MAVAT_NAME": "", "NAME": "", "LABEL": "", "NUM": "704", "LEGAL_AREA": 21745.7514, "TYPE_CODE": 0, "TYPE_NAME": "", "SOURCE_COD": 0, "HASAVA": 0, "STATUS": "", "PL_CHANGE": "", "ADDRESS": "", "PLACE_NO": 0, "CALC_AREA": 0.0, "OLD_MIG": "", "AGAM_ID": 4005042224.0, "FONT_SIZE": 3.0, "ROTATION": 0.0}, "geometry": {"type": "Point", "coordinates": [34.83418587509432, 31.997966747716777]}}, {"type": "Feature", "properties": {"OBJECTID": 20004983, "LAYER_ID": 6851183, "GROUP_ID": 421487, "SCENARIO": "", "DEFQ": 0, "PLAN_NAME": "", "DATA_DATE": null, "MAVAT_CODE": 820, "MAVAT_NAME": "", "NAME": "", "LABEL": "", "NUM": "8310", "LEGAL_AREA": 26924.5794, "TYPE_CODE": 0, "TYPE_NAME": "", "SOURCE_COD": 0, "HASAVA": 0, "STATUS": "", "PL_CHANGE": "", "ADDRESS": "", "PLACE_NO": 0, "CALC_AREA": 0.0, "OLD_MIG": "", "AGAM_ID": 4005042224.0, "FONT_SIZE": 3.0, "ROTATION": 0.0}, "geometry": {"type": "Point", "coordinates": [34.83037814769393, 31.991155396339334]}}, {"type": "Feature", "properties": {"OBJECTID": 20004984, "LAYER_ID": 6851183, "GROUP_ID": 421487, "SCENARIO": "", "DEFQ": 0, "PLAN_NAME": "", "DATA_DATE": null, "MAVAT_CODE": 820, "MAVAT_NAME": "", "NAME": "", "LABEL": "", "NUM": "8205", "LEGAL_AREA": 443.0103, "TYPE_CODE": 0, "TYPE_NAME": "", "SOURCE_COD": 0, "HASAVA": 0, "STATUS": "", "PL_CHANGE": "", "ADDRESS": "", "PLACE_NO": 0, "CALC_AREA": 0.0, "OLD_MIG": "", "AGAM_ID": 4005042224.0, "FONT_SIZE": 3.0, "ROTATION": 0.0}, "geometry": {"type": "Point", "coordinates": [34.82991253961032, 31.99072501596783]}}, {"type": "Feature", "properties": {"OBJECTID": 20004985, "LAYER_ID": 6851183, "GROUP_ID": 421487, "SCENARIO": "", "DEFQ": 0, "PLAN_NAME": "", "DATA_DATE": null, "MAVAT_CODE": 860, "MAVAT_NAME": "", "NAME": "", "LABEL": "", "NUM": "710", "LEGAL_AREA": 422.1846, "TYPE_CODE": 0, "TYPE_NAME": "", "SOURCE_COD": 0, "HASAVA": 0, "STATUS": "", "PL_CHANGE": "", "ADDRESS": "", "PLACE_NO": 0, "CALC_AREA": 0.0, "OLD_MIG": "", "AGAM_ID": 4005042224.0, "FONT_SIZE": 3.0, "ROTATION": 0.0}, "geometry": {"type": "Point", "coordinates": [34.83047389254556, 31.990159305935183]}}, {"type": "Feature", "properties": {"OBJECTID": 20004986, "LAYER_ID": 6851183, "GROUP_ID": 421487, "SCENARIO": "", "DEFQ": 0, "PLAN_NAME": "", "DATA_DATE": null, "MAVAT_CODE": 650, "MAVAT_NAME": "", "NAME": "", "LABEL": "", "NUM": "900", "LEGAL_AREA": 20148.5272, "TYPE_CODE": 0, "TYPE_NAME": "", "SOURCE_COD": 0, "HASAVA": 0, "STATUS": "", "PL_CHANGE": "", "ADDRESS": "", "PLACE_NO": 0, "CALC_AREA": 0.0, "OLD_MIG": "", "AGAM_ID": 4005042224.0, "FONT_SIZE": 3.0, "ROTATION": 0.0}, "geometry": {"type": "Point", "coordinates": [34.83083835282933, 31.988811504570688]}}, {"type": "Feature", "properties": {"OBJECTID": 20004801, "LAYER_ID": 6851183, "GROUP_ID": 421487, "SCENARIO": "", "DEFQ": 0, "PLAN_NAME": "", "DATA_DATE": null, "MAVAT_CODE": 660, "MAVAT_NAME": "", "NAME": "", "LABEL": "", "NUM": "911", "LEGAL_AREA": 3068.8413, "TYPE_CODE": 0, "TYPE_NAME": "", "SOURCE_COD": 0, "HASAVA": 0, "STATUS": "", "PL_CHANGE": "", "ADDRESS": "", "PLACE_NO": 0, "CALC_AREA": 0.0, "OLD_MIG": "", "AGAM_ID": 4005042224.0, "FONT_SIZE": 3.0, "ROTATION": 0.0}, "geometry": {"type": "Point", "coordinates": [34.835086554252285, 31.979849304248468]}}, {"type": "Feature", "properties": {"OBJECTID": 20004802, "LAYER_ID": 6851183, "GROUP_ID": 421487, "SCENARIO": "", "DEFQ": 0, "PLAN_NAME": "", "DATA_DATE": null, "MAVAT_CODE": 660, "MAVAT_NAME": "", "NAME": "", "LABEL": "", "NUM": "910", "LEGAL_AREA": 21219.3628, "TYPE_CODE": 0, "TYPE_NAME": "", "SOURCE_COD": 0, "HASAVA": 0, "STATUS": "", "PL_CHANGE": "", "ADDRESS": "", "PLACE_NO": 0, "CALC_AREA": 0.0, "OLD_MIG": "", "AGAM_ID": 4005042224.0, "FONT_SIZE": 3.0, "ROTATION": 0.0}, "geometry": {"type": "Point", "coordinates": [34.83573897684906, 31.982834092337228]}}, {"type": "Feature", "properties": {"OBJECTID": 20004803, "LAYER_ID": 6851183, "GROUP_ID": 421487, "SCENARIO": "", "DEFQ": 0, "PLAN_NAME": "", "DATA_DATE": null, "MAVAT_CODE": 670, "MAVAT_NAME": "", "NAME": "", "LABEL": "", "NUM": "801", "LEGAL_AREA": 9719.5511, "TYPE_CODE": 0, "TYPE_NAME": "", "SOURCE_COD": 0, "HASAVA": 0, "STATUS": "", "PL_CHANGE": "", "ADDRESS": "", "PLACE_NO": 0, "CALC_AREA": 0.0, "OLD_MIG": "", "AGAM_ID": 4005042224.0, "FONT_SIZE": 3.0, "ROTATION": 0.0}, "geometry": {"type": "Point", "coordinates": [34.83263844654592, 31.995296378727318]}}, {"type": "Feature", "properties": {"OBJECTID": 20004804, "LAYER_ID": 6851183, "GROUP_ID": 421487, "SCENARIO": "", "DEFQ": 0, "PLAN_NAME": "", "DATA_DATE": null, "MAVAT_CODE": 670, "MAVAT_NAME": "", "NAME": "", "LABEL": "", "NUM": "803", "LEGAL_AREA": 6195.1773, "TYPE_CODE": 0, "TYPE_NAME": "", "SOURCE_COD": 0, "HASAVA": 0, "STATUS": "", "PL_CHANGE": "", "ADDRESS": "", "PLACE_NO": 0, "CALC_AREA": 0.0, "OLD_MIG": "", "AGAM_ID": 4005042224.0, "FONT_SIZE": 3.0, "ROTATION": 0.0}, "geometry": {"type": "Point", "coordinates": [34.83216833109904, 31.99255676180485]}}, {"type": "Feature", "properties": {"OBJECTID": 20004805, "LAYER_ID": 6851183, "GROUP_ID": 421487, "SCENARIO": "", "DEFQ": 0, "PLAN_NAME": "", "DATA_DATE": null, "MAVAT_CODE": 670, "MAVAT_NAME": "", "NAME": "", "LABEL": "", "NUM": "804", "LEGAL_AREA": 4396.9083, "TYPE_CODE": 0, "TYPE_NAME": "", "SOURCE_COD": 0, "HASAVA": 0, "STATUS": "", "PL_CHANGE": "", "ADDRESS": "", "PLACE_NO": 0, "CALC_AREA": 0.0, "OLD_MIG": "", "AGAM_ID": 4005042224.0, "FONT_SIZE": 3.0, "ROTATION": 0.0}, "geometry": {"type": "Point", "coordinates": [34.832795567109564, 31.991412059569473]}}, {"type": "Feature", "properties": {"OBJECTID": 20004806, "LAYER_ID": 6851183, "GROUP_ID": 421487, "SCENARIO": "", "DEFQ": 0, "PLAN_NAME": "", "DATA_DATE": null, "MAVAT_CODE": 670, "MAVAT_NAME": "", "NAME": "", "LABEL": "", "NUM": "805", "LEGAL_AREA": 3210.1265, "TYPE_CODE": 0, "TYPE_NAME": "", "SOURCE_COD": 0, "HASAVA": 0, "STATUS": "", "PL_CHANGE": "", "ADDRESS": "", "PLACE_NO": 0, "CALC_AREA": 0.0, "OLD_MIG": "", "AGAM_ID": 4005042224.0, "FONT_SIZE": 3.0, "ROTATION": 0.0}, "geometry": {"type": "Point", "coordinates": [34.83181257798799, 31.990595848883792]}}, {"type": "Feature", "properties": {"OBJECTID": 20004807, "LAYER_ID": 6851183, "GROUP_ID": 421487, "SCENARIO": "", "DEFQ": 0, "PLAN_NAME": "", "DATA_DATE": null, "MAVAT_CODE": 670, "MAVAT_NAME": "", "NAME": "", "LABEL": "", "NUM": "808", "LEGAL_AREA": 538.1127, "TYPE_CODE": 0, "TYPE_NAME": "", "SOURCE_COD": 0, "HASAVA": 0, "STATUS": "", "PL_CHANGE": "", "ADDRESS": "", "PLACE_NO": 0, "CALC_AREA": 0.0, "OLD_MIG": "", "AGAM_ID": 4005042224.0, "FONT_SIZE": 3.0, "ROTATION": 0.0}, "geometry": {"type": "Point", "coordinates": [34.83633398055272, 31.997927934076433]}}, {"type": "Feature", "properties": {"OBJECTID": 20004808, "LAYER_ID": 6851183, "GROUP_ID": 421487, "SCENARIO": "", "DEFQ": 0, "PLAN_NAME": "", "DATA_DATE": null, "MAVAT_CODE": 670, "MAVAT_NAME": "", "NAME": "", "LABEL": "", "NUM": "809", "LEGAL_AREA": 3570.3554, "TYPE_CODE": 0, "TYPE_NAME": "", "SOURCE_COD": 0, "HASAVA": 0, "STATUS": "", "PL_CHANGE": "", "ADDRESS": "", "PLACE_NO": 0, "CALC_AREA": 0.0, "OLD_MIG": "", "AGAM_ID": 4005042224.0, "FONT_SIZE": 3.0, "ROTATION": 0.0}, "geometry": {"type": "Point", "coordinates": [34.83094966969424, 31.992051517676234]}}, {"type": "Feature", "properties": {"OBJECTID": 20004809, "LAYER_ID": 6851183, "GROUP_ID": 421487, "SCENARIO": "", "DEFQ": 0, "PLAN_NAME": "", "DATA_DATE": null, "MAVAT_CODE": 650, "MAVAT_NAME": "", "NAME": "", "LABEL": "", "NUM": "904", "LEGAL_AREA": 3995.5647, "TYPE_CODE": 0, "TYPE_NAME": "", "SOURCE_COD": 0, "HASAVA": 0, "STATUS": "", "PL_CHANGE": "", "ADDRESS": "", "PLACE_NO": 0, "CALC_AREA": 0.0, "OLD_MIG": "", "AGAM_ID": 4005042224.0, "FONT_SIZE": 3.0, "ROTATION": 0.0}, "geometry": {"type": "Point", "coordinates": [34.82909986207673, 31.9914558903588]}}, {"type": "Feature", "properties": {"OBJECTID": 20004810, "LAYER_ID": 6851183, "GROUP_ID": 421487, "SCENARIO": "", "DEFQ": 0, "PLAN_NAME": "", "DATA_DATE": null, "MAVAT_CODE": 860, "MAVAT_NAME": "", "NAME": "", "LABEL": "", "NUM": "711", "LEGAL_AREA": 308.1338, "TYPE_CODE": 0, "TYPE_NAME": "", "SOURCE_COD": 0, "HASAVA": 0, "STATUS": "", "PL_CHANGE": "", "ADDRESS": "", "PLACE_NO": 0, "CALC_AREA": 0.0, "OLD_MIG": "", "AGAM_ID": 4005042224.0, "FONT_SIZE": 3.0, "ROTATION": 0.0}, "geometry": {"type": "Point", "coordinates": [34.83124671105838, 31.99054711392281]}}, {"type": "Feature", "properties": {"OBJECTID": 20004811, "LAYER_ID": 6851183, "GROUP_ID": 421487, "SCENARIO": "", "DEFQ": 0, "PLAN_NAME": "", "DATA_DATE": null, "MAVAT_CODE": 860, "MAVAT_NAME": "", "NAME": "", "LABEL": "", "NUM": "713", "LEGAL_AREA": 414.0974, "TYPE_CODE": 0, "TYPE_NAME": "", "SOURCE_COD": 0, "HASAVA": 0, "STATUS": "", "PL_CHANGE": "", "ADDRESS": "", "PLACE_NO": 0, "CALC_AREA": 0.0, "OLD_MIG": "", "AGAM_ID": 4005042224.0, "FONT_SIZE": 3.0, "ROTATION": 0.0}, "geometry": {"type": "Point", "coordinates": [34.82944777827808, 31.991625855242987]}}, {"type": "Feature", "properties": {"OBJECTID": 20004812, "LAYER_ID": 6851183, "GROUP_ID": 421487, "SCENARIO": "", "DEFQ": 0, "PLAN_NAME": "", "DATA_DATE": null, "MAVAT_CODE": 860, "MAVAT_NAME": "", "NAME": "", "LABEL": "", "NUM": "712", "LEGAL_AREA": 600.0275, "TYPE_CODE": 0, "TYPE_NAME": "", "SOURCE_COD": 0, "HASAVA": 0, "STATUS": "", "PL_CHANGE": "", "ADDRESS": "", "PLACE_NO": 0, "CALC_AREA": 0.0, "OLD_MIG": "", "AGAM_ID": 4005042224.0, "FONT_SIZE": 3.0, "ROTATION": 0.0}, "geometry": {"type": "Point", "coordinates": [34.83200945215634, 31.990034432480925]}}, {"type": "Feature", "properties": {"OBJECTID": 20004813, "LAYER_ID": 6851183, "GROUP_ID": 421487, "SCENARIO": "", "DEFQ": 0, "PLAN_NAME": "", "DATA_DATE": null, "MAVAT_CODE": 860, "MAVAT_NAME": "", "NAME": "", "LABEL": "", "NUM": "714", "LEGAL_AREA": 458.1857, "TYPE_CODE": 0, "TYPE_NAME": "", "SOURCE_COD": 0, "HASAVA": 0, "STATUS": "", "PL_CHANGE": "", "ADDRESS": "", "PLACE_NO": 0, "CALC_AREA": 0.0, "OLD_MIG": "", "AGAM_ID": 4005042224.0, "FONT_SIZE": 3.0, "ROTATION": 0.0}, "geometry": {"type": "Point", "coordinates": [34.83022345170524, 31.991958785148817]}}, {"type": "Feature", "properties": {"OBJECTID": 20004814, "LAYER_ID": 6851183, "GROUP_ID": 421487, "SCENARIO": "", "DEFQ": 0, "PLAN_NAME": "", "DATA_DATE": null, "MAVAT_CODE": 860, "MAVAT_NAME": "", "NAME": "", "LABEL": "", "NUM": "715", "LEGAL_AREA": 367.5686, "TYPE_CODE": 0, "TYPE_NAME": "", "SOURCE_COD": 0, "HASAVA": 0, "STATUS": "", "PL_CHANGE": "", "ADDRESS": "", "PLACE_NO": 0, "CALC_AREA": 0.0, "OLD_MIG": "", "AGAM_ID": 4005042224.0, "FONT_SIZE": 3.0, "ROTATION": 0.0}, "geometry": {"type": "Point", "coordinates": [34.831614122537104, 31.992500427981124]}}, {"type": "Feature", "properties": {"OBJECTID": 20004815, "LAYER_ID": 6851183, "GROUP_ID": 421487, "SCENARIO": "", "DEFQ": 0, "PLAN_NAME": "", "DATA_DATE": null, "MAVAT_CODE": 860, "MAVAT_NAME": "", "NAME": "", "LABEL": "", "NUM": "723", "LEGAL_AREA": 355.6893, "TYPE_CODE": 0, "TYPE_NAME": "", "SOURCE_COD": 0, "HASAVA": 0, "STATUS": "", "PL_CHANGE": "", "ADDRESS": "", "PLACE_NO": 0, "CALC_AREA": 0.0, "OLD_MIG": "", "AGAM_ID": 4005042224.0, "FONT_SIZE": 3.0, "ROTATION": 0.0}, "geometry": {"type": "Point", "coordinates": [34.83241462649281, 31.99102718508085]}}, {"type": "Feature", "properties": {"OBJECTID": 20004816, "LAYER_ID": 6851183, "GROUP_ID": 421487, "SCENARIO": "", "DEFQ": 0, "PLAN_NAME": "", "DATA_DATE": null, "MAVAT_CODE": 400, "MAVAT_NAME": "", "NAME": "", "LABEL": "", "NUM": "509", "LEGAL_AREA": 4452.6846, "TYPE_CODE": 0, "TYPE_NAME": "", "SOURCE_COD": 0, "HASAVA": 0, "STATUS": "", "PL_CHANGE": "", "ADDRESS": "", "PLACE_NO": 0, "CALC_AREA": 0.0, "OLD_MIG": "", "AGAM_ID": 4005042224.0, "FONT_SIZE": 3.0, "ROTATION": 0.0}, "geometry": {"type": "Point", "coordinates": [34.833837920919756, 31.992022179370416]}}, {"type": "Feature", "properties": {"OBJECTID": 20004817, "LAYER_ID": 6851183, "GROUP_ID": 421487, "SCENARIO": "", "DEFQ": 0, "PLAN_NAME": "", "DATA_DATE": null, "MAVAT_CODE": 140, "MAVAT_NAME": "", "NAME": "", "LABEL": "", "NUM": "401", "LEGAL_AREA": 3726.2141, "TYPE_CODE": 0, "TYPE_NAME": "", "SOURCE_COD": 0, "HASAVA": 0, "STATUS": "", "PL_CHANGE": "", "ADDRESS": "", "PLACE_NO": 0, "CALC_AREA": 0.0, "OLD_MIG": "", "AGAM_ID": 4005042224.0, "FONT_SIZE": 3.0, "ROTATION": 0.0}, "geometry": {"type": "Point", "coordinates": [34.83171235275785, 31.98994466061054]}}, {"type": "Feature", "properties": {"OBJECTID": 20004818, "LAYER_ID": 6851183, "GROUP_ID": 421487, "SCENARIO": "", "DEFQ": 0, "PLAN_NAME": "", "DATA_DATE": null, "MAVAT_CODE": 140, "MAVAT_NAME": "", "NAME": "", "LABEL": "", "NUM": "402", "LEGAL_AREA": 3459.7676, "TYPE_CODE": 0, "TYPE_NAME": "", "SOURCE_COD": 0, "HASAVA": 0, "STATUS": "", "PL_CHANGE": "", "ADDRESS": "", "PLACE_NO": 0, "CALC_AREA": 0.0, "OLD_MIG": "", "AGAM_ID": 4005042224.0, "FONT_SIZE": 3.0, "ROTATION": 0.0}, "geometry": {"type": "Point", "coordinates": [34.83099563276476, 31.990912058039672]}}, {"type": "Feature", "properties": {"OBJECTID": 20004819, "LAYER_ID": 6851183, "GROUP_ID": 421487, "SCENARIO": "", "DEFQ": 0, "PLAN_NAME": "", "DATA_DATE": null, "MAVAT_CODE": 140, "MAVAT_NAME": "", "NAME": "", "LABEL": "", "NUM": "403", "LEGAL_AREA": 3323.8899, "TYPE_CODE": 0, "TYPE_NAME": "", "SOURCE_COD": 0, "HASAVA": 0, "STATUS": "", "PL_CHANGE": "", "ADDRESS": "", "PLACE_NO": 0, "CALC_AREA": 0.0, "OLD_MIG": "", "AGAM_ID": 4005042224.0, "FONT_SIZE": 3.0, "ROTATION": 0.0}, "geometry": {"type": "Point", "coordinates": [34.83039298240403, 31.991681769727634]}}, {"type": "Feature", "properties": {"OBJECTID": 20004820, "LAYER_ID": 6851183, "GROUP_ID": 421487, "SCENARIO": "", "DEFQ": 0, "PLAN_NAME": "", "DATA_DATE": null, "MAVAT_CODE": 140, "MAVAT_NAME": "", "NAME": "", "LABEL": "", "NUM": "409", "LEGAL_AREA": 1775.4568, "TYPE_CODE": 0, "TYPE_NAME": "", "SOURCE_COD": 0, "HASAVA": 0, "STATUS": "", "PL_CHANGE": "", "ADDRESS": "", "PLACE_NO": 0, "CALC_AREA": 0.0, "OLD_MIG": "", "AGAM_ID": 4005042224.0, "FONT_SIZE": 3.0, "ROTATION": 0.0}, "geometry": {"type": "Point", "coordinates": [34.83507646113417, 31.994587259989675]}}, {"type": "Feature", "properties": {"OBJECTID": 20004821, "LAYER_ID": 6851183, "GROUP_ID": 421487, "SCENARIO": "", "DEFQ": 0, "PLAN_NAME": "", "DATA_DATE": null, "MAVAT_CODE": 100, "MAVAT_NAME": "", "NAME": "", "LABEL": "", "NUM": "305", "LEGAL_AREA": 1526.9665, "TYPE_CODE": 0, "TYPE_NAME": "", "SOURCE_COD": 0, "HASAVA": 0, "STATUS": "", "PL_CHANGE": "", "ADDRESS": "", "PLACE_NO": 0, "CALC_AREA": 0.0, "OLD_MIG": "", "AGAM_ID": 4005042224.0, "FONT_SIZE": 3.0, "ROTATION": 0.0}, "geometry": {"type": "Point", "coordinates": [34.8300215536414, 31.992077209508576]}}, {"type": "Feature", "properties": {"OBJECTID": 20004822, "LAYER_ID": 6851183, "GROUP_ID": 421487, "SCENARIO": "", "DEFQ": 0, "PLAN_NAME": "", "DATA_DATE": null, "MAVAT_CODE": 100, "MAVAT_NAME": "", "NAME": "", "LABEL": "", "NUM": "307", "LEGAL_AREA": 1860.3761, "TYPE_CODE": 0, "TYPE_NAME": "", "SOURCE_COD": 0, "HASAVA": 0, "STATUS": "", "PL_CHANGE": "", "ADDRESS": "", "PLACE_NO": 0, "CALC_AREA": 0.0, "OLD_MIG": "", "AGAM_ID": 4005042224.0, "FONT_SIZE": 3.0, "ROTATION": 0.0}, "geometry": {"type": "Point", "coordinates": [34.83216577827144, 31.989343585502358]}}, {"type": "Feature", "properties": {"OBJECTID": 20004823, "LAYER_ID": 6851183, "GROUP_ID": 421487, "SCENARIO": "", "DEFQ": 0, "PLAN_NAME": "", "DATA_DATE": null, "MAVAT_CODE": 100, "MAVAT_NAME": "", "NAME": "", "LABEL": "", "NUM": "309", "LEGAL_AREA": 2005.9333, "TYPE_CODE": 0, "TYPE_NAME": "", "SOURCE_COD": 0, "HASAVA": 0, "STATUS": "", "PL_CHANGE": "", "ADDRESS": "", "PLACE_NO": 0, "CALC_AREA": 0.0, "OLD_MIG": "", "AGAM_ID": 4005042224.0, "FONT_SIZE": 3.0, "ROTATION": 0.0}, "geometry": {"type": "Point", "coordinates": [34.82931353965269, 31.99181373317732]}}, {"type": "Feature", "properties": {"OBJECTID": 20004824, "LAYER_ID": 6851183, "GROUP_ID": 421487, "SCENARIO": "", "DEFQ": 0, "PLAN_NAME": "", "DATA_DATE": null, "MAVAT_CODE": 100, "MAVAT_NAME": "", "NAME": "", "LABEL": "", "NUM": "310", "LEGAL_AREA": 2142.1422, "TYPE_CODE": 0, "TYPE_NAME": "", "SOURCE_COD": 0, "HASAVA": 0, "STATUS": "", "PL_CHANGE": "", "ADDRESS": "", "PLACE_NO": 0, "CALC_AREA": 0.0, "OLD_MIG": "", "AGAM_ID": 4005042224.0, "FONT_SIZE": 3.0, "ROTATION": 0.0}, "geometry": {"type": "Point", "coordinates": [34.829568790808224, 31.99145636371484]}}, {"type": "Feature", "properties": {"OBJECTID": 20004825, "LAYER_ID": 6851183, "GROUP_ID": 421487, "SCENARIO": "", "DEFQ": 0, "PLAN_NAME": "", "DATA_DATE": null, "MAVAT_CODE": 140, "MAVAT_NAME": "", "NAME": "", "LABEL": "", "NUM": "400", "LEGAL_AREA": 5154.1869, "TYPE_CODE": 0, "TYPE_NAME": "", "SOURCE_COD": 0, "HASAVA": 0, "STATUS": "", "PL_CHANGE": "", "ADDRESS": "", "PLACE_NO": 0, "CALC_AREA": 0.0, "OLD_MIG": "", "AGAM_ID": 4005042224.0, "FONT_SIZE": 3.0, "ROTATION": 0.0}, "geometry": {"type": "Point", "coordinates": [34.83263597887191, 31.988954705117102]}}, {"type": "Feature", "properties": {"OBJECTID": 20004826, "LAYER_ID": 6851183, "GROUP_ID": 421487, "SCENARIO": "", "DEFQ": 0, "PLAN_NAME": "", "DATA_DATE": null, "MAVAT_CODE": 400, "MAVAT_NAME": "", "NAME": "", "LABEL": "", "NUM": "502", "LEGAL_AREA": 12205.0501, "TYPE_CODE": 0, "TYPE_NAME": "", "SOURCE_COD": 0, "HASAVA": 0, "STATUS": "", "PL_CHANGE": "", "ADDRESS": "", "PLACE_NO": 0, "CALC_AREA": 0.0, "OLD_MIG": "", "AGAM_ID": 4005042224.0, "FONT_SIZE": 3.0, "ROTATION": 0.0}, "geometry": {"type": "Point", "coordinates": [34.832972972118704, 31.99066717432362]}}, {"type": "Feature", "properties": {"OBJECTID": 20004827, "LAYER_ID": 6851183, "GROUP_ID": 421487, "SCENARIO": "", "DEFQ": 0, "PLAN_NAME": "", "DATA_DATE": null, "MAVAT_CODE": 60, "MAVAT_NAME": "", "NAME": "", "LABEL": "", "NUM": "200", "LEGAL_AREA": 975.0, "TYPE_CODE": 0, "TYPE_NAME": "", "SOURCE_COD": 0, "HASAVA": 0, "STATUS": "", "PL_CHANGE": "", "ADDRESS": "", "PLACE_NO": 0, "CALC_AREA": 0.0, "OLD_MIG": "", "AGAM_ID": 4005042224.0, "FONT_SIZE": 3.0, "ROTATION": 0.0}, "geometry": {"type": "Point", "coordinates": [34.83704848211491, 31.999481123122397]}}, {"type": "Feature", "properties": {"OBJECTID": 20004828, "LAYER_ID": 6851183, "GROUP_ID": 421487, "SCENARIO": "", "DEFQ": 0, "PLAN_NAME": "", "DATA_DATE": null, "MAVAT_CODE": 60, "MAVAT_NAME": "", "NAME": "", "LABEL": "", "NUM": "201", "LEGAL_AREA": 975.0, "TYPE_CODE": 0, "TYPE_NAME": "", "SOURCE_COD": 0, "HASAVA": 0, "STATUS": "", "PL_CHANGE": "", "ADDRESS": "", "PLACE_NO": 0, "CALC_AREA": 0.0, "OLD_MIG": "", "AGAM_ID": 4005042224.0, "FONT_SIZE": 3.0, "ROTATION": 0.0}, "geometry": {"type": "Point", "coordinates": [34.83689627984073, 31.999159707798555]}}, {"type": "Feature", "properties": {"OBJECTID": 20004829, "LAYER_ID": 6851183, "GROUP_ID": 421487, "SCENARIO": "", "DEFQ": 0, "PLAN_NAME": "", "DATA_DATE": null, "MAVAT_CODE": 60, "MAVAT_NAME": "", "NAME": "", "LABEL": "", "NUM": "203", "LEGAL_AREA": 975.0, "TYPE_CODE": 0, "TYPE_NAME": "", "SOURCE_COD": 0, "HASAVA": 0, "STATUS": "", "PL_CHANGE": "", "ADDRESS": "", "PLACE_NO": 0, "CALC_AREA": 0.0, "OLD_MIG": "", "AGAM_ID": 4005042224.0, "FONT_SIZE": 3.0, "ROTATION": 0.0}, "geometry": {"type": "Point", "coordinates": [34.83658259245253, 31.998512888947413]}}, {"type": "Feature", "properties": {"OBJECTID": 20004830, "LAYER_ID": 6851183, "GROUP_ID": 421487, "SCENARIO": "", "DEFQ": 0, "PLAN_NAME": "", "DATA_DATE": null, "MAVAT_CODE": 60, "MAVAT_NAME": "", "NAME": "", "LABEL": "", "NUM": "202", "LEGAL_AREA": 975.0, "TYPE_CODE": 0, "TYPE_NAME": "", "SOURCE_COD": 0, "HASAVA": 0, "STATUS": "", "PL_CHANGE": "", "ADDRESS": "", "PLACE_NO": 0, "CALC_AREA": 0.0, "OLD_MIG": "", "AGAM_ID": 4005042224.0, "FONT_SIZE": 3.0, "ROTATION": 0.0}, "geometry": {"type": "Point", "coordinates": [34.83675341207179, 31.99883039610026]}}, {"type": "Feature", "properties": {"OBJECTID": 20004831, "LAYER_ID": 6851183, "GROUP_ID": 421487, "SCENARIO": "", "DEFQ": 0, "PLAN_NAME": "", "DATA_DATE": null, "MAVAT_CODE": 60, "MAVAT_NAME": "", "NAME": "", "LABEL": "", "NUM": "204", "LEGAL_AREA": 975.0, "TYPE_CODE": 0, "TYPE_NAME": "", "SOURCE_COD": 0, "HASAVA": 0, "STATUS": "", "PL_CHANGE": "", "ADDRESS": "", "PLACE_NO": 0, "CALC_AREA": 0.0, "OLD_MIG": "", "AGAM_ID": 4005042224.0, "FONT_SIZE": 3.0, "ROTATION": 0.0}, "geometry": {"type": "Point", "coordinates": [34.8364258068414, 31.998175609674398]}}, {"type": "Feature", "properties": {"OBJECTID": 20004832, "LAYER_ID": 6851183, "GROUP_ID": 421487, "SCENARIO": "", "DEFQ": 0, "PLAN_NAME": "", "DATA_DATE": null, "MAVAT_CODE": 60, "MAVAT_NAME": "", "NAME": "", "LABEL": "", "NUM": "207", "LEGAL_AREA": 950.0, "TYPE_CODE": 0, "TYPE_NAME": "", "SOURCE_COD": 0, "HASAVA": 0, "STATUS": "", "PL_CHANGE": "", "ADDRESS": "", "PLACE_NO": 0, "CALC_AREA": 0.0, "OLD_MIG": "", "AGAM_ID": 4005042224.0, "FONT_SIZE": 3.0, "ROTATION": 0.0}, "geometry": {"type": "Point", "coordinates": [34.835637321150706, 31.99747793234484]}}, {"type": "Feature", "properties": {"OBJECTID": 20004833, "LAYER_ID": 6851183, "GROUP_ID": 421487, "SCENARIO": "", "DEFQ": 0, "PLAN_NAME": "", "DATA_DATE": null, "MAVAT_CODE": 60, "MAVAT_NAME": "", "NAME": "", "LABEL": "", "NUM": "211", "LEGAL_AREA": 950.0, "TYPE_CODE": 0, "TYPE_NAME": "", "SOURCE_COD": 0, "HASAVA": 0, "STATUS": "", "PL_CHANGE": "", "ADDRESS": "", "PLACE_NO": 0, "CALC_AREA": 0.0, "OLD_MIG": "", "AGAM_ID": 4005042224.0, "FONT_SIZE": 3.0, "ROTATION": 0.0}, "geometry": {"type": "Point", "coordinates": [34.833856953218145, 31.99784152114802]}}, {"type": "Feature", "properties": {"OBJECTID": 20004834, "LAYER_ID": 6851183, "GROUP_ID": 421487, "SCENARIO": "", "DEFQ": 0, "PLAN_NAME": "", "DATA_DATE": null, "MAVAT_CODE": 60, "MAVAT_NAME": "", "NAME": "", "LABEL": "", "NUM": "208", "LEGAL_AREA": 950.0, "TYPE_CODE": 0, "TYPE_NAME": "", "SOURCE_COD": 0, "HASAVA": 0, "STATUS": "", "PL_CHANGE": "", "ADDRESS": "", "PLACE_NO": 0, "CALC_AREA": 0.0, "OLD_MIG": "", "AGAM_ID": 4005042224.0, "FONT_SIZE": 3.0, "ROTATION": 0.0}, "geometry": {"type": "Point", "coordinates": [34.83522302926348, 31.997567869110693]}}, {"type": "Feature", "properties": {"OBJECTID": 20004835, "LAYER_ID": 6851183, "GROUP_ID": 421487, "SCENARIO": "", "DEFQ": 0, "PLAN_NAME": "", "DATA_DATE": null, "MAVAT_CODE": 60, "MAVAT_NAME": "", "NAME": "", "LABEL": "", "NUM": "209", "LEGAL_AREA": 950.0, "TYPE_CODE": 0, "TYPE_NAME": "", "SOURCE_COD": 0, "HASAVA": 0, "STATUS": "", "PL_CHANGE": "", "ADDRESS": "", "PLACE_NO": 0, "CALC_AREA": 0.0, "OLD_MIG": "", "AGAM_ID": 4005042224.0, "FONT_SIZE": 3.0, "ROTATION": 0.0}, "geometry": {"type": "Point", "coordinates": [34.8348344503058, 31.997642278245632]}}, {"type": "Feature", "properties": {"OBJECTID": 20004836, "LAYER_ID": 6851183, "GROUP_ID": 421487, "SCENARIO": "", "DEFQ": 0, "PLAN_NAME": "", "DATA_DATE": null, "MAVAT_CODE": 60, "MAVAT_NAME": "", "NAME": "", "LABEL": "", "NUM": "212", "LEGAL_AREA": 950.0, "TYPE_CODE": 0, "TYPE_NAME": "", "SOURCE_COD": 0, "HASAVA": 0, "STATUS": "", "PL_CHANGE": "", "ADDRESS": "", "PLACE_NO": 0, "CALC_AREA": 0.0, "OLD_MIG": "", "AGAM_ID": 4005042224.0, "FONT_SIZE": 3.0, "ROTATION": 0.0}, "geometry": {"type": "Point", "coordinates": [34.83346594322025, 31.99792359511275]}}, {"type": "Feature", "properties": {"OBJECTID": 20004837, "LAYER_ID": 6851183, "GROUP_ID": 421487, "SCENARIO": "", "DEFQ": 0, "PLAN_NAME": "", "DATA_DATE": null, "MAVAT_CODE": 60, "MAVAT_NAME": "", "NAME": "", "LABEL": "", "NUM": "213", "LEGAL_AREA": 950.0, "TYPE_CODE": 0, "TYPE_NAME": "", "SOURCE_COD": 0, "HASAVA": 0, "STATUS": "", "PL_CHANGE": "", "ADDRESS": "", "PLACE_NO": 0, "CALC_AREA": 0.0, "OLD_MIG": "", "AGAM_ID": 4005042224.0, "FONT_SIZE": 3.0, "ROTATION": 0.0}, "geometry": {"type": "Point", "coordinates": [34.83306563079324, 31.998005638840876]}}, {"type": "Feature", "properties": {"OBJECTID": 20004838, "LAYER_ID": 6851183, "GROUP_ID": 421487, "SCENARIO": "", "DEFQ": 0, "PLAN_NAME": "", "DATA_DATE": null, "MAVAT_CODE": 100, "MAVAT_NAME": "", "NAME": "", "LABEL": "", "NUM": "217", "LEGAL_AREA": 1644.4, "TYPE_CODE": 0, "TYPE_NAME": "", "SOURCE_COD": 0, "HASAVA": 0, "STATUS": "", "PL_CHANGE": "", "ADDRESS": "", "PLACE_NO": 0, "CALC_AREA": 0.0, "OLD_MIG": "", "AGAM_ID": 4005042224.0, "FONT_SIZE": 3.0, "ROTATION": 0.0}, "geometry": {"type": "Point", "coordinates": [34.83245506634344, 31.995913102981874]}}, {"type": "Feature", "properties": {"OBJECTID": 20004839, "LAYER_ID": 6851183, "GROUP_ID": 421487, "SCENARIO": "", "DEFQ": 0, "PLAN_NAME": "", "DATA_DATE": null, "MAVAT_CODE": 100, "MAVAT_NAME": "", "NAME": "", "LABEL": "", "NUM": "218", "LEGAL_AREA": 1598.6745, "TYPE_CODE": 0, "TYPE_NAME": "", "SOURCE_COD": 0, "HASAVA": 0, "STATUS": "", "PL_CHANGE": "", "ADDRESS": "", "PLACE_NO": 0, "CALC_AREA": 0.0, "OLD_MIG": "", "AGAM_ID": 4005042224.0, "FONT_SIZE": 3.0, "ROTATION": 0.0}, "geometry": {"type": "Point", "coordinates": [34.83281669803341, 31.996052809104246]}}, {"type": "Feature", "properties": {"OBJECTID": 20004840, "LAYER_ID": 6851183, "GROUP_ID": 421487, "SCENARIO": "", "DEFQ": 0, "PLAN_NAME": "", "DATA_DATE": null, "MAVAT_CODE": 100, "MAVAT_NAME": "", "NAME": "", "LABEL": "", "NUM": "220", "LEGAL_AREA": 1558.3414, "TYPE_CODE": 0, "TYPE_NAME": "", "SOURCE_COD": 0, "HASAVA": 0, "STATUS": "", "PL_CHANGE": "", "ADDRESS": "", "PLACE_NO": 0, "CALC_AREA": 0.0, "OLD_MIG": "", "AGAM_ID": 4005042224.0, "FONT_SIZE": 3.0, "ROTATION": 0.0}, "geometry": {"type": "Point", "coordinates": [34.83336287477841, 31.995048101168432]}}, {"type": "Feature", "properties": {"OBJECTID": 20004841, "LAYER_ID": 6851183, "GROUP_ID": 421487, "SCENARIO": "", "DEFQ": 0, "PLAN_NAME": "", "DATA_DATE": null, "MAVAT_CODE": 100, "MAVAT_NAME": "", "NAME": "", "LABEL": "", "NUM": "219", "LEGAL_AREA": 1520.2313, "TYPE_CODE": 0, "TYPE_NAME": "", "SOURCE_COD": 0, "HASAVA": 0, "STATUS": "", "PL_CHANGE": "", "ADDRESS": "", "PLACE_NO": 0, "CALC_AREA": 0.0, "OLD_MIG": "", "AGAM_ID": 4005042224.0, "FONT_SIZE": 3.0, "ROTATION": 0.0}, "geometry": {"type": "Point", "coordinates": [34.833196999607594, 31.995345078973862]}}, {"type": "Feature", "properties": {"OBJECTID": 20004842, "LAYER_ID": 6851183, "GROUP_ID": 421487, "SCENARIO": "", "DEFQ": 0, "PLAN_NAME": "", "DATA_DATE": null, "MAVAT_CODE": 100, "MAVAT_NAME": "", "NAME": "", "LABEL": "", "NUM": "223", "LEGAL_AREA": 1399.8533, "TYPE_CODE": 0, "TYPE_NAME": "", "SOURCE_COD": 0, "HASAVA": 0, "STATUS": "", "PL_CHANGE": "", "ADDRESS": "", "PLACE_NO": 0, "CALC_AREA": 0.0, "OLD_MIG": "", "AGAM_ID": 4005042224.0, "FONT_SIZE": 3.0, "ROTATION": 0.0}, "geometry": {"type": "Point", "coordinates": [34.83450504824702, 31.994117780380797]}}, {"type": "Feature", "properties": {"OBJECTID": 20004843, "LAYER_ID": 6851183, "GROUP_ID": 421487, "SCENARIO": "", "DEFQ": 0, "PLAN_NAME": "", "DATA_DATE": null, "MAVAT_CODE": 100, "MAVAT_NAME": "", "NAME": "", "LABEL": "", "NUM": "224", "LEGAL_AREA": 1400.0, "TYPE_CODE": 0, "TYPE_NAME": "", "SOURCE_COD": 0, "HASAVA": 0, "STATUS": "", "PL_CHANGE": "", "ADDRESS": "", "PLACE_NO": 0, "CALC_AREA": 0.0, "OLD_MIG": "", "AGAM_ID": 4005042224.0, "FONT_SIZE": 3.0, "ROTATION": 0.0}, "geometry": {"type": "Point", "coordinates": [34.83464831720604, 31.993833755127564]}}, {"type": "Feature", "properties": {"OBJECTID": 20004844, "LAYER_ID": 6851183, "GROUP_ID": 421487, "SCENARIO": "", "DEFQ": 0, "PLAN_NAME": "", "DATA_DATE": null, "MAVAT_CODE": 100, "MAVAT_NAME": "", "NAME": "", "LABEL": "", "NUM": "225", "LEGAL_AREA": 1400.0, "TYPE_CODE": 0, "TYPE_NAME": "", "SOURCE_COD": 0, "HASAVA": 0, "STATUS": "", "PL_CHANGE": "", "ADDRESS": "", "PLACE_NO": 0, "CALC_AREA": 0.0, "OLD_MIG": "", "AGAM_ID": 4005042224.0, "FONT_SIZE": 3.0, "ROTATION": 0.0}, "geometry": {"type": "Point", "coordinates": [34.83484478451694, 31.993471029253378]}}, {"type": "Feature", "properties": {"OBJECTID": 20004845, "LAYER_ID": 6851183, "GROUP_ID": 421487, "SCENARIO": "", "DEFQ": 0, "PLAN_NAME": "", "DATA_DATE": null, "MAVAT_CODE": 100, "MAVAT_NAME": "", "NAME": "", "LABEL": "", "NUM": "234", "LEGAL_AREA": 1790.7538, "TYPE_CODE": 0, "TYPE_NAME": "", "SOURCE_COD": 0, "HASAVA": 0, "STATUS": "", "PL_CHANGE": "", "ADDRESS": "", "PLACE_NO": 0, "CALC_AREA": 0.0, "OLD_MIG": "", "AGAM_ID": 4005042224.0, "FONT_SIZE": 3.0, "ROTATION": 0.0}, "geometry": {"type": "Point", "coordinates": [34.831540922051886, 31.992685758706074]}}, {"type": "Feature", "properties": {"OBJECTID": 20004846, "LAYER_ID": 6851183, "GROUP_ID": 421487, "SCENARIO": "", "DEFQ": 0, "PLAN_NAME": "", "DATA_DATE": null, "MAVAT_CODE": 100, "MAVAT_NAME": "", "NAME": "", "LABEL": "", "NUM": "235", "LEGAL_AREA": 1693.9487, "TYPE_CODE": 0, "TYPE_NAME": "", "SOURCE_COD": 0, "HASAVA": 0, "STATUS": "", "PL_CHANGE": "", "ADDRESS": "", "PLACE_NO": 0, "CALC_AREA": 0.0, "OLD_MIG": "", "AGAM_ID": 4005042224.0, "FONT_SIZE": 3.0, "ROTATION": 0.0}, "geometry": {"type": "Point", "coordinates": [34.83172219384583, 31.992311884597715]}}, {"type": "Feature", "properties": {"OBJECTID": 20004847, "LAYER_ID": 6851183, "GROUP_ID": 421487, "SCENARIO": "", "DEFQ": 0, "PLAN_NAME": "", "DATA_DATE": null, "MAVAT_CODE": 100, "MAVAT_NAME": "", "NAME": "", "LABEL": "", "NUM": "239", "LEGAL_AREA": 1412.2542, "TYPE_CODE": 0, "TYPE_NAME": "", "SOURCE_COD": 0, "HASAVA": 0, "STATUS": "", "PL_CHANGE": "", "ADDRESS": "", "PLACE_NO": 0, "CALC_AREA": 0.0, "OLD_MIG": "", "AGAM_ID": 4005042224.0, "FONT_SIZE": 3.0, "ROTATION": 0.0}, "geometry": {"type": "Point", "coordinates": [34.8328008560197, 31.991813028996667]}}, {"type": "Feature", "properties": {"OBJECTID": 20004848, "LAYER_ID": 6851183, "GROUP_ID": 421487, "SCENARIO": "", "DEFQ": 0, "PLAN_NAME": "", "DATA_DATE": null, "MAVAT_CODE": 100, "MAVAT_NAME": "", "NAME": "", "LABEL": "", "NUM": "240", "LEGAL_AREA": 1362.4296, "TYPE_CODE": 0, "TYPE_NAME": "", "SOURCE_COD": 0, "HASAVA": 0, "STATUS": "", "PL_CHANGE": "", "ADDRESS": "", "PLACE_NO": 0, "CALC_AREA": 0.0, "OLD_MIG": "", "AGAM_ID": 4005042224.0, "FONT_SIZE": 3.0, "ROTATION": 0.0}, "geometry": {"type": "Point", "coordinates": [34.833144215228934, 31.99194892017868]}}, {"type": "Feature", "properties": {"OBJECTID": 20004849, "LAYER_ID": 6851183, "GROUP_ID": 421487, "SCENARIO": "", "DEFQ": 0, "PLAN_NAME": "", "DATA_DATE": null, "MAVAT_CODE": 100, "MAVAT_NAME": "", "NAME": "", "LABEL": "", "NUM": "241", "LEGAL_AREA": 1387.515, "TYPE_CODE": 0, "TYPE_NAME": "", "SOURCE_COD": 0, "HASAVA": 0, "STATUS": "", "PL_CHANGE": "", "ADDRESS": "", "PLACE_NO": 0, "CALC_AREA": 0.0, "OLD_MIG": "", "AGAM_ID": 4005042224.0, "FONT_SIZE": 3.0, "ROTATION": 0.0}, "geometry": {"type": "Point", "coordinates": [34.83329285551424, 31.991637720933]}}, {"type": "Feature", "properties": {"OBJECTID": 20004850, "LAYER_ID": 6851183, "GROUP_ID": 421487, "SCENARIO": "", "DEFQ": 0, "PLAN_NAME": "", "DATA_DATE": null, "MAVAT_CODE": 100, "MAVAT_NAME": "", "NAME": "", "LABEL": "", "NUM": "242", "LEGAL_AREA": 1575.5805, "TYPE_CODE": 0, "TYPE_NAME": "", "SOURCE_COD": 0, "HASAVA": 0, "STATUS": "", "PL_CHANGE": "", "ADDRESS": "", "PLACE_NO": 0, "CALC_AREA": 0.0, "OLD_MIG": "", "AGAM_ID": 4005042224.0, "FONT_SIZE": 3.0, "ROTATION": 0.0}, "geometry": {"type": "Point", "coordinates": [34.833523750339666, 31.991233735588775]}}, {"type": "Feature", "properties": {"OBJECTID": 20004851, "LAYER_ID": 6851183, "GROUP_ID": 421487, "SCENARIO": "", "DEFQ": 0, "PLAN_NAME": "", "DATA_DATE": null, "MAVAT_CODE": 100, "MAVAT_NAME": "", "NAME": "", "LABEL": "", "NUM": "243", "LEGAL_AREA": 1542.2182, "TYPE_CODE": 0, "TYPE_NAME": "", "SOURCE_COD": 0, "HASAVA": 0, "STATUS": "", "PL_CHANGE": "", "ADDRESS": "", "PLACE_NO": 0, "CALC_AREA": 0.0, "OLD_MIG": "", "AGAM_ID": 4005042224.0, "FONT_SIZE": 3.0, "ROTATION": 0.0}, "geometry": {"type": "Point", "coordinates": [34.83368884087023, 31.99090397792075]}}, {"type": "Feature", "properties": {"OBJECTID": 20004852, "LAYER_ID": 6851183, "GROUP_ID": 421487, "SCENARIO": "", "DEFQ": 0, "PLAN_NAME": "", "DATA_DATE": null, "MAVAT_CODE": 100, "MAVAT_NAME": "", "NAME": "", "LABEL": "", "NUM": "244", "LEGAL_AREA": 1464.1657, "TYPE_CODE": 0, "TYPE_NAME": "", "SOURCE_COD": 0, "HASAVA": 0, "STATUS": "", "PL_CHANGE": "", "ADDRESS": "", "PLACE_NO": 0, "CALC_AREA": 0.0, "OLD_MIG": "", "AGAM_ID": 4005042224.0, "FONT_SIZE": 3.0, "ROTATION": 0.0}, "geometry": {"type": "Point", "coordinates": [34.83384837674265, 31.990597459479215]}}, {"type": "Feature", "properties": {"OBJECTID": 20004853, "LAYER_ID": 6851183, "GROUP_ID": 421487, "SCENARIO": "", "DEFQ": 0, "PLAN_NAME": "", "DATA_DATE": null, "MAVAT_CODE": 100, "MAVAT_NAME": "", "NAME": "", "LABEL": "", "NUM": "245", "LEGAL_AREA": 1714.979, "TYPE_CODE": 0, "TYPE_NAME": "", "SOURCE_COD": 0, "HASAVA": 0, "STATUS": "", "PL_CHANGE": "", "ADDRESS": "", "PLACE_NO": 0, "CALC_AREA": 0.0, "OLD_MIG": "", "AGAM_ID": 4005042224.0, "FONT_SIZE": 3.0, "ROTATION": 0.0}, "geometry": {"type": "Point", "coordinates": [34.8323173920637, 31.99122555265101]}}, {"type": "Feature", "properties": {"OBJECTID": 20004854, "LAYER_ID": 6851183, "GROUP_ID": 421487, "SCENARIO": "", "DEFQ": 0, "PLAN_NAME": "", "DATA_DATE": null, "MAVAT_CODE": 100, "MAVAT_NAME": "", "NAME": "", "LABEL": "", "NUM": "248", "LEGAL_AREA": 1366.4813, "TYPE_CODE": 0, "TYPE_NAME": "", "SOURCE_COD": 0, "HASAVA": 0, "STATUS": "", "PL_CHANGE": "", "ADDRESS": "", "PLACE_NO": 0, "CALC_AREA": 0.0, "OLD_MIG": "", "AGAM_ID": 4005042224.0, "FONT_SIZE": 3.0, "ROTATION": 0.0}, "geometry": {"type": "Point", "coordinates": [34.8309458051036, 31.991626411170017]}}, {"type": "Feature", "properties": {"OBJECTID": 20004855, "LAYER_ID": 6851183, "GROUP_ID": 421487, "SCENARIO": "", "DEFQ": 0, "PLAN_NAME": "", "DATA_DATE": null, "MAVAT_CODE": 100, "MAVAT_NAME": "", "NAME": "", "LABEL": "", "NUM": "249", "LEGAL_AREA": 1375.7344, "TYPE_CODE": 0, "TYPE_NAME": "", "SOURCE_COD": 0, "HASAVA": 0, "STATUS": "", "PL_CHANGE": "", "ADDRESS": "", "PLACE_NO": 0, "CALC_AREA": 0.0, "OLD_MIG": "", "AGAM_ID": 4005042224.0, "FONT_SIZE": 3.0, "ROTATION": 0.0}, "geometry": {"type": "Point", "coordinates": [34.83130266849462, 31.991779760865807]}}, {"type": "Feature", "properties": {"OBJECTID": 20004856, "LAYER_ID": 6851183, "GROUP_ID": 421487, "SCENARIO": "", "DEFQ": 0, "PLAN_NAME": "", "DATA_DATE": null, "MAVAT_CODE": 100, "MAVAT_NAME": "", "NAME": "", "LABEL": "", "NUM": "250", "LEGAL_AREA": 1497.1724, "TYPE_CODE": 0, "TYPE_NAME": "", "SOURCE_COD": 0, "HASAVA": 0, "STATUS": "", "PL_CHANGE": "", "ADDRESS": "", "PLACE_NO": 0, "CALC_AREA": 0.0, "OLD_MIG": "", "AGAM_ID": 4005042224.0, "FONT_SIZE": 3.0, "ROTATION": 0.0}, "geometry": {"type": "Point", "coordinates": [34.83215307736335, 31.990270352374022]}}, {"type": "Feature", "properties": {"OBJECTID": 20004857, "LAYER_ID": 6851183, "GROUP_ID": 421487, "SCENARIO": "", "DEFQ": 0, "PLAN_NAME": "", "DATA_DATE": null, "MAVAT_CODE": 100, "MAVAT_NAME": "", "NAME": "", "LABEL": "", "NUM": "251", "LEGAL_AREA": 1527.9627, "TYPE_CODE": 0, "TYPE_NAME": "", "SOURCE_COD": 0, "HASAVA": 0, "STATUS": "", "PL_CHANGE": "", "ADDRESS": "", "PLACE_NO": 0, "CALC_AREA": 0.0, "OLD_MIG": "", "AGAM_ID": 4005042224.0, "FONT_SIZE": 3.0, "ROTATION": 0.0}, "geometry": {"type": "Point", "coordinates": [34.83230256899172, 31.989982737039217]}}, {"type": "Feature", "properties": {"OBJECTID": 20004858, "LAYER_ID": 6851183, "GROUP_ID": 421487, "SCENARIO": "", "DEFQ": 0, "PLAN_NAME": "", "DATA_DATE": null, "MAVAT_CODE": 100, "MAVAT_NAME": "", "NAME": "", "LABEL": "", "NUM": "252", "LEGAL_AREA": 1599.7891, "TYPE_CODE": 0, "TYPE_NAME": "", "SOURCE_COD": 0, "HASAVA": 0, "STATUS": "", "PL_CHANGE": "", "ADDRESS": "", "PLACE_NO": 0, "CALC_AREA": 0.0, "OLD_MIG": "", "AGAM_ID": 4005042224.0, "FONT_SIZE": 3.0, "ROTATION": 0.0}, "geometry": {"type": "Point", "coordinates": [34.83351451757943, 31.989874023086823]}}, {"type": "Feature", "properties": {"OBJECTID": 20004859, "LAYER_ID": 6851183, "GROUP_ID": 421487, "SCENARIO": "", "DEFQ": 0, "PLAN_NAME": "", "DATA_DATE": null, "MAVAT_CODE": 100, "MAVAT_NAME": "", "NAME": "", "LABEL": "", "NUM": "253", "LEGAL_AREA": 1525.4204, "TYPE_CODE": 0, "TYPE_NAME": "", "SOURCE_COD": 0, "HASAVA": 0, "STATUS": "", "PL_CHANGE": "", "ADDRESS": "", "PLACE_NO": 0, "CALC_AREA": 0.0, "OLD_MIG": "", "AGAM_ID": 4005042224.0, "FONT_SIZE": 3.0, "ROTATION": 0.0}, "geometry": {"type": "Point", "coordinates": [34.83313561593418, 31.989737706072827]}}, {"type": "Feature", "properties": {"OBJECTID": 20004860, "LAYER_ID": 6851183, "GROUP_ID": 421487, "SCENARIO": "", "DEFQ": 0, "PLAN_NAME": "", "DATA_DATE": null, "MAVAT_CODE": 100, "MAVAT_NAME": "", "NAME": "", "LABEL": "", "NUM": "254", "LEGAL_AREA": 1600.0, "TYPE_CODE": 0, "TYPE_NAME": "", "SOURCE_COD": 0, "HASAVA": 0, "STATUS": "", "PL_CHANGE": "", "ADDRESS": "", "PLACE_NO": 0, "CALC_AREA": 0.0, "OLD_MIG": "", "AGAM_ID": 4005042224.0, "FONT_SIZE": 3.0, "ROTATION": 0.0}, "geometry": {"type": "Point", "coordinates": [34.83330252850198, 31.989406053154383]}}, {"type": "Feature", "properties": {"OBJECTID": 20004861, "LAYER_ID": 6851183, "GROUP_ID": 421487, "SCENARIO": "", "DEFQ": 0, "PLAN_NAME": "", "DATA_DATE": null, "MAVAT_CODE": 100, "MAVAT_NAME": "", "NAME": "", "LABEL": "", "NUM": "255", "LEGAL_AREA": 1580.4753, "TYPE_CODE": 0, "TYPE_NAME": "", "SOURCE_COD": 0, "HASAVA": 0, "STATUS": "", "PL_CHANGE": "", "ADDRESS": "", "PLACE_NO": 0, "CALC_AREA": 0.0, "OLD_MIG": "", "AGAM_ID": 4005042224.0, "FONT_SIZE": 3.0, "ROTATION": 0.0}, "geometry": {"type": "Point", "coordinates": [34.832577753127055, 31.989497987865796]}}, {"type": "Feature", "properties": {"OBJECTID": 20004862, "LAYER_ID": 6851183, "GROUP_ID": 421487, "SCENARIO": "", "DEFQ": 0, "PLAN_NAME": "", "DATA_DATE": null, "MAVAT_CODE": 400, "MAVAT_NAME": "", "NAME": "", "LABEL": "", "NUM": "508", "LEGAL_AREA": 2630.3953, "TYPE_CODE": 0, "TYPE_NAME": "", "SOURCE_COD": 0, "HASAVA": 0, "STATUS": "", "PL_CHANGE": "", "ADDRESS": "", "PLACE_NO": 0, "CALC_AREA": 0.0, "OLD_MIG": "", "AGAM_ID": 4005042224.0, "FONT_SIZE": 3.0, "ROTATION": 0.0}, "geometry": {"type": "Point", "coordinates": [34.83472690474704, 31.998094903798584]}}, {"type": "Feature", "properties": {"OBJECTID": 20004863, "LAYER_ID": 6851183, "GROUP_ID": 421487, "SCENARIO": "", "DEFQ": 0, "PLAN_NAME": "", "DATA_DATE": null, "MAVAT_CODE": 100, "MAVAT_NAME": "", "NAME": "", "LABEL": "", "NUM": "232", "LEGAL_AREA": 2664.2025, "TYPE_CODE": 0, "TYPE_NAME": "", "SOURCE_COD": 0, "HASAVA": 0, "STATUS": "", "PL_CHANGE": "", "ADDRESS": "", "PLACE_NO": 0, "CALC_AREA": 0.0, "OLD_MIG": "", "AGAM_ID": 4005042224.0, "FONT_SIZE": 3.0, "ROTATION": 0.0}, "geometry": {"type": "Point", "coordinates": [34.83453198147053, 31.992478222030677]}}, {"type": "Feature", "properties": {"OBJECTID": 20004864, "LAYER_ID": 6851183, "GROUP_ID": 421487, "SCENARIO": "", "DEFQ": 0, "PLAN_NAME": "", "DATA_DATE": null, "MAVAT_CODE": 60, "MAVAT_NAME": "", "NAME": "", "LABEL": "", "NUM": "205", "LEGAL_AREA": 1912.4818, "TYPE_CODE": 0, "TYPE_NAME": "", "SOURCE_COD": 0, "HASAVA": 0, "STATUS": "", "PL_CHANGE": "", "ADDRESS": "", "PLACE_NO": 0, "CALC_AREA": 0.0, "OLD_MIG": "", "AGAM_ID": 4005042224.0, "FONT_SIZE": 3.0, "ROTATION": 0.0}, "geometry": {"type": "Point", "coordinates": [34.83614171687686, 31.99757204293473]}}, {"type": "Feature", "properties": {"OBJECTID": 20004865, "LAYER_ID": 6851183, "GROUP_ID": 421487, "SCENARIO": "", "DEFQ": 0, "PLAN_NAME": "", "DATA_DATE": null, "MAVAT_CODE": 140, "MAVAT_NAME": "", "NAME": "", "LABEL": "", "NUM": "404", "LEGAL_AREA": 1477.3075, "TYPE_CODE": 0, "TYPE_NAME": "", "SOURCE_COD": 0, "HASAVA": 0, "STATUS": "", "PL_CHANGE": "", "ADDRESS": "", "PLACE_NO": 0, "CALC_AREA": 0.0, "OLD_MIG": "", "AGAM_ID": 4005042224.0, "FONT_SIZE": 3.0, "ROTATION": 0.0}, "geometry": {"type": "Point", "coordinates": [34.83187551003402, 31.993486681309296]}}, {"type": "Feature", "properties": {"OBJECTID": 20004866, "LAYER_ID": 6851183, "GROUP_ID": 421487, "SCENARIO": "", "DEFQ": 0, "PLAN_NAME": "", "DATA_DATE": null, "MAVAT_CODE": 140, "MAVAT_NAME": "", "NAME": "", "LABEL": "", "NUM": "406", "LEGAL_AREA": 1968.5472, "TYPE_CODE": 0, "TYPE_NAME": "", "SOURCE_COD": 0, "HASAVA": 0, "STATUS": "", "PL_CHANGE": "", "ADDRESS": "", "PLACE_NO": 0, "CALC_AREA": 0.0, "OLD_MIG": "", "AGAM_ID": 4005042224.0, "FONT_SIZE": 3.0, "ROTATION": 0.0}, "geometry": {"type": "Point", "coordinates": [34.82975720945813, 31.9911296398598]}}, {"type": "Feature", "properties": {"OBJECTID": 20004867, "LAYER_ID": 6851183, "GROUP_ID": 421487, "SCENARIO": "", "DEFQ": 0, "PLAN_NAME": "", "DATA_DATE": null, "MAVAT_CODE": 20, "MAVAT_NAME": "", "NAME": "", "LABEL": "", "NUM": "102", "LEGAL_AREA": 1119.2545, "TYPE_CODE": 0, "TYPE_NAME": "", "SOURCE_COD": 0, "HASAVA": 0, "STATUS": "", "PL_CHANGE": "", "ADDRESS": "", "PLACE_NO": 0, "CALC_AREA": 0.0, "OLD_MIG": "", "AGAM_ID": 4005042224.0, "FONT_SIZE": 3.0, "ROTATION": 0.0}, "geometry": {"type": "Point", "coordinates": [34.8362517261077, 31.99886931691524]}}, {"type": "Feature", "properties": {"OBJECTID": 20004868, "LAYER_ID": 6851183, "GROUP_ID": 421487, "SCENARIO": "", "DEFQ": 0, "PLAN_NAME": "", "DATA_DATE": null, "MAVAT_CODE": 20, "MAVAT_NAME": "", "NAME": "", "LABEL": "", "NUM": "103", "LEGAL_AREA": 1161.5302, "TYPE_CODE": 0, "TYPE_NAME": "", "SOURCE_COD": 0, "HASAVA": 0, "STATUS": "", "PL_CHANGE": "", "ADDRESS": "", "PLACE_NO": 0, "CALC_AREA": 0.0, "OLD_MIG": "", "AGAM_ID": 4005042224.0, "FONT_SIZE": 3.0, "ROTATION": 0.0}, "geometry": {"type": "Point", "coordinates": [34.83595261716582, 31.998965365303587]}}, {"type": "Feature", "properties": {"OBJECTID": 20004869, "LAYER_ID": 6851183, "GROUP_ID": 421487, "SCENARIO": "", "DEFQ": 0, "PLAN_NAME": "", "DATA_DATE": null, "MAVAT_CODE": 20, "MAVAT_NAME": "", "NAME": "", "LABEL": "", "NUM": "104", "LEGAL_AREA": 1113.6471, "TYPE_CODE": 0, "TYPE_NAME": "", "SOURCE_COD": 0, "HASAVA": 0, "STATUS": "", "PL_CHANGE": "", "ADDRESS": "", "PLACE_NO": 0, "CALC_AREA": 0.0, "OLD_MIG": "", "AGAM_ID": 4005042224.0, "FONT_SIZE": 3.0, "ROTATION": 0.0}, "geometry": {"type": "Point", "coordinates": [34.836099734655924, 31.998573409590946]}}, {"type": "Feature", "properties": {"OBJECTID": 20004870, "LAYER_ID": 6851183, "GROUP_ID": 421487, "SCENARIO": "", "DEFQ": 0, "PLAN_NAME": "", "DATA_DATE": null, "MAVAT_CODE": 20, "MAVAT_NAME": "", "NAME": "", "LABEL": "", "NUM": "105", "LEGAL_AREA": 1166.3105, "TYPE_CODE": 0, "TYPE_NAME": "", "SOURCE_COD": 0, "HASAVA": 0, "STATUS": "", "PL_CHANGE": "", "ADDRESS": "", "PLACE_NO": 0, "CALC_AREA": 0.0, "OLD_MIG": "", "AGAM_ID": 4005042224.0, "FONT_SIZE": 3.0, "ROTATION": 0.0}, "geometry": {"type": "Point", "coordinates": [34.83578198048517, 31.99864667085157]}}, {"type": "Feature", "properties": {"OBJECTID": 20004871, "LAYER_ID": 6851183, "GROUP_ID": 421487, "SCENARIO": "", "DEFQ": 0, "PLAN_NAME": "", "DATA_DATE": null, "MAVAT_CODE": 20, "MAVAT_NAME": "", "NAME": "", "LABEL": "", "NUM": "106", "LEGAL_AREA": 1069.6051, "TYPE_CODE": 0, "TYPE_NAME": "", "SOURCE_COD": 0, "HASAVA": 0, "STATUS": "", "PL_CHANGE": "", "ADDRESS": "", "PLACE_NO": 0, "CALC_AREA": 0.0, "OLD_MIG": "", "AGAM_ID": 4005042224.0, "FONT_SIZE": 3.0, "ROTATION": 0.0}, "geometry": {"type": "Point", "coordinates": [34.8359157100059, 31.998192637904413]}}, {"type": "Feature", "properties": {"OBJECTID": 20004872, "LAYER_ID": 6851183, "GROUP_ID": 421487, "SCENARIO": "", "DEFQ": 0, "PLAN_NAME": "", "DATA_DATE": null, "MAVAT_CODE": 20, "MAVAT_NAME": "", "NAME": "", "LABEL": "", "NUM": "107", "LEGAL_AREA": 1078.3622, "TYPE_CODE": 0, "TYPE_NAME": "", "SOURCE_COD": 0, "HASAVA": 0, "STATUS": "", "PL_CHANGE": "", "ADDRESS": "", "PLACE_NO": 0, "CALC_AREA": 0.0, "OLD_MIG": "", "AGAM_ID": 4005042224.0, "FONT_SIZE": 3.0, "ROTATION": 0.0}, "geometry": {"type": "Point", "coordinates": [34.83556021294469, 31.998258228300795]}}, {"type": "Feature", "properties": {"OBJECTID": 20004873, "LAYER_ID": 6851183, "GROUP_ID": 421487, "SCENARIO": "", "DEFQ": 0, "PLAN_NAME": "", "DATA_DATE": null, "MAVAT_CODE": 20, "MAVAT_NAME": "", "NAME": "", "LABEL": "", "NUM": "108", "LEGAL_AREA": 1105.7461, "TYPE_CODE": 0, "TYPE_NAME": "", "SOURCE_COD": 0, "HASAVA": 0, "STATUS": "", "PL_CHANGE": "", "ADDRESS": "", "PLACE_NO": 0, "CALC_AREA": 0.0, "OLD_MIG": "", "AGAM_ID": 4005042224.0, "FONT_SIZE": 3.0, "ROTATION": 0.0}, "geometry": {"type": "Point", "coordinates": [34.83507897489058, 31.998395855602983]}}, {"type": "Feature", "properties": {"OBJECTID": 20004874, "LAYER_ID": 6851183, "GROUP_ID": 421487, "SCENARIO": "", "DEFQ": 0, "PLAN_NAME": "", "DATA_DATE": null, "MAVAT_CODE": 20, "MAVAT_NAME": "", "NAME": "", "LABEL": "", "NUM": "114", "LEGAL_AREA": 1055.3193, "TYPE_CODE": 0, "TYPE_NAME": "", "SOURCE_COD": 0, "HASAVA": 0, "STATUS": "", "PL_CHANGE": "", "ADDRESS": "", "PLACE_NO": 0, "CALC_AREA": 0.0, "OLD_MIG": "", "AGAM_ID": 4005042224.0, "FONT_SIZE": 3.0, "ROTATION": 0.0}, "geometry": {"type": "Point", "coordinates": [34.83383268422896, 31.99863028664871]}}, {"type": "Feature", "properties": {"OBJECTID": 20004875, "LAYER_ID": 6851183, "GROUP_ID": 421487, "SCENARIO": "", "DEFQ": 0, "PLAN_NAME": "", "DATA_DATE": null, "MAVAT_CODE": 670, "MAVAT_NAME": "", "NAME": "", "LABEL": "", "NUM": "807", "LEGAL_AREA": 2101.5069, "TYPE_CODE": 0, "TYPE_NAME": "", "SOURCE_COD": 0, "HASAVA": 0, "STATUS": "", "PL_CHANGE": "", "ADDRESS": "", "PLACE_NO": 0, "CALC_AREA": 0.0, "OLD_MIG": "", "AGAM_ID": 4005042224.0, "FONT_SIZE": 3.0, "ROTATION": 0.0}, "geometry": {"type": "Point", "coordinates": [34.83528420173373, 31.99812777185699]}}, {"type": "Feature", "properties": {"OBJECTID": 20004876, "LAYER_ID": 6851183, "GROUP_ID": 421487, "SCENARIO": "", "DEFQ": 0, "PLAN_NAME": "", "DATA_DATE": null, "MAVAT_CODE": 150, "MAVAT_NAME": "", "NAME": "", "LABEL": "", "NUM": "600", "LEGAL_AREA": 7235.6829, "TYPE_CODE": 0, "TYPE_NAME": "", "SOURCE_COD": 0, "HASAVA": 0, "STATUS": "", "PL_CHANGE": "", "ADDRESS": "", "PLACE_NO": 0, "CALC_AREA": 0.0, "OLD_MIG": "", "AGAM_ID": 4005042224.0, "FONT_SIZE": 3.0, "ROTATION": 0.0}, "geometry": {"type": "Point", "coordinates": [34.830869183125756, 31.99817167394237]}}, {"type": "Feature", "properties": {"OBJECTID": 20004877, "LAYER_ID": 6851183, "GROUP_ID": 421487, "SCENARIO": "", "DEFQ": 0, "PLAN_NAME": "", "DATA_DATE": null, "MAVAT_CODE": 400, "MAVAT_NAME": "", "NAME": "", "LABEL": "", "NUM": "501", "LEGAL_AREA": 3901.4767, "TYPE_CODE": 0, "TYPE_NAME": "", "SOURCE_COD": 0, "HASAVA": 0, "STATUS": "", "PL_CHANGE": "", "ADDRESS": "", "PLACE_NO": 0, "CALC_AREA": 0.0, "OLD_MIG": "", "AGAM_ID": 4005042224.0, "FONT_SIZE": 3.0, "ROTATION": 0.0}, "geometry": {"type": "Point", "coordinates": [34.83193660111768, 31.99550790686556]}}, {"type": "Feature", "properties": {"OBJECTID": 20004878, "LAYER_ID": 6851183, "GROUP_ID": 421487, "SCENARIO": "", "DEFQ": 0, "PLAN_NAME": "", "DATA_DATE": null, "MAVAT_CODE": 400, "MAVAT_NAME": "", "NAME": "", "LABEL": "", "NUM": "505", "LEGAL_AREA": 3715.0394, "TYPE_CODE": 0, "TYPE_NAME": "", "SOURCE_COD": 0, "HASAVA": 0, "STATUS": "", "PL_CHANGE": "", "ADDRESS": "", "PLACE_NO": 0, "CALC_AREA": 0.0, "OLD_MIG": "", "AGAM_ID": 4005042224.0, "FONT_SIZE": 3.0, "ROTATION": 0.0}, "geometry": {"type": "Point", "coordinates": [34.83237805286826, 31.99315263115538]}}, {"type": "Feature", "properties": {"OBJECTID": 20004879, "LAYER_ID": 6851183, "GROUP_ID": 421487, "SCENARIO": "", "DEFQ": 0, "PLAN_NAME": "", "DATA_DATE": null, "MAVAT_CODE": 400, "MAVAT_NAME": "", "NAME": "", "LABEL": "", "NUM": "506", "LEGAL_AREA": 4738.4738, "TYPE_CODE": 0, "TYPE_NAME": "", "SOURCE_COD": 0, "HASAVA": 0, "STATUS": "", "PL_CHANGE": "", "ADDRESS": "", "PLACE_NO": 0, "CALC_AREA": 0.0, "OLD_MIG": "", "AGAM_ID": 4005042224.0, "FONT_SIZE": 3.0, "ROTATION": 0.0}, "geometry": {"type": "Point", "coordinates": [34.833868543366776, 31.993731607796704]}}, {"type": "Feature", "properties": {"OBJECTID": 20004880, "LAYER_ID": 6851183, "GROUP_ID": 421487, "SCENARIO": "", "DEFQ": 0, "PLAN_NAME": "", "DATA_DATE": null, "MAVAT_CODE": 100, "MAVAT_NAME": "", "NAME": "", "LABEL": "", "NUM": "222", "LEGAL_AREA": 1851.1367, "TYPE_CODE": 0, "TYPE_NAME": "", "SOURCE_COD": 0, "HASAVA": 0, "STATUS": "", "PL_CHANGE": "", "ADDRESS": "", "PLACE_NO": 0, "CALC_AREA": 0.0, "OLD_MIG": "", "AGAM_ID": 4005042224.0, "FONT_SIZE": 3.0, "ROTATION": 0.0}, "geometry": {"type": "Point", "coordinates": [34.83221151696983, 31.994985747858475]}}, {"type": "Feature", "properties": {"OBJECTID": 20004881, "LAYER_ID": 6851183, "GROUP_ID": 421487, "SCENARIO": "", "DEFQ": 0, "PLAN_NAME": "", "DATA_DATE": null, "MAVAT_CODE": 100, "MAVAT_NAME": "", "NAME": "", "LABEL": "", "NUM": "221", "LEGAL_AREA": 1895.8348, "TYPE_CODE": 0, "TYPE_NAME": "", "SOURCE_COD": 0, "HASAVA": 0, "STATUS": "", "PL_CHANGE": "", "ADDRESS": "", "PLACE_NO": 0, "CALC_AREA": 0.0, "OLD_MIG": "", "AGAM_ID": 4005042224.0, "FONT_SIZE": 3.0, "ROTATION": 0.0}, "geometry": {"type": "Point", "coordinates": [34.83238713558135, 31.994656987938935]}}, {"type": "Feature", "properties": {"OBJECTID": 20004882, "LAYER_ID": 6851183, "GROUP_ID": 421487, "SCENARIO": "", "DEFQ": 0, "PLAN_NAME": "", "DATA_DATE": null, "MAVAT_CODE": 100, "MAVAT_NAME": "", "NAME": "", "LABEL": "", "NUM": "238", "LEGAL_AREA": 1464.2961, "TYPE_CODE": 0, "TYPE_NAME": "", "SOURCE_COD": 0, "HASAVA": 0, "STATUS": "", "PL_CHANGE": "", "ADDRESS": "", "PLACE_NO": 0, "CALC_AREA": 0.0, "OLD_MIG": "", "AGAM_ID": 4005042224.0, "FONT_SIZE": 3.0, "ROTATION": 0.0}, "geometry": {"type": "Point", "coordinates": [34.83269860830364, 31.992688251451124]}}, {"type": "Feature", "properties": {"OBJECTID": 20004883, "LAYER_ID": 6851183, "GROUP_ID": 421487, "SCENARIO": "", "DEFQ": 0, "PLAN_NAME": "", "DATA_DATE": null, "MAVAT_CODE": 100, "MAVAT_NAME": "", "NAME": "", "LABEL": "", "NUM": "237", "LEGAL_AREA": 2746.7993, "TYPE_CODE": 0, "TYPE_NAME": "", "SOURCE_COD": 0, "HASAVA": 0, "STATUS": "", "PL_CHANGE": "", "ADDRESS": "", "PLACE_NO": 0, "CALC_AREA": 0.0, "OLD_MIG": "", "AGAM_ID": 4005042224.0, "FONT_SIZE": 3.0, "ROTATION": 0.0}, "geometry": {"type": "Point", "coordinates": [34.83270484278669, 31.992326232203613]}}, {"type": "Feature", "properties": {"OBJECTID": 20004884, "LAYER_ID": 6851183, "GROUP_ID": 421487, "SCENARIO": "", "DEFQ": 0, "PLAN_NAME": "", "DATA_DATE": null, "MAVAT_CODE": 100, "MAVAT_NAME": "", "NAME": "", "LABEL": "", "NUM": "230", "LEGAL_AREA": 1363.6286, "TYPE_CODE": 0, "TYPE_NAME": "", "SOURCE_COD": 0, "HASAVA": 0, "STATUS": "", "PL_CHANGE": "", "ADDRESS": "", "PLACE_NO": 0, "CALC_AREA": 0.0, "OLD_MIG": "", "AGAM_ID": 4005042224.0, "FONT_SIZE": 3.0, "ROTATION": 0.0}, "geometry": {"type": "Point", "coordinates": [34.8334294815184, 31.992588693969328]}}, {"type": "Feature", "properties": {"OBJECTID": 20004885, "LAYER_ID": 6851183, "GROUP_ID": 421487, "SCENARIO": "", "DEFQ": 0, "PLAN_NAME": "", "DATA_DATE": null, "MAVAT_CODE": 100, "MAVAT_NAME": "", "NAME": "", "LABEL": "", "NUM": "231", "LEGAL_AREA": 1408.8429, "TYPE_CODE": 0, "TYPE_NAME": "", "SOURCE_COD": 0, "HASAVA": 0, "STATUS": "", "PL_CHANGE": "", "ADDRESS": "", "PLACE_NO": 0, "CALC_AREA": 0.0, "OLD_MIG": "", "AGAM_ID": 4005042224.0, "FONT_SIZE": 3.0, "ROTATION": 0.0}, "geometry": {"type": "Point", "coordinates": [34.83328033254002, 31.99287300550605]}}, {"type": "Feature", "properties": {"OBJECTID": 20004886, "LAYER_ID": 6851183, "GROUP_ID": 421487, "SCENARIO": "", "DEFQ": 0, "PLAN_NAME": "", "DATA_DATE": null, "MAVAT_CODE": 100, "MAVAT_NAME": "", "NAME": "", "LABEL": "", "NUM": "229", "LEGAL_AREA": 1564.1358, "TYPE_CODE": 0, "TYPE_NAME": "", "SOURCE_COD": 0, "HASAVA": 0, "STATUS": "", "PL_CHANGE": "", "ADDRESS": "", "PLACE_NO": 0, "CALC_AREA": 0.0, "OLD_MIG": "", "AGAM_ID": 4005042224.0, "FONT_SIZE": 3.0, "ROTATION": 0.0}, "geometry": {"type": "Point", "coordinates": [34.834445142084824, 31.992982702192627]}}, {"type": "Feature", "properties": {"OBJECTID": 20004887, "LAYER_ID": 6851183, "GROUP_ID": 421487, "SCENARIO": "", "DEFQ": 0, "PLAN_NAME": "", "DATA_DATE": null, "MAVAT_CODE": 100, "MAVAT_NAME": "", "NAME": "", "LABEL": "", "NUM": "228", "LEGAL_AREA": 1491.6746, "TYPE_CODE": 0, "TYPE_NAME": "", "SOURCE_COD": 0, "HASAVA": 0, "STATUS": "", "PL_CHANGE": "", "ADDRESS": "", "PLACE_NO": 0, "CALC_AREA": 0.0, "OLD_MIG": "", "AGAM_ID": 4005042224.0, "FONT_SIZE": 3.0, "ROTATION": 0.0}, "geometry": {"type": "Point", "coordinates": [34.83428631389623, 31.993299527315223]}}, {"type": "Feature", "properties": {"OBJECTID": 20004888, "LAYER_ID": 6851183, "GROUP_ID": 421487, "SCENARIO": "", "DEFQ": 0, "PLAN_NAME": "", "DATA_DATE": null, "MAVAT_CODE": 100, "MAVAT_NAME": "", "NAME": "", "LABEL": "", "NUM": "226", "LEGAL_AREA": 1442.6567, "TYPE_CODE": 0, "TYPE_NAME": "", "SOURCE_COD": 0, "HASAVA": 0, "STATUS": "", "PL_CHANGE": "", "ADDRESS": "", "PLACE_NO": 0, "CALC_AREA": 0.0, "OLD_MIG": "", "AGAM_ID": 4005042224.0, "FONT_SIZE": 3.0, "ROTATION": 0.0}, "geometry": {"type": "Point", "coordinates": [34.832924782893, 31.993507077337167]}}, {"type": "Feature", "properties": {"OBJECTID": 20004889, "LAYER_ID": 6851183, "GROUP_ID": 421487, "SCENARIO": "", "DEFQ": 0, "PLAN_NAME": "", "DATA_DATE": null, "MAVAT_CODE": 100, "MAVAT_NAME": "", "NAME": "", "LABEL": "", "NUM": "227", "LEGAL_AREA": 1410.8706, "TYPE_CODE": 0, "TYPE_NAME": "", "SOURCE_COD": 0, "HASAVA": 0, "STATUS": "", "PL_CHANGE": "", "ADDRESS": "", "PLACE_NO": 0, "CALC_AREA": 0.0, "OLD_MIG": "", "AGAM_ID": 4005042224.0, "FONT_SIZE": 3.0, "ROTATION": 0.0}, "geometry": {"type": "Point", "coordinates": [34.83308348289703, 31.993222792401212]}}, {"type": "Feature", "properties": {"OBJECTID": 20004890, "LAYER_ID": 6851183, "GROUP_ID": 421487, "SCENARIO": "", "DEFQ": 0, "PLAN_NAME": "", "DATA_DATE": null, "MAVAT_CODE": 860, "MAVAT_NAME": "", "NAME": "", "LABEL": "", "NUM": "716", "LEGAL_AREA": 326.9337, "TYPE_CODE": 0, "TYPE_NAME": "", "SOURCE_COD": 0, "HASAVA": 0, "STATUS": "", "PL_CHANGE": "", "ADDRESS": "", "PLACE_NO": 0, "CALC_AREA": 0.0, "OLD_MIG": "", "AGAM_ID": 4005042224.0, "FONT_SIZE": 3.0, "ROTATION": 0.0}, "geometry": {"type": "Point", "coordinates": [34.83259736212047, 31.992874052538173]}}, {"type": "Feature", "properties": {"OBJECTID": 20004891, "LAYER_ID": 6851183, "GROUP_ID": 421487, "SCENARIO": "", "DEFQ": 0, "PLAN_NAME": "", "DATA_DATE": null, "MAVAT_CODE": 860, "MAVAT_NAME": "", "NAME": "", "LABEL": "", "NUM": "717", "LEGAL_AREA": 322.0, "TYPE_CODE": 0, "TYPE_NAME": "", "SOURCE_COD": 0, "HASAVA": 0, "STATUS": "", "PL_CHANGE": "", "ADDRESS": "", "PLACE_NO": 0, "CALC_AREA": 0.0, "OLD_MIG": "", "AGAM_ID": 4005042224.0, "FONT_SIZE": 3.0, "ROTATION": 0.0}, "geometry": {"type": "Point", "coordinates": [34.83316875039731, 31.99304531110948]}}, {"type": "Feature", "properties": {"OBJECTID": 20004892, "LAYER_ID": 6851183, "GROUP_ID": 421487, "SCENARIO": "", "DEFQ": 0, "PLAN_NAME": "", "DATA_DATE": null, "MAVAT_CODE": 860, "MAVAT_NAME": "", "NAME": "", "LABEL": "", "NUM": "718", "LEGAL_AREA": 327.8918, "TYPE_CODE": 0, "TYPE_NAME": "", "SOURCE_COD": 0, "HASAVA": 0, "STATUS": "", "PL_CHANGE": "", "ADDRESS": "", "PLACE_NO": 0, "CALC_AREA": 0.0, "OLD_MIG": "", "AGAM_ID": 4005042224.0, "FONT_SIZE": 3.0, "ROTATION": 0.0}, "geometry": {"type": "Point", "coordinates": [34.8341935211284, 31.993488947105224]}}, {"type": "Feature", "properties": {"OBJECTID": 20004893, "LAYER_ID": 6851183, "GROUP_ID": 421487, "SCENARIO": "", "DEFQ": 0, "PLAN_NAME": "", "DATA_DATE": null, "MAVAT_CODE": 860, "MAVAT_NAME": "", "NAME": "", "LABEL": "", "NUM": "719", "LEGAL_AREA": 329.2644, "TYPE_CODE": 0, "TYPE_NAME": "", "SOURCE_COD": 0, "HASAVA": 0, "STATUS": "", "PL_CHANGE": "", "ADDRESS": "", "PLACE_NO": 0, "CALC_AREA": 0.0, "OLD_MIG": "", "AGAM_ID": 4005042224.0, "FONT_SIZE": 3.0, "ROTATION": 0.0}, "geometry": {"type": "Point", "coordinates": [34.83325399139788, 31.994020491461146]}}, {"type": "Feature", "properties": {"OBJECTID": 20004894, "LAYER_ID": 6851183, "GROUP_ID": 421487, "SCENARIO": "", "DEFQ": 0, "PLAN_NAME": "", "DATA_DATE": null, "MAVAT_CODE": 860, "MAVAT_NAME": "", "NAME": "", "LABEL": "", "NUM": "722", "LEGAL_AREA": 390.1033, "TYPE_CODE": 0, "TYPE_NAME": "", "SOURCE_COD": 0, "HASAVA": 0, "STATUS": "", "PL_CHANGE": "", "ADDRESS": "", "PLACE_NO": 0, "CALC_AREA": 0.0, "OLD_MIG": "", "AGAM_ID": 4005042224.0, "FONT_SIZE": 3.0, "ROTATION": 0.0}, "geometry": {"type": "Point", "coordinates": [34.83210161642712, 31.99516605455582]}}, {"type": "Feature", "properties": {"OBJECTID": 20004895, "LAYER_ID": 6851183, "GROUP_ID": 421487, "SCENARIO": "", "DEFQ": 0, "PLAN_NAME": "", "DATA_DATE": null, "MAVAT_CODE": 670, "MAVAT_NAME": "", "NAME": "", "LABEL": "", "NUM": "802", "LEGAL_AREA": 7680.6013, "TYPE_CODE": 0, "TYPE_NAME": "", "SOURCE_COD": 0, "HASAVA": 0, "STATUS": "", "PL_CHANGE": "", "ADDRESS": "", "PLACE_NO": 0, "CALC_AREA": 0.0, "OLD_MIG": "", "AGAM_ID": 4005042224.0, "FONT_SIZE": 3.0, "ROTATION": 0.0}, "geometry": {"type": "Point", "coordinates": [34.83378193146604, 31.99304893594577]}}, {"type": "Feature", "properties": {"OBJECTID": 20004896, "LAYER_ID": 6851183, "GROUP_ID": 421487, "SCENARIO": "", "DEFQ": 0, "PLAN_NAME": "", "DATA_DATE": null, "MAVAT_CODE": 60, "MAVAT_NAME": "", "NAME": "", "LABEL": "", "NUM": "210", "LEGAL_AREA": 950.0, "TYPE_CODE": 0, "TYPE_NAME": "", "SOURCE_COD": 0, "HASAVA": 0, "STATUS": "", "PL_CHANGE": "", "ADDRESS": "", "PLACE_NO": 0, "CALC_AREA": 0.0, "OLD_MIG": "", "AGAM_ID": 4005042224.0, "FONT_SIZE": 3.0, "ROTATION": 0.0}, "geometry": {"type": "Point", "coordinates": [34.834464932184545, 31.997723909278776]}}, {"type": "Feature", "properties": {"OBJECTID": 20004897, "LAYER_ID": 6851183, "GROUP_ID": 421487, "SCENARIO": "", "DEFQ": 0, "PLAN_NAME": "", "DATA_DATE": null, "MAVAT_CODE": 60, "MAVAT_NAME": "", "NAME": "", "LABEL": "", "NUM": "214", "LEGAL_AREA": 962.5, "TYPE_CODE": 0, "TYPE_NAME": "", "SOURCE_COD": 0, "HASAVA": 0, "STATUS": "", "PL_CHANGE": "", "ADDRESS": "", "PLACE_NO": 0, "CALC_AREA": 0.0, "OLD_MIG": "", "AGAM_ID": 4005042224.0, "FONT_SIZE": 3.0, "ROTATION": 0.0}, "geometry": {"type": "Point", "coordinates": [34.83255202745498, 31.99812072320759]}}, {"type": "Feature", "properties": {"OBJECTID": 20004898, "LAYER_ID": 6851183, "GROUP_ID": 421487, "SCENARIO": "", "DEFQ": 0, "PLAN_NAME": "", "DATA_DATE": null, "MAVAT_CODE": 60, "MAVAT_NAME": "", "NAME": "", "LABEL": "", "NUM": "215", "LEGAL_AREA": 962.5, "TYPE_CODE": 0, "TYPE_NAME": "", "SOURCE_COD": 0, "HASAVA": 0, "STATUS": "", "PL_CHANGE": "", "ADDRESS": "", "PLACE_NO": 0, "CALC_AREA": 0.0, "OLD_MIG": "", "AGAM_ID": 4005042224.0, "FONT_SIZE": 3.0, "ROTATION": 0.0}, "geometry": {"type": "Point", "coordinates": [34.83215793878361, 31.998202026591258]}}, {"type": "Feature", "properties": {"OBJECTID": 20004899, "LAYER_ID": 6851183, "GROUP_ID": 421487, "SCENARIO": "", "DEFQ": 0, "PLAN_NAME": "", "DATA_DATE": null, "MAVAT_CODE": 60, "MAVAT_NAME": "", "NAME": "", "LABEL": "", "NUM": "216", "LEGAL_AREA": 1049.2815, "TYPE_CODE": 0, "TYPE_NAME": "", "SOURCE_COD": 0, "HASAVA": 0, "STATUS": "", "PL_CHANGE": "", "ADDRESS": "", "PLACE_NO": 0, "CALC_AREA": 0.0, "OLD_MIG": "", "AGAM_ID": 4005042224.0, "FONT_SIZE": 3.0, "ROTATION": 0.0}, "geometry": {"type": "Point", "coordinates": [34.83173444846626, 31.99827888308806]}}, {"type": "Feature", "properties": {"OBJECTID": 20004900, "LAYER_ID": 6851183, "GROUP_ID": 421487, "SCENARIO": "", "DEFQ": 0, "PLAN_NAME": "", "DATA_DATE": null, "MAVAT_CODE": 670, "MAVAT_NAME": "", "NAME": "", "LABEL": "", "NUM": "800", "LEGAL_AREA": 52418.0005, "TYPE_CODE": 0, "TYPE_NAME": "", "SOURCE_COD": 0, "HASAVA": 0, "STATUS": "", "PL_CHANGE": "", "ADDRESS": "", "PLACE_NO": 0, "CALC_AREA": 0.0, "OLD_MIG": "", "AGAM_ID": 4005042224.0, "FONT_SIZE": 3.0, "ROTATION": 0.0}, "geometry": {"type": "Point", "coordinates": [34.83275787565254, 31.997168134772128]}}, {"type": "Feature", "properties": {"OBJECTID": 20004901, "LAYER_ID": 6851183, "GROUP_ID": 421487, "SCENARIO": "", "DEFQ": 0, "PLAN_NAME": "", "DATA_DATE": null, "MAVAT_CODE": 650, "MAVAT_NAME": "", "NAME": "", "LABEL": "", "NUM": "903", "LEGAL_AREA": 26292.7146, "TYPE_CODE": 0, "TYPE_NAME": "", "SOURCE_COD": 0, "HASAVA": 0, "STATUS": "", "PL_CHANGE": "", "ADDRESS": "", "PLACE_NO": 0, "CALC_AREA": 0.0, "OLD_MIG": "", "AGAM_ID": 4005042224.0, "FONT_SIZE": 3.0, "ROTATION": 0.0}, "geometry": {"type": "Point", "coordinates": [34.83452800591944, 31.991810333834515]}}, {"type": "Feature", "properties": {"OBJECTID": 20004902, "LAYER_ID": 6851183, "GROUP_ID": 421487, "SCENARIO": "", "DEFQ": 0, "PLAN_NAME": "", "DATA_DATE": null, "MAVAT_CODE": 100, "MAVAT_NAME": "", "NAME": "", "LABEL": "", "NUM": "247", "LEGAL_AREA": 1522.1242, "TYPE_CODE": 0, "TYPE_NAME": "", "SOURCE_COD": 0, "HASAVA": 0, "STATUS": "", "PL_CHANGE": "", "ADDRESS": "", "PLACE_NO": 0, "CALC_AREA": 0.0, "OLD_MIG": "", "AGAM_ID": 4005042224.0, "FONT_SIZE": 3.0, "ROTATION": 0.0}, "geometry": {"type": "Point", "coordinates": [34.8340319985862, 31.991450263784174]}}, {"type": "Feature", "properties": {"OBJECTID": 20004903, "LAYER_ID": 6851183, "GROUP_ID": 421487, "SCENARIO": "", "DEFQ": 0, "PLAN_NAME": "", "DATA_DATE": null, "MAVAT_CODE": 1502, "MAVAT_NAME": "", "NAME": "", "LABEL": "", "NUM": "602", "LEGAL_AREA": 2082.2186, "TYPE_CODE": 0, "TYPE_NAME": "", "SOURCE_COD": 0, "HASAVA": 0, "STATUS": "", "PL_CHANGE": "", "ADDRESS": "", "PLACE_NO": 0, "CALC_AREA": 0.0, "OLD_MIG": "", "AGAM_ID": 4005042224.0, "FONT_SIZE": 3.0, "ROTATION": 0.0}, "geometry": {"type": "Point", "coordinates": [34.83139342607541, 31.988925209721582]}}, {"type": "Feature", "properties": {"OBJECTID": 20004904, "LAYER_ID": 6851183, "GROUP_ID": 421487, "SCENARIO": "", "DEFQ": 0, "PLAN_NAME": "", "DATA_DATE": null, "MAVAT_CODE": 1502, "MAVAT_NAME": "", "NAME": "", "LABEL": "", "NUM": "603", "LEGAL_AREA": 2244.0561, "TYPE_CODE": 0, "TYPE_NAME": "", "SOURCE_COD": 0, "HASAVA": 0, "STATUS": "", "PL_CHANGE": "", "ADDRESS": "", "PLACE_NO": 0, "CALC_AREA": 0.0, "OLD_MIG": "", "AGAM_ID": 4005042224.0, "FONT_SIZE": 3.0, "ROTATION": 0.0}, "geometry": {"type": "Point", "coordinates": [34.83161626770549, 31.98855213404177]}}, {"type": "Feature", "properties": {"OBJECTID": 20004905, "LAYER_ID": 6851183, "GROUP_ID": 421487, "SCENARIO": "", "DEFQ": 0, "PLAN_NAME": "", "DATA_DATE": null, "MAVAT_CODE": 1502, "MAVAT_NAME": "", "NAME": "", "LABEL": "", "NUM": "604", "LEGAL_AREA": 2440.2671, "TYPE_CODE": 0, "TYPE_NAME": "", "SOURCE_COD": 0, "HASAVA": 0, "STATUS": "", "PL_CHANGE": "", "ADDRESS": "", "PLACE_NO": 0, "CALC_AREA": 0.0, "OLD_MIG": "", "AGAM_ID": 4005042224.0, "FONT_SIZE": 3.0, "ROTATION": 0.0}, "geometry": {"type": "Point", "coordinates": [34.83183109902395, 31.988168746658012]}}, {"type": "Feature", "properties": {"OBJECTID": 20004906, "LAYER_ID": 6851183, "GROUP_ID": 421487, "SCENARIO": "", "DEFQ": 0, "PLAN_NAME": "", "DATA_DATE": null, "MAVAT_CODE": 650, "MAVAT_NAME": "", "NAME": "", "LABEL": "", "NUM": "901", "LEGAL_AREA": 8882.9162, "TYPE_CODE": 0, "TYPE_NAME": "", "SOURCE_COD": 0, "HASAVA": 0, "STATUS": "", "PL_CHANGE": "", "ADDRESS": "", "PLACE_NO": 0, "CALC_AREA": 0.0, "OLD_MIG": "", "AGAM_ID": 4005042224.0, "FONT_SIZE": 3.0, "ROTATION": 0.0}, "geometry": {"type": "Point", "coordinates": [34.837485114969624, 32.00032905535824]}}, {"type": "Feature", "properties": {"OBJECTID": 20004907, "LAYER_ID": 6851183, "GROUP_ID": 421487, "SCENARIO": "", "DEFQ": 0, "PLAN_NAME": "", "DATA_DATE": null, "MAVAT_CODE": 400, "MAVAT_NAME": "", "NAME": "", "LABEL": "", "NUM": "503", "LEGAL_AREA": 5326.2859, "TYPE_CODE": 0, "TYPE_NAME": "", "SOURCE_COD": 0, "HASAVA": 0, "STATUS": "", "PL_CHANGE": "", "ADDRESS": "", "PLACE_NO": 0, "CALC_AREA": 0.0, "OLD_MIG": "", "AGAM_ID": 4005042224.0, "FONT_SIZE": 3.0, "ROTATION": 0.0}, "geometry": {"type": "Point", "coordinates": [34.8315434899197, 31.99113029809013]}}, {"type": "Feature", "properties": {"OBJECTID": 20004908, "LAYER_ID": 6851183, "GROUP_ID": 421487, "SCENARIO": "", "DEFQ": 0, "PLAN_NAME": "", "DATA_DATE": null, "MAVAT_CODE": 100, "MAVAT_NAME": "", "NAME": "", "LABEL": "", "NUM": "246", "LEGAL_AREA": 1769.0162, "TYPE_CODE": 0, "TYPE_NAME": "", "SOURCE_COD": 0, "HASAVA": 0, "STATUS": "", "PL_CHANGE": "", "ADDRESS": "", "PLACE_NO": 0, "CALC_AREA": 0.0, "OLD_MIG": "", "AGAM_ID": 4005042224.0, "FONT_SIZE": 3.0, "ROTATION": 0.0}, "geometry": {"type": "Point", "coordinates": [34.83213335539536, 31.99154578579357]}}, {"type": "Feature", "properties": {"OBJECTID": 20004909, "LAYER_ID": 6851183, "GROUP_ID": 421487, "SCENARIO": "", "DEFQ": 0, "PLAN_NAME": "", "DATA_DATE": null, "MAVAT_CODE": 100, "MAVAT_NAME": "", "NAME": "", "LABEL": "", "NUM": "236", "LEGAL_AREA": 1637.4322, "TYPE_CODE": 0, "TYPE_NAME": "", "SOURCE_COD": 0, "HASAVA": 0, "STATUS": "", "PL_CHANGE": "", "ADDRESS": "", "PLACE_NO": 0, "CALC_AREA": 0.0, "OLD_MIG": "", "AGAM_ID": 4005042224.0, "FONT_SIZE": 3.0, "ROTATION": 0.0}, "geometry": {"type": "Point", "coordinates": [34.831880514121714, 31.992004658156727]}}, {"type": "Feature", "properties": {"OBJECTID": 20004910, "LAYER_ID": 6851183, "GROUP_ID": 421487, "SCENARIO": "", "DEFQ": 0, "PLAN_NAME": "", "DATA_DATE": null, "MAVAT_CODE": 100, "MAVAT_NAME": "", "NAME": "", "LABEL": "", "NUM": "313", "LEGAL_AREA": 2680.6825, "TYPE_CODE": 0, "TYPE_NAME": "", "SOURCE_COD": 0, "HASAVA": 0, "STATUS": "", "PL_CHANGE": "", "ADDRESS": "", "PLACE_NO": 0, "CALC_AREA": 0.0, "OLD_MIG": "", "AGAM_ID": 4005042224.0, "FONT_SIZE": 3.0, "ROTATION": 0.0}, "geometry": {"type": "Point", "coordinates": [34.83264304237909, 31.994371688169277]}}, {"type": "Feature", "properties": {"OBJECTID": 20004911, "LAYER_ID": 6851183, "GROUP_ID": 421487, "SCENARIO": "", "DEFQ": 0, "PLAN_NAME": "", "DATA_DATE": null, "MAVAT_CODE": 100, "MAVAT_NAME": "", "NAME": "", "LABEL": "", "NUM": "321", "LEGAL_AREA": 2870.1094, "TYPE_CODE": 0, "TYPE_NAME": "", "SOURCE_COD": 0, "HASAVA": 0, "STATUS": "", "PL_CHANGE": "", "ADDRESS": "", "PLACE_NO": 0, "CALC_AREA": 0.0, "OLD_MIG": "", "AGAM_ID": 4005042224.0, "FONT_SIZE": 3.0, "ROTATION": 0.0}, "geometry": {"type": "Point", "coordinates": [34.83339670165081, 31.994653697819075]}}, {"type": "Feature", "properties": {"OBJECTID": 20004912, "LAYER_ID": 6851183, "GROUP_ID": 421487, "SCENARIO": "", "DEFQ": 0, "PLAN_NAME": "", "DATA_DATE": null, "MAVAT_CODE": 100, "MAVAT_NAME": "", "NAME": "", "LABEL": "", "NUM": "302", "LEGAL_AREA": 1524.741, "TYPE_CODE": 0, "TYPE_NAME": "", "SOURCE_COD": 0, "HASAVA": 0, "STATUS": "", "PL_CHANGE": "", "ADDRESS": "", "PLACE_NO": 0, "CALC_AREA": 0.0, "OLD_MIG": "", "AGAM_ID": 4005042224.0, "FONT_SIZE": 3.0, "ROTATION": 0.0}, "geometry": {"type": "Point", "coordinates": [34.83222954122897, 31.993630264385413]}}, {"type": "Feature", "properties": {"OBJECTID": 20004913, "LAYER_ID": 6851183, "GROUP_ID": 421487, "SCENARIO": "", "DEFQ": 0, "PLAN_NAME": "", "DATA_DATE": null, "MAVAT_CODE": 140, "MAVAT_NAME": "", "NAME": "", "LABEL": "", "NUM": "405", "LEGAL_AREA": 2721.4955, "TYPE_CODE": 0, "TYPE_NAME": "", "SOURCE_COD": 0, "HASAVA": 0, "STATUS": "", "PL_CHANGE": "", "ADDRESS": "", "PLACE_NO": 0, "CALC_AREA": 0.0, "OLD_MIG": "", "AGAM_ID": 4005042224.0, "FONT_SIZE": 3.0, "ROTATION": 0.0}, "geometry": {"type": "Point", "coordinates": [34.83290250524616, 31.99388477338434]}}, {"type": "Feature", "properties": {"OBJECTID": 20004914, "LAYER_ID": 6851183, "GROUP_ID": 421487, "SCENARIO": "", "DEFQ": 0, "PLAN_NAME": "", "DATA_DATE": null, "MAVAT_CODE": 140, "MAVAT_NAME": "", "NAME": "", "LABEL": "", "NUM": "407", "LEGAL_AREA": 2910.3626, "TYPE_CODE": 0, "TYPE_NAME": "", "SOURCE_COD": 0, "HASAVA": 0, "STATUS": "", "PL_CHANGE": "", "ADDRESS": "", "PLACE_NO": 0, "CALC_AREA": 0.0, "OLD_MIG": "", "AGAM_ID": 4005042224.0, "FONT_SIZE": 3.0, "ROTATION": 0.0}, "geometry": {"type": "Point", "coordinates": [34.833640113150445, 31.994167766262926]}}, {"type": "Feature", "properties": {"OBJECTID": 20004915, "LAYER_ID": 6851183, "GROUP_ID": 421487, "SCENARIO": "", "DEFQ": 0, "PLAN_NAME": "", "DATA_DATE": null, "MAVAT_CODE": 830, "MAVAT_NAME": "", "NAME": "", "LABEL": "", "NUM": "700", "LEGAL_AREA": 10588.8149, "TYPE_CODE": 0, "TYPE_NAME": "", "SOURCE_COD": 0, "HASAVA": 0, "STATUS": "", "PL_CHANGE": "", "ADDRESS": "", "PLACE_NO": 0, "CALC_AREA": 0.0, "OLD_MIG": "", "AGAM_ID": 4005042224.0, "FONT_SIZE": 3.0, "ROTATION": 0.0}, "geometry": {"type": "Point", "coordinates": [34.83325806472117, 31.992262232707397]}}, {"type": "Feature", "properties": {"OBJECTID": 20004916, "LAYER_ID": 6851183, "GROUP_ID": 421487, "SCENARIO": "", "DEFQ": 0, "PLAN_NAME": "", "DATA_DATE": null, "MAVAT_CODE": 830, "MAVAT_NAME": "", "NAME": "", "LABEL": "", "NUM": "708", "LEGAL_AREA": 3321.0753, "TYPE_CODE": 0, "TYPE_NAME": "", "SOURCE_COD": 0, "HASAVA": 0, "STATUS": "", "PL_CHANGE": "", "ADDRESS": "", "PLACE_NO": 0, "CALC_AREA": 0.0, "OLD_MIG": "", "AGAM_ID": 4005042224.0, "FONT_SIZE": 3.0, "ROTATION": 0.0}, "geometry": {"type": "Point", "coordinates": [34.83289092663687, 31.992961795564316]}}, {"type": "Feature", "properties": {"OBJECTID": 20004917, "LAYER_ID": 6851183, "GROUP_ID": 421487, "SCENARIO": "", "DEFQ": 0, "PLAN_NAME": "", "DATA_DATE": null, "MAVAT_CODE": 860, "MAVAT_NAME": "", "NAME": "", "LABEL": "", "NUM": "721", "LEGAL_AREA": 327.67, "TYPE_CODE": 0, "TYPE_NAME": "", "SOURCE_COD": 0, "HASAVA": 0, "STATUS": "", "PL_CHANGE": "", "ADDRESS": "", "PLACE_NO": 0, "CALC_AREA": 0.0, "OLD_MIG": "", "AGAM_ID": 4005042224.0, "FONT_SIZE": 3.0, "ROTATION": 0.0}, "geometry": {"type": "Point", "coordinates": [34.83300780014912, 31.99450940091233]}}, {"type": "Feature", "properties": {"OBJECTID": 20004918, "LAYER_ID": 6851183, "GROUP_ID": 421487, "SCENARIO": "", "DEFQ": 0, "PLAN_NAME": "", "DATA_DATE": null, "MAVAT_CODE": 400, "MAVAT_NAME": "", "NAME": "", "LABEL": "", "NUM": "500", "LEGAL_AREA": 22540.5438, "TYPE_CODE": 0, "TYPE_NAME": "", "SOURCE_COD": 0, "HASAVA": 0, "STATUS": "", "PL_CHANGE": "", "ADDRESS": "", "PLACE_NO": 0, "CALC_AREA": 0.0, "OLD_MIG": "", "AGAM_ID": 4005042224.0, "FONT_SIZE": 3.0, "ROTATION": 0.0}, "geometry": {"type": "Point", "coordinates": [34.834083916746344, 31.995766891060907]}}, {"type": "Feature", "properties": {"OBJECTID": 20004919, "LAYER_ID": 6851183, "GROUP_ID": 421487, "SCENARIO": "", "DEFQ": 0, "PLAN_NAME": "", "DATA_DATE": null, "MAVAT_CODE": 280, "MAVAT_NAME": "", "NAME": "", "LABEL": "", "NUM": "605", "LEGAL_AREA": 2024.0789, "TYPE_CODE": 0, "TYPE_NAME": "", "SOURCE_COD": 0, "HASAVA": 0, "STATUS": "", "PL_CHANGE": "", "ADDRESS": "", "PLACE_NO": 0, "CALC_AREA": 0.0, "OLD_MIG": "", "AGAM_ID": 4005042224.0, "FONT_SIZE": 3.0, "ROTATION": 0.0}, "geometry": {"type": "Point", "coordinates": [34.83118101863879, 31.98928765636039]}}, {"type": "Feature", "properties": {"OBJECTID": 20004920, "LAYER_ID": 6851183, "GROUP_ID": 421487, "SCENARIO": "", "DEFQ": 0, "PLAN_NAME": "", "DATA_DATE": null, "MAVAT_CODE": 140, "MAVAT_NAME": "", "NAME": "", "LABEL": "", "NUM": "306", "LEGAL_AREA": 1452.088, "TYPE_CODE": 0, "TYPE_NAME": "", "SOURCE_COD": 0, "HASAVA": 0, "STATUS": "", "PL_CHANGE": "", "ADDRESS": "", "PLACE_NO": 0, "CALC_AREA": 0.0, "OLD_MIG": "", "AGAM_ID": 4005042224.0, "FONT_SIZE": 3.0, "ROTATION": 0.0}, "geometry": {"type": "Point", "coordinates": [34.83134925470635, 31.990354498230406]}}, {"type": "Feature", "properties": {"OBJECTID": 20004921, "LAYER_ID": 6851183, "GROUP_ID": 421487, "SCENARIO": "", "DEFQ": 0, "PLAN_NAME": "", "DATA_DATE": null, "MAVAT_CODE": 100, "MAVAT_NAME": "", "NAME": "", "LABEL": "", "NUM": "314", "LEGAL_AREA": 2873.4709, "TYPE_CODE": 0, "TYPE_NAME": "", "SOURCE_COD": 0, "HASAVA": 0, "STATUS": "", "PL_CHANGE": "", "ADDRESS": "", "PLACE_NO": 0, "CALC_AREA": 0.0, "OLD_MIG": "", "AGAM_ID": 4005042224.0, "FONT_SIZE": 3.0, "ROTATION": 0.0}, "geometry": {"type": "Point", "coordinates": [34.83448521204555, 31.99449515195256]}}, {"type": "Feature", "properties": {"OBJECTID": 20004922, "LAYER_ID": 6851183, "GROUP_ID": 421487, "SCENARIO": "", "DEFQ": 0, "PLAN_NAME": "", "DATA_DATE": null, "MAVAT_CODE": 20, "MAVAT_NAME": "", "NAME": "", "LABEL": "", "NUM": "109", "LEGAL_AREA": 1207.3732, "TYPE_CODE": 0, "TYPE_NAME": "", "SOURCE_COD": 0, "HASAVA": 0, "STATUS": "", "PL_CHANGE": "", "ADDRESS": "", "PLACE_NO": 0, "CALC_AREA": 0.0, "OLD_MIG": "", "AGAM_ID": 4005042224.0, "FONT_SIZE": 3.0, "ROTATION": 0.0}, "geometry": {"type": "Point", "coordinates": [34.83464250916157, 31.99848925734976]}}, {"type": "Feature", "properties": {"OBJECTID": 20004923, "LAYER_ID": 6851183, "GROUP_ID": 421487, "SCENARIO": "", "DEFQ": 0, "PLAN_NAME": "", "DATA_DATE": null, "MAVAT_CODE": 810, "MAVAT_NAME": "", "NAME": "", "LABEL": "", "NUM": "750", "LEGAL_AREA": 1907.8917, "TYPE_CODE": 0, "TYPE_NAME": "", "SOURCE_COD": 0, "HASAVA": 0, "STATUS": "", "PL_CHANGE": "", "ADDRESS": "", "PLACE_NO": 0, "CALC_AREA": 0.0, "OLD_MIG": "", "AGAM_ID": 4005042224.0, "FONT_SIZE": 3.0, "ROTATION": 0.0}, "geometry": {"type": "Point", "coordinates": [34.830617484850386, 31.990013104901553]}}, {"type": "Feature", "properties": {"OBJECTID": 20004924, "LAYER_ID": 6851183, "GROUP_ID": 421487, "SCENARIO": "", "DEFQ": 0, "PLAN_NAME": "", "DATA_DATE": null, "MAVAT_CODE": 1502, "MAVAT_NAME": "", "NAME": "", "LABEL": "", "NUM": "601", "LEGAL_AREA": 2867.5682, "TYPE_CODE": 0, "TYPE_NAME": "", "SOURCE_COD": 0, "HASAVA": 0, "STATUS": "", "PL_CHANGE": "", "ADDRESS": "", "PLACE_NO": 0, "CALC_AREA": 0.0, "OLD_MIG": "", "AGAM_ID": 4005042224.0, "FONT_SIZE": 3.0, "ROTATION": 0.0}, "geometry": {"type": "Point", "coordinates": [34.83091608759631, 31.98968829809903]}}, {"type": "Feature", "properties": {"OBJECTID": 20004925, "LAYER_ID": 6851183, "GROUP_ID": 421487, "SCENARIO": "", "DEFQ": 0, "PLAN_NAME": "", "DATA_DATE": null, "MAVAT_CODE": 830, "MAVAT_NAME": "", "NAME": "", "LABEL": "", "NUM": "705", "LEGAL_AREA": 1429.4971, "TYPE_CODE": 0, "TYPE_NAME": "", "SOURCE_COD": 0, "HASAVA": 0, "STATUS": "", "PL_CHANGE": "", "ADDRESS": "", "PLACE_NO": 0, "CALC_AREA": 0.0, "OLD_MIG": "", "AGAM_ID": 4005042224.0, "FONT_SIZE": 3.0, "ROTATION": 0.0}, "geometry": {"type": "Point", "coordinates": [34.8343450334614, 31.99857746644997]}}, {"type": "Feature", "properties": {"OBJECTID": 20004926, "LAYER_ID": 6851183, "GROUP_ID": 421487, "SCENARIO": "", "DEFQ": 0, "PLAN_NAME": "", "DATA_DATE": null, "MAVAT_CODE": 20, "MAVAT_NAME": "", "NAME": "", "LABEL": "", "NUM": "113", "LEGAL_AREA": 1057.9045, "TYPE_CODE": 0, "TYPE_NAME": "", "SOURCE_COD": 0, "HASAVA": 0, "STATUS": "", "PL_CHANGE": "", "ADDRESS": "", "PLACE_NO": 0, "CALC_AREA": 0.0, "OLD_MIG": "", "AGAM_ID": 4005042224.0, "FONT_SIZE": 3.0, "ROTATION": 0.0}, "geometry": {"type": "Point", "coordinates": [34.83410930849715, 31.998572762116865]}}, {"type": "Feature", "properties": {"OBJECTID": 20004927, "LAYER_ID": 6851183, "GROUP_ID": 421487, "SCENARIO": "", "DEFQ": 0, "PLAN_NAME": "", "DATA_DATE": null, "MAVAT_CODE": 20, "MAVAT_NAME": "", "NAME": "", "LABEL": "", "NUM": "111", "LEGAL_AREA": 991.0284, "TYPE_CODE": 0, "TYPE_NAME": "", "SOURCE_COD": 0, "HASAVA": 0, "STATUS": "", "PL_CHANGE": "", "ADDRESS": "", "PLACE_NO": 0, "CALC_AREA": 0.0, "OLD_MIG": "", "AGAM_ID": 4005042224.0, "FONT_SIZE": 3.0, "ROTATION": 0.0}, "geometry": {"type": "Point", "coordinates": [34.83571561351373, 31.99786341310871]}}, {"type": "Feature", "properties": {"OBJECTID": 20004928, "LAYER_ID": 6851183, "GROUP_ID": 421487, "SCENARIO": "", "DEFQ": 0, "PLAN_NAME": "", "DATA_DATE": null, "MAVAT_CODE": 20, "MAVAT_NAME": "", "NAME": "", "LABEL": "", "NUM": "112", "LEGAL_AREA": 939.4912, "TYPE_CODE": 0, "TYPE_NAME": "", "SOURCE_COD": 0, "HASAVA": 0, "STATUS": "", "PL_CHANGE": "", "ADDRESS": "", "PLACE_NO": 0, "CALC_AREA": 0.0, "OLD_MIG": "", "AGAM_ID": 4005042224.0, "FONT_SIZE": 3.0, "ROTATION": 0.0}, "geometry": {"type": "Point", "coordinates": [34.83530366108931, 31.997921568418064]}}, {"type": "Feature", "properties": {"OBJECTID": 20004929, "LAYER_ID": 6851183, "GROUP_ID": 421487, "SCENARIO": "", "DEFQ": 0, "PLAN_NAME": "", "DATA_DATE": null, "MAVAT_CODE": 20, "MAVAT_NAME": "", "NAME": "", "LABEL": "", "NUM": "115", "LEGAL_AREA": 965.2008, "TYPE_CODE": 0, "TYPE_NAME": "", "SOURCE_COD": 0, "HASAVA": 0, "STATUS": "", "PL_CHANGE": "", "ADDRESS": "", "PLACE_NO": 0, "CALC_AREA": 0.0, "OLD_MIG": "", "AGAM_ID": 4005042224.0, "FONT_SIZE": 3.0, "ROTATION": 0.0}, "geometry": {"type": "Point", "coordinates": [34.83390933748067, 31.998205316539178]}}, {"type": "Feature", "properties": {"OBJECTID": 20004930, "LAYER_ID": 6851183, "GROUP_ID": 421487, "SCENARIO": "", "DEFQ": 0, "PLAN_NAME": "", "DATA_DATE": null, "MAVAT_CODE": 20, "MAVAT_NAME": "", "NAME": "", "LABEL": "", "NUM": "116", "LEGAL_AREA": 918.5997, "TYPE_CODE": 0, "TYPE_NAME": "", "SOURCE_COD": 0, "HASAVA": 0, "STATUS": "", "PL_CHANGE": "", "ADDRESS": "", "PLACE_NO": 0, "CALC_AREA": 0.0, "OLD_MIG": "", "AGAM_ID": 4005042224.0, "FONT_SIZE": 3.0, "ROTATION": 0.0}, "geometry": {"type": "Point", "coordinates": [34.83350937015601, 31.99828449313549]}}, {"type": "Feature", "properties": {"OBJECTID": 20004931, "LAYER_ID": 6851183, "GROUP_ID": 421487, "SCENARIO": "", "DEFQ": 0, "PLAN_NAME": "", "DATA_DATE": null, "MAVAT_CODE": 660, "MAVAT_NAME": "", "NAME": "", "LABEL": "", "NUM": "907", "LEGAL_AREA": 11250.4493, "TYPE_CODE": 0, "TYPE_NAME": "", "SOURCE_COD": 0, "HASAVA": 0, "STATUS": "", "PL_CHANGE": "", "ADDRESS": "", "PLACE_NO": 0, "CALC_AREA": 0.0, "OLD_MIG": "", "AGAM_ID": 4005042224.0, "FONT_SIZE": 3.0, "ROTATION": 0.0}, "geometry": {"type": "Point", "coordinates": [34.83832949190166, 31.99513682432743]}}, {"type": "Feature", "properties": {"OBJECTID": 20004932, "LAYER_ID": 6851183, "GROUP_ID": 421487, "SCENARIO": "", "DEFQ": 0, "PLAN_NAME": "", "DATA_DATE": null, "MAVAT_CODE": 660, "MAVAT_NAME": "", "NAME": "", "LABEL": "", "NUM": "908", "LEGAL_AREA": 35167.3662, "TYPE_CODE": 0, "TYPE_NAME": "", "SOURCE_COD": 0, "HASAVA": 0, "STATUS": "", "PL_CHANGE": "", "ADDRESS": "", "PLACE_NO": 0, "CALC_AREA": 0.0, "OLD_MIG": "", "AGAM_ID": 4005042224.0, "FONT_SIZE": 3.0, "ROTATION": 0.0}, "geometry": {"type": "Point", "coordinates": [34.83689616540889, 31.991576012746442]}}, {"type": "Feature", "properties": {"OBJECTID": 20004933, "LAYER_ID": 6851183, "GROUP_ID": 421487, "SCENARIO": "", "DEFQ": 0, "PLAN_NAME": "", "DATA_DATE": null, "MAVAT_CODE": 660, "MAVAT_NAME": "", "NAME": "", "LABEL": "", "NUM": "909", "LEGAL_AREA": 25479.9182, "TYPE_CODE": 0, "TYPE_NAME": "", "SOURCE_COD": 0, "HASAVA": 0, "STATUS": "", "PL_CHANGE": "", "ADDRESS": "", "PLACE_NO": 0, "CALC_AREA": 0.0, "OLD_MIG": "", "AGAM_ID": 4005042224.0, "FONT_SIZE": 3.0, "ROTATION": 0.0}, "geometry": {"type": "Point", "coordinates": [34.83637448164885, 31.98655887000682]}}, {"type": "Feature", "properties": {"OBJECTID": 20004934, "LAYER_ID": 6851183, "GROUP_ID": 421487, "SCENARIO": "", "DEFQ": 0, "PLAN_NAME": "", "DATA_DATE": null, "MAVAT_CODE": 820, "MAVAT_NAME": "", "NAME": "", "LABEL": "", "NUM": "735", "LEGAL_AREA": 6181.4458, "TYPE_CODE": 0, "TYPE_NAME": "", "SOURCE_COD": 0, "HASAVA": 0, "STATUS": "", "PL_CHANGE": "", "ADDRESS": "", "PLACE_NO": 0, "CALC_AREA": 0.0, "OLD_MIG": "", "AGAM_ID": 4005042224.0, "FONT_SIZE": 3.0, "ROTATION": 0.0}, "geometry": {"type": "Point", "coordinates": [34.8385726407801, 31.995023261824027]}}, {"type": "Feature", "properties": {"OBJECTID": 20004935, "LAYER_ID": 6851183, "GROUP_ID": 421487, "SCENARIO": "", "DEFQ": 0, "PLAN_NAME": "", "DATA_DATE": null, "MAVAT_CODE": 820, "MAVAT_NAME": "", "NAME": "", "LABEL": "", "NUM": "736", "LEGAL_AREA": 1235.9368, "TYPE_CODE": 0, "TYPE_NAME": "", "SOURCE_COD": 0, "HASAVA": 0, "STATUS": "", "PL_CHANGE": "", "ADDRESS": "", "PLACE_NO": 0, "CALC_AREA": 0.0, "OLD_MIG": "", "AGAM_ID": 4005042224.0, "FONT_SIZE": 3.0, "ROTATION": 0.0}, "geometry": {"type": "Point", "coordinates": [34.836764065806506, 31.987995330654524]}}, {"type": "Feature", "properties": {"OBJECTID": 20004936, "LAYER_ID": 6851183, "GROUP_ID": 421487, "SCENARIO": "", "DEFQ": 0, "PLAN_NAME": "", "DATA_DATE": null, "MAVAT_CODE": 820, "MAVAT_NAME": "", "NAME": "", "LABEL": "", "NUM": "737", "LEGAL_AREA": 319.129, "TYPE_CODE": 0, "TYPE_NAME": "", "SOURCE_COD": 0, "HASAVA": 0, "STATUS": "", "PL_CHANGE": "", "ADDRESS": "", "PLACE_NO": 0, "CALC_AREA": 0.0, "OLD_MIG": "", "AGAM_ID": 4005042224.0, "FONT_SIZE": 3.0, "ROTATION": 0.0}, "geometry": {"type": "Point", "coordinates": [34.83617866183098, 31.985682898128097]}}, {"type": "Feature", "properties": {"OBJECTID": 20004937, "LAYER_ID": 6851183, "GROUP_ID": 421487, "SCENARIO": "", "DEFQ": 0, "PLAN_NAME": "", "DATA_DATE": null, "MAVAT_CODE": 820, "MAVAT_NAME": "", "NAME": "", "LABEL": "", "NUM": "738", "LEGAL_AREA": 1361.7094, "TYPE_CODE": 0, "TYPE_NAME": "", "SOURCE_COD": 0, "HASAVA": 0, "STATUS": "", "PL_CHANGE": "", "ADDRESS": "", "PLACE_NO": 0, "CALC_AREA": 0.0, "OLD_MIG": "", "AGAM_ID": 4005042224.0, "FONT_SIZE": 3.0, "ROTATION": 0.0}, "geometry": {"type": "Point", "coordinates": [34.83593551353852, 31.984015861695504]}}, {"type": "Feature", "properties": {"OBJECTID": 20004938, "LAYER_ID": 6851183, "GROUP_ID": 421487, "SCENARIO": "", "DEFQ": 0, "PLAN_NAME": "", "DATA_DATE": null, "MAVAT_CODE": 820, "MAVAT_NAME": "", "NAME": "", "LABEL": "", "NUM": "739", "LEGAL_AREA": 152.7183, "TYPE_CODE": 0, "TYPE_NAME": "", "SOURCE_COD": 0, "HASAVA": 0, "STATUS": "", "PL_CHANGE": "", "ADDRESS": "", "PLACE_NO": 0, "CALC_AREA": 0.0, "OLD_MIG": "", "AGAM_ID": 4005042224.0, "FONT_SIZE": 3.0, "ROTATION": 0.0}, "geometry": {"type": "Point", "coordinates": [34.83460238617922, 31.99482729348399]}}, {"type": "Feature", "properties": {"OBJECTID": 20004939, "LAYER_ID": 6851183, "GROUP_ID": 421487, "SCENARIO": "", "DEFQ": 0, "PLAN_NAME": "", "DATA_DATE": null, "MAVAT_CODE": 830, "MAVAT_NAME": "", "NAME": "", "LABEL": "", "NUM": "740", "LEGAL_AREA": 1091.5966, "TYPE_CODE": 0, "TYPE_NAME": "", "SOURCE_COD": 0, "HASAVA": 0, "STATUS": "", "PL_CHANGE": "", "ADDRESS": "", "PLACE_NO": 0, "CALC_AREA": 0.0, "OLD_MIG": "", "AGAM_ID": 4005042224.0, "FONT_SIZE": 3.0, "ROTATION": 0.0}, "geometry": {"type": "Point", "coordinates": [34.83491397964197, 31.99493938974661]}}, {"type": "Feature", "properties": {"OBJECTID": 20004940, "LAYER_ID": 6851183, "GROUP_ID": 421487, "SCENARIO": "", "DEFQ": 0, "PLAN_NAME": "", "DATA_DATE": null, "MAVAT_CODE": 820, "MAVAT_NAME": "", "NAME": "", "LABEL": "", "NUM": "742", "LEGAL_AREA": 33.9174, "TYPE_CODE": 0, "TYPE_NAME": "", "SOURCE_COD": 0, "HASAVA": 0, "STATUS": "", "PL_CHANGE": "", "ADDRESS": "", "PLACE_NO": 0, "CALC_AREA": 0.0, "OLD_MIG": "", "AGAM_ID": 4005042224.0, "FONT_SIZE": 3.0, "ROTATION": 0.0}, "geometry": {"type": "Point", "coordinates": [34.83373194390562, 31.995099866488637]}}, {"type": "Feature", "properties": {"OBJECTID": 20004941, "LAYER_ID": 6851183, "GROUP_ID": 421487, "SCENARIO": "", "DEFQ": 0, "PLAN_NAME": "", "DATA_DATE": null, "MAVAT_CODE": 820, "MAVAT_NAME": "", "NAME": "", "LABEL": "", "NUM": "743", "LEGAL_AREA": 123.1657, "TYPE_CODE": 0, "TYPE_NAME": "", "SOURCE_COD": 0, "HASAVA": 0, "STATUS": "", "PL_CHANGE": "", "ADDRESS": "", "PLACE_NO": 0, "CALC_AREA": 0.0, "OLD_MIG": "", "AGAM_ID": 4005042224.0, "FONT_SIZE": 3.0, "ROTATION": 0.0}, "geometry": {"type": "Point", "coordinates": [34.834143302525355, 31.990610880629443]}}, {"type": "Feature", "properties": {"OBJECTID": 20004942, "LAYER_ID": 6851183, "GROUP_ID": 421487, "SCENARIO": "", "DEFQ": 0, "PLAN_NAME": "", "DATA_DATE": null, "MAVAT_CODE": 820, "MAVAT_NAME": "", "NAME": "", "LABEL": "", "NUM": "744", "LEGAL_AREA": 193.3971, "TYPE_CODE": 0, "TYPE_NAME": "", "SOURCE_COD": 0, "HASAVA": 0, "STATUS": "", "PL_CHANGE": "", "ADDRESS": "", "PLACE_NO": 0, "CALC_AREA": 0.0, "OLD_MIG": "", "AGAM_ID": 4005042224.0, "FONT_SIZE": 3.0, "ROTATION": 0.0}, "geometry": {"type": "Point", "coordinates": [34.83298045930764, 31.989398917352318]}}, {"type": "Feature", "properties": {"OBJECTID": 20004943, "LAYER_ID": 6851183, "GROUP_ID": 421487, "SCENARIO": "", "DEFQ": 0, "PLAN_NAME": "", "DATA_DATE": null, "MAVAT_CODE": 820, "MAVAT_NAME": "", "NAME": "", "LABEL": "", "NUM": "745", "LEGAL_AREA": 177.2322, "TYPE_CODE": 0, "TYPE_NAME": "", "SOURCE_COD": 0, "HASAVA": 0, "STATUS": "", "PL_CHANGE": "", "ADDRESS": "", "PLACE_NO": 0, "CALC_AREA": 0.0, "OLD_MIG": "", "AGAM_ID": 4005042224.0, "FONT_SIZE": 3.0, "ROTATION": 0.0}, "geometry": {"type": "Point", "coordinates": [34.83228235935597, 31.989655426256952]}}, {"type": "Feature", "properties": {"OBJECTID": 20004944, "LAYER_ID": 6851183, "GROUP_ID": 421487, "SCENARIO": "", "DEFQ": 0, "PLAN_NAME": "", "DATA_DATE": null, "MAVAT_CODE": 830, "MAVAT_NAME": "", "NAME": "", "LABEL": "", "NUM": "701", "LEGAL_AREA": 8015.4824, "TYPE_CODE": 0, "TYPE_NAME": "", "SOURCE_COD": 0, "HASAVA": 0, "STATUS": "", "PL_CHANGE": "", "ADDRESS": "", "PLACE_NO": 0, "CALC_AREA": 0.0, "OLD_MIG": "", "AGAM_ID": 4005042224.0, "FONT_SIZE": 3.0, "ROTATION": 0.0}, "geometry": {"type": "Point", "coordinates": [34.832751240867445, 31.989846965210898]}}, {"type": "Feature", "properties": {"OBJECTID": 20004945, "LAYER_ID": 6851183, "GROUP_ID": 421487, "SCENARIO": "", "DEFQ": 0, "PLAN_NAME": "", "DATA_DATE": null, "MAVAT_CODE": 830, "MAVAT_NAME": "", "NAME": "", "LABEL": "", "NUM": "702", "LEGAL_AREA": 891.8207, "TYPE_CODE": 0, "TYPE_NAME": "", "SOURCE_COD": 0, "HASAVA": 0, "STATUS": "", "PL_CHANGE": "", "ADDRESS": "", "PLACE_NO": 0, "CALC_AREA": 0.0, "OLD_MIG": "", "AGAM_ID": 4005042224.0, "FONT_SIZE": 3.0, "ROTATION": 0.0}, "geometry": {"type": "Point", "coordinates": [34.83197293837944, 31.989539861579253]}}, {"type": "Feature", "properties": {"OBJECTID": 20004946, "LAYER_ID": 6851183, "GROUP_ID": 421487, "SCENARIO": "", "DEFQ": 0, "PLAN_NAME": "", "DATA_DATE": null, "MAVAT_CODE": 830, "MAVAT_NAME": "", "NAME": "", "LABEL": "", "NUM": "746", "LEGAL_AREA": 883.7616, "TYPE_CODE": 0, "TYPE_NAME": "", "SOURCE_COD": 0, "HASAVA": 0, "STATUS": "", "PL_CHANGE": "", "ADDRESS": "", "PLACE_NO": 0, "CALC_AREA": 0.0, "OLD_MIG": "", "AGAM_ID": 4005042224.0, "FONT_SIZE": 3.0, "ROTATION": 0.0}, "geometry": {"type": "Point", "coordinates": [34.83310267738011, 31.989133746418094]}}, {"type": "Feature", "properties": {"OBJECTID": 20004947, "LAYER_ID": 6851183, "GROUP_ID": 421487, "SCENARIO": "", "DEFQ": 0, "PLAN_NAME": "", "DATA_DATE": null, "MAVAT_CODE": 830, "MAVAT_NAME": "", "NAME": "", "LABEL": "", "NUM": "747", "LEGAL_AREA": 3113.311, "TYPE_CODE": 0, "TYPE_NAME": "", "SOURCE_COD": 0, "HASAVA": 0, "STATUS": "", "PL_CHANGE": "", "ADDRESS": "", "PLACE_NO": 0, "CALC_AREA": 0.0, "OLD_MIG": "", "AGAM_ID": 4005042224.0, "FONT_SIZE": 3.0, "ROTATION": 0.0}, "geometry": {"type": "Point", "coordinates": [34.833700506175816, 31.991456939531542]}}, {"type": "Feature", "properties": {"OBJECTID": 20004948, "LAYER_ID": 6851183, "GROUP_ID": 421487, "SCENARIO": "", "DEFQ": 0, "PLAN_NAME": "", "DATA_DATE": null, "MAVAT_CODE": 840, "MAVAT_NAME": "", "NAME": "", "LABEL": "", "NUM": "724", "LEGAL_AREA": 983.1447, "TYPE_CODE": 0, "TYPE_NAME": "", "SOURCE_COD": 0, "HASAVA": 0, "STATUS": "", "PL_CHANGE": "", "ADDRESS": "", "PLACE_NO": 0, "CALC_AREA": 0.0, "OLD_MIG": "", "AGAM_ID": 4005042224.0, "FONT_SIZE": 3.0, "ROTATION": 0.0}, "geometry": {"type": "Point", "coordinates": [34.836173437465874, 31.99914521051441]}}, {"type": "Feature", "properties": {"OBJECTID": 20004949, "LAYER_ID": 6851183, "GROUP_ID": 421487, "SCENARIO": "", "DEFQ": 0, "PLAN_NAME": "", "DATA_DATE": null, "MAVAT_CODE": 670, "MAVAT_NAME": "", "NAME": "", "LABEL": "", "NUM": "811", "LEGAL_AREA": 948.6415, "TYPE_CODE": 0, "TYPE_NAME": "", "SOURCE_COD": 0, "HASAVA": 0, "STATUS": "", "PL_CHANGE": "", "ADDRESS": "", "PLACE_NO": 0, "CALC_AREA": 0.0, "OLD_MIG": "", "AGAM_ID": 4005042224.0, "FONT_SIZE": 3.0, "ROTATION": 0.0}, "geometry": {"type": "Point", "coordinates": [34.835549822671524, 31.998687677443613]}}, {"type": "Feature", "properties": {"OBJECTID": 20004950, "LAYER_ID": 6851183, "GROUP_ID": 421487, "SCENARIO": "", "DEFQ": 0, "PLAN_NAME": "", "DATA_DATE": null, "MAVAT_CODE": 860, "MAVAT_NAME": "", "NAME": "", "LABEL": "", "NUM": "730", "LEGAL_AREA": 541.357, "TYPE_CODE": 0, "TYPE_NAME": "", "SOURCE_COD": 0, "HASAVA": 0, "STATUS": "", "PL_CHANGE": "", "ADDRESS": "", "PLACE_NO": 0, "CALC_AREA": 0.0, "OLD_MIG": "", "AGAM_ID": 4005042224.0, "FONT_SIZE": 3.0, "ROTATION": 0.0}, "geometry": {"type": "Point", "coordinates": [34.830426640009215, 31.998237439146223]}}, {"type": "Feature", "properties": {"OBJECTID": 20004951, "LAYER_ID": 6851183, "GROUP_ID": 421487, "SCENARIO": "", "DEFQ": 0, "PLAN_NAME": "", "DATA_DATE": null, "MAVAT_CODE": 400, "MAVAT_NAME": "", "NAME": "", "LABEL": "", "NUM": "510", "LEGAL_AREA": 1380.703, "TYPE_CODE": 0, "TYPE_NAME": "", "SOURCE_COD": 0, "HASAVA": 0, "STATUS": "", "PL_CHANGE": "", "ADDRESS": "", "PLACE_NO": 0, "CALC_AREA": 0.0, "OLD_MIG": "", "AGAM_ID": 4005042224.0, "FONT_SIZE": 3.0, "ROTATION": 0.0}, "geometry": {"type": "Point", "coordinates": [34.83104234008047, 31.996022645986503]}}, {"type": "Feature", "properties": {"OBJECTID": 20004952, "LAYER_ID": 6851183, "GROUP_ID": 421487, "SCENARIO": "", "DEFQ": 0, "PLAN_NAME": "", "DATA_DATE": null, "MAVAT_CODE": 830, "MAVAT_NAME": "", "NAME": "", "LABEL": "", "NUM": "703", "LEGAL_AREA": 6787.5247, "TYPE_CODE": 0, "TYPE_NAME": "", "SOURCE_COD": 0, "HASAVA": 0, "STATUS": "", "PL_CHANGE": "", "ADDRESS": "", "PLACE_NO": 0, "CALC_AREA": 0.0, "OLD_MIG": "", "AGAM_ID": 4005042224.0, "FONT_SIZE": 3.0, "ROTATION": 0.0}, "geometry": {"type": "Point", "coordinates": [34.831880848310924, 31.99599959486469]}}, {"type": "Feature", "properties": {"OBJECTID": 20004953, "LAYER_ID": 6851183, "GROUP_ID": 421487, "SCENARIO": "", "DEFQ": 0, "PLAN_NAME": "", "DATA_DATE": null, "MAVAT_CODE": 400, "MAVAT_NAME": "", "NAME": "", "LABEL": "", "NUM": "507", "LEGAL_AREA": 9113.9634, "TYPE_CODE": 0, "TYPE_NAME": "", "SOURCE_COD": 0, "HASAVA": 0, "STATUS": "", "PL_CHANGE": "", "ADDRESS": "", "PLACE_NO": 0, "CALC_AREA": 0.0, "OLD_MIG": "", "AGAM_ID": 4005042224.0, "FONT_SIZE": 3.0, "ROTATION": 0.0}, "geometry": {"type": "Point", "coordinates": [34.831455855529754, 31.99488232534917]}}, {"type": "Feature", "properties": {"OBJECTID": 20004954, "LAYER_ID": 6851183, "GROUP_ID": 421487, "SCENARIO": "", "DEFQ": 0, "PLAN_NAME": "", "DATA_DATE": null, "MAVAT_CODE": 140, "MAVAT_NAME": "", "NAME": "", "LABEL": "", "NUM": "300", "LEGAL_AREA": 1463.1909, "TYPE_CODE": 0, "TYPE_NAME": "", "SOURCE_COD": 0, "HASAVA": 0, "STATUS": "", "PL_CHANGE": "", "ADDRESS": "", "PLACE_NO": 0, "CALC_AREA": 0.0, "OLD_MIG": "", "AGAM_ID": 4005042224.0, "FONT_SIZE": 3.0, "ROTATION": 0.0}, "geometry": {"type": "Point", "coordinates": [34.831965992283536, 31.994110562814132]}}, {"type": "Feature", "properties": {"OBJECTID": 20004955, "LAYER_ID": 6851183, "GROUP_ID": 421487, "SCENARIO": "", "DEFQ": 0, "PLAN_NAME": "", "DATA_DATE": null, "MAVAT_CODE": 140, "MAVAT_NAME": "", "NAME": "", "LABEL": "", "NUM": "408", "LEGAL_AREA": 1510.7442, "TYPE_CODE": 0, "TYPE_NAME": "", "SOURCE_COD": 0, "HASAVA": 0, "STATUS": "", "PL_CHANGE": "", "ADDRESS": "", "PLACE_NO": 0, "CALC_AREA": 0.0, "OLD_MIG": "", "AGAM_ID": 4005042224.0, "FONT_SIZE": 3.0, "ROTATION": 0.0}, "geometry": {"type": "Point", "coordinates": [34.83163548988768, 31.993977344902245]}}, {"type": "Feature", "properties": {"OBJECTID": 20004956, "LAYER_ID": 6851183, "GROUP_ID": 421487, "SCENARIO": "", "DEFQ": 0, "PLAN_NAME": "", "DATA_DATE": null, "MAVAT_CODE": 830, "MAVAT_NAME": "", "NAME": "", "LABEL": "", "NUM": "741", "LEGAL_AREA": 9152.6756, "TYPE_CODE": 0, "TYPE_NAME": "", "SOURCE_COD": 0, "HASAVA": 0, "STATUS": "", "PL_CHANGE": "", "ADDRESS": "", "PLACE_NO": 0, "CALC_AREA": 0.0, "OLD_MIG": "", "AGAM_ID": 4005042224.0, "FONT_SIZE": 3.0, "ROTATION": 0.0}, "geometry": {"type": "Point", "coordinates": [34.833133329139464, 31.994271973900595]}}, {"type": "Feature", "properties": {"OBJECTID": 20004957, "LAYER_ID": 6851183, "GROUP_ID": 421487, "SCENARIO": "", "DEFQ": 0, "PLAN_NAME": "", "DATA_DATE": null, "MAVAT_CODE": 860, "MAVAT_NAME": "", "NAME": "", "LABEL": "", "NUM": "720", "LEGAL_AREA": 300.0536, "TYPE_CODE": 0, "TYPE_NAME": "", "SOURCE_COD": 0, "HASAVA": 0, "STATUS": "", "PL_CHANGE": "", "ADDRESS": "", "PLACE_NO": 0, "CALC_AREA": 0.0, "OLD_MIG": "", "AGAM_ID": 4005042224.0, "FONT_SIZE": 3.0, "ROTATION": 0.0}, "geometry": {"type": "Point", "coordinates": [34.831656414380554, 31.993428980906575]}}, {"type": "Feature", "properties": {"OBJECTID": 20004958, "LAYER_ID": 6851183, "GROUP_ID": 421487, "SCENARIO": "", "DEFQ": 0, "PLAN_NAME": "", "DATA_DATE": null, "MAVAT_CODE": 100, "MAVAT_NAME": "", "NAME": "", "LABEL": "", "NUM": "233", "LEGAL_AREA": 2022.1657, "TYPE_CODE": 0, "TYPE_NAME": "", "SOURCE_COD": 0, "HASAVA": 0, "STATUS": "", "PL_CHANGE": "", "ADDRESS": "", "PLACE_NO": 0, "CALC_AREA": 0.0, "OLD_MIG": "", "AGAM_ID": 4005042224.0, "FONT_SIZE": 3.0, "ROTATION": 0.0}, "geometry": {"type": "Point", "coordinates": [34.8314211191808, 31.99297989731967]}}, {"type": "Feature", "properties": {"OBJECTID": 20004959, "LAYER_ID": 6851183, "GROUP_ID": 421487, "SCENARIO": "", "DEFQ": 0, "PLAN_NAME": "", "DATA_DATE": null, "MAVAT_CODE": 830, "MAVAT_NAME": "", "NAME": "", "LABEL": "", "NUM": "726", "LEGAL_AREA": 2782.0423, "TYPE_CODE": 0, "TYPE_NAME": "", "SOURCE_COD": 0, "HASAVA": 0, "STATUS": "", "PL_CHANGE": "", "ADDRESS": "", "PLACE_NO": 0, "CALC_AREA": 0.0, "OLD_MIG": "", "AGAM_ID": 4005042224.0, "FONT_SIZE": 3.0, "ROTATION": 0.0}, "geometry": {"type": "Point", "coordinates": [34.83130452348697, 31.992384888215682]}}, {"type": "Feature", "properties": {"OBJECTID": 20004960, "LAYER_ID": 6851183, "GROUP_ID": 421487, "SCENARIO": "", "DEFQ": 0, "PLAN_NAME": "", "DATA_DATE": null, "MAVAT_CODE": 400, "MAVAT_NAME": "", "NAME": "", "LABEL": "", "NUM": "504", "LEGAL_AREA": 6789.2106, "TYPE_CODE": 0, "TYPE_NAME": "", "SOURCE_COD": 0, "HASAVA": 0, "STATUS": "", "PL_CHANGE": "", "ADDRESS": "", "PLACE_NO": 0, "CALC_AREA": 0.0, "OLD_MIG": "", "AGAM_ID": 4005042224.0, "FONT_SIZE": 3.0, "ROTATION": 0.0}, "geometry": {"type": "Point", "coordinates": [34.830581750080164, 31.992500329035856]}}, {"type": "Feature", "properties": {"OBJECTID": 20004961, "LAYER_ID": 6851183, "GROUP_ID": 421487, "SCENARIO": "", "DEFQ": 0, "PLAN_NAME": "", "DATA_DATE": null, "MAVAT_CODE": 100, "MAVAT_NAME": "", "NAME": "", "LABEL": "", "NUM": "304", "LEGAL_AREA": 1673.9443, "TYPE_CODE": 0, "TYPE_NAME": "", "SOURCE_COD": 0, "HASAVA": 0, "STATUS": "", "PL_CHANGE": "", "ADDRESS": "", "PLACE_NO": 0, "CALC_AREA": 0.0, "OLD_MIG": "", "AGAM_ID": 4005042224.0, "FONT_SIZE": 3.0, "ROTATION": 0.0}, "geometry": {"type": "Point", "coordinates": [34.82982420170281, 31.992376658482044]}}, {"type": "Feature", "properties": {"OBJECTID": 20004962, "LAYER_ID": 6851183, "GROUP_ID": 421487, "SCENARIO": "", "DEFQ": 0, "PLAN_NAME": "", "DATA_DATE": null, "MAVAT_CODE": 100, "MAVAT_NAME": "", "NAME": "", "LABEL": "", "NUM": "308", "LEGAL_AREA": 1861.9558, "TYPE_CODE": 0, "TYPE_NAME": "", "SOURCE_COD": 0, "HASAVA": 0, "STATUS": "", "PL_CHANGE": "", "ADDRESS": "", "PLACE_NO": 0, "CALC_AREA": 0.0, "OLD_MIG": "", "AGAM_ID": 4005042224.0, "FONT_SIZE": 3.0, "ROTATION": 0.0}, "geometry": {"type": "Point", "coordinates": [34.82910052643087, 31.992098318128214]}}, {"type": "Feature", "properties": {"OBJECTID": 20004963, "LAYER_ID": 6851183, "GROUP_ID": 421487, "SCENARIO": "", "DEFQ": 0, "PLAN_NAME": "", "DATA_DATE": null, "MAVAT_CODE": 840, "MAVAT_NAME": "", "NAME": "", "LABEL": "", "NUM": "728", "LEGAL_AREA": 1344.1341, "TYPE_CODE": 0, "TYPE_NAME": "", "SOURCE_COD": 0, "HASAVA": 0, "STATUS": "", "PL_CHANGE": "", "ADDRESS": "", "PLACE_NO": 0, "CALC_AREA": 0.0, "OLD_MIG": "", "AGAM_ID": 4005042224.0, "FONT_SIZE": 3.0, "ROTATION": 0.0}, "geometry": {"type": "Point", "coordinates": [34.835590524925045, 31.998445972284642]}}, {"type": "Feature", "properties": {"OBJECTID": 20004964, "LAYER_ID": 6851183, "GROUP_ID": 421487, "SCENARIO": "", "DEFQ": 0, "PLAN_NAME": "", "DATA_DATE": null, "MAVAT_CODE": 660, "MAVAT_NAME": "", "NAME": "", "LABEL": "", "NUM": "906", "LEGAL_AREA": 39389.9912, "TYPE_CODE": 0, "TYPE_NAME": "", "SOURCE_COD": 0, "HASAVA": 0, "STATUS": "", "PL_CHANGE": "", "ADDRESS": "", "PLACE_NO": 0, "CALC_AREA": 0.0, "OLD_MIG": "", "AGAM_ID": 4005042224.0, "FONT_SIZE": 3.0, "ROTATION": 0.0}, "geometry": {"type": "Point", "coordinates": [34.840025099626516, 31.99869199416072]}}, {"type": "Feature", "properties": {"OBJECTID": 20004965, "LAYER_ID": 6851183, "GROUP_ID": 421487, "SCENARIO": "", "DEFQ": 0, "PLAN_NAME": "", "DATA_DATE": null, "MAVAT_CODE": 820, "MAVAT_NAME": "", "NAME": "", "LABEL": "", "NUM": "706", "LEGAL_AREA": 529.1191, "TYPE_CODE": 0, "TYPE_NAME": "", "SOURCE_COD": 0, "HASAVA": 0, "STATUS": "", "PL_CHANGE": "", "ADDRESS": "", "PLACE_NO": 0, "CALC_AREA": 0.0, "OLD_MIG": "", "AGAM_ID": 4005042224.0, "FONT_SIZE": 3.0, "ROTATION": 0.0}, "geometry": {"type": "Point", "coordinates": [34.8377906805554, 32.00109405107569]}}, {"type": "Feature", "properties": {"OBJECTID": 20004966, "LAYER_ID": 6851183, "GROUP_ID": 421487, "SCENARIO": "", "DEFQ": 0, "PLAN_NAME": "", "DATA_DATE": null, "MAVAT_CODE": 820, "MAVAT_NAME": "", "NAME": "", "LABEL": "", "NUM": "707", "LEGAL_AREA": 1116.6841, "TYPE_CODE": 0, "TYPE_NAME": "", "SOURCE_COD": 0, "HASAVA": 0, "STATUS": "", "PL_CHANGE": "", "ADDRESS": "", "PLACE_NO": 0, "CALC_AREA": 0.0, "OLD_MIG": "", "AGAM_ID": 4005042224.0, "FONT_SIZE": 3.0, "ROTATION": 0.0}, "geometry": {"type": "Point", "coordinates": [34.84088162454919, 32.0001077417981]}}]}