<?xml version="1.0" ?>
<kml xmlns="http://www.opengis.net/kml/2.2" xmlns:gx="http://www.google.com/kml/ext/2.2" xmlns:xsi="http://www.w3.org/2001/XMLSchema-instance" xsi:schemaLocation="http://www.opengis.net/kml/2.2 http://schemas.opengis.net/kml/2.2.0/ogckml22.xsd http://www.google.com/kml/ext/2.2 http://code.google.com/apis/kml/schema/kml22gx.xsd">
 
 

 
 <Document id="_000286179">
  
  
  
  
  <name>4000286179</name>
  
  
  
  
  <Snippet/>
  
  
  
  
  
  
  <Folder id="FeatureLayer0">
   
   
    
   
   <name>4000286179</name>
   
   
    
   
   <Snippet/>
   
   
    
   
   <description>
    

<![CDATA[4000286179]]>       
   </description>
   
   
    
   
   <Placemark id="ID_00000">
    
    
      
    
    <name>שינוי קו בניי אחורי מגרש 225 כפר חב&quot;ד</name>
    
    
      
    
    <Snippet/>
    
    
      
    
    <Style>
     
     
     <PolyStyle>
      
      
      <color>CC7FDFFF</color>
      
     
     </PolyStyle>
     
     
     <LineStyle>
      
      
      <color>CC7FDFFF</color>
      
     
     </LineStyle>
     
    
    </Style>
    
    
    <description>
     

<![CDATA[<html xmlns:fo="http://www.w3.org/1999/XSL/Format" xmlns:msxsl="urn:schemas-microsoft-com:xslt">

<head>

<META http-equiv="Content-Type" content="text/html">

<meta http-equiv="content-type" content="text/html; charset=UTF-8">

</head>

<body style="margin:0px 0px 0px 0px;overflow:auto;background:#FFFFFF;">

<table style="font-family:Arial,Verdana,Times;font-size:12px;text-align:left;width:100%;border-collapse:collapse;padding:3px 3px 3px 3px">

<tr style="text-align:center;font-weight:bold;background:#9CBCE2">

<td>שינוי קו בניי אחורי מגרש 225 כפר חב"ד</td>

</tr>

<tr>

<td>

<table style="font-family:Arial,Verdana,Times;font-size:12px;text-align:left;width:100%;border-spacing:0px; padding:3px 3px 3px 3px">

<tr bgcolor="#D4E4F3">

<td>שם תכנית</td>

<td>שינוי קו בניי אחורי מגרש 225 כפר חב"ד</td>

</tr>

<tr>

<td>מספר תכנית</td>

<td>425-0774018</td>

</tr>

<tr bgcolor="#D4E4F3">

<td>סטטוס</td>

<td>סמכות מקומית בתהליך</td>

</tr>





<tr>

<td>מספר קומות מעל הכניסה הקובעת</td>

<td>0.57</td>

</tr>

<tr>

<td>LEVEL_CODE_500</td>

<td>500</td>

</tr>

<tr bgcolor="#D4E4F3">

<td>BR_DESC_500</td>

<td>מספר יחידות דיור</td>

</tr>

<tr>

<td>VALUE_500</td>

<td>6</td>

</tr>

<tr bgcolor="#D4E4F3">

<td>UNIT_500</td>

<td>מספר חפשי</td>

</tr>

<tr>

<td>VALUE_TYPE_500</td>

<td>מוחלט</td>

</tr>

<tr bgcolor="#D4E4F3">

<td>AREA</td>

<td>&lt;Null&gt;</td>

</tr>

<tr>

<td>LEN</td>

<td>&lt;Null&gt;</td>

</tr>

</table>

</td>

</tr>

</table>

</body>

</html>

]]>         
    </description>
    
    
      
    
      
    
    <MultiGeometry>
     
     
        
     
     <Polygon>
      
      
          
      
      <extrude>1</extrude>
      
      
      <tessellate>1</tessellate>
      
      
      <altitudeMode>relativeToGround</altitudeMode>
      
      
          
      
      <outerBoundaryIs>
       
       
       <LinearRing>
        
        
        <coordinates> 34.85820037448882,31.98498128644195,1.71 34.85801049277663,31.98503734845033,1.71 34.85792668062115,31.98482877941673,1.71 34.85811578587072,31.98477341611379,1.71 34.85820037448882,31.98498128644195,1.71</coordinates>
        
       
       </LinearRing>
       
      
      </outerBoundaryIs>
      
      
        
     
     </Polygon>
     
     
      
    
    </MultiGeometry>
    
    
    
   
   </Placemark>
   
   
  
  
   <Placemark id="ID_00000">
    
    
      
    
    <name>NULL</name>
    
    
      
    
    <Snippet/>
    
    
      
    
    <Style>
     
     
     <PolyStyle>
      
      
      <fill>0</fill>
      
     
     </PolyStyle>
     
    
    </Style>
    
    
    <description>
    </description>
    
    
      
    
    <styleUrl>#PolyStyle00</styleUrl>
    
    
      
    
    <MultiGeometry>
     
     
        
     
     <Polygon>
      
      
          
      
      <extrude>0</extrude>
      
      
      <altitudeMode>clampToGround</altitudeMode>
      
      
          
      
      <outerBoundaryIs>
       
       
       <LinearRing>
        
        
        <coordinates> 34.85799078453498,31.98507179859606,0 34.85788637583101,31.98481197427594,0 34.85813540474374,31.98473906670483,0 34.85824076972298,31.98499799162954,0 34.85799078453498,31.98507179859606,0</coordinates>
        
       
       </LinearRing>
       
      
      </outerBoundaryIs>
      
      
        
     
     </Polygon>
     
     
      
    
    </MultiGeometry>
    
    
    
   
   </Placemark>
   <Placemark id="ID_00000">
    
    
      
    
    <name>4.73</name>
    
    
      
    
    <Snippet/>
    
    
      
    
    <Style>
     <PolyStyle>
      <color>CCFFFFFF</color>
     </PolyStyle>
     <LineStyle>
      <color>CCFFFFFF</color>
     </LineStyle>
    </Style>
    <description>
    </description>
    
    
      
    
    <styleUrl>#PolyStyle00</styleUrl>
    
    
      
    
    <MultiGeometry>
     
     
        
     
     <Polygon>
      
      
          
      
      <extrude>1</extrude>
      
      
      <tessellate>1</tessellate>
      
      
      <altitudeMode>relativeToGround</altitudeMode>
      
      
          
      
      <outerBoundaryIs>
       
       
       <LinearRing>
        
        
        <coordinates> 34.85339631979896,31.98655716090812,4.73 34.85347996980374,31.98656920586487,4.73 34.85346034797086,31.98666492318723,4.73 34.85337691362093,31.98665179664911,4.73 34.85339631979896,31.98655716090812,4.73</coordinates>
        
       
       </LinearRing>
       
      
      </outerBoundaryIs>
      
      
        
     
     </Polygon>
     
     
      
    
    </MultiGeometry>
    
    
    
   
   </Placemark>
   <Placemark id="ID_00001">
    
    
      
    
    <name>5.13</name>
    
    
      
    
    <Snippet/>
    
    
      
    
    <Style>
     <PolyStyle>
      <color>CCFFFFFF</color>
     </PolyStyle>
     <LineStyle>
      <color>CCFFFFFF</color>
     </LineStyle>
    </Style>
    <description>
    </description>
    
    
      
    
    <styleUrl>#PolyStyle00</styleUrl>
    
    
      
    
    <MultiGeometry>
     
     
        
     
     <Polygon>
      
      
          
      
      <extrude>1</extrude>
      
      
      <tessellate>1</tessellate>
      
      
      <altitudeMode>relativeToGround</altitudeMode>
      
      
          
      
      <outerBoundaryIs>
       
       
       <LinearRing>
        
        
        <coordinates> 34.85614273154554,31.98613637004741,5.13 34.85619641373795,31.98618268971464,5.13 34.85619102520624,31.98620864688917,5.13 34.85607918470401,31.98615251830995,5.13 34.85614273154554,31.98613637004741,5.13</coordinates>
        
       
       </LinearRing>
       
      
      </outerBoundaryIs>
      
      
        
     
     </Polygon>
     
     
      
    
    </MultiGeometry>
    
    
    
   
   </Placemark>
   <Placemark id="ID_00002">
    
    
      
    
    <name>2.52</name>
    
    
      
    
    <Snippet/>
    
    
      
    
    <Style>
     <PolyStyle>
      <color>CCFFFFFF</color>
     </PolyStyle>
     <LineStyle>
      <color>CCFFFFFF</color>
     </LineStyle>
    </Style>
    <description>
    </description>
    
    
      
    
    <styleUrl>#PolyStyle00</styleUrl>
    
    
      
    
    <MultiGeometry>
     
     
        
     
     <Polygon>
      
      
          
      
      <extrude>1</extrude>
      
      
      <tessellate>1</tessellate>
      
      
      <altitudeMode>relativeToGround</altitudeMode>
      
      
          
      
      <outerBoundaryIs>
       
       
       <LinearRing>
        
        
        <coordinates> 34.85627387099335,31.98553703005428,2.52 34.85629174928658,31.98559398293936,2.52 34.8562059702197,31.98561349714271,2.52 34.85620388811919,31.98560447338826,2.52 34.8561881960808,31.98555699543378,2.52 34.85627387099335,31.98553703005428,2.52</coordinates>
        
       
       </LinearRing>
       
      
      </outerBoundaryIs>
      
      
        
     
     </Polygon>
     
     
      
    
    </MultiGeometry>
    
    
    
   
   </Placemark>
   <Placemark id="ID_00003">
    
    
      
    
    <name>6.55</name>
    
    
      
    
    <Snippet/>
    
    
      
    
    <Style>
     <PolyStyle>
      <color>CCFFFFFF</color>
     </PolyStyle>
     <LineStyle>
      <color>CCFFFFFF</color>
     </LineStyle>
    </Style>
    <description>
    </description>
    
    
      
    
    <styleUrl>#PolyStyle00</styleUrl>
    
    
      
    
    <MultiGeometry>
     
     
        
     
     <Polygon>
      
      
          
      
      <extrude>1</extrude>
      
      
      <tessellate>1</tessellate>
      
      
      <altitudeMode>relativeToGround</altitudeMode>
      
      
          
      
      <outerBoundaryIs>
       
       
       <LinearRing>
        
        
        <coordinates> 34.85699288057204,31.98707143604081,6.55 34.85710773087538,31.98722785265783,6.55 34.85699852580142,31.9872861710312,6.55 34.8568827209451,31.98713038296626,6.55 34.85699288057204,31.98707143604081,6.55</coordinates>
        
       
       </LinearRing>
       
      
      </outerBoundaryIs>
      
      
        
     
     </Polygon>
     
     
      
    
    </MultiGeometry>
    
    
    
   
   </Placemark>
   <Placemark id="ID_00004">
    
    
      
    
    <name>10.09</name>
    
    
      
    
    <Snippet/>
    
    
      
    
    <Style>
     <PolyStyle>
      <color>CCFFFFFF</color>
     </PolyStyle>
     <LineStyle>
      <color>CCFFFFFF</color>
     </LineStyle>
    </Style>
    <description>
    </description>
    
    
      
    
    <styleUrl>#PolyStyle00</styleUrl>
    
    
      
    
    <MultiGeometry>
     
     
        
     
     <Polygon>
      
      
          
      
      <extrude>1</extrude>
      
      
      <tessellate>1</tessellate>
      
      
      <altitudeMode>relativeToGround</altitudeMode>
      
      
          
      
      <outerBoundaryIs>
       
       
       <LinearRing>
        
        
        <coordinates> 34.85859328425479,31.98469783921689,10.09 34.85861518618579,31.98475435184851,10.09 34.85852515748785,31.98477881597364,10.09 34.85854203139763,31.98482178784821,10.09 34.85867548602431,31.98478544801386,10.09 34.85871111993434,31.98487635678266,10.09 34.85853106162528,31.98492546546148,10.09 34.85852162998104,31.98490118121965,10.09 34.85843371895226,31.9849252001476,10.09 34.85840542411152,31.98485234739868,10.09 34.85843307125452,31.98484403598544,10.09 34.85839733588587,31.98475204469743,10.09 34.85859328425479,31.98469783921689,10.09</coordinates>
        
       
       </LinearRing>
       
      
      </outerBoundaryIs>
      
      
        
     
     </Polygon>
     
     
      
    
    </MultiGeometry>
    
    
    
   
   </Placemark>
   <Placemark id="ID_00005">
    
    
      
    
    <name>9.04</name>
    
    
      
    
    <Snippet/>
    
    
      
    
    <Style>
     <PolyStyle>
      <color>CCFFFFFF</color>
     </PolyStyle>
     <LineStyle>
      <color>CCFFFFFF</color>
     </LineStyle>
    </Style>
    <description>
    </description>
    
    
      
    
    <styleUrl>#PolyStyle00</styleUrl>
    
    
      
    
    <MultiGeometry>
     
     
        
     
     <Polygon>
      
      
          
      
      <extrude>1</extrude>
      
      
      <tessellate>1</tessellate>
      
      
      <altitudeMode>relativeToGround</altitudeMode>
      
      
          
      
      <outerBoundaryIs>
       
       
       <LinearRing>
        
        
        <coordinates> 34.85746396345906,31.98337504294076,9.04 34.85762838353135,31.98338801924715,9.04 34.8576362008401,31.98335642604213,9.04 34.85760471801261,31.9833533568525,9.04 34.85761189652878,31.98330565657514,9.04 34.85772174520578,31.98331371129039,9.04 34.85770749251013,31.98338167383575,9.04 34.8576938202816,31.9834812534292,9.04 34.85763923543434,31.9834799112199,9.04 34.85761775965395,31.98359389384642,9.04 34.85753197870022,31.98358635481976,9.04 34.85754416010057,31.98347023568341,9.04 34.85746049130749,31.98346378454658,9.04 34.85746396345906,31.98337504294076,9.04</coordinates>
        
       
       </LinearRing>
       
      
      </outerBoundaryIs>
      
      
        
     
     </Polygon>
     
     
      
    
    </MultiGeometry>
    
    
    
   
   </Placemark>
   <Placemark id="ID_00006">
    
    
      
    
    <name>6.81</name>
    
    
      
    
    <Snippet/>
    
    
      
    
    <Style>
     <PolyStyle>
      <color>CCFFFFFF</color>
     </PolyStyle>
     <LineStyle>
      <color>CCFFFFFF</color>
     </LineStyle>
    </Style>
    <description>
    </description>
    
    
      
    
    <styleUrl>#PolyStyle00</styleUrl>
    
    
      
    
    <MultiGeometry>
     
     
        
     
     <Polygon>
      
      
          
      
      <extrude>1</extrude>
      
      
      <tessellate>1</tessellate>
      
      
      <altitudeMode>relativeToGround</altitudeMode>
      
      
          
      
      <outerBoundaryIs>
       
       
       <LinearRing>
        
        
        <coordinates> 34.85812425445138,31.9847777227905,6.81 34.85816934509749,31.98488606233529,6.81 34.85813015375508,31.98489731814944,6.81 34.85816895563034,31.9849897687774,6.81 34.85804279478366,31.98502784140928,6.81 34.85799150835176,31.98490704001096,6.81 34.85795136064749,31.98491937532459,6.81 34.85791875148217,31.98484028824135,6.81 34.85812425445138,31.9847777227905,6.81</coordinates>
        
       
       </LinearRing>
       
      
      </outerBoundaryIs>
      
      
        
     
     </Polygon>
     
     
      
    
    </MultiGeometry>
    
    
    
   
   </Placemark>
   <Placemark id="ID_00007">
    
    
      
    
    <name>2.6</name>
    
    
      
    
    <Snippet/>
    
    
      
    
    <Style>
     <PolyStyle>
      <color>CCFFFFFF</color>
     </PolyStyle>
     <LineStyle>
      <color>CCFFFFFF</color>
     </LineStyle>
    </Style>
    <description>
    </description>
    
    
      
    
    <styleUrl>#PolyStyle00</styleUrl>
    
    
      
    
    <MultiGeometry>
     
     
        
     
     <Polygon>
      
      
          
      
      <extrude>1</extrude>
      
      
      <tessellate>1</tessellate>
      
      
      <altitudeMode>relativeToGround</altitudeMode>
      
      
          
      
      <outerBoundaryIs>
       
       
       <LinearRing>
        
        
        <coordinates> 34.85403987648846,31.98788846864628,2.6 34.8540692369128,31.98793084429639,2.6 34.85401315373308,31.98795945700813,2.6 34.85398368751503,31.98791708105319,2.6 34.85403987648846,31.98788846864628,2.6</coordinates>
        
       
       </LinearRing>
       
      
      </outerBoundaryIs>
      
      
        
     
     </Polygon>
     
     
      
    
    </MultiGeometry>
    
    
    
   
   </Placemark>
   <Placemark id="ID_00008">
    
    
      
    
    <name>6.34</name>
    
    
      
    
    <Snippet/>
    
    
      
    
    <Style>
     <PolyStyle>
      <color>CCFFFFFF</color>
     </PolyStyle>
     <LineStyle>
      <color>CCFFFFFF</color>
     </LineStyle>
    </Style>
    <description>
    </description>
    
    
      
    
    <styleUrl>#PolyStyle00</styleUrl>
    
    
      
    
    <MultiGeometry>
     
     
        
     
     <Polygon>
      
      
          
      
      <extrude>1</extrude>
      
      
      <tessellate>1</tessellate>
      
      
      <altitudeMode>relativeToGround</altitudeMode>
      
      
          
      
      <outerBoundaryIs>
       
       
       <LinearRing>
        
        
        <coordinates> 34.8620343859355,31.98717360352747,6.34 34.86216103738887,31.98726024779444,6.34 34.86209421737282,31.98733158065872,6.34 34.86196757158023,31.987243403274,6.34 34.8620343859355,31.98717360352747,6.34</coordinates>
        
       
       </LinearRing>
       
      
      </outerBoundaryIs>
      
      
        
     
     </Polygon>
     
     
      
    
    </MultiGeometry>
    
    
    
   
   </Placemark>
   <Placemark id="ID_00009">
    
    
      
    
    <name>6</name>
    
    
      
    
    <Snippet/>
    
    
      
    
    <Style>
     <PolyStyle>
      <color>CCFFFFFF</color>
     </PolyStyle>
     <LineStyle>
      <color>CCFFFFFF</color>
     </LineStyle>
    </Style>
    <description>
    </description>
    
    
      
    
    <styleUrl>#PolyStyle00</styleUrl>
    
    
      
    
    <MultiGeometry>
     
     
        
     
     <Polygon>
      
      
          
      
      <extrude>1</extrude>
      
      
      <tessellate>1</tessellate>
      
      
      <altitudeMode>relativeToGround</altitudeMode>
      
      
          
      
      <outerBoundaryIs>
       
       
       <LinearRing>
        
        
        <coordinates> 34.85403572353952,31.98758914849489,6 34.85413185078965,31.98765939381749,6 34.85405527021459,31.98773583575872,6 34.85400356672882,31.9876979074365,6 34.85402693310176,31.98767479559039,6 34.85398261684429,31.98764202793577,6 34.85403572353952,31.98758914849489,6</coordinates>
        
       
       </LinearRing>
       
      
      </outerBoundaryIs>
      
      
        
     
     </Polygon>
     
     
      
    
    </MultiGeometry>
    
    
    
   
   </Placemark>
   <Placemark id="ID_00010">
    
    
      
    
    <name>3.95</name>
    
    
      
    
    <Snippet/>
    
    
      
    
    <Style>
     <PolyStyle>
      <color>CCFFFFFF</color>
     </PolyStyle>
     <LineStyle>
      <color>CCFFFFFF</color>
     </LineStyle>
    </Style>
    <description>
    </description>
    
    
      
    
    <styleUrl>#PolyStyle00</styleUrl>
    
    
      
    
    <MultiGeometry>
     
     
        
     
     <Polygon>
      
      
          
      
      <extrude>1</extrude>
      
      
      <tessellate>1</tessellate>
      
      
      <altitudeMode>relativeToGround</altitudeMode>
      
      
          
      
      <outerBoundaryIs>
       
       
       <LinearRing>
        
        
        <coordinates> 34.85578120563943,31.98570981610728,3.95 34.85582255547544,31.98571552086979,3.95 34.85581711572043,31.98575500495191,3.95 34.8557748054091,31.98575146187924,3.95 34.85578120563943,31.98570981610728,3.95</coordinates>
        
       
       </LinearRing>
       
      
      </outerBoundaryIs>
      
      
        
     
     </Polygon>
     
     
      
    
    </MultiGeometry>
    
    
    
   
   </Placemark>
   <Placemark id="ID_00011">
    
    
      
    
    <name>3.3</name>
    
    
      
    
    <Snippet/>
    
    
      
    
    <Style>
     <PolyStyle>
      <color>CCFFFFFF</color>
     </PolyStyle>
     <LineStyle>
      <color>CCFFFFFF</color>
     </LineStyle>
    </Style>
    <description>
    </description>
    
    
      
    
    <styleUrl>#PolyStyle00</styleUrl>
    
    
      
    
    <MultiGeometry>
     
     
        
     
     <Polygon>
      
      
          
      
      <extrude>1</extrude>
      
      
      <tessellate>1</tessellate>
      
      
      <altitudeMode>relativeToGround</altitudeMode>
      
      
          
      
      <outerBoundaryIs>
       
       
       <LinearRing>
        
        
        <coordinates> 34.85609950118782,31.98548009869448,3.3 34.85617163864755,31.98548651909491,3.3 34.85616391543492,31.98554231958501,3.3 34.85609209535595,31.98553590005108,3.3 34.85609950118782,31.98548009869448,3.3</coordinates>
        
       
       </LinearRing>
       
      
      </outerBoundaryIs>
      
      
        
     
     </Polygon>
     
     
      
    
    </MultiGeometry>
    
    
    
   
   </Placemark>
   <Placemark id="ID_00012">
    
    
      
    
    <name>5.28</name>
    
    
      
    
    <Snippet/>
    
    
      
    
    <Style>
     <PolyStyle>
      <color>CCFFFFFF</color>
     </PolyStyle>
     <LineStyle>
      <color>CCFFFFFF</color>
     </LineStyle>
    </Style>
    <description>
    </description>
    
    
      
    
    <styleUrl>#PolyStyle00</styleUrl>
    
    
      
    
    <MultiGeometry>
     
     
        
     
     <Polygon>
      
      
          
      
      <extrude>1</extrude>
      
      
      <tessellate>1</tessellate>
      
      
      <altitudeMode>relativeToGround</altitudeMode>
      
      
          
      
      <outerBoundaryIs>
       
       
       <LinearRing>
        
        
        <coordinates> 34.86218650411594,31.98726933450991,5.28 34.86232370807443,31.98736376258496,5.28 34.86223872528076,31.98745371391392,5.28 34.86210152362117,31.98735865449139,5.28 34.86218650411594,31.98726933450991,5.28</coordinates>
        
       
       </LinearRing>
       
      
      </outerBoundaryIs>
      
      
        
     
     </Polygon>
     
     
      
    
    </MultiGeometry>
    
    
    
   
   </Placemark>
   <Placemark id="ID_00013">
    
    
      
    
    <name>4.35</name>
    
    
      
    
    <Snippet/>
    
    
      
    
    <Style>
     <PolyStyle>
      <color>CCFFFFFF</color>
     </PolyStyle>
     <LineStyle>
      <color>CCFFFFFF</color>
     </LineStyle>
    </Style>
    <description>
    </description>
    
    
      
    
    <styleUrl>#PolyStyle00</styleUrl>
    
    
      
    
    <MultiGeometry>
     
     
        
     
     <Polygon>
      
      
          
      
      <extrude>1</extrude>
      
      
      <tessellate>1</tessellate>
      
      
      <altitudeMode>relativeToGround</altitudeMode>
      
      
          
      
      <outerBoundaryIs>
       
       
       <LinearRing>
        
        
        <coordinates> 34.86233163574806,31.98665307200875,4.35 34.86238965319983,31.98670111418004,4.35 34.86236406950347,31.98672359034081,4.35 34.86242957640276,31.9867778751276,4.35 34.8624720379788,31.98674083519769,4.35 34.86258701276451,31.98683754779286,4.35 34.86249678405056,31.98691567154007,4.35 34.8623912986598,31.98682800248017,4.35 34.86236167977967,31.98685434552402,4.35 34.86231515967145,31.98681598363778,4.35 34.86233543218732,31.98679908435892,4.35 34.86224767050562,31.98672562127614,4.35 34.86233163574806,31.98665307200875,4.35</coordinates>
        
       
       </LinearRing>
       
      
      </outerBoundaryIs>
      
      
        
     
     </Polygon>
     
     
      
    
    </MultiGeometry>
    
    
    
   
   </Placemark>
   <Placemark id="ID_00014">
    
    
      
    
    <name>3.67</name>
    
    
      
    
    <Snippet/>
    
    
      
    
    <Style>
     <PolyStyle>
      <color>CCFFFFFF</color>
     </PolyStyle>
     <LineStyle>
      <color>CCFFFFFF</color>
     </LineStyle>
    </Style>
    <description>
    </description>
    
    
      
    
    <styleUrl>#PolyStyle00</styleUrl>
    
    
      
    
    <MultiGeometry>
     
     
        
     
     <Polygon>
      
      
          
      
      <extrude>1</extrude>
      
      
      <tessellate>1</tessellate>
      
      
      <altitudeMode>relativeToGround</altitudeMode>
      
      
          
      
      <outerBoundaryIs>
       
       
       <LinearRing>
        
        
        <coordinates> 34.85507146994043,31.98681816572766,3.67 34.85508812927243,31.98686158835368,3.67 34.85504787862634,31.9868728402915,3.67 34.85503005369918,31.9868298653536,3.67 34.85507146994043,31.98681816572766,3.67</coordinates>
        
       
       </LinearRing>
       
      
      </outerBoundaryIs>
      
      
        
     
     </Polygon>
     
     
      
    
    </MultiGeometry>
    
    
    
   
   </Placemark>
   <Placemark id="ID_00015">
    
    
      
    
    <name>2.74</name>
    
    
      
    
    <Snippet/>
    
    
      
    
    <Style>
     <PolyStyle>
      <color>CCFFFFFF</color>
     </PolyStyle>
     <LineStyle>
      <color>CCFFFFFF</color>
     </LineStyle>
    </Style>
    <description>
    </description>
    
    
      
    
    <styleUrl>#PolyStyle00</styleUrl>
    
    
      
    
    <MultiGeometry>
     
     
        
     
     <Polygon>
      
      
          
      
      <extrude>1</extrude>
      
      
      <tessellate>1</tessellate>
      
      
      <altitudeMode>relativeToGround</altitudeMode>
      
      
          
      
      <outerBoundaryIs>
       
       
       <LinearRing>
        
        
        <coordinates> 34.85636780542254,31.98562746810343,2.74 34.85637084348942,31.985663548603,2.74 34.85631263202276,31.98566789798092,2.74 34.85630959397855,31.98563181748011,2.74 34.85636780542254,31.98562746810343,2.74</coordinates>
        
       
       </LinearRing>
       
      
      </outerBoundaryIs>
      
      
        
     
     </Polygon>
     
     
      
    
    </MultiGeometry>
    
    
    
   
   </Placemark>
   <Placemark id="ID_00016">
    
    
      
    
    <name>11.41</name>
    
    
      
    
    <Snippet/>
    
    
      
    
    <Style>
     <PolyStyle>
      <color>CCFFFFFF</color>
     </PolyStyle>
     <LineStyle>
      <color>CCFFFFFF</color>
     </LineStyle>
    </Style>
    <description>
    </description>
    
    
      
    
    <styleUrl>#PolyStyle00</styleUrl>
    
    
      
    
    <MultiGeometry>
     
     
        
     
     <Polygon>
      
      
          
      
      <extrude>1</extrude>
      
      
      <tessellate>1</tessellate>
      
      
      <altitudeMode>relativeToGround</altitudeMode>
      
      
          
      
      <outerBoundaryIs>
       
       
       <LinearRing>
        
        
        <coordinates> 34.85778863834619,31.98398772776397,11.41 34.85781795897505,31.9840689702401,11.41 34.8577893614497,31.98407682802338,11.41 34.85782192820444,31.98416709740746,11.41 34.85772438287458,31.98419280296844,11.41 34.85766154986696,31.98401957504371,11.41 34.85778863834619,31.98398772776397,11.41</coordinates>
        
       
       </LinearRing>
       
      
      </outerBoundaryIs>
      
      
        
     
     </Polygon>
     
     
      
    
    </MultiGeometry>
    
    
    
   
   </Placemark>
   <Placemark id="ID_00017">
    
    
      
    
    <name>4.22</name>
    
    
      
    
    <Snippet/>
    
    
      
    
    <Style>
     <PolyStyle>
      <color>CCFFFFFF</color>
     </PolyStyle>
     <LineStyle>
      <color>CCFFFFFF</color>
     </LineStyle>
    </Style>
    <description>
    </description>
    
    
      
    
    <styleUrl>#PolyStyle00</styleUrl>
    
    
      
    
    <MultiGeometry>
     
     
        
     
     <Polygon>
      
      
          
      
      <extrude>1</extrude>
      
      
      <tessellate>1</tessellate>
      
      
      <altitudeMode>relativeToGround</altitudeMode>
      
      
          
      
      <outerBoundaryIs>
       
       
       <LinearRing>
        
        
        <coordinates> 34.85424345238983,31.98613502185938,4.22 34.85434789814325,31.98618770480021,4.22 34.85432247049883,31.98622433808763,4.22 34.85436133550883,31.98624356353288,4.22 34.85430505208082,31.98632520191081,4.22 34.85416142206989,31.98625374346197,4.22 34.85424345238983,31.98613502185938,4.22</coordinates>
        
       
       </LinearRing>
       
      
      </outerBoundaryIs>
      
      
        
     
     </Polygon>
     
     
      
    
    </MultiGeometry>
    
    
    
   
   </Placemark>
   <Placemark id="ID_00018">
    
    
      
    
    <name>5.51</name>
    
    
      
    
    <Snippet/>
    
    
      
    
    <Style>
     <PolyStyle>
      <color>CCFFFFFF</color>
     </PolyStyle>
     <LineStyle>
      <color>CCFFFFFF</color>
     </LineStyle>
    </Style>
    <description>
    </description>
    
    
      
    
    <styleUrl>#PolyStyle00</styleUrl>
    
    
      
    
    <MultiGeometry>
     
     
        
     
     <Polygon>
      
      
          
      
      <extrude>1</extrude>
      
      
      <tessellate>1</tessellate>
      
      
      <altitudeMode>relativeToGround</altitudeMode>
      
      
          
      
      <outerBoundaryIs>
       
       
       <LinearRing>
        
        
        <coordinates> 34.86138127127781,31.98613476503079,5.51 34.86148777193142,31.98620503285162,5.51 34.86138684056868,31.98631577221437,5.51 34.86128034154392,31.98624505341209,5.51 34.86138127127781,31.98613476503079,5.51</coordinates>
        
       
       </LinearRing>
       
      
      </outerBoundaryIs>
      
      
        
     
     </Polygon>
     
     
      
    
    </MultiGeometry>
    
    
    
   
   </Placemark>
   <Placemark id="ID_00019">
    
    
      
    
    <name>6.57</name>
    
    
      
    
    <Snippet/>
    
    
      
    
    <Style>
     <PolyStyle>
      <color>CCFFFFFF</color>
     </PolyStyle>
     <LineStyle>
      <color>CCFFFFFF</color>
     </LineStyle>
    </Style>
    <description>
    </description>
    
    
      
    
    <styleUrl>#PolyStyle00</styleUrl>
    
    
      
    
    <MultiGeometry>
     
     
        
     
     <Polygon>
      
      
          
      
      <extrude>1</extrude>
      
      
      <tessellate>1</tessellate>
      
      
      <altitudeMode>relativeToGround</altitudeMode>
      
      
          
      
      <outerBoundaryIs>
       
       
       <LinearRing>
        
        
        <coordinates> 34.86191801005613,31.98605847904456,6.57 34.8620129490868,31.98613647074437,6.57 34.86197048526373,31.9861741417816,6.57 34.8619282894109,31.98613966917774,6.57 34.86189867229773,31.98616556121936,6.57 34.86195552766597,31.98621296919135,6.57 34.86191837499574,31.98624506335414,6.57 34.86180877074882,31.98615566926314,6.57 34.86191801005613,31.98605847904456,6.57</coordinates>
        
       
       </LinearRing>
       
      
      </outerBoundaryIs>
      
      
        
     
     </Polygon>
     
     
      
    
    </MultiGeometry>
    
    
    
   
   </Placemark>
   <Placemark id="ID_00020">
    
    
      
    
    <name>8.68</name>
    
    
      
    
    <Snippet/>
    
    
      
    
    <Style>
     <PolyStyle>
      <color>CCFFFFFF</color>
     </PolyStyle>
     <LineStyle>
      <color>CCFFFFFF</color>
     </LineStyle>
    </Style>
    <description>
    </description>
    
    
      
    
    <styleUrl>#PolyStyle00</styleUrl>
    
    
      
    
    <MultiGeometry>
     
     
        
     
     <Polygon>
      
      
          
      
      <extrude>1</extrude>
      
      
      <tessellate>1</tessellate>
      
      
      <altitudeMode>relativeToGround</altitudeMode>
      
      
          
      
      <outerBoundaryIs>
       
       
       <LinearRing>
        
        
        <coordinates> 34.85737534337908,31.9850028417844,8.68 34.85750441780371,31.98500599023953,8.68 34.85749842944551,31.98519147502359,8.68 34.8573366602309,31.98518823715817,8.68 34.85733890017499,31.98509914501635,8.68 34.85737286028991,31.98510032004381,8.68 34.85737534337908,31.9850028417844,8.68</coordinates>
        
       
       </LinearRing>
       
      
      </outerBoundaryIs>
      
      
        
     
     </Polygon>
     
     
      
    
    </MultiGeometry>
    
    
    
   
   </Placemark>
   <Placemark id="ID_00021">
    
    
      
    
    <name>4.6</name>
    
    
      
    
    <Snippet/>
    
    
      
    
    <Style>
     <PolyStyle>
      <color>CCFFFFFF</color>
     </PolyStyle>
     <LineStyle>
      <color>CCFFFFFF</color>
     </LineStyle>
    </Style>
    <description>
    </description>
    
    
      
    
    <styleUrl>#PolyStyle00</styleUrl>
    
    
      
    
    <MultiGeometry>
     
     
        
     
     <Polygon>
      
      
          
      
      <extrude>1</extrude>
      
      
      <tessellate>1</tessellate>
      
      
      <altitudeMode>relativeToGround</altitudeMode>
      
      
          
      
      <outerBoundaryIs>
       
       
       <LinearRing>
        
        
        <coordinates> 34.85359387469871,31.9860825466097,4.6 34.85364761355364,31.98611362701836,4.6 34.85361475777616,31.98615583081873,4.6 34.85366849839613,31.98618646032125,4.6 34.85362936557639,31.98623766481784,4.6 34.85352156039199,31.98617811828924,4.6 34.85359387469871,31.9860825466097,4.6</coordinates>
        
       
       </LinearRing>
       
      
      </outerBoundaryIs>
      
      
        
     
     </Polygon>
     
     
      
    
    </MultiGeometry>
    
    
    
   
   </Placemark>
   <Placemark id="ID_00022">
    
    
      
    
    <name>4.24</name>
    
    
      
    
    <Snippet/>
    
    
      
    
    <Style>
     <PolyStyle>
      <color>CCFFFFFF</color>
     </PolyStyle>
     <LineStyle>
      <color>CCFFFFFF</color>
     </LineStyle>
    </Style>
    <description>
    </description>
    
    
      
    
    <styleUrl>#PolyStyle00</styleUrl>
    
    
      
    
    <MultiGeometry>
     
     
        
     
     <Polygon>
      
      
          
      
      <extrude>1</extrude>
      
      
      <tessellate>1</tessellate>
      
      
      <altitudeMode>relativeToGround</altitudeMode>
      
      
          
      
      <outerBoundaryIs>
       
       
       <LinearRing>
        
        
        <coordinates> 34.85655522413122,31.98559127848415,4.24 34.85661964794197,31.98562301818744,4.24 34.85659081848439,31.98566415163635,4.24 34.856639502802,31.98568899448224,4.24 34.8565885461576,31.98576163044419,4.24 34.85647544033606,31.9857044165789,4.24 34.85655522413122,31.98559127848415,4.24</coordinates>
        
       
       </LinearRing>
       
      
      </outerBoundaryIs>
      
      
        
     
     </Polygon>
     
     
      
    
    </MultiGeometry>
    
    
    
   
   </Placemark>
   <Placemark id="ID_00023">
    
    
      
    
    <name>9.31</name>
    
    
      
    
    <Snippet/>
    
    
      
    
    <Style>
     <PolyStyle>
      <color>CCFFFFFF</color>
     </PolyStyle>
     <LineStyle>
      <color>CCFFFFFF</color>
     </LineStyle>
    </Style>
    <description>
    </description>
    
    
      
    
    <styleUrl>#PolyStyle00</styleUrl>
    
    
      
    
    <MultiGeometry>
     
     
        
     
     <Polygon>
      
      
          
      
      <extrude>1</extrude>
      
      
      <tessellate>1</tessellate>
      
      
      <altitudeMode>relativeToGround</altitudeMode>
      
      
          
      
      <outerBoundaryIs>
       
       
       <LinearRing>
        
        
        <coordinates> 34.8556580099621,31.98560685232724,9.31 34.85565763471562,31.98570604975586,9.31 34.85556960236234,31.98570580782465,9.31 34.85556949999625,31.9857328616683,9.31 34.85548919161288,31.98573264091074,9.31 34.85548966943014,31.9856063896405,9.31 34.8556580099621,31.98560685232724,9.31</coordinates>
        
       
       </LinearRing>
       
      
      </outerBoundaryIs>
      
      
        
     
     </Polygon>
     
     
      
    
    </MultiGeometry>
    
    
    
   
   </Placemark>
   <Placemark id="ID_00024">
    
    
      
    
    <name>4.62</name>
    
    
      
    
    <Snippet/>
    
    
      
    
    <Style>
     <PolyStyle>
      <color>CCFFFFFF</color>
     </PolyStyle>
     <LineStyle>
      <color>CCFFFFFF</color>
     </LineStyle>
    </Style>
    <description>
    </description>
    
    
      
    
    <styleUrl>#PolyStyle00</styleUrl>
    
    
      
    
    <MultiGeometry>
     
     
        
     
     <Polygon>
      
      
          
      
      <extrude>1</extrude>
      
      
      <tessellate>1</tessellate>
      
      
      <altitudeMode>relativeToGround</altitudeMode>
      
      
          
      
      <outerBoundaryIs>
       
       
       <LinearRing>
        
        
        <coordinates> 34.85282203205276,31.98510132210466,4.62 34.85298178402821,31.98510627356601,4.62 34.85297602065859,31.98523034585643,4.62 34.85293486393174,31.98522960062514,4.62 34.85293247660867,31.98527297079211,4.62 34.85281398689744,31.98526876484385,4.62 34.85282203205276,31.98510132210466,4.62</coordinates>
        
       
       </LinearRing>
       
      
      </outerBoundaryIs>
      
      
        
     
     </Polygon>
     
     
      
    
    </MultiGeometry>
    
    
    
   
   </Placemark>
   <Placemark id="ID_00025">
    
    
      
    
    <name>3.31</name>
    
    
      
    
    <Snippet/>
    
    
      
    
    <Style>
     <PolyStyle>
      <color>CCFFFFFF</color>
     </PolyStyle>
     <LineStyle>
      <color>CCFFFFFF</color>
     </LineStyle>
    </Style>
    <description>
    </description>
    
    
      
    
    <styleUrl>#PolyStyle00</styleUrl>
    
    
      
    
    <MultiGeometry>
     
     
        
     
     <Polygon>
      
      
          
      
      <extrude>1</extrude>
      
      
      <tessellate>1</tessellate>
      
      
      <altitudeMode>relativeToGround</altitudeMode>
      
      
          
      
      <outerBoundaryIs>
       
       
       <LinearRing>
        
        
        <coordinates> 34.85541507231559,31.98574659544638,3.31 34.85547230633951,31.98574891714407,3.31 34.85546853205604,31.98585153207967,3.31 34.85541256357138,31.98585029602497,3.31 34.85541507231559,31.98574659544638,3.31</coordinates>
        
       
       </LinearRing>
       
      
      </outerBoundaryIs>
      
      
        
     
     </Polygon>
     
     
      
    
    </MultiGeometry>
    
    
    
   
   </Placemark>
   <Placemark id="ID_00026">
    
    
      
    
    <name>8.38</name>
    
    
      
    
    <Snippet/>
    
    
      
    
    <Style>
     <PolyStyle>
      <color>CCFFFFFF</color>
     </PolyStyle>
     <LineStyle>
      <color>CCFFFFFF</color>
     </LineStyle>
    </Style>
    <description>
    </description>
    
    
      
    
    <styleUrl>#PolyStyle00</styleUrl>
    
    
      
    
    <MultiGeometry>
     
     
        
     
     <Polygon>
      
      
          
      
      <extrude>1</extrude>
      
      
      <tessellate>1</tessellate>
      
      
      <altitudeMode>relativeToGround</altitudeMode>
      
      
          
      
      <outerBoundaryIs>
       
       
       <LinearRing>
        
        
        <coordinates> 34.85742689320206,31.98421002611447,8.38 34.85759952077463,31.98422339373878,8.38 34.8575763790691,31.98444039483297,8.38 34.85736376499894,31.98442457315326,8.38 34.85737474654051,31.98431810007656,8.38 34.85741493843328,31.98432208772461,8.38 34.85742689320206,31.98421002611447,8.38</coordinates>
        
       
       </LinearRing>
       
      
      </outerBoundaryIs>
      
      
        
     
     </Polygon>
     
     
      
    
    </MultiGeometry>
    
    
    
   
   </Placemark>
   <Placemark id="ID_00027">
    
    
      
    
    <name>9.62</name>
    
    
      
    
    <Snippet/>
    
    
      
    
    <Style>
     <PolyStyle>
      <color>CCFFFFFF</color>
     </PolyStyle>
     <LineStyle>
      <color>CCFFFFFF</color>
     </LineStyle>
    </Style>
    <description>
    </description>
    
    
      
    
    <styleUrl>#PolyStyle00</styleUrl>
    
    
      
    
    <MultiGeometry>
     
     
        
     
     <Polygon>
      
      
          
      
      <extrude>1</extrude>
      
      
      <tessellate>1</tessellate>
      
      
      <altitudeMode>relativeToGround</altitudeMode>
      
      
          
      
      <outerBoundaryIs>
       
       
       <LinearRing>
        
        
        <coordinates> 34.85808444184114,31.98551772499391,9.62 34.85810230837966,31.98557810445318,9.62 34.85807149318316,31.98558469371911,9.62 34.85808809646518,31.98564335630439,9.62 34.85814538300252,31.98563169897343,9.62 34.85817985939627,31.9857490275857,9.62 34.85813115138409,31.98575854400718,9.62 34.8581456724391,31.98580818285988,9.62 34.85802505755465,31.98583427659846,9.62 34.85797909254665,31.98567696665872,9.62 34.85801202462014,31.98567020283222,9.62 34.85799415981787,31.98560937246393,9.62 34.85795180271597,31.98561827488831,9.62 34.85793195574107,31.98554995412444,9.62 34.85808444184114,31.98551772499391,9.62</coordinates>
        
       
       </LinearRing>
       
      
      </outerBoundaryIs>
      
      
        
     
     </Polygon>
     
     
      
    
    </MultiGeometry>
    
    
    
   
   </Placemark>
   <Placemark id="ID_00028">
    
    
      
    
    <name>8.27</name>
    
    
      
    
    <Snippet/>
    
    
      
    
    <Style>
     <PolyStyle>
      <color>CCFFFFFF</color>
     </PolyStyle>
     <LineStyle>
      <color>CCFFFFFF</color>
     </LineStyle>
    </Style>
    <description>
    </description>
    
    
      
    
    <styleUrl>#PolyStyle00</styleUrl>
    
    
      
    
    <MultiGeometry>
     
     
        
     
     <Polygon>
      
      
          
      
      <extrude>1</extrude>
      
      
      <tessellate>1</tessellate>
      
      
      <altitudeMode>relativeToGround</altitudeMode>
      
      
          
      
      <outerBoundaryIs>
       
       
       <LinearRing>
        
        
        <coordinates> 34.85862086493853,31.98606135235036,8.27 34.85867014917787,31.98620857088843,8.27 34.85852495007857,31.98624424743063,8.27 34.85850736842038,31.98619243595202,8.27 34.85854443529986,31.98618351892746,8.27 34.85851189048859,31.9860870273618,8.27 34.85862086493853,31.98606135235036,8.27</coordinates>
        
       
       </LinearRing>
       
      
      </outerBoundaryIs>
      
      
        
     
     </Polygon>
     
     
      
    
    </MultiGeometry>
    
    
    
   
   </Placemark>
   <Placemark id="ID_00029">
    
    
      
    
    <name>9.2</name>
    
    
      
    
    <Snippet/>
    
    
      
    
    <Style>
     <PolyStyle>
      <color>CCFFFFFF</color>
     </PolyStyle>
     <LineStyle>
      <color>CCFFFFFF</color>
     </LineStyle>
    </Style>
    <description>
    </description>
    
    
      
    
    <styleUrl>#PolyStyle00</styleUrl>
    
    
      
    
    <MultiGeometry>
     
     
        
     
     <Polygon>
      
      
          
      
      <extrude>1</extrude>
      
      
      <tessellate>1</tessellate>
      
      
      <altitudeMode>relativeToGround</altitudeMode>
      
      
          
      
      <outerBoundaryIs>
       
       
       <LinearRing>
        
        
        <coordinates> 34.85694981784409,31.98395450228879,9.2 34.85720373148587,31.98396078833587,9.2 34.85719667247314,31.98412138040181,9.2 34.85695863341381,31.98411405563176,9.2 34.85696420443237,31.98403958183416,9.2 34.85694516746931,31.98403736538861,9.2 34.85694981784409,31.98395450228879,9.2</coordinates>
        
       
       </LinearRing>
       
      
      </outerBoundaryIs>
      
      
        
     
     </Polygon>
     
     
      
    
    </MultiGeometry>
    
    
    
   
   </Placemark>
   <Placemark id="ID_00030">
    
    
      
    
    <name>6.79</name>
    
    
      
    
    <Snippet/>
    
    
      
    
    <Style>
     <PolyStyle>
      <color>CCFFFFFF</color>
     </PolyStyle>
     <LineStyle>
      <color>CCFFFFFF</color>
     </LineStyle>
    </Style>
    <description>
    </description>
    
    
      
    
    <styleUrl>#PolyStyle00</styleUrl>
    
    
      
    
    <MultiGeometry>
     
     
        
     
     <Polygon>
      
      
          
      
      <extrude>1</extrude>
      
      
      <tessellate>1</tessellate>
      
      
      <altitudeMode>relativeToGround</altitudeMode>
      
      
          
      
      <outerBoundaryIs>
       
       
       <LinearRing>
        
        
        <coordinates> 34.85421470608108,31.98724028367245,6.79 34.85430262001892,31.9872720893595,6.79 34.85428662866033,31.98730360838068,6.79 34.85433195913905,31.98732005607793,6.79 34.85428280639652,31.9874184876502,6.79 34.85414977346012,31.98737023478714,6.79 34.85421470608108,31.98724028367245,6.79</coordinates>
        
       
       </LinearRing>
       
      
      </outerBoundaryIs>
      
      
        
     
     </Polygon>
     
     
      
    
    </MultiGeometry>
    
    
    
   
   </Placemark>
   <Placemark id="ID_00031">
    
    
      
    
    <name>6.66</name>
    
    
      
    
    <Snippet/>
    
    
      
    
    <Style>
     <PolyStyle>
      <color>CCFFFFFF</color>
     </PolyStyle>
     <LineStyle>
      <color>CCFFFFFF</color>
     </LineStyle>
    </Style>
    <description>
    </description>
    
    
      
    
    <styleUrl>#PolyStyle00</styleUrl>
    
    
      
    
    <MultiGeometry>
     
     
        
     
     <Polygon>
      
      
          
      
      <extrude>1</extrude>
      
      
      <tessellate>1</tessellate>
      
      
      <altitudeMode>relativeToGround</altitudeMode>
      
      
          
      
      <outerBoundaryIs>
       
       
       <LinearRing>
        
        
        <coordinates> 34.86136711205682,31.98684047880783,6.66 34.86139713971357,31.98698872640387,6.66 34.86129021121271,31.98700476002037,6.66 34.86126008026336,31.98685588085784,6.66 34.86136711205682,31.98684047880783,6.66</coordinates>
        
       
       </LinearRing>
       
      
      </outerBoundaryIs>
      
      
        
     
     </Polygon>
     
     
      
    
    </MultiGeometry>
    
    
    
   
   </Placemark>
   <Placemark id="ID_00032">
    
    
      
    
    <name>3.21</name>
    
    
      
    
    <Snippet/>
    
    
      
    
    <Style>
     <PolyStyle>
      <color>CCFFFFFF</color>
     </PolyStyle>
     <LineStyle>
      <color>CCFFFFFF</color>
     </LineStyle>
    </Style>
    <description>
    </description>
    
    
      
    
    <styleUrl>#PolyStyle00</styleUrl>
    
    
      
    
    <MultiGeometry>
     
     
        
     
     <Polygon>
      
      
          
      
      <extrude>1</extrude>
      
      
      <tessellate>1</tessellate>
      
      
      <altitudeMode>relativeToGround</altitudeMode>
      
      
          
      
      <outerBoundaryIs>
       
       
       <LinearRing>
        
        
        <coordinates> 34.85704936833476,31.98615689977469,3.21 34.85711183888703,31.98622390163903,3.21 34.85702888276158,31.98624753454295,3.21 34.85697420668388,31.98619584677085,3.21 34.85704936833476,31.98615689977469,3.21</coordinates>
        
       
       </LinearRing>
       
      
      </outerBoundaryIs>
      
      
        
     
     </Polygon>
     
     
      
    
    </MultiGeometry>
    
    
    
   
   </Placemark>
   <Placemark id="ID_00033">
    
    
      
    
    <name>5.29</name>
    
    
      
    
    <Snippet/>
    
    
      
    
    <Style>
     <PolyStyle>
      <color>CCFFFFFF</color>
     </PolyStyle>
     <LineStyle>
      <color>CCFFFFFF</color>
     </LineStyle>
    </Style>
    <description>
    </description>
    
    
      
    
    <styleUrl>#PolyStyle00</styleUrl>
    
    
      
    
    <MultiGeometry>
     
     
        
     
     <Polygon>
      
      
          
      
      <extrude>1</extrude>
      
      
      <tessellate>1</tessellate>
      
      
      <altitudeMode>relativeToGround</altitudeMode>
      
      
          
      
      <outerBoundaryIs>
       
       
       <LinearRing>
        
        
        <coordinates> 34.85381583357667,31.98778756934911,5.29 34.85392672887453,31.98784198387379,5.29 34.85386511753525,31.98793307625613,5.29 34.85375422216521,31.98787866167787,5.29 34.85381583357667,31.98778756934911,5.29</coordinates>
        
       
       </LinearRing>
       
      
      </outerBoundaryIs>
      
      
        
     
     </Polygon>
     
     
      
    
    </MultiGeometry>
    
    
    
   
   </Placemark>
   <Placemark id="ID_00034">
    
    
      
    
    <name>9.31</name>
    
    
      
    
    <Snippet/>
    
    
      
    
    <Style>
     <PolyStyle>
      <color>CCFFFFFF</color>
     </PolyStyle>
     <LineStyle>
      <color>CCFFFFFF</color>
     </LineStyle>
    </Style>
    <description>
    </description>
    
    
      
    
    <styleUrl>#PolyStyle00</styleUrl>
    
    
      
    
    <MultiGeometry>
     
     
        
     
     <Polygon>
      
      
          
      
      <extrude>1</extrude>
      
      
      <tessellate>1</tessellate>
      
      
      <altitudeMode>relativeToGround</altitudeMode>
      
      
          
      
      <outerBoundaryIs>
       
       
       <LinearRing>
        
        
        <coordinates> 34.85800244992016,31.98450125788856,9.31 34.85802767424398,31.9845745532519,9.31 34.85799908064475,31.98458132892665,9.31 34.85802943870711,31.98466816536684,9.31 34.85790648228046,31.98469831073318,9.31 34.85788461231963,31.98463341128686,9.31 34.85792485520864,31.98462387184684,9.31 34.85789124707455,31.98452909062917,9.31 34.85800244992016,31.98450125788856,9.31</coordinates>
        
       
       </LinearRing>
       
      
      </outerBoundaryIs>
      
      
        
     
     </Polygon>
     
     
      
    
    </MultiGeometry>
    
    
    
   
   </Placemark>
   <Placemark id="ID_00035">
    
    
      
    
    <name>5.9</name>
    
    
      
    
    <Snippet/>
    
    
      
    
    <Style>
     <PolyStyle>
      <color>CCFFFFFF</color>
     </PolyStyle>
     <LineStyle>
      <color>CCFFFFFF</color>
     </LineStyle>
    </Style>
    <description>
    </description>
    
    
      
    
    <styleUrl>#PolyStyle00</styleUrl>
    
    
      
    
    <MultiGeometry>
     
     
        
     
     <Polygon>
      
      
          
      
      <extrude>1</extrude>
      
      
      <tessellate>1</tessellate>
      
      
      <altitudeMode>relativeToGround</altitudeMode>
      
      
          
      
      <outerBoundaryIs>
       
       
       <LinearRing>
        
        
        <coordinates> 34.86272811355238,31.98730794813139,5.9 34.86285265198391,31.98739395475814,5.9 34.86276332109476,31.98748669033126,5.9 34.86264005234462,31.98740068703708,5.9 34.86272811355238,31.98730794813139,5.9</coordinates>
        
       
       </LinearRing>
       
      
      </outerBoundaryIs>
      
      
        
     
     </Polygon>
     
     
      
    
    </MultiGeometry>
    
    
    
   
   </Placemark>
   <Placemark id="ID_00036">
    
    
      
    
    <name>9.6</name>
    
    
      
    
    <Snippet/>
    
    
      
    
    <Style>
     <PolyStyle>
      <color>CCFFFFFF</color>
     </PolyStyle>
     <LineStyle>
      <color>CCFFFFFF</color>
     </LineStyle>
    </Style>
    <description>
    </description>
    
    
      
    
    <styleUrl>#PolyStyle00</styleUrl>
    
    
      
    
    <MultiGeometry>
     
     
        
     
     <Polygon>
      
      
          
      
      <extrude>1</extrude>
      
      
      <tessellate>1</tessellate>
      
      
      <altitudeMode>relativeToGround</altitudeMode>
      
      
          
      
      <outerBoundaryIs>
       
       
       <LinearRing>
        
        
        <coordinates> 34.85816655897399,31.98365572287967,9.6 34.85818948068608,31.98375047488712,9.6 34.85809323774803,31.98376761714509,9.6 34.85812021167099,31.98388212973927,9.6 34.85801338323255,31.98390050558039,9.6 34.85796837608812,31.98371379937905,9.6 34.85810072046114,31.98369098417479,9.6 34.85809456259791,31.98366842225874,9.6 34.85816655897399,31.98365572287967,9.6</coordinates>
        
       
       </LinearRing>
       
      
      </outerBoundaryIs>
      
      
        
     
     </Polygon>
     
     
      
    
    </MultiGeometry>
    
    
    
   
   </Placemark>
   <Placemark id="ID_00037">
    
    
      
    
    <name>5.31</name>
    
    
      
    
    <Snippet/>
    
    
      
    
    <Style>
     <PolyStyle>
      <color>CCFFFFFF</color>
     </PolyStyle>
     <LineStyle>
      <color>CCFFFFFF</color>
     </LineStyle>
    </Style>
    <description>
    </description>
    
    
      
    
    <styleUrl>#PolyStyle00</styleUrl>
    
    
      
    
    <MultiGeometry>
     
     
        
     
     <Polygon>
      
      
          
      
      <extrude>1</extrude>
      
      
      <tessellate>1</tessellate>
      
      
      <altitudeMode>relativeToGround</altitudeMode>
      
      
          
      
      <outerBoundaryIs>
       
       
       <LinearRing>
        
        
        <coordinates> 34.8560398744965,31.98616701964147,5.31 34.85619833610334,31.98623400764355,5.31 34.85616329952332,31.98629361094387,5.31 34.85609125478977,31.98626248135865,5.31 34.85607751618816,31.9862860709204,5.31 34.85602585679698,31.98626446618881,5.31 34.85604492401064,31.98623079105283,5.31 34.85601016644545,31.98621653731974,5.31 34.8560398744965,31.98616701964147,5.31</coordinates>
        
       
       </LinearRing>
       
      
      </outerBoundaryIs>
      
      
        
     
     </Polygon>
     
     
      
    
    </MultiGeometry>
    
    
    
   
   </Placemark>
   <Placemark id="ID_00038">
    
    
      
    
    <name>6.24</name>
    
    
      
    
    <Snippet/>
    
    
      
    
    <Style>
     <PolyStyle>
      <color>CCFFFFFF</color>
     </PolyStyle>
     <LineStyle>
      <color>CCFFFFFF</color>
     </LineStyle>
    </Style>
    <description>
    </description>
    
    
      
    
    <styleUrl>#PolyStyle00</styleUrl>
    
    
      
    
    <MultiGeometry>
     
     
        
     
     <Polygon>
      
      
          
      
      <extrude>1</extrude>
      
      
      <tessellate>1</tessellate>
      
      
      <altitudeMode>relativeToGround</altitudeMode>
      
      
          
      
      <outerBoundaryIs>
       
       
       <LinearRing>
        
        
        <coordinates> 34.86226269481661,31.98695390844624,6.24 34.86238313285551,31.98703259986588,6.24 34.86229282245484,31.98713263708726,6.24 34.86217238436397,31.9870539455828,6.24 34.86226269481661,31.98695390844624,6.24</coordinates>
        
       
       </LinearRing>
       
      
      </outerBoundaryIs>
      
      
        
     
     </Polygon>
     
     
      
    
    </MultiGeometry>
    
    
    
   
   </Placemark>
   <Placemark id="ID_00039">
    
    
      
    
    <name>3.31</name>
    
    
      
    
    <Snippet/>
    
    
      
    
    <Style>
     <PolyStyle>
      <color>CCFFFFFF</color>
     </PolyStyle>
     <LineStyle>
      <color>CCFFFFFF</color>
     </LineStyle>
    </Style>
    <description>
    </description>
    
    
      
    
    <styleUrl>#PolyStyle00</styleUrl>
    
    
      
    
    <MultiGeometry>
     
     
        
     
     <Polygon>
      
      
          
      
      <extrude>1</extrude>
      
      
      <tessellate>1</tessellate>
      
      
      <altitudeMode>relativeToGround</altitudeMode>
      
      
          
      
      <outerBoundaryIs>
       
       
       <LinearRing>
        
        
        <coordinates> 34.86263035086012,31.98684947814477,3.31 34.86274325353796,31.9869343713816,3.31 34.86270926945362,31.98696800736958,3.31 34.86273776252303,31.98698846485675,3.31 34.86270590263287,31.98701994223181,3.31 34.8627270040771,31.98703632170068,3.31 34.8628013382142,31.98696437745932,3.31 34.86291951731366,31.98705316249955,3.31 34.86282394404368,31.98714588132546,3.31 34.86271009275692,31.98705990344274,3.31 34.86268237612811,31.98708688294505,3.31 34.8626255014598,31.98704443517286,3.31 34.86264557438582,31.98702428881217,3.31 34.86253594142025,31.9869421998906,3.31 34.86263035086012,31.98684947814477,3.31</coordinates>
        
       
       </LinearRing>
       
      
      </outerBoundaryIs>
      
      
        
     
     </Polygon>
     
     
      
    
    </MultiGeometry>
    
    
    
   
   </Placemark>
   <Placemark id="ID_00040">
    
    
      
    
    <name>3.9</name>
    
    
      
    
    <Snippet/>
    
    
      
    
    <Style>
     <PolyStyle>
      <color>CCFFFFFF</color>
     </PolyStyle>
     <LineStyle>
      <color>CCFFFFFF</color>
     </LineStyle>
    </Style>
    <description>
    </description>
    
    
      
    
    <styleUrl>#PolyStyle00</styleUrl>
    
    
      
    
    <MultiGeometry>
     
     
        
     
     <Polygon>
      
      
          
      
      <extrude>1</extrude>
      
      
      <tessellate>1</tessellate>
      
      
      <altitudeMode>relativeToGround</altitudeMode>
      
      
          
      
      <outerBoundaryIs>
       
       
       <LinearRing>
        
        
        <coordinates> 34.85442871477821,31.9875034792978,3.9 34.85445500916138,31.9875452151437,3.9 34.85437021511986,31.98758339814648,3.9 34.85434391905232,31.98754211318064,3.9 34.85442871477821,31.9875034792978,3.9</coordinates>
        
       
       </LinearRing>
       
      
      </outerBoundaryIs>
      
      
        
     
     </Polygon>
     
     
      
    
    </MultiGeometry>
    
    
    
   
   </Placemark>
   <Placemark id="ID_00041">
    
    
      
    
    <name>5.55</name>
    
    
      
    
    <Snippet/>
    
    
      
    
    <Style>
     <PolyStyle>
      <color>CCFFFFFF</color>
     </PolyStyle>
     <LineStyle>
      <color>CCFFFFFF</color>
     </LineStyle>
    </Style>
    <description>
    </description>
    
    
      
    
    <styleUrl>#PolyStyle00</styleUrl>
    
    
      
    
    <MultiGeometry>
     
     
        
     
     <Polygon>
      
      
          
      
      <extrude>1</extrude>
      
      
      <tessellate>1</tessellate>
      
      
      <altitudeMode>relativeToGround</altitudeMode>
      
      
          
      
      <outerBoundaryIs>
       
       
       <LinearRing>
        
        
        <coordinates> 34.86189956806492,31.9870351735316,5.55 34.86202620479966,31.98712569565218,5.55 34.86193486295866,31.98721842521853,5.55 34.86180822618797,31.98712790300788,5.55 34.86189956806492,31.9870351735316,5.55</coordinates>
        
       
       </LinearRing>
       
      
      </outerBoundaryIs>
      
      
        
     
     </Polygon>
     
     
      
    
    </MultiGeometry>
    
    
    
   
   </Placemark>
   <Placemark id="ID_00042">
    
    
      
    
    <name>7.52</name>
    
    
      
    
    <Snippet/>
    
    
      
    
    <Style>
     <PolyStyle>
      <color>CCFFFFFF</color>
     </PolyStyle>
     <LineStyle>
      <color>CCFFFFFF</color>
     </LineStyle>
    </Style>
    <description>
    </description>
    
    
      
    
    <styleUrl>#PolyStyle00</styleUrl>
    
    
      
    
    <MultiGeometry>
     
     
        
     
     <Polygon>
      
      
          
      
      <extrude>1</extrude>
      
      
      <tessellate>1</tessellate>
      
      
      <altitudeMode>relativeToGround</altitudeMode>
      
      
          
      
      <outerBoundaryIs>
       
       
       <LinearRing>
        
        
        <coordinates> 34.8566579783643,31.9866816609307,7.52 34.85685712082942,31.98690423059137,7.52 34.85661955265729,31.98705066403466,7.52 34.85643003950644,31.98679998412339,7.52 34.8566579783643,31.9866816609307,7.52</coordinates>
        
       
       </LinearRing>
       
      
      </outerBoundaryIs>
      
      
        
     
     </Polygon>
     
     
      
    
    </MultiGeometry>
    
    
    
   
   </Placemark>
   <Placemark id="ID_00043">
    
    
      
    
    <name>4.1</name>
    
    
      
    
    <Snippet/>
    
    
      
    
    <Style>
     <PolyStyle>
      <color>CCFFFFFF</color>
     </PolyStyle>
     <LineStyle>
      <color>CCFFFFFF</color>
     </LineStyle>
    </Style>
    <description>
    </description>
    
    
      
    
    <styleUrl>#PolyStyle00</styleUrl>
    
    
      
    
    <MultiGeometry>
     
     
        
     
     <Polygon>
      
      
          
      
      <extrude>1</extrude>
      
      
      <tessellate>1</tessellate>
      
      
      <altitudeMode>relativeToGround</altitudeMode>
      
      
          
      
      <outerBoundaryIs>
       
       
       <LinearRing>
        
        
        <coordinates> 34.85588245701229,31.98582390187968,4.1 34.85597104915874,31.98587203093236,4.1 34.85589032917342,31.98598065705917,4.1 34.85580152534905,31.98593252736924,4.1 34.85588245701229,31.98582390187968,4.1</coordinates>
        
       
       </LinearRing>
       
      
      </outerBoundaryIs>
      
      
        
     
     </Polygon>
     
     
      
    
    </MultiGeometry>
    
    
    
   
   </Placemark>
   <Placemark id="ID_00044">
    
    
      
    
    <name>6.44</name>
    
    
      
    
    <Snippet/>
    
    
      
    
    <Style>
     <PolyStyle>
      <color>CCFFFFFF</color>
     </PolyStyle>
     <LineStyle>
      <color>CCFFFFFF</color>
     </LineStyle>
    </Style>
    <description>
    </description>
    
    
      
    
    <styleUrl>#PolyStyle00</styleUrl>
    
    
      
    
    <MultiGeometry>
     
     
        
     
     <Polygon>
      
      
          
      
      <extrude>1</extrude>
      
      
      <tessellate>1</tessellate>
      
      
      <altitudeMode>relativeToGround</altitudeMode>
      
      
          
      
      <outerBoundaryIs>
       
       
       <LinearRing>
        
        
        <coordinates> 34.86164479421951,31.98666023693928,6.44 34.86164354017378,31.98674139593795,6.44 34.86173665007614,31.98674227863249,6.44 34.86173648884432,31.98678565498295,6.44 34.86157248658528,31.98678458080623,6.44 34.86157411362095,31.98666004603059,6.44 34.86164479421951,31.98666023693928,6.44</coordinates>
        
       
       </LinearRing>
       
      
      </outerBoundaryIs>
      
      
        
     
     </Polygon>
     
     
      
    
    </MultiGeometry>
    
    
    
   
   </Placemark>
   <Placemark id="ID_00045">
    
    
      
    
    <name>3.63</name>
    
    
      
    
    <Snippet/>
    
    
      
    
    <Style>
     <PolyStyle>
      <color>CCFFFFFF</color>
     </PolyStyle>
     <LineStyle>
      <color>CCFFFFFF</color>
     </LineStyle>
    </Style>
    <description>
    </description>
    
    
      
    
    <styleUrl>#PolyStyle00</styleUrl>
    
    
      
    
    <MultiGeometry>
     
     
        
     
     <Polygon>
      
      
          
      
      <extrude>1</extrude>
      
      
      <tessellate>1</tessellate>
      
      
      <altitudeMode>relativeToGround</altitudeMode>
      
      
          
      
      <outerBoundaryIs>
       
       
       <LinearRing>
        
        
        <coordinates> 34.85822790111325,31.98363442725712,3.63 34.85825107055049,31.98369139431838,3.63 34.8582161143312,31.9837020304507,3.63 34.85819199266099,31.98364506078574,3.63 34.85822790111325,31.98363442725712,3.63</coordinates>
        
       
       </LinearRing>
       
      
      </outerBoundaryIs>
      
      
        
     
     </Polygon>
     
     
      
    
    </MultiGeometry>
    
    
    
   
   </Placemark>
   <Placemark id="ID_00046">
    
    
      
    
    <name>4.46</name>
    
    
      
    
    <Snippet/>
    
    
      
    
    <Style>
     <PolyStyle>
      <color>CCFFFFFF</color>
     </PolyStyle>
     <LineStyle>
      <color>CCFFFFFF</color>
     </LineStyle>
    </Style>
    <description>
    </description>
    
    
      
    
    <styleUrl>#PolyStyle00</styleUrl>
    
    
      
    
    <MultiGeometry>
     
     
        
     
     <Polygon>
      
      
          
      
      <extrude>1</extrude>
      
      
      <tessellate>1</tessellate>
      
      
      <altitudeMode>relativeToGround</altitudeMode>
      
      
          
      
      <outerBoundaryIs>
       
       
       <LinearRing>
        
        
        <coordinates> 34.85688199421401,31.98535833582542,4.46 34.85699718204287,31.98542457307251,4.46 34.85693870938819,31.98549827077132,4.46 34.85682352389023,31.98543140221508,4.46 34.85688199421401,31.98535833582542,4.46</coordinates>
        
       
       </LinearRing>
       
      
      </outerBoundaryIs>
      
      
        
     
     </Polygon>
     
     
      
    
    </MultiGeometry>
    
    
    
   
   </Placemark>
   <Placemark id="ID_00047">
    
    
      
    
    <name>3.79</name>
    
    
      
    
    <Snippet/>
    
    
      
    
    <Style>
     <PolyStyle>
      <color>CCFFFFFF</color>
     </PolyStyle>
     <LineStyle>
      <color>CCFFFFFF</color>
     </LineStyle>
    </Style>
    <description>
    </description>
    
    
      
    
    <styleUrl>#PolyStyle00</styleUrl>
    
    
      
    
    <MultiGeometry>
     
     
        
     
     <Polygon>
      
      
          
      
      <extrude>1</extrude>
      
      
      <tessellate>1</tessellate>
      
      
      <altitudeMode>relativeToGround</altitudeMode>
      
      
          
      
      <outerBoundaryIs>
       
       
       <LinearRing>
        
        
        <coordinates> 34.85788507118703,31.98676338403996,3.79 34.85808333679817,31.98691037820945,3.79 34.8578912090974,31.98710094607059,3.79 34.85769167197794,31.98695439903329,3.79 34.85788507118703,31.98676338403996,3.79</coordinates>
        
       
       </LinearRing>
       
      
      </outerBoundaryIs>
      
      
        
     
     </Polygon>
     
     
      
    
    </MultiGeometry>
    
    
    
   
   </Placemark>
   <Placemark id="ID_00048">
    
    
      
    
    <name>3.91</name>
    
    
      
    
    <Snippet/>
    
    
      
    
    <Style>
     <PolyStyle>
      <color>CCFFFFFF</color>
     </PolyStyle>
     <LineStyle>
      <color>CCFFFFFF</color>
     </LineStyle>
    </Style>
    <description>
    </description>
    
    
      
    
    <styleUrl>#PolyStyle00</styleUrl>
    
    
      
    
    <MultiGeometry>
     
     
        
     
     <Polygon>
      
      
          
      
      <extrude>1</extrude>
      
      
      <tessellate>1</tessellate>
      
      
      <altitudeMode>relativeToGround</altitudeMode>
      
      
          
      
      <outerBoundaryIs>
       
       
       <LinearRing>
        
        
        <coordinates> 34.85426633547899,31.98757625788492,3.91 34.85429911608825,31.98760962488146,3.91 34.85426951589672,31.98763037489003,3.91 34.85423673700367,31.98759655698879,3.91 34.85426633547899,31.98757625788492,3.91</coordinates>
        
       
       </LinearRing>
       
      
      </outerBoundaryIs>
      
      
        
     
     </Polygon>
     
     
      
    
    </MultiGeometry>
    
    
    
   
   </Placemark>
   <Placemark id="ID_00049">
    
    
      
    
    <name>6.54</name>
    
    
      
    
    <Snippet/>
    
    
      
    
    <Style>
     <PolyStyle>
      <color>CCFFFFFF</color>
     </PolyStyle>
     <LineStyle>
      <color>CCFFFFFF</color>
     </LineStyle>
    </Style>
    <description>
    </description>
    
    
      
    
    <styleUrl>#PolyStyle00</styleUrl>
    
    
      
    
    <MultiGeometry>
     
     
        
     
     <Polygon>
      
      
          
      
      <extrude>1</extrude>
      
      
      <tessellate>1</tessellate>
      
      
      <altitudeMode>relativeToGround</altitudeMode>
      
      
          
      
      <outerBoundaryIs>
       
       
       <LinearRing>
        
        
        <coordinates> 34.86300625214346,31.98677554993932,6.54 34.86327122449858,31.98696951910667,6.54 34.86317447908127,31.98706457974018,6.54 34.86290960846118,31.98687169281235,6.54 34.86300625214346,31.98677554993932,6.54</coordinates>
        
       
       </LinearRing>
       
      
      </outerBoundaryIs>
      
      
        
     
     </Polygon>
     
     
      
    
    </MultiGeometry>
    
    
    
   
   </Placemark>
   <Placemark id="ID_00050">
    
    
      
    
    <name>4.31</name>
    
    
      
    
    <Snippet/>
    
    
      
    
    <Style>
     <PolyStyle>
      <color>CCFFFFFF</color>
     </PolyStyle>
     <LineStyle>
      <color>CCFFFFFF</color>
     </LineStyle>
    </Style>
    <description>
    </description>
    
    
      
    
    <styleUrl>#PolyStyle00</styleUrl>
    
    
      
    
    <MultiGeometry>
     
     
        
     
     <Polygon>
      
      
          
      
      <extrude>1</extrude>
      
      
      <tessellate>1</tessellate>
      
      
      <altitudeMode>relativeToGround</altitudeMode>
      
      
          
      
      <outerBoundaryIs>
       
       
       <LinearRing>
        
        
        <coordinates> 34.8548837704029,31.98578336986904,4.31 34.85497793730671,31.98578426042913,4.31 34.85497653005377,31.98584846500854,4.31 34.85488247299541,31.98584649258472,4.31 34.8548837704029,31.98578336986904,4.31</coordinates>
        
       
       </LinearRing>
       
      
      </outerBoundaryIs>
      
      
        
     
     </Polygon>
     
     
      
    
    </MultiGeometry>
    
    
    
   
   </Placemark>
   <Placemark id="ID_00051">
    
    
      
    
    <name>5.29</name>
    
    
      
    
    <Snippet/>
    
    
      
    
    <Style>
     <PolyStyle>
      <color>CCFFFFFF</color>
     </PolyStyle>
     <LineStyle>
      <color>CCFFFFFF</color>
     </LineStyle>
    </Style>
    <description>
    </description>
    
    
      
    
    <styleUrl>#PolyStyle00</styleUrl>
    
    
      
    
    <MultiGeometry>
     
     
        
     
     <Polygon>
      
      
          
      
      <extrude>1</extrude>
      
      
      <tessellate>1</tessellate>
      
      
      <altitudeMode>relativeToGround</altitudeMode>
      
      
          
      
      <outerBoundaryIs>
       
       
       <LinearRing>
        
        
        <coordinates> 34.85775428739928,31.98667951982471,5.29 34.85785981902328,31.98675366578596,5.29 34.85766958287665,31.98694766533618,5.29 34.85756500584692,31.98687289056463,5.29 34.85775428739928,31.98667951982471,5.29</coordinates>
        
       
       </LinearRing>
       
      
      </outerBoundaryIs>
      
      
        
     
     </Polygon>
     
     
      
    
    </MultiGeometry>
    
    
    
   
   </Placemark>
   <Placemark id="ID_00052">
    
    
      
    
    <name>12.11</name>
    
    
      
    
    <Snippet/>
    
    
      
    
    <Style>
     <PolyStyle>
      <color>CCFFFFFF</color>
     </PolyStyle>
     <LineStyle>
      <color>CCFFFFFF</color>
     </LineStyle>
    </Style>
    <description>
    </description>
    
    
      
    
    <styleUrl>#PolyStyle00</styleUrl>
    
    
      
    
    <MultiGeometry>
     
     
        
     
     <Polygon>
      
      
          
      
      <extrude>1</extrude>
      
      
      <tessellate>1</tessellate>
      
      
      <altitudeMode>relativeToGround</altitudeMode>
      
      
          
      
      <outerBoundaryIs>
       
       
       <LinearRing>
        
        
        <coordinates> 34.85821723099379,31.9850671851004,12.11 34.85828232155902,31.9852314008423,12.11 34.85812555288779,31.98527714559501,12.11 34.85805951436922,31.98511184502281,12.11 34.85821723099379,31.9850671851004,12.11</coordinates>
        
       
       </LinearRing>
       
      
      </outerBoundaryIs>
      
      
        
     
     </Polygon>
     
     
      
    
    </MultiGeometry>
    
    
    
   
   </Placemark>
   <Placemark id="ID_00053">
    
    
      
    
    <name>6.7</name>
    
    
      
    
    <Snippet/>
    
    
      
    
    <Style>
     <PolyStyle>
      <color>CCFFFFFF</color>
     </PolyStyle>
     <LineStyle>
      <color>CCFFFFFF</color>
     </LineStyle>
    </Style>
    <description>
    </description>
    
    
      
    
    <styleUrl>#PolyStyle00</styleUrl>
    
    
      
    
    <MultiGeometry>
     
     
        
     
     <Polygon>
      
      
          
      
      <extrude>1</extrude>
      
      
      <tessellate>1</tessellate>
      
      
      <altitudeMode>relativeToGround</altitudeMode>
      
      
          
      
      <outerBoundaryIs>
       
       
       <LinearRing>
        
        
        <coordinates> 34.85454266512739,31.98616741018412,6.7 34.85464932417803,31.98622244366937,6.7 34.85461325862782,31.98627410782623,6.7 34.85463744572378,31.98628553721739,6.7 34.85459595788583,31.98634404013583,6.7 34.8544651133608,31.98627712628941,6.7 34.85454266512739,31.98616741018412,6.7</coordinates>
        
       
       </LinearRing>
       
      
      </outerBoundaryIs>
      
      
        
     
     </Polygon>
     
     
      
    
    </MultiGeometry>
    
    
    
   
   </Placemark>
   <Placemark id="ID_00054">
    
    
      
    
    <name>4.69</name>
    
    
      
    
    <Snippet/>
    
    
      
    
    <Style>
     <PolyStyle>
      <color>CCFFFFFF</color>
     </PolyStyle>
     <LineStyle>
      <color>CCFFFFFF</color>
     </LineStyle>
    </Style>
    <description>
    </description>
    
    
      
    
    <styleUrl>#PolyStyle00</styleUrl>
    
    
      
    
    <MultiGeometry>
     
     
        
     
     <Polygon>
      
      
          
      
      <extrude>1</extrude>
      
      
      <tessellate>1</tessellate>
      
      
      <altitudeMode>relativeToGround</altitudeMode>
      
      
          
      
      <outerBoundaryIs>
       
       
       <LinearRing>
        
        
        <coordinates> 34.85455251341131,31.98580283794033,4.69 34.85467513452983,31.98580597148802,4.69 34.8546740047071,31.98585277200812,4.69 34.85455021792433,31.9858500861479,4.69 34.85455251341131,31.98580283794033,4.69</coordinates>
        
       
       </LinearRing>
       
      
      </outerBoundaryIs>
      
      
        
     
     </Polygon>
     
     
      
    
    </MultiGeometry>
    
    
    
   
   </Placemark>
   <Placemark id="ID_00055">
    
    
      
    
    <name>6.32</name>
    
    
      
    
    <Snippet/>
    
    
      
    
    <Style>
     <PolyStyle>
      <color>CCFFFFFF</color>
     </PolyStyle>
     <LineStyle>
      <color>CCFFFFFF</color>
     </LineStyle>
    </Style>
    <description>
    </description>
    
    
      
    
    <styleUrl>#PolyStyle00</styleUrl>
    
    
      
    
    <MultiGeometry>
     
     
        
     
     <Polygon>
      
      
          
      
      <extrude>1</extrude>
      
      
      <tessellate>1</tessellate>
      
      
      <altitudeMode>relativeToGround</altitudeMode>
      
      
          
      
      <outerBoundaryIs>
       
       
       <LinearRing>
        
        
        <coordinates> 34.85541744039776,31.98677014959317,6.32 34.85543438626285,31.9867938234549,6.32 34.85545876952182,31.98678144560315,6.32 34.85552717838605,31.98687866778461,6.32 34.85543388479336,31.9869262970835,6.32 34.85540862706709,31.98689015547064,6.32 34.85537364165531,31.98690809534002,6.32 34.85533585682816,31.98685496534554,6.32 34.8553748694717,31.9868353231343,6.32 34.85535287481137,31.98680369950387,6.32 34.85541744039776,31.98677014959317,6.32</coordinates>
        
       
       </LinearRing>
       
      
      </outerBoundaryIs>
      
      
        
     
     </Polygon>
     
     
      
    
    </MultiGeometry>
    
    
    
   
   </Placemark>
   <Placemark id="ID_00056">
    
    
      
    
    <name>8.36</name>
    
    
      
    
    <Snippet/>
    
    
      
    
    <Style>
     <PolyStyle>
      <color>CCFFFFFF</color>
     </PolyStyle>
     <LineStyle>
      <color>CCFFFFFF</color>
     </LineStyle>
    </Style>
    <description>
    </description>
    
    
      
    
    <styleUrl>#PolyStyle00</styleUrl>
    
    
      
    
    <MultiGeometry>
     
     
        
     
     <Polygon>
      
      
          
      
      <extrude>1</extrude>
      
      
      <tessellate>1</tessellate>
      
      
      <altitudeMode>relativeToGround</altitudeMode>
      
      
          
      
      <outerBoundaryIs>
       
       
       <LinearRing>
        
        
        <coordinates> 34.85908156247068,31.98569349820021,8.36 34.85914981429954,31.98583346355528,8.36 34.85900582452008,31.98588546660051,8.36 34.85897736602723,31.98582785403414,8.36 34.85903256613462,31.98580825474652,8.36 34.85899245551451,31.98572590103568,8.36 34.85908156247068,31.98569349820021,8.36</coordinates>
        
       
       </LinearRing>
       
      
      </outerBoundaryIs>
      
      
        
     
     </Polygon>
     
     
      
    
    </MultiGeometry>
    
    
    
   
   </Placemark>
   <Placemark id="ID_00057">
    
    
      
    
    <name>10.3</name>
    
    
      
    
    <Snippet/>
    
    
      
    
    <Style>
     <PolyStyle>
      <color>CCFFFFFF</color>
     </PolyStyle>
     <LineStyle>
      <color>CCFFFFFF</color>
     </LineStyle>
    </Style>
    <description>
    </description>
    
    
      
    
    <styleUrl>#PolyStyle00</styleUrl>
    
    
      
    
    <MultiGeometry>
     
     
        
     
     <Polygon>
      
      
          
      
      <extrude>1</extrude>
      
      
      <tessellate>1</tessellate>
      
      
      <altitudeMode>relativeToGround</altitudeMode>
      
      
          
      
      <outerBoundaryIs>
       
       
       <LinearRing>
        
        
        <coordinates> 34.85839421156048,31.98417488132253,10.3 34.85842038836803,31.98424817920923,10.3 34.85830388682405,31.98427834256157,10.3 34.85831958448251,31.98432455775681,10.3 34.8584880895295,31.98428055816665,10.3 34.85851310899662,31.9843521394506,10.3 34.85820067884318,31.98443136783754,10.3 34.85817042887215,31.98434390046645,10.3 34.85821808856278,31.98433158557125,10.3 34.85818239559488,31.9842284119571,10.3 34.85839421156048,31.98417488132253,10.3</coordinates>
        
       
       </LinearRing>
       
      
      </outerBoundaryIs>
      
      
        
     
     </Polygon>
     
     
      
    
    </MultiGeometry>
    
    
    
   
   </Placemark>
   <Placemark id="ID_00058">
    
    
      
    
    <name>4.96</name>
    
    
      
    
    <Snippet/>
    
    
      
    
    <Style>
     <PolyStyle>
      <color>CCFFFFFF</color>
     </PolyStyle>
     <LineStyle>
      <color>CCFFFFFF</color>
     </LineStyle>
    </Style>
    <description>
    </description>
    
    
      
    
    <styleUrl>#PolyStyle00</styleUrl>
    
    
      
    
    <MultiGeometry>
     
     
        
     
     <Polygon>
      
      
          
      
      <extrude>1</extrude>
      
      
      <tessellate>1</tessellate>
      
      
      <altitudeMode>relativeToGround</altitudeMode>
      
      
          
      
      <outerBoundaryIs>
       
       
       <LinearRing>
        
        
        <coordinates> 34.85465143062616,31.9856672086927,4.96 34.85471385498838,31.98566801196856,4.96 34.85471034427005,31.98578460556933,4.96 34.85448065179232,31.98577946346251,4.96 34.85448319653754,31.98569443035039,4.96 34.85465025930414,31.98569705518156,4.96 34.85465143062616,31.9856672086927,4.96</coordinates>
        
       
       </LinearRing>
       
      
      </outerBoundaryIs>
      
      
        
     
     </Polygon>
     
     
      
    
    </MultiGeometry>
    
    
    
   
   </Placemark>
   <Placemark id="ID_00059">
    
    
      
    
    <name>3.35</name>
    
    
      
    
    <Snippet/>
    
    
      
    
    <Style>
     <PolyStyle>
      <color>CCFFFFFF</color>
     </PolyStyle>
     <LineStyle>
      <color>CCFFFFFF</color>
     </LineStyle>
    </Style>
    <description>
    </description>
    
    
      
    
    <styleUrl>#PolyStyle00</styleUrl>
    
    
      
    
    <MultiGeometry>
     
     
        
     
     <Polygon>
      
      
          
      
      <extrude>1</extrude>
      
      
      <tessellate>1</tessellate>
      
      
      <altitudeMode>relativeToGround</altitudeMode>
      
      
          
      
      <outerBoundaryIs>
       
       
       <LinearRing>
        
        
        <coordinates> 34.85622456882354,31.98573186487845,3.35 34.85632277667165,31.98578344692196,3.35 34.85626853149589,31.98585823806381,3.35 34.85617042940749,31.9858066562689,3.35 34.85622456882354,31.98573186487845,3.35</coordinates>
        
       
       </LinearRing>
       
      
      </outerBoundaryIs>
      
      
        
     
     </Polygon>
     
     
      
    
    </MultiGeometry>
    
    
    
   
   </Placemark>
   <Placemark id="ID_00060">
    
    
      
    
    <name>6.73</name>
    
    
      
    
    <Snippet/>
    
    
      
    
    <Style>
     <PolyStyle>
      <color>CCFFFFFF</color>
     </PolyStyle>
     <LineStyle>
      <color>CCFFFFFF</color>
     </LineStyle>
    </Style>
    <description>
    </description>
    
    
      
    
    <styleUrl>#PolyStyle00</styleUrl>
    
    
      
    
    <MultiGeometry>
     
     
        
     
     <Polygon>
      
      
          
      
      <extrude>1</extrude>
      
      
      <tessellate>1</tessellate>
      
      
      <altitudeMode>relativeToGround</altitudeMode>
      
      
          
      
      <outerBoundaryIs>
       
       
       <LinearRing>
        
        
        <coordinates> 34.85468950716506,31.98734466909078,6.73 34.854757860216,31.98745650074579,6.73 34.85464657141391,31.98750579330594,6.73 34.85461596885114,31.98745610975106,6.73 34.85456943505113,31.98747789532253,6.73 34.85453148127939,31.98741358226049,6.73 34.85468950716506,31.98734466909078,6.73</coordinates>
        
       
       </LinearRing>
       
      
      </outerBoundaryIs>
      
      
        
     
     </Polygon>
     
     
      
    
    </MultiGeometry>
    
    
    
   
   </Placemark>
   <Placemark id="ID_00061">
    
    
      
    
    <name>6.44</name>
    
    
      
    
    <Snippet/>
    
    
      
    
    <Style>
     <PolyStyle>
      <color>CCFFFFFF</color>
     </PolyStyle>
     <LineStyle>
      <color>CCFFFFFF</color>
     </LineStyle>
    </Style>
    <description>
    </description>
    
    
      
    
    <styleUrl>#PolyStyle00</styleUrl>
    
    
      
    
    <MultiGeometry>
     
     
        
     
     <Polygon>
      
      
          
      
      <extrude>1</extrude>
      
      
      <tessellate>1</tessellate>
      
      
      <altitudeMode>relativeToGround</altitudeMode>
      
      
          
      
      <outerBoundaryIs>
       
       
       <LinearRing>
        
        
        <coordinates> 34.86237332171395,31.98739545945196,6.44 34.86249997613322,31.98748147212532,6.44 34.86242030064466,31.98756692885145,6.44 34.86229365019982,31.9874798339452,6.44 34.86237332171395,31.98739545945196,6.44</coordinates>
        
       
       </LinearRing>
       
      
      </outerBoundaryIs>
      
      
        
     
     </Polygon>
     
     
      
    
    </MultiGeometry>
    
    
    
   
   </Placemark>
   <Placemark id="ID_00062">
    
    
      
    
    <name>3.33</name>
    
    
      
    
    <Snippet/>
    
    
      
    
    <Style>
     <PolyStyle>
      <color>CCFFFFFF</color>
     </PolyStyle>
     <LineStyle>
      <color>CCFFFFFF</color>
     </LineStyle>
    </Style>
    <description>
    </description>
    
    
      
    
    <styleUrl>#PolyStyle00</styleUrl>
    
    
      
    
    <MultiGeometry>
     
     
        
     
     <Polygon>
      
      
          
      
      <extrude>1</extrude>
      
      
      <tessellate>1</tessellate>
      
      
      <altitudeMode>relativeToGround</altitudeMode>
      
      
          
      
      <outerBoundaryIs>
       
       
       <LinearRing>
        
        
        <coordinates> 34.85843138434259,31.98560371137834,3.33 34.85846984366978,31.98570301468547,3.33 34.85840671432625,31.98572087868383,3.33 34.85842285412149,31.98576213513891,3.33 34.85837031841405,31.98577660114113,3.33 34.85835774193026,31.98574446261851,3.33 34.8583404782695,31.98574892456788,3.33 34.85829877083647,31.98564113540472,3.33 34.85843138434259,31.98560371137834,3.33</coordinates>
        
       
       </LinearRing>
       
      
      </outerBoundaryIs>
      
      
        
     
     </Polygon>
     
     
      
    
    </MultiGeometry>
    
    
    
   
   </Placemark>
   <Placemark id="ID_00063">
    
    
      
    
    <name>2.16</name>
    
    
      
    
    <Snippet/>
    
    
      
    
    <Style>
     <PolyStyle>
      <color>CCFFFFFF</color>
     </PolyStyle>
     <LineStyle>
      <color>CCFFFFFF</color>
     </LineStyle>
    </Style>
    <description>
    </description>
    
    
      
    
    <styleUrl>#PolyStyle00</styleUrl>
    
    
      
    
    <MultiGeometry>
     
     
        
     
     <Polygon>
      
      
          
      
      <extrude>1</extrude>
      
      
      <tessellate>1</tessellate>
      
      
      <altitudeMode>relativeToGround</altitudeMode>
      
      
          
      
      <outerBoundaryIs>
       
       
       <LinearRing>
        
        
        <coordinates> 34.85731260472298,31.98595686932602,2.16 34.85735674777554,31.98597953514734,2.16 34.85732068960326,31.98602966703567,2.16 34.85727633084417,31.98600808277699,2.16 34.85731260472298,31.98595686932602,2.16</coordinates>
        
       
       </LinearRing>
       
      
      </outerBoundaryIs>
      
      
        
     
     </Polygon>
     
     
      
    
    </MultiGeometry>
    
    
    
   
   </Placemark>
   <Placemark id="ID_00064">
    
    
      
    
    <name>6.76</name>
    
    
      
    
    <Snippet/>
    
    
      
    
    <Style>
     <PolyStyle>
      <color>CCFFFFFF</color>
     </PolyStyle>
     <LineStyle>
      <color>CCFFFFFF</color>
     </LineStyle>
    </Style>
    <description>
    </description>
    
    
      
    
    <styleUrl>#PolyStyle00</styleUrl>
    
    
      
    
    <MultiGeometry>
     
     
        
     
     <Polygon>
      
      
          
      
      <extrude>1</extrude>
      
      
      <tessellate>1</tessellate>
      
      
      <altitudeMode>relativeToGround</altitudeMode>
      
      
          
      
      <outerBoundaryIs>
       
       
       <LinearRing>
        
        
        <coordinates> 34.86134298986685,31.98703881053731,6.76 34.86144013463961,31.98712131763935,6.76 34.86135616659325,31.98719431720121,6.76 34.86125806550375,31.9871128896152,6.76 34.86134298986685,31.98703881053731,6.76</coordinates>
        
       
       </LinearRing>
       
      
      </outerBoundaryIs>
      
      
        
     
     </Polygon>
     
     
      
    
    </MultiGeometry>
    
    
    
   
   </Placemark>
   <Placemark id="ID_00065">
    
    
      
    
    <name>3.9</name>
    
    
      
    
    <Snippet/>
    
    
      
    
    <Style>
     <PolyStyle>
      <color>CCFFFFFF</color>
     </PolyStyle>
     <LineStyle>
      <color>CCFFFFFF</color>
     </LineStyle>
    </Style>
    <description>
    </description>
    
    
      
    
    <styleUrl>#PolyStyle00</styleUrl>
    
    
      
    
    <MultiGeometry>
     
     
        
     
     <Polygon>
      
      
          
      
      <extrude>1</extrude>
      
      
      <tessellate>1</tessellate>
      
      
      <altitudeMode>relativeToGround</altitudeMode>
      
      
          
      
      <outerBoundaryIs>
       
       
       <LinearRing>
        
        
        <coordinates> 34.8574027333888,31.98399460915453,3.9 34.8575371855548,31.984002281296,3.9 34.85752974674216,31.9840952370083,3.9 34.85739529444136,31.98408756485811,3.9 34.8574027333888,31.98399460915453,3.9</coordinates>
        
       
       </LinearRing>
       
      
      </outerBoundaryIs>
      
      
        
     
     </Polygon>
     
     
      
    
    </MultiGeometry>
    
    
    
   
   </Placemark>
   <Placemark id="ID_00066">
    
    
      
    
    <name>9.82</name>
    
    
      
    
    <Snippet/>
    
    
      
    
    <Style>
     <PolyStyle>
      <color>CCFFFFFF</color>
     </PolyStyle>
     <LineStyle>
      <color>CCFFFFFF</color>
     </LineStyle>
    </Style>
    <description>
    </description>
    
    
      
    
    <styleUrl>#PolyStyle00</styleUrl>
    
    
      
    
    <MultiGeometry>
     
     
        
     
     <Polygon>
      
      
          
      
      <extrude>1</extrude>
      
      
      <tessellate>1</tessellate>
      
      
      <altitudeMode>relativeToGround</altitudeMode>
      
      
          
      
      <outerBoundaryIs>
       
       
       <LinearRing>
        
        
        <coordinates> 34.85674420366971,31.98401877897429,9.82 34.85674451867306,31.98418777799025,9.82 34.85649280289994,31.9841877194974,9.82 34.85649121289871,31.9840202500553,9.82 34.85674420366971,31.98401877897429,9.82</coordinates>
        
       
       </LinearRing>
       
      
      </outerBoundaryIs>
      
      
        
     
     </Polygon>
     
     
      
    
    </MultiGeometry>
    
    
    
   
   </Placemark>
   <Placemark id="ID_00067">
    
    
      
    
    <name>6.05</name>
    
    
      
    
    <Snippet/>
    
    
      
    
    <Style>
     <PolyStyle>
      <color>CCFFFFFF</color>
     </PolyStyle>
     <LineStyle>
      <color>CCFFFFFF</color>
     </LineStyle>
    </Style>
    <description>
    </description>
    
    
      
    
    <styleUrl>#PolyStyle00</styleUrl>
    
    
      
    
    <MultiGeometry>
     
     
        
     
     <Polygon>
      
      
          
      
      <extrude>1</extrude>
      
      
      <tessellate>1</tessellate>
      
      
      <altitudeMode>relativeToGround</altitudeMode>
      
      
          
      
      <outerBoundaryIs>
       
       
       <LinearRing>
        
        
        <coordinates> 34.861620421822,31.98584466944334,6.05 34.86174608762062,31.98593969825181,6.05 34.86165678420587,31.98602512852719,6.05 34.86153111838455,31.9859300996314,6.05 34.861620421822,31.98584466944334,6.05</coordinates>
        
       
       </LinearRing>
       
      
      </outerBoundaryIs>
      
      
        
     
     </Polygon>
     
     
      
    
    </MultiGeometry>
    
    
    
   
   </Placemark>
   <Placemark id="ID_00068">
    
    
      
    
    <name>9.97</name>
    
    
      
    
    <Snippet/>
    
    
      
    
    <Style>
     <PolyStyle>
      <color>CCFFFFFF</color>
     </PolyStyle>
     <LineStyle>
      <color>CCFFFFFF</color>
     </LineStyle>
    </Style>
    <description>
    </description>
    
    
      
    
    <styleUrl>#PolyStyle00</styleUrl>
    
    
      
    
    <MultiGeometry>
     
     
        
     
     <Polygon>
      
      
          
      
      <extrude>1</extrude>
      
      
      <tessellate>1</tessellate>
      
      
      <altitudeMode>relativeToGround</altitudeMode>
      
      
          
      
      <outerBoundaryIs>
       
       
       <LinearRing>
        
        
        <coordinates> 34.85782485640026,31.98338812664396,9.97 34.85791990545016,31.98343518981494,9.97 34.85794841788879,31.9833936042764,9.97 34.85811738728174,31.98347910557371,9.97 34.85803344931754,31.98360062015003,9.97 34.85791728329986,31.9835416857778,9.97 34.85783749889848,31.98365590694405,9.97 34.85776769451595,31.98362027539878,9.97 34.85784024622552,31.9835161347382,9.97 34.85776293856571,31.98347813800969,9.97 34.85782485640026,31.98338812664396,9.97</coordinates>
        
       
       </LinearRing>
       
      
      </outerBoundaryIs>
      
      
        
     
     </Polygon>
     
     
      
    
    </MultiGeometry>
    
    
    
   
   </Placemark>
   <Placemark id="ID_00069">
    
    
      
    
    <name>3.47509</name>
    
    
      
    
    <Snippet/>
    
    
      
    
    <Style>
     <PolyStyle>
      <color>CCFFFFFF</color>
     </PolyStyle>
     <LineStyle>
      <color>CCFFFFFF</color>
     </LineStyle>
    </Style>
    <description>
    </description>
    
    
      
    
    <styleUrl>#PolyStyle00</styleUrl>
    
    
      
    
    <MultiGeometry>
     
     
        
     
     <Polygon>
      
      
          
      
      <extrude>1</extrude>
      
      
      <tessellate>1</tessellate>
      
      
      <altitudeMode>relativeToGround</altitudeMode>
      
      
          
      
      <outerBoundaryIs>
       
       
       <LinearRing>
        
        
        <coordinates> 34.85523895562515,31.98604114528154,3.47509 34.8550834411212,31.98602433426338,3.47509 34.85509095114376,31.98588954513874,3.47509 34.85526179383498,31.98587092675203,3.47509 34.85534855176315,31.9858783230118,3.47509 34.85533835640867,31.98598328030211,3.47509 34.85532103876687,31.98612042954058,3.47509 34.85527626037152,31.98611672710779,3.47509 34.85527510449083,31.98605230174842,3.47509 34.85523895562515,31.98604114528154,3.47509</coordinates>
        
       
       </LinearRing>
       
      
      </outerBoundaryIs>
      
      
        
     
     </Polygon>
     
     
      
    
    </MultiGeometry>
    
    
    
   
   </Placemark>
   <Placemark id="ID_00070">
    
    
      
    
    <name>8.84</name>
    
    
      
    
    <Snippet/>
    
    
      
    
    <Style>
     <PolyStyle>
      <color>CCFFFFFF</color>
     </PolyStyle>
     <LineStyle>
      <color>CCFFFFFF</color>
     </LineStyle>
    </Style>
    <description>
    </description>
    
    
      
    
    <styleUrl>#PolyStyle00</styleUrl>
    
    
      
    
    <MultiGeometry>
     
     
        
     
     <Polygon>
      
      
          
      
      <extrude>1</extrude>
      
      
      <tessellate>1</tessellate>
      
      
      <altitudeMode>relativeToGround</altitudeMode>
      
      
          
      
      <outerBoundaryIs>
       
       
       <LinearRing>
        
        
        <coordinates> 34.85881050433947,31.98517873191784,8.84 34.85884512541011,31.98525764388851,8.84 34.85870306592625,31.98530297850149,8.84 34.85872216028461,31.98534640729964,8.84 34.85883434588996,31.98531064063516,8.84 34.85886056763963,31.98537212490622,8.84 34.85864774381099,31.98543981188081,8.84 34.85856790940181,31.98525688880328,8.84 34.85881050433947,31.98517873191784,8.84</coordinates>
        
       
       </LinearRing>
       
      
      </outerBoundaryIs>
      
      
        
     
     </Polygon>
     
     
      
    
    </MultiGeometry>
    
    
    
   
   </Placemark>
   <Placemark id="ID_00071">
    
    
      
    
    <name>1.96</name>
    
    
      
    
    <Snippet/>
    
    
      
    
    <Style>
     <PolyStyle>
      <color>CCFFFFFF</color>
     </PolyStyle>
     <LineStyle>
      <color>CCFFFFFF</color>
     </LineStyle>
    </Style>
    <description>
    </description>
    
    
      
    
    <styleUrl>#PolyStyle00</styleUrl>
    
    
      
    
    <MultiGeometry>
     
     
        
     
     <Polygon>
      
      
          
      
      <extrude>1</extrude>
      
      
      <tessellate>1</tessellate>
      
      
      <altitudeMode>relativeToGround</altitudeMode>
      
      
          
      
      <outerBoundaryIs>
       
       
       <LinearRing>
        
        
        <coordinates> 34.85393572276091,31.98717404260412,1.96 34.85393556196975,31.98721633676244,1.96 34.85387525036604,31.98721617019752,1.96 34.85387540878458,31.98717450729557,1.96 34.85393572276091,31.98717404260412,1.96</coordinates>
        
       
       </LinearRing>
       
      
      </outerBoundaryIs>
      
      
        
     
     </Polygon>
     
     
      
    
    </MultiGeometry>
    
    
    
   
   </Placemark>
   <Placemark id="ID_00072">
    
    
      
    
    <name>4.3</name>
    
    
      
    
    <Snippet/>
    
    
      
    
    <Style>
     <PolyStyle>
      <color>CCFFFFFF</color>
     </PolyStyle>
     <LineStyle>
      <color>CCFFFFFF</color>
     </LineStyle>
    </Style>
    <description>
    </description>
    
    
      
    
    <styleUrl>#PolyStyle00</styleUrl>
    
    
      
    
    <MultiGeometry>
     
     
        
     
     <Polygon>
      
      
          
      
      <extrude>1</extrude>
      
      
      <tessellate>1</tessellate>
      
      
      <altitudeMode>relativeToGround</altitudeMode>
      
      
          
      
      <outerBoundaryIs>
       
       
       <LinearRing>
        
        
        <coordinates> 34.85539239670408,31.98639799637995,4.3 34.85552444659275,31.98645418111786,4.3 34.85549057509975,31.98651333652887,4.3 34.8553573571517,31.98645823070839,4.3 34.85539239670408,31.98639799637995,4.3</coordinates>
        
       
       </LinearRing>
       
      
      </outerBoundaryIs>
      
      
        
     
     </Polygon>
     
     
      
    
    </MultiGeometry>
    
    
    
   
   </Placemark>
   <Placemark id="ID_00073">
    
    
      
    
    <name>3.86</name>
    
    
      
    
    <Snippet/>
    
    
      
    
    <Style>
     <PolyStyle>
      <color>CCFFFFFF</color>
     </PolyStyle>
     <LineStyle>
      <color>CCFFFFFF</color>
     </LineStyle>
    </Style>
    <description>
    </description>
    
    
      
    
    <styleUrl>#PolyStyle00</styleUrl>
    
    
      
    
    <MultiGeometry>
     
     
        
     
     <Polygon>
      
      
          
      
      <extrude>1</extrude>
      
      
      <tessellate>1</tessellate>
      
      
      <altitudeMode>relativeToGround</altitudeMode>
      
      
          
      
      <outerBoundaryIs>
       
       
       <LinearRing>
        
        
        <coordinates> 34.85701740296741,31.98536537988067,3.86 34.85711473963621,31.98536735969464,3.86 34.85710911599335,31.98545581130562,3.86 34.8570139035435,31.98545167297107,3.86 34.85701740296741,31.98536537988067,3.86</coordinates>
        
       
       </LinearRing>
       
      
      </outerBoundaryIs>
      
      
        
     
     </Polygon>
     
     
      
    
    </MultiGeometry>
    
    
    
   
   </Placemark>
   <Placemark id="ID_00074">
    
    
      
    
    <name>4.88</name>
    
    
      
    
    <Snippet/>
    
    
      
    
    <Style>
     <PolyStyle>
      <color>CCFFFFFF</color>
     </PolyStyle>
     <LineStyle>
      <color>CCFFFFFF</color>
     </LineStyle>
    </Style>
    <description>
    </description>
    
    
      
    
    <styleUrl>#PolyStyle00</styleUrl>
    
    
      
    
    <MultiGeometry>
     
     
        
     
     <Polygon>
      
      
          
      
      <extrude>1</extrude>
      
      
      <tessellate>1</tessellate>
      
      
      <altitudeMode>relativeToGround</altitudeMode>
      
      
          
      
      <outerBoundaryIs>
       
       
       <LinearRing>
        
        
        <coordinates> 34.85708982884729,31.98580078883039,4.88 34.85728298100167,31.98589988446106,4.88 34.85722979223873,31.98597531016778,4.88 34.85712228544387,31.98592027652405,4.88 34.85709452473119,31.9859586174175,4.88 34.85702366319963,31.9859223513137,4.88 34.85704929892968,31.9858863493107,4.88 34.85703440577775,31.98587945483673,4.88 34.85708982884729,31.98580078883039,4.88</coordinates>
        
       
       </LinearRing>
       
      
      </outerBoundaryIs>
      
      
        
     
     </Polygon>
     
     
      
    
    </MultiGeometry>
    
    
    
   
   </Placemark>
   <Placemark id="ID_00075">
    
    
      
    
    <name>5.45</name>
    
    
      
    
    <Snippet/>
    
    
      
    
    <Style>
     <PolyStyle>
      <color>CCFFFFFF</color>
     </PolyStyle>
     <LineStyle>
      <color>CCFFFFFF</color>
     </LineStyle>
    </Style>
    <description>
    </description>
    
    
      
    
    <styleUrl>#PolyStyle00</styleUrl>
    
    
      
    
    <MultiGeometry>
     
     
        
     
     <Polygon>
      
      
          
      
      <extrude>1</extrude>
      
      
      <tessellate>1</tessellate>
      
      
      <altitudeMode>relativeToGround</altitudeMode>
      
      
          
      
      <outerBoundaryIs>
       
       
       <LinearRing>
        
        
        <coordinates> 34.86201059385749,31.98645723619997,5.45 34.86202601542469,31.98657839012481,5.45 34.86186724903509,31.98659212004603,5.45 34.86185182365362,31.98647204825794,5.45 34.86201059385749,31.98645723619997,5.45</coordinates>
        
       
       </LinearRing>
       
      
      </outerBoundaryIs>
      
      
        
     
     </Polygon>
     
     
      
    
    </MultiGeometry>
    
    
    
   
   </Placemark>
   <Placemark id="ID_00076">
    
    
      
    
    <name>10.91</name>
    
    
      
    
    <Snippet/>
    
    
      
    
    <Style>
     <PolyStyle>
      <color>CCFFFFFF</color>
     </PolyStyle>
     <LineStyle>
      <color>CCFFFFFF</color>
     </LineStyle>
    </Style>
    <description>
    </description>
    
    
      
    
    <styleUrl>#PolyStyle00</styleUrl>
    
    
      
    
    <MultiGeometry>
     
     
        
     
     <Polygon>
      
      
          
      
      <extrude>1</extrude>
      
      
      <tessellate>1</tessellate>
      
      
      <altitudeMode>relativeToGround</altitudeMode>
      
      
          
      
      <outerBoundaryIs>
       
       
       <LinearRing>
        
        
        <coordinates> 34.85697587248187,31.98375103633959,10.91 34.85721168800279,31.98375853535208,10.91 34.85720491908184,31.9838982965335,10.91 34.85700486327032,31.98389152665528,10.91 34.85700736756233,31.98381659355662,10.91 34.85697340622662,31.98381586933208,10.91 34.85697587248187,31.98375103633959,10.91</coordinates>
        
       
       </LinearRing>
       
      
      </outerBoundaryIs>
      
      
        
     
     </Polygon>
     
     
      
    
    </MultiGeometry>
    
    
    
   
   </Placemark>
   <Placemark id="ID_00077">
    
    
      
    
    <name>5.67</name>
    
    
      
    
    <Snippet/>
    
    
      
    
    <Style>
     <PolyStyle>
      <color>CCFFFFFF</color>
     </PolyStyle>
     <LineStyle>
      <color>CCFFFFFF</color>
     </LineStyle>
    </Style>
    <description>
    </description>
    
    
      
    
    <styleUrl>#PolyStyle00</styleUrl>
    
    
      
    
    <MultiGeometry>
     
     
        
     
     <Polygon>
      
      
          
      
      <extrude>1</extrude>
      
      
      <tessellate>1</tessellate>
      
      
      <altitudeMode>relativeToGround</altitudeMode>
      
      
          
      
      <outerBoundaryIs>
       
       
       <LinearRing>
        
        
        <coordinates> 34.85414952658655,31.98579207713381,5.67 34.85436298966979,31.9858079065481,5.67 34.85435102444732,31.98592168122332,5.67 34.85413735119953,31.985905400306,5.67 34.85414952658655,31.98579207713381,5.67</coordinates>
        
       
       </LinearRing>
       
      
      </outerBoundaryIs>
      
      
        
     
     </Polygon>
     
     
      
    
    </MultiGeometry>
    
    
    
   
   </Placemark>
   <Placemark id="ID_00078">
    
    
      
    
    <name>8.97</name>
    
    
      
    
    <Snippet/>
    
    
      
    
    <Style>
     <PolyStyle>
      <color>CCFFFFFF</color>
     </PolyStyle>
     <LineStyle>
      <color>CCFFFFFF</color>
     </LineStyle>
    </Style>
    <description>
    </description>
    
    
      
    
    <styleUrl>#PolyStyle00</styleUrl>
    
    
      
    
    <MultiGeometry>
     
     
        
     
     <Polygon>
      
      
          
      
      <extrude>1</extrude>
      
      
      <tessellate>1</tessellate>
      
      
      <altitudeMode>relativeToGround</altitudeMode>
      
      
          
      
      <outerBoundaryIs>
       
       
       <LinearRing>
        
        
        <coordinates> 34.85660550085375,31.98376354901771,8.97 34.85660645176567,31.98382000458421,8.97 34.85675554121088,31.98381806835425,8.97 34.85675930528117,31.98397030325997,8.97 34.85652217671679,31.98397416254208,8.97 34.8565193533486,31.98388117876335,8.97 34.856471734168,31.98388276165943,8.97 34.85647006283848,31.98376489123298,8.97 34.85660550085375,31.98376354901771,8.97</coordinates>
        
       
       </LinearRing>
       
      
      </outerBoundaryIs>
      
      
        
     
     </Polygon>
     
     
      
    
    </MultiGeometry>
    
    
    
   
   </Placemark>
   <Placemark id="ID_00079">
    
    
      
    
    <name>3.75</name>
    
    
      
    
    <Snippet/>
    
    
      
    
    <Style>
     <PolyStyle>
      <color>CCFFFFFF</color>
     </PolyStyle>
     <LineStyle>
      <color>CCFFFFFF</color>
     </LineStyle>
    </Style>
    <description>
    </description>
    
    
      
    
    <styleUrl>#PolyStyle00</styleUrl>
    
    
      
    
    <MultiGeometry>
     
     
        
     
     <Polygon>
      
      
          
      
      <extrude>1</extrude>
      
      
      <tessellate>1</tessellate>
      
      
      <altitudeMode>relativeToGround</altitudeMode>
      
      
          
      
      <outerBoundaryIs>
       
       
       <LinearRing>
        
        
        <coordinates> 34.85699590749695,31.98517314654852,3.75 34.85709429150606,31.98517792483758,3.75 34.85708210245839,31.98535202989089,3.75 34.85693283936572,31.98534323454698,3.75 34.856940622146,31.98524342612001,3.75 34.85699140333804,31.98524527856322,3.75 34.85699590749695,31.98517314654852,3.75</coordinates>
        
       
       </LinearRing>
       
      
      </outerBoundaryIs>
      
      
        
     
     </Polygon>
     
     
      
    
    </MultiGeometry>
    
    
    
   
   </Placemark>
   <Placemark id="ID_00080">
    
    
      
    
    <name>5.64</name>
    
    
      
    
    <Snippet/>
    
    
      
    
    <Style>
     <PolyStyle>
      <color>CCFFFFFF</color>
     </PolyStyle>
     <LineStyle>
      <color>CCFFFFFF</color>
     </LineStyle>
    </Style>
    <description>
    </description>
    
    
      
    
    <styleUrl>#PolyStyle00</styleUrl>
    
    
      
    
    <MultiGeometry>
     
     
        
     
     <Polygon>
      
      
          
      
      <extrude>1</extrude>
      
      
      <tessellate>1</tessellate>
      
      
      <altitudeMode>relativeToGround</altitudeMode>
      
      
          
      
      <outerBoundaryIs>
       
       
       <LinearRing>
        
        
        <coordinates> 34.86249747236564,31.98641625415956,5.64 34.86262528545354,31.98650335200255,5.64 34.86251905596146,31.98661642268834,5.64 34.8623912411464,31.98652977563718,5.64 34.86249747236564,31.98641625415956,5.64</coordinates>
        
       
       </LinearRing>
       
      
      </outerBoundaryIs>
      
      
        
     
     </Polygon>
     
     
      
    
    </MultiGeometry>
    
    
    
   
   </Placemark>
   <Placemark id="ID_00081">
    
    
      
    
    <name>3.31</name>
    
    
      
    
    <Snippet/>
    
    
      
    
    <Style>
     <PolyStyle>
      <color>CCFFFFFF</color>
     </PolyStyle>
     <LineStyle>
      <color>CCFFFFFF</color>
     </LineStyle>
    </Style>
    <description>
    </description>
    
    
      
    
    <styleUrl>#PolyStyle00</styleUrl>
    
    
      
    
    <MultiGeometry>
     
     
        
     
     <Polygon>
      
      
          
      
      <extrude>1</extrude>
      
      
      <tessellate>1</tessellate>
      
      
      <altitudeMode>relativeToGround</altitudeMode>
      
      
          
      
      <outerBoundaryIs>
       
       
       <LinearRing>
        
        
        <coordinates> 34.85568562568975,31.98720140799242,3.31 34.85572056695393,31.98725110321386,3.31 34.85563883400006,31.98729145980911,3.31 34.85560516657811,31.98724068590183,3.31 34.85568562568975,31.98720140799242,3.31</coordinates>
        
       
       </LinearRing>
       
      
      </outerBoundaryIs>
      
      
        
     
     </Polygon>
     
     
      
    
    </MultiGeometry>
    
    
    
   
   </Placemark>
   <Placemark id="ID_00082">
    
    
      
    
    <name>7.88</name>
    
    
      
    
    <Snippet/>
    
    
      
    
    <Style>
     <PolyStyle>
      <color>CCFFFFFF</color>
     </PolyStyle>
     <LineStyle>
      <color>CCFFFFFF</color>
     </LineStyle>
    </Style>
    <description>
    </description>
    
    
      
    
    <styleUrl>#PolyStyle00</styleUrl>
    
    
      
    
    <MultiGeometry>
     
     
        
     
     <Polygon>
      
      
          
      
      <extrude>1</extrude>
      
      
      <tessellate>1</tessellate>
      
      
      <altitudeMode>relativeToGround</altitudeMode>
      
      
          
      
      <outerBoundaryIs>
       
       
       <LinearRing>
        
        
        <coordinates> 34.85878279788871,31.98636002009772,7.88 34.85888500193136,31.9864751882414,7.88 34.85877893696051,31.9865431660161,7.88 34.85867673534399,31.98642736653215,7.88 34.85878279788871,31.98636002009772,7.88</coordinates>
        
       
       </LinearRing>
       
      
      </outerBoundaryIs>
      
      
        
     
     </Polygon>
     
     
      
    
    </MultiGeometry>
    
    
    
   
   </Placemark>
   <Placemark id="ID_00083">
    
    
      
    
    <name>5.27</name>
    
    
      
    
    <Snippet/>
    
    
      
    
    <Style>
     <PolyStyle>
      <color>CCFFFFFF</color>
     </PolyStyle>
     <LineStyle>
      <color>CCFFFFFF</color>
     </LineStyle>
    </Style>
    <description>
    </description>
    
    
      
    
    <styleUrl>#PolyStyle00</styleUrl>
    
    
      
    
    <MultiGeometry>
     
     
        
     
     <Polygon>
      
      
          
      
      <extrude>1</extrude>
      
      
      <tessellate>1</tessellate>
      
      
      <altitudeMode>relativeToGround</altitudeMode>
      
      
          
      
      <outerBoundaryIs>
       
       
       <LinearRing>
        
        
        <coordinates> 34.85665871618586,31.98648606164512,5.27 34.85677714136208,31.98650784901367,5.27 34.85675036194633,31.98659452921429,5.27 34.85663724413104,31.98656824734336,5.27 34.85665871618586,31.98648606164512,5.27</coordinates>
        
       
       </LinearRing>
       
      
      </outerBoundaryIs>
      
      
        
     
     </Polygon>
     
     
      
    
    </MultiGeometry>
    
    
    
   
   </Placemark>
   <Placemark id="ID_00084">
    
    
      
    
    <name>4.38</name>
    
    
      
    
    <Snippet/>
    
    
      
    
    <Style>
     <PolyStyle>
      <color>CCFFFFFF</color>
     </PolyStyle>
     <LineStyle>
      <color>CCFFFFFF</color>
     </LineStyle>
    </Style>
    <description>
    </description>
    
    
      
    
    <styleUrl>#PolyStyle00</styleUrl>
    
    
      
    
    <MultiGeometry>
     
     
        
     
     <Polygon>
      
      
          
      
      <extrude>1</extrude>
      
      
      <tessellate>1</tessellate>
      
      
      <altitudeMode>relativeToGround</altitudeMode>
      
      
          
      
      <outerBoundaryIs>
       
       
       <LinearRing>
        
        
        <coordinates> 34.8547532158968,31.98589122675351,4.38 34.85488228905614,31.98589500913958,4.38 34.85488096071236,31.98593838225903,4.38 34.85475929578833,31.98593416937885,4.38 34.8547532158968,31.98589122675351,4.38</coordinates>
        
       
       </LinearRing>
       
      
      </outerBoundaryIs>
      
      
        
     
     </Polygon>
     
     
      
    
    </MultiGeometry>
    
    
    
   
   </Placemark>
   <Placemark id="ID_00085">
    
    
      
    
    <name>6.62</name>
    
    
      
    
    <Snippet/>
    
    
      
    
    <Style>
     <PolyStyle>
      <color>CCFFFFFF</color>
     </PolyStyle>
     <LineStyle>
      <color>CCFFFFFF</color>
     </LineStyle>
    </Style>
    <description>
    </description>
    
    
      
    
    <styleUrl>#PolyStyle00</styleUrl>
    
    
      
    
    <MultiGeometry>
     
     
        
     
     <Polygon>
      
      
          
      
      <extrude>1</extrude>
      
      
      <tessellate>1</tessellate>
      
      
      <altitudeMode>relativeToGround</altitudeMode>
      
      
          
      
      <outerBoundaryIs>
       
       
       <LinearRing>
        
        
        <coordinates> 34.86233607920889,31.98631102959765,6.62 34.86244461168125,31.98640429810496,6.62 34.86235661798036,31.98647900092461,6.62 34.86224797970158,31.9863857320579,6.62 34.86233607920889,31.98631102959765,6.62</coordinates>
        
       
       </LinearRing>
       
      
      </outerBoundaryIs>
      
      
        
     
     </Polygon>
     
     
      
    
    </MultiGeometry>
    
    
    
   
   </Placemark>
   <Placemark id="ID_00086">
    
    
      
    
    <name>6.34</name>
    
    
      
    
    <Snippet/>
    
    
      
    
    <Style>
     <PolyStyle>
      <color>CCFFFFFF</color>
     </PolyStyle>
     <LineStyle>
      <color>CCFFFFFF</color>
     </LineStyle>
    </Style>
    <description>
    </description>
    
    
      
    
    <styleUrl>#PolyStyle00</styleUrl>
    
    
      
    
    <MultiGeometry>
     
     
        
     
     <Polygon>
      
      
          
      
      <extrude>1</extrude>
      
      
      <tessellate>1</tessellate>
      
      
      <altitudeMode>relativeToGround</altitudeMode>
      
      
          
      
      <outerBoundaryIs>
       
       
       <LinearRing>
        
        
        <coordinates> 34.85754123206546,31.98393916604005,6.34 34.85758566418692,31.98394100089101,6.34 34.85758230749874,31.98398950880066,6.34 34.85753787535399,31.98398767394838,6.34 34.85754123206546,31.98393916604005,6.34</coordinates>
        
       
       </LinearRing>
       
      
      </outerBoundaryIs>
      
      
        
     
     </Polygon>
     
     
      
    
    </MultiGeometry>
    
    
    
   
   </Placemark>
   <Placemark id="ID_00087">
    
    
      
    
    <name>6.21</name>
    
    
      
    
    <Snippet/>
    
    
      
    
    <Style>
     <PolyStyle>
      <color>CCFFFFFF</color>
     </PolyStyle>
     <LineStyle>
      <color>CCFFFFFF</color>
     </LineStyle>
    </Style>
    <description>
    </description>
    
    
      
    
    <styleUrl>#PolyStyle00</styleUrl>
    
    
      
    
    <MultiGeometry>
     
     
        
     
     <Polygon>
      
      
          
      
      <extrude>1</extrude>
      
      
      <tessellate>1</tessellate>
      
      
      <altitudeMode>relativeToGround</altitudeMode>
      
      
          
      
      <outerBoundaryIs>
       
       
       <LinearRing>
        
        
        <coordinates> 34.8572691584209,31.98625497714392,6.21 34.85743346297048,31.98642848265923,6.21 34.85727961790045,31.98654015622222,6.21 34.85720151665631,31.98645941147362,6.21 34.85710414856294,31.98652164008908,6.21 34.85689742590364,31.98631708613119,6.21 34.85695997206908,31.98628569422968,6.21 34.85703893587042,31.9862542435257,6.21 34.85710587576209,31.98631594329286,6.21 34.85714066970903,31.98634868381103,6.21 34.8572691584209,31.98625497714392,6.21</coordinates>
        
       
       </LinearRing>
       
      
      </outerBoundaryIs>
      
      
        
     
     </Polygon>
     
     
      
    
    </MultiGeometry>
    
    
    
   
   </Placemark>
   <Placemark id="ID_00088">
    
    
      
    
    <name>9.24</name>
    
    
      
    
    <Snippet/>
    
    
      
    
    <Style>
     <PolyStyle>
      <color>CCFFFFFF</color>
     </PolyStyle>
     <LineStyle>
      <color>CCFFFFFF</color>
     </LineStyle>
    </Style>
    <description>
    </description>
    
    
      
    
    <styleUrl>#PolyStyle00</styleUrl>
    
    
      
    
    <MultiGeometry>
     
     
        
     
     <Polygon>
      
      
          
      
      <extrude>1</extrude>
      
      
      <tessellate>1</tessellate>
      
      
      <altitudeMode>relativeToGround</altitudeMode>
      
      
          
      
      <outerBoundaryIs>
       
       
       <LinearRing>
        
        
        <coordinates> 34.85687471557229,31.98333142028726,9.24 34.85688509217158,31.98338555697306,9.24 34.8569921124704,31.98337232288975,9.24 34.85700869510523,31.98346426216334,9.24 34.85695788498822,31.98347034553162,9.24 34.85698068239992,31.98359774273826,9.24 34.85689176277444,31.9836088620411,9.24 34.85686884744047,31.98348471099266,9.24 34.85682650583008,31.9834897353311,9.24 34.85681831955304,31.98344399142219,9.24 34.85676845930512,31.98345070857915,9.24 34.85675923846711,31.98339873938126,9.24 34.85672536371,31.98340315561403,9.24 34.8567159306098,31.9833513661922,9.24 34.85687471557229,31.98333142028726,9.24</coordinates>
        
       
       </LinearRing>
       
      
      </outerBoundaryIs>
      
      
        
     
     </Polygon>
     
     
      
    
    </MultiGeometry>
    
    
    
   
   </Placemark>
   <Placemark id="ID_00089">
    
    
      
    
    <name>2.26</name>
    
    
      
    
    <Snippet/>
    
    
      
    
    <Style>
     <PolyStyle>
      <color>CCFFFFFF</color>
     </PolyStyle>
     <LineStyle>
      <color>CCFFFFFF</color>
     </LineStyle>
    </Style>
    <description>
    </description>
    
    
      
    
    <styleUrl>#PolyStyle00</styleUrl>
    
    
      
    
    <MultiGeometry>
     
     
        
     
     <Polygon>
      
      
          
      
      <extrude>1</extrude>
      
      
      <tessellate>1</tessellate>
      
      
      <altitudeMode>relativeToGround</altitudeMode>
      
      
          
      
      <outerBoundaryIs>
       
       
       <LinearRing>
        
        
        <coordinates> 34.85382726421634,31.98592258021492,2.26 34.85387581961773,31.98592550992252,2.26 34.85387377380002,31.98596265859951,2.26 34.85382394456333,31.98596080753717,2.26 34.85382726421634,31.98592258021492,2.26</coordinates>
        
       
       </LinearRing>
       
      
      </outerBoundaryIs>
      
      
        
     
     </Polygon>
     
     
      
    
    </MultiGeometry>
    
    
    
   
   </Placemark>
   <Placemark id="ID_00090">
    
    
      
    
    <name>3.86</name>
    
    
      
    
    <Snippet/>
    
    
      
    
    <Style>
     <PolyStyle>
      <color>CCFFFFFF</color>
     </PolyStyle>
     <LineStyle>
      <color>CCFFFFFF</color>
     </LineStyle>
    </Style>
    <description>
    </description>
    
    
      
    
    <styleUrl>#PolyStyle00</styleUrl>
    
    
      
    
    <MultiGeometry>
     
     
        
     
     <Polygon>
      
      
          
      
      <extrude>1</extrude>
      
      
      <tessellate>1</tessellate>
      
      
      <altitudeMode>relativeToGround</altitudeMode>
      
      
          
      
      <outerBoundaryIs>
       
       
       <LinearRing>
        
        
        <coordinates> 34.85827129446719,31.98616753379646,3.86 34.85829762170859,31.98620088217127,3.86 34.85820865144414,31.98625303433535,3.86 34.85818232015636,31.98622076809643,3.86 34.85827129446719,31.98616753379646,3.86</coordinates>
        
       
       </LinearRing>
       
      
      </outerBoundaryIs>
      
      
        
     
     </Polygon>
     
     
      
    
    </MultiGeometry>
    
    
    
   
   </Placemark>
   <Placemark id="ID_00091">
    
    
      
    
    <name>4.32</name>
    
    
      
    
    <Snippet/>
    
    
      
    
    <Style>
     <PolyStyle>
      <color>CCFFFFFF</color>
     </PolyStyle>
     <LineStyle>
      <color>CCFFFFFF</color>
     </LineStyle>
    </Style>
    <description>
    </description>
    
    
      
    
    <styleUrl>#PolyStyle00</styleUrl>
    
    
      
    
    <MultiGeometry>
     
     
        
     
     <Polygon>
      
      
          
      
      <extrude>1</extrude>
      
      
      <tessellate>1</tessellate>
      
      
      <altitudeMode>relativeToGround</altitudeMode>
      
      
          
      
      <outerBoundaryIs>
       
       
       <LinearRing>
        
        
        <coordinates> 34.853571530672,31.98695341916233,4.32 34.85358111177148,31.98701071019539,4.32 34.8532771595228,31.98703415610113,4.32 34.85325676073211,31.9869790337137,4.32 34.85340099693718,31.98696392348671,4.32 34.8533997151789,31.98693290149482,4.32 34.85348656022578,31.98691763242979,4.32 34.85349762635048,31.98695226073429,4.32 34.853571530672,31.98695341916233,4.32</coordinates>
        
       
       </LinearRing>
       
      
      </outerBoundaryIs>
      
      
        
     
     </Polygon>
     
     
      
    
    </MultiGeometry>
    
    
    
   
   </Placemark>
   <Placemark id="ID_00092">
    
    
      
    
    <name>4.99</name>
    
    
      
    
    <Snippet/>
    
    
      
    
    <Style>
     <PolyStyle>
      <color>CCFFFFFF</color>
     </PolyStyle>
     <LineStyle>
      <color>CCFFFFFF</color>
     </LineStyle>
    </Style>
    <description>
    </description>
    
    
      
    
    <styleUrl>#PolyStyle00</styleUrl>
    
    
      
    
    <MultiGeometry>
     
     
        
     
     <Polygon>
      
      
          
      
      <extrude>1</extrude>
      
      
      <tessellate>1</tessellate>
      
      
      <altitudeMode>relativeToGround</altitudeMode>
      
      
          
      
      <outerBoundaryIs>
       
       
       <LinearRing>
        
        
        <coordinates> 34.85655146250252,31.9851860875224,4.99 34.85667532910902,31.98519544499762,4.99 34.85666440004843,31.98528775981186,4.99 34.85671199648571,31.98529239923419,4.99 34.85670653367091,31.98533810574513,4.99 34.8566683476331,31.98533520553251,4.99 34.85666503326275,31.9853723507872,4.99 34.85653281169218,31.9853618882358,4.99 34.85653611386564,31.98532798944663,4.99 34.85649063119108,31.98532398701573,4.99 34.85649609172977,31.98527891177121,4.99 34.85654157200053,31.98528354545649,4.99 34.85655146250252,31.9851860875224,4.99</coordinates>
        
       
       </LinearRing>
       
      
      </outerBoundaryIs>
      
      
        
     
     </Polygon>
     
     
      
    
    </MultiGeometry>
    
    
    
   
   </Placemark>
   <Placemark id="ID_00093">
    
    
      
    
    <name>3.3</name>
    
    
      
    
    <Snippet/>
    
    
      
    
    <Style>
     <PolyStyle>
      <color>CCFFFFFF</color>
     </PolyStyle>
     <LineStyle>
      <color>CCFFFFFF</color>
     </LineStyle>
    </Style>
    <description>
    </description>
    
    
      
    
    <styleUrl>#PolyStyle00</styleUrl>
    
    
      
    
    <MultiGeometry>
     
     
        
     
     <Polygon>
      
      
          
      
      <extrude>1</extrude>
      
      
      <tessellate>1</tessellate>
      
      
      <altitudeMode>relativeToGround</altitudeMode>
      
      
          
      
      <outerBoundaryIs>
       
       
       <LinearRing>
        
        
        <coordinates> 34.85745231185871,31.98619965629245,3.3 34.85760006681036,31.98630034075491,3.3 34.85762131337992,31.9862778537068,3.3 34.85790510857556,31.9864714345676,3.3 34.8578011082451,31.98658108051018,3.3 34.85737051021489,31.98628681746544,3.3 34.85745231185871,31.98619965629245,3.3</coordinates>
        
       
       </LinearRing>
       
      
      </outerBoundaryIs>
      
      
        
     
     </Polygon>
     
     
      
    
    </MultiGeometry>
    
    
    
   
   </Placemark>
   <Placemark id="ID_00094">
    
    
      
    
    <name>4.04</name>
    
    
      
    
    <Snippet/>
    
    
      
    
    <Style>
     <PolyStyle>
      <color>CCFFFFFF</color>
     </PolyStyle>
     <LineStyle>
      <color>CCFFFFFF</color>
     </LineStyle>
    </Style>
    <description>
    </description>
    
    
      
    
    <styleUrl>#PolyStyle00</styleUrl>
    
    
      
    
    <MultiGeometry>
     
     
        
     
     <Polygon>
      
      
          
      
      <extrude>1</extrude>
      
      
      <tessellate>1</tessellate>
      
      
      <altitudeMode>relativeToGround</altitudeMode>
      
      
          
      
      <outerBoundaryIs>
       
       
       <LinearRing>
        
        
        <coordinates> 34.85653148286232,31.98627487115907,4.04 34.85666056449182,31.9863046237211,4.04 34.85664643648524,31.98634733052536,4.04 34.85675024693078,31.9863725047277,4.04 34.85672766618171,31.98644007817953,4.04 34.85649509302358,31.98638470133142,4.04 34.85653148286232,31.98627487115907,4.04</coordinates>
        
       
       </LinearRing>
       
      
      </outerBoundaryIs>
      
      
        
     
     </Polygon>
     
     
      
    
    </MultiGeometry>
    
    
    
   
   </Placemark>
   <Placemark id="ID_00095">
    
    
      
    
    <name>5.67</name>
    
    
      
    
    <Snippet/>
    
    
      
    
    <Style>
     <PolyStyle>
      <color>CCFFFFFF</color>
     </PolyStyle>
     <LineStyle>
      <color>CCFFFFFF</color>
     </LineStyle>
    </Style>
    <description>
    </description>
    
    
      
    
    <styleUrl>#PolyStyle00</styleUrl>
    
    
      
    
    <MultiGeometry>
     
     
        
     
     <Polygon>
      
      
          
      
      <extrude>1</extrude>
      
      
      <tessellate>1</tessellate>
      
      
      <altitudeMode>relativeToGround</altitudeMode>
      
      
          
      
      <outerBoundaryIs>
       
       
       <LinearRing>
        
        
        <coordinates> 34.86167427799647,31.98726795226555,5.67 34.86195828203447,31.98746540240358,5.67 34.86186586492833,31.98756263803308,5.67 34.86158206838854,31.98736627041632,5.67 34.86167427799647,31.98726795226555,5.67</coordinates>
        
       
       </LinearRing>
       
      
      </outerBoundaryIs>
      
      
        
     
     </Polygon>
     
     
      
    
    </MultiGeometry>
    
    
    
   
   </Placemark>
   <Placemark id="ID_00096">
    
    
      
    
    <name>6.1</name>
    
    
      
    
    <Snippet/>
    
    
      
    
    <Style>
     <PolyStyle>
      <color>CCFFFFFF</color>
     </PolyStyle>
     <LineStyle>
      <color>CCFFFFFF</color>
     </LineStyle>
    </Style>
    <description>
    </description>
    
    
      
    
    <styleUrl>#PolyStyle00</styleUrl>
    
    
      
    
    <MultiGeometry>
     
     
        
     
     <Polygon>
      
      
          
      
      <extrude>1</extrude>
      
      
      <tessellate>1</tessellate>
      
      
      <altitudeMode>relativeToGround</altitudeMode>
      
      
          
      
      <outerBoundaryIs>
       
       
       <LinearRing>
        
        
        <coordinates> 34.85575601035274,31.98627274321833,6.1 34.85591012081402,31.98634314648147,6.1 34.85587914531545,31.986392029384,6.1 34.8558465079851,31.98637669926385,6.1 34.85581553414644,31.98642513125295,6.1 34.85569406500671,31.98636897588927,6.1 34.85575601035274,31.98627274321833,6.1</coordinates>
        
       
       </LinearRing>
       
      
      </outerBoundaryIs>
      
      
        
     
     </Polygon>
     
     
      
    
    </MultiGeometry>
    
    
    
   
   </Placemark>
   <Placemark id="ID_00097">
    
    
      
    
    <name>5.51</name>
    
    
      
    
    <Snippet/>
    
    
      
    
    <Style>
     <PolyStyle>
      <color>CCFFFFFF</color>
     </PolyStyle>
     <LineStyle>
      <color>CCFFFFFF</color>
     </LineStyle>
    </Style>
    <description>
    </description>
    
    
      
    
    <styleUrl>#PolyStyle00</styleUrl>
    
    
      
    
    <MultiGeometry>
     
     
        
     
     <Polygon>
      
      
          
      
      <extrude>1</extrude>
      
      
      <tessellate>1</tessellate>
      
      
      <altitudeMode>relativeToGround</altitudeMode>
      
      
          
      
      <outerBoundaryIs>
       
       
       <LinearRing>
        
        
        <coordinates> 34.85437704892631,31.98742776564785,5.51 34.8544129158368,31.98748431748726,5.51 34.85434062524374,31.98751784557151,5.51 34.85430497169759,31.9874608433988,5.51 34.85437704892631,31.98742776564785,5.51</coordinates>
        
       
       </LinearRing>
       
      
      </outerBoundaryIs>
      
      
        
     
     </Polygon>
     
     
      
    
    </MultiGeometry>
    
    
    
   
   </Placemark>
   <Placemark id="ID_00098">
    
    
      
    
    <name>9.69</name>
    
    
      
    
    <Snippet/>
    
    
      
    
    <Style>
     <PolyStyle>
      <color>CCFFFFFF</color>
     </PolyStyle>
     <LineStyle>
      <color>CCFFFFFF</color>
     </LineStyle>
    </Style>
    <description>
    </description>
    
    
      
    
    <styleUrl>#PolyStyle00</styleUrl>
    
    
      
    
    <MultiGeometry>
     
     
        
     
     <Polygon>
      
      
          
      
      <extrude>1</extrude>
      
      
      <tessellate>1</tessellate>
      
      
      <altitudeMode>relativeToGround</altitudeMode>
      
      
          
      
      <outerBoundaryIs>
       
       
       <LinearRing>
        
        
        <coordinates> 34.85827445134488,31.98391754048479,9.69 34.85831118524617,31.98399708963796,9.69 34.8581927456104,31.98403626565091,9.69 34.85820848753183,31.98407066734286,9.69 34.85825276770862,31.98405662978661,9.69 34.85827806151643,31.98411143830274,9.69 34.85811385206521,31.98416681207309,9.69 34.85807617888434,31.98408383344521,9.69 34.85812162295612,31.98406979911078,9.69 34.85808185231429,31.98398185483601,9.69 34.85827445134488,31.98391754048479,9.69</coordinates>
        
       
       </LinearRing>
       
      
      </outerBoundaryIs>
      
      
        
     
     </Polygon>
     
     
      
    
    </MultiGeometry>
    
    
    
   
   </Placemark>
   <Placemark id="ID_00099">
    
    
      
    
    <name>9.56</name>
    
    
      
    
    <Snippet/>
    
    
      
    
    <Style>
     <PolyStyle>
      <color>CCFFFFFF</color>
     </PolyStyle>
     <LineStyle>
      <color>CCFFFFFF</color>
     </LineStyle>
    </Style>
    <description>
    </description>
    
    
      
    
    <styleUrl>#PolyStyle00</styleUrl>
    
    
      
    
    <MultiGeometry>
     
     
        
     
     <Polygon>
      
      
          
      
      <extrude>1</extrude>
      
      
      <tessellate>1</tessellate>
      
      
      <altitudeMode>relativeToGround</altitudeMode>
      
      
          
      
      <outerBoundaryIs>
       
       
       <LinearRing>
        
        
        <coordinates> 34.85659949691868,31.9842612384423,9.56 34.85673364014023,31.98426674625891,9.56 34.85672693030246,31.98439063580471,9.56 34.85664854222387,31.98438654328733,9.56 34.85664531430142,31.98442882906909,9.56 34.8564940342558,31.98442219201848,9.56 34.85649969482708,31.98432409121678,9.56 34.85659490370461,31.98432886118598,9.56 34.85659949691868,31.9842612384423,9.56</coordinates>
        
       
       </LinearRing>
       
      
      </outerBoundaryIs>
      
      
        
     
     </Polygon>
     
     
      
    
    </MultiGeometry>
    
    
    
   
   </Placemark>
   <Placemark id="ID_00100">
    
    
      
    
    <name>3.31</name>
    
    
      
    
    <Snippet/>
    
    
      
    
    <Style>
     <PolyStyle>
      <color>CCFFFFFF</color>
     </PolyStyle>
     <LineStyle>
      <color>CCFFFFFF</color>
     </LineStyle>
    </Style>
    <description>
    </description>
    
    
      
    
    <styleUrl>#PolyStyle00</styleUrl>
    
    
      
    
    <MultiGeometry>
     
     
        
     
     <Polygon>
      
      
          
      
      <extrude>1</extrude>
      
      
      <tessellate>1</tessellate>
      
      
      <altitudeMode>relativeToGround</altitudeMode>
      
      
          
      
      <outerBoundaryIs>
       
       
       <LinearRing>
        
        
        <coordinates> 34.85631828382984,31.98529195129745,3.31 34.85636344306391,31.98538162430725,3.31 34.85622040642479,31.98543317590369,3.31 34.85617629959209,31.98534503879896,3.31 34.85631828382984,31.98529195129745,3.31</coordinates>
        
       
       </LinearRing>
       
      
      </outerBoundaryIs>
      
      
        
     
     </Polygon>
     
     
      
    
    </MultiGeometry>
    
    
    
   
   </Placemark>
   <Placemark id="ID_00101">
    
    
      
    
    <name>8.92</name>
    
    
      
    
    <Snippet/>
    
    
      
    
    <Style>
     <PolyStyle>
      <color>CCFFFFFF</color>
     </PolyStyle>
     <LineStyle>
      <color>CCFFFFFF</color>
     </LineStyle>
    </Style>
    <description>
    </description>
    
    
      
    
    <styleUrl>#PolyStyle00</styleUrl>
    
    
      
    
    <MultiGeometry>
     
     
        
     
     <Polygon>
      
      
          
      
      <extrude>1</extrude>
      
      
      <tessellate>1</tessellate>
      
      
      <altitudeMode>relativeToGround</altitudeMode>
      
      
          
      
      <outerBoundaryIs>
       
       
       <LinearRing>
        
        
        <coordinates> 34.85725395875058,31.98326653623423,8.92 34.85739676201518,31.98327594479082,8.92 34.85737794362063,31.98346869915747,8.92 34.85728157410015,31.98346329534124,8.92 34.85726956595444,31.98358951513582,8.92 34.85718177235001,31.98358260163107,8.92 34.85719386944032,31.98346089111127,8.92 34.85714214342936,31.98345732273908,8.92 34.85715192965424,31.98335923317811,8.92 34.85724395695945,31.98336570738087,8.92 34.85725395875058,31.98326653623423,8.92</coordinates>
        
       
       </LinearRing>
       
      
      </outerBoundaryIs>
      
      
        
     
     </Polygon>
     
     
      
    
    </MultiGeometry>
    
    
    
   
   </Placemark>
   <Placemark id="ID_00102">
    
    
      
    
    <name>2.53</name>
    
    
      
    
    <Snippet/>
    
    
      
    
    <Style>
     <PolyStyle>
      <color>CCFFFFFF</color>
     </PolyStyle>
     <LineStyle>
      <color>CCFFFFFF</color>
     </LineStyle>
    </Style>
    <description>
    </description>
    
    
      
    
    <styleUrl>#PolyStyle00</styleUrl>
    
    
      
    
    <MultiGeometry>
     
     
        
     
     <Polygon>
      
      
          
      
      <extrude>1</extrude>
      
      
      <tessellate>1</tessellate>
      
      
      <altitudeMode>relativeToGround</altitudeMode>
      
      
          
      
      <outerBoundaryIs>
       
       
       <LinearRing>
        
        
        <coordinates> 34.85421561037013,31.98814425432614,2.53 34.85423980334717,31.98818210665816,2.53 34.85420482372742,31.98819833278734,2.53 34.85418063247368,31.98816002955169,2.53 34.85421561037013,31.98814425432614,2.53</coordinates>
        
       
       </LinearRing>
       
      
      </outerBoundaryIs>
      
      
        
     
     </Polygon>
     
     
      
    
    </MultiGeometry>
    
    
    
   
   </Placemark>
   <Placemark id="ID_00103">
    
    
      
    
    <name>3.9</name>
    
    
      
    
    <Snippet/>
    
    
      
    
    <Style>
     <PolyStyle>
      <color>CCFFFFFF</color>
     </PolyStyle>
     <LineStyle>
      <color>CCFFFFFF</color>
     </LineStyle>
    </Style>
    <description>
    </description>
    
    
      
    
    <styleUrl>#PolyStyle00</styleUrl>
    
    
      
    
    <MultiGeometry>
     
     
        
     
     <Polygon>
      
      
          
      
      <extrude>1</extrude>
      
      
      <tessellate>1</tessellate>
      
      
      <altitudeMode>relativeToGround</altitudeMode>
      
      
          
      
      <outerBoundaryIs>
       
       
       <LinearRing>
        
        
        <coordinates> 34.85323471044404,31.98598332431774,3.9 34.85323727652939,31.98585938115829,3.9 34.85329326148786,31.98586072913974,3.9 34.85329438871926,31.98593231295425,3.9 34.85333358679186,31.98593122830267,3.9 34.85334041792482,31.98597538870273,3.9 34.85323471044404,31.98598332431774,3.9</coordinates>
        
       
       </LinearRing>
       
      
      </outerBoundaryIs>
      
      
        
     
     </Polygon>
     
     
      
    
    </MultiGeometry>
    
    
    
   
   </Placemark>
   <Placemark id="ID_00104">
    
    
      
    
    <name>7.71</name>
    
    
      
    
    <Snippet/>
    
    
      
    
    <Style>
     <PolyStyle>
      <color>CCFFFFFF</color>
     </PolyStyle>
     <LineStyle>
      <color>CCFFFFFF</color>
     </LineStyle>
    </Style>
    <description>
    </description>
    
    
      
    
    <styleUrl>#PolyStyle00</styleUrl>
    
    
      
    
    <MultiGeometry>
     
     
        
     
     <Polygon>
      
      
          
      
      <extrude>1</extrude>
      
      
      <tessellate>1</tessellate>
      
      
      <altitudeMode>relativeToGround</altitudeMode>
      
      
          
      
      <outerBoundaryIs>
       
       
       <LinearRing>
        
        
        <coordinates> 34.85859614759512,31.98650145564231,7.71 34.85864356922452,31.98655289750318,7.71 34.85867635284997,31.98652935954415,7.71 34.85873526344093,31.98659264630222,7.71 34.85862080377837,31.98667007002166,7.71 34.85851542152024,31.98655597517239,7.71 34.85859614759512,31.98650145564231,7.71</coordinates>
        
       
       </LinearRing>
       
      
      </outerBoundaryIs>
      
      
        
     
     </Polygon>
     
     
      
    
    </MultiGeometry>
    
    
    
   
   </Placemark>
   <Placemark id="ID_00105">
    
    
      
    
    <name>5.33</name>
    
    
      
    
    <Snippet/>
    
    
      
    
    <Style>
     <PolyStyle>
      <color>CCFFFFFF</color>
     </PolyStyle>
     <LineStyle>
      <color>CCFFFFFF</color>
     </LineStyle>
    </Style>
    <description>
    </description>
    
    
      
    
    <styleUrl>#PolyStyle00</styleUrl>
    
    
      
    
    <MultiGeometry>
     
     
        
     
     <Polygon>
      
      
          
      
      <extrude>1</extrude>
      
      
      <tessellate>1</tessellate>
      
      
      <altitudeMode>relativeToGround</altitudeMode>
      
      
          
      
      <outerBoundaryIs>
       
       
       <LinearRing>
        
        
        <coordinates> 34.86130221024494,31.98631103443045,5.33 34.86132403889467,31.98644465065959,5.33 34.86115996137015,31.98646395652601,5.33 34.86113717664477,31.98633141984932,5.33 34.86130221024494,31.98631103443045,5.33</coordinates>
        
       
       </LinearRing>
       
      
      </outerBoundaryIs>
      
      
        
     
     </Polygon>
     
     
      
    
    </MultiGeometry>
    
    
    
   
   </Placemark>
   <Placemark id="ID_00106">
    
    
      
    
    <name>5.42</name>
    
    
      
    
    <Snippet/>
    
    
      
    
    <Style>
     <PolyStyle>
      <color>CCFFFFFF</color>
     </PolyStyle>
     <LineStyle>
      <color>CCFFFFFF</color>
     </LineStyle>
    </Style>
    <description>
    </description>
    
    
      
    
    <styleUrl>#PolyStyle00</styleUrl>
    
    
      
    
    <MultiGeometry>
     
     
        
     
     <Polygon>
      
      
          
      
      <extrude>1</extrude>
      
      
      <tessellate>1</tessellate>
      
      
      <altitudeMode>relativeToGround</altitudeMode>
      
      
          
      
      <outerBoundaryIs>
       
       
       <LinearRing>
        
        
        <coordinates> 34.86198891168734,31.98750886182905,5.42 34.8621217856065,31.98760111410674,5.42 34.86205274094695,31.98767307220717,5.42 34.8619208192876,31.98758082242786,5.42 34.86198891168734,31.98750886182905,5.42</coordinates>
        
       
       </LinearRing>
       
      
      </outerBoundaryIs>
      
      
        
     
     </Polygon>
     
     
      
    
    </MultiGeometry>
    
    
    
   
   </Placemark>
   <Placemark id="ID_00107">
    
    
      
    
    <name>2.97</name>
    
    
      
    
    <Snippet/>
    
    
      
    
    <Style>
     <PolyStyle>
      <color>CCFFFFFF</color>
     </PolyStyle>
     <LineStyle>
      <color>CCFFFFFF</color>
     </LineStyle>
    </Style>
    <description>
    </description>
    
    
      
    
    <styleUrl>#PolyStyle00</styleUrl>
    
    
      
    
    <MultiGeometry>
     
     
        
     
     <Polygon>
      
      
          
      
      <extrude>1</extrude>
      
      
      <tessellate>1</tessellate>
      
      
      <altitudeMode>relativeToGround</altitudeMode>
      
      
          
      
      <outerBoundaryIs>
       
       
       <LinearRing>
        
        
        <coordinates> 34.8568954359864,31.98614407677071,2.97 34.8569876481986,31.98624176195106,2.97 34.85691459301174,31.98628214313497,2.97 34.85680799004236,31.98617032238873,2.97 34.8568954359864,31.98614407677071,2.97</coordinates>
        
       
       </LinearRing>
       
      
      </outerBoundaryIs>
      
      
        
     
     </Polygon>
     
     
      
    
    </MultiGeometry>
    
    
    
   
   </Placemark>
   <Placemark id="ID_00108">
    
    
      
    
    <name>5.32</name>
    
    
      
    
    <Snippet/>
    
    
      
    
    <Style>
     <PolyStyle>
      <color>CCFFFFFF</color>
     </PolyStyle>
     <LineStyle>
      <color>CCFFFFFF</color>
     </LineStyle>
    </Style>
    <description>
    </description>
    
    
      
    
    <styleUrl>#PolyStyle00</styleUrl>
    
    
      
    
    <MultiGeometry>
     
     
        
     
     <Polygon>
      
      
          
      
      <extrude>1</extrude>
      
      
      <tessellate>1</tessellate>
      
      
      <altitudeMode>relativeToGround</altitudeMode>
      
      
          
      
      <outerBoundaryIs>
       
       
       <LinearRing>
        
        
        <coordinates> 34.86255918772815,31.98749299436214,5.32 34.86267421602092,31.98757554868938,5.32 34.86257746132488,31.98767277315843,5.32 34.86246253880949,31.98759021902958,5.32 34.86255918772815,31.98749299436214,5.32</coordinates>
        
       
       </LinearRing>
       
      
      </outerBoundaryIs>
      
      
        
     
     </Polygon>
     
     
      
    
    </MultiGeometry>
    
    
    
   
   </Placemark>
   <Placemark id="ID_00109">
    
    
      
    
    <name>5.83</name>
    
    
      
    
    <Snippet/>
    
    
      
    
    <Style>
     <PolyStyle>
      <color>CCFFFFFF</color>
     </PolyStyle>
     <LineStyle>
      <color>CCFFFFFF</color>
     </LineStyle>
    </Style>
    <description>
    </description>
    
    
      
    
    <styleUrl>#PolyStyle00</styleUrl>
    
    
      
    
    <MultiGeometry>
     
     
        
     
     <Polygon>
      
      
          
      
      <extrude>1</extrude>
      
      
      <tessellate>1</tessellate>
      
      
      <altitudeMode>relativeToGround</altitudeMode>
      
      
          
      
      <outerBoundaryIs>
       
       
       <LinearRing>
        
        
        <coordinates> 34.85358873663235,31.98579224168316,5.83 34.85374308952112,31.98579825943185,5.83 34.8537373957264,31.98590429585866,5.83 34.85369296274887,31.98590245965478,5.83 34.85369059291483,31.98594132086095,5.83 34.8536134692542,31.98593831212359,5.83 34.85361575939048,31.98589259698784,5.83 34.85358307285922,31.98589034230966,5.83 34.85358873663235,31.98579224168316,5.83</coordinates>
        
       
       </LinearRing>
       
      
      </outerBoundaryIs>
      
      
        
     
     </Polygon>
     
     
      
    
    </MultiGeometry>
    
    
    
   
   </Placemark>
   <Placemark id="ID_00110">
    
    
      
    
    <name>7.01</name>
    
    
      
    
    <Snippet/>
    
    
      
    
    <Style>
     <PolyStyle>
      <color>CCFFFFFF</color>
     </PolyStyle>
     <LineStyle>
      <color>CCFFFFFF</color>
     </LineStyle>
    </Style>
    <description>
    </description>
    
    
      
    
    <styleUrl>#PolyStyle00</styleUrl>
    
    
      
    
    <MultiGeometry>
     
     
        
     
     <Polygon>
      
      
          
      
      <extrude>1</extrude>
      
      
      <tessellate>1</tessellate>
      
      
      <altitudeMode>relativeToGround</altitudeMode>
      
      
          
      
      <outerBoundaryIs>
       
       
       <LinearRing>
        
        
        <coordinates> 34.86169717689225,31.98680078932642,7.01 34.86170631946508,31.98693157563209,7.01 34.86158778790724,31.98693792886278,7.01 34.86157885712102,31.98680714312149,7.01 34.86169717689225,31.98680078932642,7.01</coordinates>
        
       
       </LinearRing>
       
      
      </outerBoundaryIs>
      
      
        
     
     </Polygon>
     
     
      
    
    </MultiGeometry>
    
    
    
   
   </Placemark>
   <Placemark id="ID_00111">
    
    
      
    
    <name>6.3</name>
    
    
      
    
    <Snippet/>
    
    
      
    
    <Style>
     <PolyStyle>
      <color>CCFFFFFF</color>
     </PolyStyle>
     <LineStyle>
      <color>CCFFFFFF</color>
     </LineStyle>
    </Style>
    <description>
    </description>
    
    
      
    
    <styleUrl>#PolyStyle00</styleUrl>
    
    
      
    
    <MultiGeometry>
     
     
        
     
     <Polygon>
      
      
          
      
      <extrude>1</extrude>
      
      
      <tessellate>1</tessellate>
      
      
      <altitudeMode>relativeToGround</altitudeMode>
      
      
          
      
      <outerBoundaryIs>
       
       
       <LinearRing>
        
        
        <coordinates> 34.8620973696813,31.98619766044231,6.3 34.86219548963273,31.98627394715617,6.3 34.86209249710454,31.98637007229412,6.3 34.86199437546284,31.98629423639932,6.3 34.8620973696813,31.98619766044231,6.3</coordinates>
        
       
       </LinearRing>
       
      
      </outerBoundaryIs>
      
      
        
     
     </Polygon>
     
     
      
    
    </MultiGeometry>
    
    
    
   
   </Placemark>
   <Placemark id="ID_00112">
    
    
      
    
    <name>4.96</name>
    
    
      
    
    <Snippet/>
    
    
      
    
    <Style>
     <PolyStyle>
      <color>CCFFFFFF</color>
     </PolyStyle>
     <LineStyle>
      <color>CCFFFFFF</color>
     </LineStyle>
    </Style>
    <description>
    </description>
    
    
      
    
    <styleUrl>#PolyStyle00</styleUrl>
    
    
      
    
    <MultiGeometry>
     
     
        
     
     <Polygon>
      
      
          
      
      <extrude>1</extrude>
      
      
      <tessellate>1</tessellate>
      
      
      <altitudeMode>relativeToGround</altitudeMode>
      
      
          
      
      <outerBoundaryIs>
       
       
       <LinearRing>
        
        
        <coordinates> 34.86132270081779,31.98649145068577,4.96 34.86133707892861,31.9866368604043,4.96 34.8611920843348,31.98664611768497,4.96 34.8611779140408,31.9865017906784,4.96 34.86132270081779,31.98649145068577,4.96</coordinates>
        
       
       </LinearRing>
       
      
      </outerBoundaryIs>
      
      
        
     
     </Polygon>
     
     
      
    
    </MultiGeometry>
    
    
    
   
   </Placemark>
   <Placemark id="ID_00113">
    
    
      
    
    <name>10.34</name>
    
    
      
    
    <Snippet/>
    
    
      
    
    <Style>
     <PolyStyle>
      <color>CCFFFFFF</color>
     </PolyStyle>
     <LineStyle>
      <color>CCFFFFFF</color>
     </LineStyle>
    </Style>
    <description>
    </description>
    
    
      
    
    <styleUrl>#PolyStyle00</styleUrl>
    
    
      
    
    <MultiGeometry>
     
     
        
     
     <Polygon>
      
      
          
      
      <extrude>1</extrude>
      
      
      <tessellate>1</tessellate>
      
      
      <altitudeMode>relativeToGround</altitudeMode>
      
      
          
      
      <outerBoundaryIs>
       
       
       <LinearRing>
        
        
        <coordinates> 34.85849474302737,31.98442486501803,10.34 34.85852623129762,31.98449258616897,10.34 34.85840556510866,31.98453283847266,10.34 34.85842540218732,31.98457563808107,10.34 34.85849649129057,31.98455112240795,10.34 34.85852272951896,31.98460809777687,10.34 34.85832981415923,31.98467178036675,10.34 34.85825447113372,31.98450474108075,10.34 34.85849474302737,31.98442486501803,10.34</coordinates>
        
       
       </LinearRing>
       
      
      </outerBoundaryIs>
      
      
        
     
     </Polygon>
     
     
      
    
    </MultiGeometry>
    
    
    
   
   </Placemark>
   <Placemark id="ID_00114">
    
    
      
    
    <name>6.08</name>
    
    
      
    
    <Snippet/>
    
    
      
    
    <Style>
     <PolyStyle>
      <color>CCFFFFFF</color>
     </PolyStyle>
     <LineStyle>
      <color>CCFFFFFF</color>
     </LineStyle>
    </Style>
    <description>
    </description>
    
    
      
    
    <styleUrl>#PolyStyle00</styleUrl>
    
    
      
    
    <MultiGeometry>
     
     
        
     
     <Polygon>
      
      
          
      
      <extrude>1</extrude>
      
      
      <tessellate>1</tessellate>
      
      
      <altitudeMode>relativeToGround</altitudeMode>
      
      
          
      
      <outerBoundaryIs>
       
       
       <LinearRing>
        
        
        <coordinates> 34.86164365042521,31.98645561445361,6.08 34.86164449340289,31.98648501555099,6.08 34.86169211385802,31.98648343072339,6.08 34.86169905351119,31.98660907080278,6.08 34.86157206333074,31.98661386811251,6.08 34.86156311297411,31.98645990593997,6.08 34.86164365042521,31.98645561445361,6.08</coordinates>
        
       
       </LinearRing>
       
      
      </outerBoundaryIs>
      
      
        
     
     </Polygon>
     
     
      
    
    </MultiGeometry>
    
    
    
   
   </Placemark>
   <Placemark id="ID_00115">
    
    
      
    
    <name>4.62</name>
    
    
      
    
    <Snippet/>
    
    
      
    
    <Style>
     <PolyStyle>
      <color>CCFFFFFF</color>
     </PolyStyle>
     <LineStyle>
      <color>CCFFFFFF</color>
     </LineStyle>
    </Style>
    <description>
    </description>
    
    
      
    
    <styleUrl>#PolyStyle00</styleUrl>
    
    
      
    
    <MultiGeometry>
     
     
        
     
     <Polygon>
      
      
          
      
      <extrude>1</extrude>
      
      
      <tessellate>1</tessellate>
      
      
      <altitudeMode>relativeToGround</altitudeMode>
      
      
          
      
      <outerBoundaryIs>
       
       
       <LinearRing>
        
        
        <coordinates> 34.85619330970275,31.98560381310247,4.62 34.85619302018485,31.98568046566547,4.62 34.8561324222441,31.98568073496343,4.62 34.8561341265541,31.98571693986418,4.62 34.85610091092565,31.98571973899503,4.62 34.85610432278516,31.98560420018655,4.62 34.85619330970275,31.98560381310247,4.62</coordinates>
        
       
       </LinearRing>
       
      
      </outerBoundaryIs>
      
      
        
     
     </Polygon>
     
     
      
    
    </MultiGeometry>
    
    
    
   
   </Placemark>
   <Placemark id="ID_00116">
    
    
      
    
    <name>3.83</name>
    
    
      
    
    <Snippet/>
    
    
      
    
    <Style>
     <PolyStyle>
      <color>CCFFFFFF</color>
     </PolyStyle>
     <LineStyle>
      <color>CCFFFFFF</color>
     </LineStyle>
    </Style>
    <description>
    </description>
    
    
      
    
    <styleUrl>#PolyStyle00</styleUrl>
    
    
      
    
    <MultiGeometry>
     
     
        
     
     <Polygon>
      
      
          
      
      <extrude>1</extrude>
      
      
      <tessellate>1</tessellate>
      
      
      <altitudeMode>relativeToGround</altitudeMode>
      
      
          
      
      <outerBoundaryIs>
       
       
       <LinearRing>
        
        
        <coordinates> 34.85315286239446,31.98658182803041,3.83 34.85319950943254,31.98658583488098,3.83 34.85318856125538,31.98668220742462,3.83 34.85314191416909,31.98667820056977,3.83 34.85315286239446,31.98658182803041,3.83</coordinates>
        
       
       </LinearRing>
       
      
      </outerBoundaryIs>
      
      
        
     
     </Polygon>
     
     
      
    
    </MultiGeometry>
    
    
    
   
   </Placemark>
   <Placemark id="ID_00117">
    
    
      
    
    <name>4.47</name>
    
    
      
    
    <Snippet/>
    
    
      
    
    <Style>
     <PolyStyle>
      <color>CCFFFFFF</color>
     </PolyStyle>
     <LineStyle>
      <color>CCFFFFFF</color>
     </LineStyle>
    </Style>
    <description>
    </description>
    
    
      
    
    <styleUrl>#PolyStyle00</styleUrl>
    
    
      
    
    <MultiGeometry>
     
     
        
     
     <Polygon>
      
      
          
      
      <extrude>1</extrude>
      
      
      <tessellate>1</tessellate>
      
      
      <altitudeMode>relativeToGround</altitudeMode>
      
      
          
      
      <outerBoundaryIs>
       
       
       <LinearRing>
        
        
        <coordinates> 34.85682025411767,31.98545673395991,4.47 34.85683574893789,31.98555660612499,4.47 34.85679753526383,31.9855610104896,4.47 34.85678204048435,31.98546113832021,4.47 34.85682025411767,31.98545673395991,4.47</coordinates>
        
       
       </LinearRing>
       
      
      </outerBoundaryIs>
      
      
        
     
     </Polygon>
     
     
      
    
    </MultiGeometry>
    
    
    
   
   </Placemark>
   <Placemark id="ID_00118">
    
    
      
    
    <name>8.07</name>
    
    
      
    
    <Snippet/>
    
    
      
    
    <Style>
     <PolyStyle>
      <color>CCFFFFFF</color>
     </PolyStyle>
     <LineStyle>
      <color>CCFFFFFF</color>
     </LineStyle>
    </Style>
    <description>
    </description>
    
    
      
    
    <styleUrl>#PolyStyle00</styleUrl>
    
    
      
    
    <MultiGeometry>
     
     
        
     
     <Polygon>
      
      
          
      
      <extrude>1</extrude>
      
      
      <tessellate>1</tessellate>
      
      
      <altitudeMode>relativeToGround</altitudeMode>
      
      
          
      
      <outerBoundaryIs>
       
       
       <LinearRing>
        
        
        <coordinates> 34.85889209671431,31.9854291145982,8.07 34.8589225698098,31.98551378680078,8.07 34.85883667101443,31.98553718021796,8.07 34.85884714804074,31.98556489413732,8.07 34.85893929594988,31.98553980429523,8.07 34.85897804585521,31.98564641285756,8.07 34.85872491093318,31.98571335897228,8.07 34.85868302323732,31.9855970924814,8.07 34.85871903178021,31.98558817252097,8.07 34.85868122804475,31.98548327988556,8.07 34.85889209671431,31.9854291145982,8.07</coordinates>
        
       
       </LinearRing>
       
      
      </outerBoundaryIs>
      
      
        
     
     </Polygon>
     
     
      
    
    </MultiGeometry>
    
    
    
   
   </Placemark>
   <Placemark id="ID_00119">
    
    
      
    
    <name>9.65</name>
    
    
      
    
    <Snippet/>
    
    
      
    
    <Style>
     <PolyStyle>
      <color>CCFFFFFF</color>
     </PolyStyle>
     <LineStyle>
      <color>CCFFFFFF</color>
     </LineStyle>
    </Style>
    <description>
    </description>
    
    
      
    
    <styleUrl>#PolyStyle00</styleUrl>
    
    
      
    
    <MultiGeometry>
     
     
        
     
     <Polygon>
      
      
          
      
      <extrude>1</extrude>
      
      
      <tessellate>1</tessellate>
      
      
      <altitudeMode>relativeToGround</altitudeMode>
      
      
          
      
      <outerBoundaryIs>
       
       
       <LinearRing>
        
        
        <coordinates> 34.858586936515,31.98497972598266,9.65 34.85861932893866,31.9850603453721,9.65 34.85858755052203,31.98506990809497,9.65 34.85861899713592,31.98514881147805,9.65 34.85852588846952,31.98517624316354,9.65 34.85849442974578,31.98510058622076,9.65 34.85851985093932,31.98509335088766,9.65 34.85848535124184,31.98501038103873,9.65 34.858586936515,31.98497972598266,9.65</coordinates>
        
       
       </LinearRing>
       
      
      </outerBoundaryIs>
      
      
        
     
     </Polygon>
     
     
      
    
    </MultiGeometry>
    
    
    
   
   </Placemark>
   <Placemark id="ID_00120">
    
    
      
    
    <name>5.9</name>
    
    
      
    
    <Snippet/>
    
    
      
    
    <Style>
     <PolyStyle>
      <color>CCFFFFFF</color>
     </PolyStyle>
     <LineStyle>
      <color>CCFFFFFF</color>
     </LineStyle>
    </Style>
    <description>
    </description>
    
    
      
    
    <styleUrl>#PolyStyle00</styleUrl>
    
    
      
    
    <MultiGeometry>
     
     
        
     
     <Polygon>
      
      
          
      
      <extrude>1</extrude>
      
      
      <tessellate>1</tessellate>
      
      
      <altitudeMode>relativeToGround</altitudeMode>
      
      
          
      
      <outerBoundaryIs>
       
       
       <LinearRing>
        
        
        <coordinates> 34.85365644872108,31.9865724893095,5.9 34.85400552892064,31.98659708083631,5.9 34.85399573691625,31.98669571115512,5.9 34.8536466563463,31.98667111959908,5.9 34.85365644872108,31.9865724893095,5.9</coordinates>
        
       
       </LinearRing>
       
      
      </outerBoundaryIs>
      
      
        
     
     </Polygon>
     
     
      
    
    </MultiGeometry>
    
    
    
   
   </Placemark>
   <Placemark id="ID_00121">
    
    
      
    
    <name>4.07</name>
    
    
      
    
    <Snippet/>
    
    
      
    
    <Style>
     <PolyStyle>
      <color>CCFFFFFF</color>
     </PolyStyle>
     <LineStyle>
      <color>CCFFFFFF</color>
     </LineStyle>
    </Style>
    <description>
    </description>
    
    
      
    
    <styleUrl>#PolyStyle00</styleUrl>
    
    
      
    
    <MultiGeometry>
     
     
        
     
     <Polygon>
      
      
          
      
      <extrude>1</extrude>
      
      
      <tessellate>1</tessellate>
      
      
      <altitudeMode>relativeToGround</altitudeMode>
      
      
          
      
      <outerBoundaryIs>
       
       
       <LinearRing>
        
        
        <coordinates> 34.85517671585655,31.98607338487314,4.07 34.85524439841114,31.98611072542391,4.07 34.8551805928382,31.98619513909356,4.07 34.85511290853977,31.98615824940634,4.07 34.85517671585655,31.98607338487314,4.07</coordinates>
        
       
       </LinearRing>
       
      
      </outerBoundaryIs>
      
      
        
     
     </Polygon>
     
     
      
    
    </MultiGeometry>
    
    
    
   
   </Placemark>
   <Placemark id="ID_00122">
    
    
      
    
    <name>5.97</name>
    
    
      
    
    <Snippet/>
    
    
      
    
    <Style>
     <PolyStyle>
      <color>CCFFFFFF</color>
     </PolyStyle>
     <LineStyle>
      <color>CCFFFFFF</color>
     </LineStyle>
    </Style>
    <description>
    </description>
    
    
      
    
    <styleUrl>#PolyStyle00</styleUrl>
    
    
      
    
    <MultiGeometry>
     
     
        
     
     <Polygon>
      
      
          
      
      <extrude>1</extrude>
      
      
      <tessellate>1</tessellate>
      
      
      <altitudeMode>relativeToGround</altitudeMode>
      
      
          
      
      <outerBoundaryIs>
       
       
       <LinearRing>
        
        
        <coordinates> 34.85332220435869,31.98601416008204,5.97 34.85339509201287,31.98604592482969,5.97 34.85336197542377,31.98610102364082,5.97 34.85330915701065,31.98607833243529,5.97 34.85327188359825,31.98614135559816,5.97 34.85329829075418,31.98615324228809,5.97 34.8532739060215,31.98619375600624,5.97 34.85318623291575,31.98615464566122,5.97 34.85325012786762,31.98604723724641,5.97 34.85329143029347,31.98606538759766,5.97 34.85332220435869,31.98601416008204,5.97</coordinates>
        
       
       </LinearRing>
       
      
      </outerBoundaryIs>
      
      
        
     
     </Polygon>
     
     
      
    
    </MultiGeometry>
    
    
    
   
   </Placemark>
   <Placemark id="ID_00123">
    
    
      
    
    <name>6.24</name>
    
    
      
    
    <Snippet/>
    
    
      
    
    <Style>
     <PolyStyle>
      <color>CCFFFFFF</color>
     </PolyStyle>
     <LineStyle>
      <color>CCFFFFFF</color>
     </LineStyle>
    </Style>
    <description>
    </description>
    
    
      
    
    <styleUrl>#PolyStyle00</styleUrl>
    
    
      
    
    <MultiGeometry>
     
     
        
     
     <Polygon>
      
      
          
      
      <extrude>1</extrude>
      
      
      <tessellate>1</tessellate>
      
      
      <altitudeMode>relativeToGround</altitudeMode>
      
      
          
      
      <outerBoundaryIs>
       
       
       <LinearRing>
        
        
        <coordinates> 34.86257826857778,31.98719824595287,6.24 34.86269112784137,31.98729495275169,6.24 34.86259973719287,31.98737244217342,6.24 34.86248708955182,31.98727573586466,6.24 34.86257826857778,31.98719824595287,6.24</coordinates>
        
       
       </LinearRing>
       
      
      </outerBoundaryIs>
      
      
        
     
     </Polygon>
     
     
      
    
    </MultiGeometry>
    
    
    
   
   </Placemark>
   <Placemark id="ID_00124">
    
    
      
    
    <name>9.22</name>
    
    
      
    
    <Snippet/>
    
    
      
    
    <Style>
     <PolyStyle>
      <color>CCFFFFFF</color>
     </PolyStyle>
     <LineStyle>
      <color>CCFFFFFF</color>
     </LineStyle>
    </Style>
    <description>
    </description>
    
    
      
    
    <styleUrl>#PolyStyle00</styleUrl>
    
    
      
    
    <MultiGeometry>
     
     
        
     
     <Polygon>
      
      
          
      
      <extrude>1</extrude>
      
      
      <tessellate>1</tessellate>
      
      
      <altitudeMode>relativeToGround</altitudeMode>
      
      
          
      
      <outerBoundaryIs>
       
       
       <LinearRing>
        
        
        <coordinates> 34.85735805847672,31.98481621119969,9.22 34.85751567070312,31.98482737355201,9.22 34.85750696617909,31.98491924362588,9.22 34.85734924561338,31.98490871222905,9.22 34.85735805847672,31.98481621119969,9.22</coordinates>
        
       
       </LinearRing>
       
      
      </outerBoundaryIs>
      
      
        
     
     </Polygon>
     
     
      
    
    </MultiGeometry>
    
    
    
   
   </Placemark>
   <Placemark id="ID_00125">
    
    
      
    
    <name>11.61</name>
    
    
      
    
    <Snippet/>
    
    
      
    
    <Style>
     <PolyStyle>
      <color>CCFFFFFF</color>
     </PolyStyle>
     <LineStyle>
      <color>CCFFFFFF</color>
     </LineStyle>
    </Style>
    <description>
    </description>
    
    
      
    
    <styleUrl>#PolyStyle00</styleUrl>
    
    
      
    
    <MultiGeometry>
     
     
        
     
     <Polygon>
      
      
          
      
      <extrude>1</extrude>
      
      
      <tessellate>1</tessellate>
      
      
      <altitudeMode>relativeToGround</altitudeMode>
      
      
          
      
      <outerBoundaryIs>
       
       
       <LinearRing>
        
        
        <coordinates> 34.85783964852403,31.98558920112605,11.61 34.85787635287227,31.98567668618233,11.61 34.85783620718979,31.98568839019905,11.61 34.85789807472622,31.98583735682802,11.61 34.85778685090834,31.98587032969112,11.61 34.85776692567782,31.98582284036882,11.61 34.85780082229837,31.98581283273672,11.61 34.85774628724132,31.98568363560207,11.61 34.85772510221961,31.98568980018493,11.61 34.85770098271949,31.98563219918641,11.61 34.85783964852403,31.98558920112605,11.61</coordinates>
        
       
       </LinearRing>
       
      
      </outerBoundaryIs>
      
      
        
     
     </Polygon>
     
     
      
    
    </MultiGeometry>
    
    
    
   
   </Placemark>
   <Placemark id="ID_00126">
    
    
      
    
    <name>6.11</name>
    
    
      
    
    <Snippet/>
    
    
      
    
    <Style>
     <PolyStyle>
      <color>CCFFFFFF</color>
     </PolyStyle>
     <LineStyle>
      <color>CCFFFFFF</color>
     </LineStyle>
    </Style>
    <description>
    </description>
    
    
      
    
    <styleUrl>#PolyStyle00</styleUrl>
    
    
      
    
    <MultiGeometry>
     
     
        
     
     <Polygon>
      
      
          
      
      <extrude>1</extrude>
      
      
      <tessellate>1</tessellate>
      
      
      <altitudeMode>relativeToGround</altitudeMode>
      
      
          
      
      <outerBoundaryIs>
       
       
       <LinearRing>
        
        
        <coordinates> 34.86267277386334,31.98653738772329,6.11 34.86278881305155,31.98663238957629,6.11 34.86269115097965,31.98671779807212,6.11 34.86257606005697,31.98662388085031,6.11 34.86267277386334,31.98653738772329,6.11</coordinates>
        
       
       </LinearRing>
       
      
      </outerBoundaryIs>
      
      
        
     
     </Polygon>
     
     
      
    
    </MultiGeometry>
    
    
    
   
   </Placemark>
   <Placemark id="ID_00127">
    
    
      
    
    <name>6.01</name>
    
    
      
    
    <Snippet/>
    
    
      
    
    <Style>
     <PolyStyle>
      <color>CCFFFFFF</color>
     </PolyStyle>
     <LineStyle>
      <color>CCFFFFFF</color>
     </LineStyle>
    </Style>
    <description>
    </description>
    
    
      
    
    <styleUrl>#PolyStyle00</styleUrl>
    
    
      
    
    <MultiGeometry>
     
     
        
     
     <Polygon>
      
      
          
      
      <extrude>1</extrude>
      
      
      <tessellate>1</tessellate>
      
      
      <altitudeMode>relativeToGround</altitudeMode>
      
      
          
      
      <outerBoundaryIs>
       
       
       <LinearRing>
        
        
        <coordinates> 34.86233717168606,31.98775608369723,6.01 34.86241409011539,31.98781490826433,6.01 34.86243532717317,31.98779476507724,6.01 34.86251235384961,31.98785295861358,6.01 34.86249111445368,31.98787373306999,6.01 34.86255231509963,31.98791961940723,6.01 34.86247575796496,31.98799155749854,6.01 34.86239250743341,31.98792820688477,6.01 34.86242011223464,31.98790294057733,6.01 34.86237263125062,31.98786674045681,6.01 34.86234194354823,31.98789587620261,6.01 34.8622575292783,31.98783252236348,6.01 34.86233717168606,31.98775608369723,6.01</coordinates>
        
       
       </LinearRing>
       
      
      </outerBoundaryIs>
      
      
        
     
     </Polygon>
     
     
      
    
    </MultiGeometry>
    
    
    
   
   </Placemark>
   <Placemark id="ID_00128">
    
    
      
    
    <name>3.93</name>
    
    
      
    
    <Snippet/>
    
    
      
    
    <Style>
     <PolyStyle>
      <color>CCFFFFFF</color>
     </PolyStyle>
     <LineStyle>
      <color>CCFFFFFF</color>
     </LineStyle>
    </Style>
    <description>
    </description>
    
    
      
    
    <styleUrl>#PolyStyle00</styleUrl>
    
    
      
    
    <MultiGeometry>
     
     
        
     
     <Polygon>
      
      
          
      
      <extrude>1</extrude>
      
      
      <tessellate>1</tessellate>
      
      
      <altitudeMode>relativeToGround</altitudeMode>
      
      
          
      
      <outerBoundaryIs>
       
       
       <LinearRing>
        
        
        <coordinates> 34.85760140037807,31.985636436134,3.93 34.85762913037714,31.98572938782318,3.93 34.85758988306118,31.98574359672307,3.93 34.85754953423739,31.98575303025233,3.93 34.85748702242188,31.98570036717331,3.93 34.85747257667585,31.98567074129195,3.93 34.85760140037807,31.985636436134,3.93</coordinates>
        
       
       </LinearRing>
       
      
      </outerBoundaryIs>
      
      
        
     
     </Polygon>
     
     
      
    
    </MultiGeometry>
    
    
    
   
   </Placemark>
   <Placemark id="ID_00129">
    
    
      
    
    <name>7.08</name>
    
    
      
    
    <Snippet/>
    
    
      
    
    <Style>
     <PolyStyle>
      <color>CCFFFFFF</color>
     </PolyStyle>
     <LineStyle>
      <color>CCFFFFFF</color>
     </LineStyle>
    </Style>
    <description>
    </description>
    
    
      
    
    <styleUrl>#PolyStyle00</styleUrl>
    
    
      
    
    <MultiGeometry>
     
     
        
     
     <Polygon>
      
      
          
      
      <extrude>1</extrude>
      
      
      <tessellate>1</tessellate>
      
      
      <altitudeMode>relativeToGround</altitudeMode>
      
      
          
      
      <outerBoundaryIs>
       
       
       <LinearRing>
        
        
        <coordinates> 34.85694787470135,31.98416128073208,7.08 34.85719117193675,31.98417718705007,7.08 34.85717777263914,31.98433559743335,7.08 34.85693138960534,31.98432419166224,7.08 34.85694787470135,31.98416128073208,7.08</coordinates>
        
       
       </LinearRing>
       
      
      </outerBoundaryIs>
      
      
        
     
     </Polygon>
     
     
      
    
    </MultiGeometry>
    
    
    
   
   </Placemark>
   <Placemark id="ID_00130">
    
    
      
    
    <name>6.1</name>
    
    
      
    
    <Snippet/>
    
    
      
    
    <Style>
     <PolyStyle>
      <color>CCFFFFFF</color>
     </PolyStyle>
     <LineStyle>
      <color>CCFFFFFF</color>
     </LineStyle>
    </Style>
    <description>
    </description>
    
    
      
    
    <styleUrl>#PolyStyle00</styleUrl>
    
    
      
    
    <MultiGeometry>
     
     
        
     
     <Polygon>
      
      
          
      
      <extrude>1</extrude>
      
      
      <tessellate>1</tessellate>
      
      
      <altitudeMode>relativeToGround</altitudeMode>
      
      
          
      
      <outerBoundaryIs>
       
       
       <LinearRing>
        
        
        <coordinates> 34.85485213812143,31.98714951585682,6.1 34.85489123284099,31.98717275389753,6.1 34.85492487629654,31.9871599615715,6.1 34.85495494592474,31.98720370881539,6.1 34.85490591418473,31.98722659775465,6.1 34.85493843412679,31.98727321046829,6.1 34.85483772014111,31.9873242457447,6.1 34.85475142183019,31.98720118232253,6.1 34.85485213812143,31.98714951585682,6.1</coordinates>
        
       
       </LinearRing>
       
      
      </outerBoundaryIs>
      
      
        
     
     </Polygon>
     
     
      
    
    </MultiGeometry>
    
    
    
   
   </Placemark>
   <Placemark id="ID_00131">
    
    
      
    
    <name>9.5</name>
    
    
      
    
    <Snippet/>
    
    
      
    
    <Style>
     <PolyStyle>
      <color>CCFFFFFF</color>
     </PolyStyle>
     <LineStyle>
      <color>CCFFFFFF</color>
     </LineStyle>
    </Style>
    <description>
    </description>
    
    
      
    
    <styleUrl>#PolyStyle00</styleUrl>
    
    
      
    
    <MultiGeometry>
     
     
        
     
     <Polygon>
      
      
          
      
      <extrude>1</extrude>
      
      
      <tessellate>1</tessellate>
      
      
      <altitudeMode>relativeToGround</altitudeMode>
      
      
          
      
      <outerBoundaryIs>
       
       
       <LinearRing>
        
        
        <coordinates> 34.85406259995119,31.98803453340988,9.5 34.8541172747686,31.98812594687159,9.5 34.85398171743382,31.98818482115235,9.5 34.85392693519194,31.98809385823871,9.5 34.85406259995119,31.98803453340988,9.5</coordinates>
        
       
       </LinearRing>
       
      
      </outerBoundaryIs>
      
      
        
     
     </Polygon>
     
     
      
    
    </MultiGeometry>
    
    
    
   
   </Placemark>
   <Placemark id="ID_00132">
    
    
      
    
    <name>2.58</name>
    
    
      
    
    <Snippet/>
    
    
      
    
    <Style>
     <PolyStyle>
      <color>CCFFFFFF</color>
     </PolyStyle>
     <LineStyle>
      <color>CCFFFFFF</color>
     </LineStyle>
    </Style>
    <description>
    </description>
    
    
      
    
    <styleUrl>#PolyStyle00</styleUrl>
    
    
      
    
    <MultiGeometry>
     
     
        
     
     <Polygon>
      
      
          
      
      <extrude>1</extrude>
      
      
      <tessellate>1</tessellate>
      
      
      <altitudeMode>relativeToGround</altitudeMode>
      
      
          
      
      <outerBoundaryIs>
       
       
       <LinearRing>
        
        
        <coordinates> 34.85408682074721,31.98778660422698,2.58 34.85411631712675,31.98782104436863,2.58 34.85408014766161,31.9878441208897,2.58 34.85404969728007,31.98781012900804,2.58 34.85408682074721,31.98778660422698,2.58</coordinates>
        
       
       </LinearRing>
       
      
      </outerBoundaryIs>
      
      
        
     
     </Polygon>
     
     
      
    
    </MultiGeometry>
    
    
    
   
   </Placemark>
   <Placemark id="ID_00133">
    
    
      
    
    <name>4.97</name>
    
    
      
    
    <Snippet/>
    
    
      
    
    <Style>
     <PolyStyle>
      <color>CCFFFFFF</color>
     </PolyStyle>
     <LineStyle>
      <color>CCFFFFFF</color>
     </LineStyle>
    </Style>
    <description>
    </description>
    
    
      
    
    <styleUrl>#PolyStyle00</styleUrl>
    
    
      
    
    <MultiGeometry>
     
     
        
     
     <Polygon>
      
      
          
      
      <extrude>1</extrude>
      
      
      <tessellate>1</tessellate>
      
      
      <altitudeMode>relativeToGround</altitudeMode>
      
      
          
      
      <outerBoundaryIs>
       
       
       <LinearRing>
        
        
        <coordinates> 34.8542637629742,31.98775210253546,4.97 34.85428044332471,31.98778993413457,4.97 34.85422005221025,31.98781059918064,4.97 34.8542021038682,31.98777231317299,4.97 34.8542637629742,31.98775210253546,4.97</coordinates>
        
       
       </LinearRing>
       
      
      </outerBoundaryIs>
      
      
        
     
     </Polygon>
     
     
      
    
    </MultiGeometry>
    
    
    
   
   </Placemark>
   <Placemark id="ID_00134">
    
    
      
    
    <name>5.92</name>
    
    
      
    
    <Snippet/>
    
    
      
    
    <Style>
     <PolyStyle>
      <color>CCFFFFFF</color>
     </PolyStyle>
     <LineStyle>
      <color>CCFFFFFF</color>
     </LineStyle>
    </Style>
    <description>
    </description>
    
    
      
    
    <styleUrl>#PolyStyle00</styleUrl>
    
    
      
    
    <MultiGeometry>
     
     
        
     
     <Polygon>
      
      
          
      
      <extrude>1</extrude>
      
      
      <tessellate>1</tessellate>
      
      
      <altitudeMode>relativeToGround</altitudeMode>
      
      
          
      
      <outerBoundaryIs>
       
       
       <LinearRing>
        
        
        <coordinates> 34.86148234517872,31.9871519126829,5.92 34.86161432480275,31.98722829132228,5.92 34.86153650701429,31.9873261974098,5.92 34.86140452966484,31.98724918743355,5.92 34.86148234517872,31.9871519126829,5.92</coordinates>
        
       
       </LinearRing>
       
      
      </outerBoundaryIs>
      
      
        
     
     </Polygon>
     
     
      
    
    </MultiGeometry>
    
    
    
   
   </Placemark>
   <Placemark id="ID_00135">
    
    
      
    
    <name>4.78</name>
    
    
      
    
    <Snippet/>
    
    
      
    
    <Style>
     <PolyStyle>
      <color>CCFFFFFF</color>
     </PolyStyle>
     <LineStyle>
      <color>CCFFFFFF</color>
     </LineStyle>
    </Style>
    <description>
    </description>
    
    
      
    
    <styleUrl>#PolyStyle00</styleUrl>
    
    
      
    
    <MultiGeometry>
     
     
        
     
     <Polygon>
      
      
          
      
      <extrude>1</extrude>
      
      
      <tessellate>1</tessellate>
      
      
      <altitudeMode>relativeToGround</altitudeMode>
      
      
          
      
      <outerBoundaryIs>
       
       
       <LinearRing>
        
        
        <coordinates> 34.8529022731873,31.98595158488732,4.78 34.85302068707534,31.98600367634014,4.78 34.8529014307928,31.98617252453526,4.78 34.85278959236559,31.98611639307126,4.78 34.8529022731873,31.98595158488732,4.78</coordinates>
        
       
       </LinearRing>
       
      
      </outerBoundaryIs>
      
      
        
     
     </Polygon>
     
     
      
    
    </MultiGeometry>
    
    
    
   
   </Placemark>
   <Placemark id="ID_00136">
    
    
      
    
    <name>5.5</name>
    
    
      
    
    <Snippet/>
    
    
      
    
    <Style>
     <PolyStyle>
      <color>CCFFFFFF</color>
     </PolyStyle>
     <LineStyle>
      <color>CCFFFFFF</color>
     </LineStyle>
    </Style>
    <description>
    </description>
    
    
      
    
    <styleUrl>#PolyStyle00</styleUrl>
    
    
      
    
    <MultiGeometry>
     
     
        
     
     <Polygon>
      
      
          
      
      <extrude>1</extrude>
      
      
      <tessellate>1</tessellate>
      
      
      <altitudeMode>relativeToGround</altitudeMode>
      
      
          
      
      <outerBoundaryIs>
       
       
       <LinearRing>
        
        
        <coordinates> 34.8628279600285,31.98666171340322,5.5 34.86294593750436,31.98674770228545,5.5 34.86284727305092,31.98684663526781,5.5 34.86272897811402,31.98676064544038,5.5 34.8628279600285,31.98666171340322,5.5</coordinates>
        
       
       </LinearRing>
       
      
      </outerBoundaryIs>
      
      
        
     
     </Polygon>
     
     
      
    
    </MultiGeometry>
    
    
    
   
   </Placemark>
   <Placemark id="ID_00137">
    
    
      
    
    <name>4.16</name>
    
    
      
    
    <Snippet/>
    
    
      
    
    <Style>
     <PolyStyle>
      <color>CCFFFFFF</color>
     </PolyStyle>
     <LineStyle>
      <color>CCFFFFFF</color>
     </LineStyle>
    </Style>
    <description>
    </description>
    
    
      
    
    <styleUrl>#PolyStyle00</styleUrl>
    
    
      
    
    <MultiGeometry>
     
     
        
     
     <Polygon>
      
      
          
      
      <extrude>1</extrude>
      
      
      <tessellate>1</tessellate>
      
      
      <altitudeMode>relativeToGround</altitudeMode>
      
      
          
      
      <outerBoundaryIs>
       
       
       <LinearRing>
        
        
        <coordinates> 34.85757293793613,31.98591763109955,4.16 34.8578376653598,31.98611675119339,4.16 34.85774856979391,31.98620217926739,4.16 34.85748479459727,31.98600306159303,4.16 34.85757293793613,31.98591763109955,4.16</coordinates>
        
       
       </LinearRing>
       
      
      </outerBoundaryIs>
      
      
        
     
     </Polygon>
     
     
      
    
    </MultiGeometry>
    
    
    
   
   </Placemark>
   <Placemark id="ID_00138">
    
    
      
    
    <name>2.8</name>
    
    
      
    
    <Snippet/>
    
    
      
    
    <Style>
     <PolyStyle>
      <color>CCFFFFFF</color>
     </PolyStyle>
     <LineStyle>
      <color>CCFFFFFF</color>
     </LineStyle>
    </Style>
    <description>
    </description>
    
    
      
    
    <styleUrl>#PolyStyle00</styleUrl>
    
    
      
    
    <MultiGeometry>
     
     
        
     
     <Polygon>
      
      
          
      
      <extrude>1</extrude>
      
      
      <tessellate>1</tessellate>
      
      
      <altitudeMode>relativeToGround</altitudeMode>
      
      
          
      
      <outerBoundaryIs>
       
       
       <LinearRing>
        
        
        <coordinates> 34.8546106157233,31.98722162598389,2.8 34.85463257190441,31.98726334983792,2.8 34.85456178583235,31.98729084011078,2.8 34.85453961634597,31.98724956655874,2.8 34.8546106157233,31.98722162598389,2.8</coordinates>
        
       
       </LinearRing>
       
      
      </outerBoundaryIs>
      
      
        
     
     </Polygon>
     
     
      
    
    </MultiGeometry>
    
    
    
   
   </Placemark>
   <Placemark id="ID_00139">
    
    
      
    
    <name>6.56</name>
    
    
      
    
    <Snippet/>
    
    
      
    
    <Style>
     <PolyStyle>
      <color>CCFFFFFF</color>
     </PolyStyle>
     <LineStyle>
      <color>CCFFFFFF</color>
     </LineStyle>
    </Style>
    <description>
    </description>
    
    
      
    
    <styleUrl>#PolyStyle00</styleUrl>
    
    
      
    
    <MultiGeometry>
     
     
        
     
     <Polygon>
      
      
          
      
      <extrude>1</extrude>
      
      
      <tessellate>1</tessellate>
      
      
      <altitudeMode>relativeToGround</altitudeMode>
      
      
          
      
      <outerBoundaryIs>
       
       
       <LinearRing>
        
        
        <coordinates> 34.86134539030737,31.98667809532642,6.56 34.86136079828203,31.98680267614373,6.56 34.86124743877632,31.98681246989326,6.56 34.86123202692516,31.98668897121763,6.56 34.86134539030737,31.98667809532642,6.56</coordinates>
        
       
       </LinearRing>
       
      
      </outerBoundaryIs>
      
      
        
     
     </Polygon>
     
     
      
    
    </MultiGeometry>
    
    
    
   
   </Placemark>
   <Placemark id="ID_00140">
    
    
      
    
    <name>3.3</name>
    
    
      
    
    <Snippet/>
    
    
      
    
    <Style>
     <PolyStyle>
      <color>CCFFFFFF</color>
     </PolyStyle>
     <LineStyle>
      <color>CCFFFFFF</color>
     </LineStyle>
    </Style>
    <description>
    </description>
    
    
      
    
    <styleUrl>#PolyStyle00</styleUrl>
    
    
      
    
    <MultiGeometry>
     
     
        
     
     <Polygon>
      
      
          
      
      <extrude>1</extrude>
      
      
      <tessellate>1</tessellate>
      
      
      <altitudeMode>relativeToGround</altitudeMode>
      
      
          
      
      <outerBoundaryIs>
       
       
       <LinearRing>
        
        
        <coordinates> 34.85599742405326,31.98788033071339,3.3 34.85601004259834,31.98790119702383,3.3 34.85594115455312,31.98793040670081,3.3 34.8559285343153,31.98790999128093,3.3 34.85599742405326,31.98788033071339,3.3</coordinates>
        
       
       </LinearRing>
       
      
      </outerBoundaryIs>
      
      
        
     
     </Polygon>
     
     
      
    
    </MultiGeometry>
    
    
    
   
   </Placemark>
   <Placemark id="ID_00141">
    
    
      
    
    <name>5.96</name>
    
    
      
    
    <Snippet/>
    
    
      
    
    <Style>
     <PolyStyle>
      <color>CCFFFFFF</color>
     </PolyStyle>
     <LineStyle>
      <color>CCFFFFFF</color>
     </LineStyle>
    </Style>
    <description>
    </description>
    
    
      
    
    <styleUrl>#PolyStyle00</styleUrl>
    
    
      
    
    <MultiGeometry>
     
     
        
     
     <Polygon>
      
      
          
      
      <extrude>1</extrude>
      
      
      <tessellate>1</tessellate>
      
      
      <altitudeMode>relativeToGround</altitudeMode>
      
      
          
      
      <outerBoundaryIs>
       
       
       <LinearRing>
        
        
        <coordinates> 34.85816667071387,31.98644338085847,5.96 34.85829327314569,31.98654184247643,5.96 34.8580555364991,31.98676213592899,5.96 34.85792893165079,31.98666430533333,5.96 34.85816667071387,31.98644338085847,5.96</coordinates>
        
       
       </LinearRing>
       
      
      </outerBoundaryIs>
      
      
        
     
     </Polygon>
     
     
      
    
    </MultiGeometry>
    
    
    
   
   </Placemark>
   <Placemark id="ID_00142">
    
    
      
    
    <name>4.8</name>
    
    
      
    
    <Snippet/>
    
    
      
    
    <Style>
     <PolyStyle>
      <color>CCFFFFFF</color>
     </PolyStyle>
     <LineStyle>
      <color>CCFFFFFF</color>
     </LineStyle>
    </Style>
    <description>
    </description>
    
    
      
    
    <styleUrl>#PolyStyle00</styleUrl>
    
    
      
    
    <MultiGeometry>
     
     
        
     
     <Polygon>
      
      
          
      
      <extrude>1</extrude>
      
      
      <tessellate>1</tessellate>
      
      
      <altitudeMode>relativeToGround</altitudeMode>
      
      
          
      
      <outerBoundaryIs>
       
       
       <LinearRing>
        
        
        <coordinates> 34.85319591878939,31.98670900595118,4.8 34.85357647829485,31.98673351081851,4.8 34.85356991603752,31.98681745062425,4.8 34.85344608311954,31.98681349020724,4.8 34.85343893849276,31.98685164651496,4.8 34.85334518506701,31.98684303651059,4.8 34.85334116418216,31.98680443719869,4.8 34.85318861499105,31.9867889171295,4.8 34.85319591878939,31.98670900595118,4.8</coordinates>
        
       
       </LinearRing>
       
      
      </outerBoundaryIs>
      
      
        
     
     </Polygon>
     
     
      
    
    </MultiGeometry>
    
    
    
   
   </Placemark>
   <Placemark id="ID_00143">
    
    
      
    
    <name>5.29</name>
    
    
      
    
    <Snippet/>
    
    
      
    
    <Style>
     <PolyStyle>
      <color>CCFFFFFF</color>
     </PolyStyle>
     <LineStyle>
      <color>CCFFFFFF</color>
     </LineStyle>
    </Style>
    <description>
    </description>
    
    
      
    
    <styleUrl>#PolyStyle00</styleUrl>
    
    
      
    
    <MultiGeometry>
     
     
        
     
     <Polygon>
      
      
          
      
      <extrude>1</extrude>
      
      
      <tessellate>1</tessellate>
      
      
      <altitudeMode>relativeToGround</altitudeMode>
      
      
          
      
      <outerBoundaryIs>
       
       
       <LinearRing>
        
        
        <coordinates> 34.86241788513418,31.98707715246625,5.29 34.86253816348072,31.98717045253708,5.29 34.86244048153603,31.98726100105999,5.29 34.8623200973621,31.98716770061257,5.29 34.86241788513418,31.98707715246625,5.29</coordinates>
        
       
       </LinearRing>
       
      
      </outerBoundaryIs>
      
      
        
     
     </Polygon>
     
     
      
    
    </MultiGeometry>
    
    
    
   
   </Placemark>
   <Placemark id="ID_00144">
    
    
      
    
    <name>4.67</name>
    
    
      
    
    <Snippet/>
    
    
      
    
    <Style>
     <PolyStyle>
      <color>CCFFFFFF</color>
     </PolyStyle>
     <LineStyle>
      <color>CCFFFFFF</color>
     </LineStyle>
    </Style>
    <description>
    </description>
    
    
      
    
    <styleUrl>#PolyStyle00</styleUrl>
    
    
      
    
    <MultiGeometry>
     
     
        
     
     <Polygon>
      
      
          
      
      <extrude>1</extrude>
      
      
      <tessellate>1</tessellate>
      
      
      <altitudeMode>relativeToGround</altitudeMode>
      
      
          
      
      <outerBoundaryIs>
       
       
       <LinearRing>
        
        
        <coordinates> 34.86216613824444,31.98762486098796,4.67 34.86228008916343,31.98771255304839,4.67 34.86218452494297,31.98780247580899,4.67 34.86207057400535,31.98771478366386,4.67 34.86216613824444,31.98762486098796,4.67</coordinates>
        
       
       </LinearRing>
       
      
      </outerBoundaryIs>
      
      
        
     
     </Polygon>
     
     
      
    
    </MultiGeometry>
    
    
    
   
   </Placemark>
   <Placemark id="ID_00145">
    
    
      
    
    <name>5.4</name>
    
    
      
    
    <Snippet/>
    
    
      
    
    <Style>
     <PolyStyle>
      <color>CCFFFFFF</color>
     </PolyStyle>
     <LineStyle>
      <color>CCFFFFFF</color>
     </LineStyle>
    </Style>
    <description>
    </description>
    
    
      
    
    <styleUrl>#PolyStyle00</styleUrl>
    
    
      
    
    <MultiGeometry>
     
     
        
     
     <Polygon>
      
      
          
      
      <extrude>1</extrude>
      
      
      <tessellate>1</tessellate>
      
      
      <altitudeMode>relativeToGround</altitudeMode>
      
      
          
      
      <outerBoundaryIs>
       
       
       <LinearRing>
        
        
        <coordinates> 34.85485626523381,31.98661917630854,5.4 34.85495228953854,31.98666065318737,5.4 34.85489276850144,31.98675905646132,5.4 34.85482093785411,31.98672729548424,5.4 34.85485394799433,31.98667219600179,5.4 34.8548306007466,31.98666248239294,5.4 34.85485626523381,31.98661917630854,5.4</coordinates>
        
       
       </LinearRing>
       
      
      </outerBoundaryIs>
      
      
        
     
     </Polygon>
     
     
      
    
    </MultiGeometry>
    
    
    
   
   </Placemark>
   <Placemark id="ID_00146">
    
    
      
    
    <name>3.899999</name>
    
    
      
    
    <Snippet/>
    
    
      
    
    <Style>
     <PolyStyle>
      <color>CCFFFFFF</color>
     </PolyStyle>
     <LineStyle>
      <color>CCFFFFFF</color>
     </LineStyle>
    </Style>
    <description>
    </description>
    
    
      
    
    <styleUrl>#PolyStyle00</styleUrl>
    
    
      
    
    <MultiGeometry>
     
     
        
     
     <Polygon>
      
      
          
      
      <extrude>1</extrude>
      
      
      <tessellate>1</tessellate>
      
      
      <altitudeMode>relativeToGround</altitudeMode>
      
      
          
      
      <outerBoundaryIs>
       
       
       <LinearRing>
        
        
        <coordinates> 34.85571266354485,31.98666234597425,3.899999 34.8556973151006,31.98664126020661,3.899999 34.85572761144384,31.98662511818663,3.899999 34.85578444043123,31.98669971822686,3.899999 34.85574103796697,31.9867137365787,3.899999 34.8555847732604,31.98678888467373,3.899999 34.85554464769938,31.98673914540236,3.899999 34.85558840354756,31.98671731395732,3.899999 34.85555943247066,31.98667905735664,3.899999 34.85563684048034,31.98664204814131,3.899999 34.8556660931397,31.98668363315524,3.899999 34.85571266354485,31.98666234597425,3.899999</coordinates>
        
       
       </LinearRing>
       
      
      </outerBoundaryIs>
      
      
        
     
     </Polygon>
     
     
      
    
    </MultiGeometry>
    
    
    
   
   </Placemark>
   <Placemark id="ID_00147">
    
    
      
    
    <name>10.29</name>
    
    
      
    
    <Snippet/>
    
    
      
    
    <Style>
     <PolyStyle>
      <color>CCFFFFFF</color>
     </PolyStyle>
     <LineStyle>
      <color>CCFFFFFF</color>
     </LineStyle>
    </Style>
    <description>
    </description>
    
    
      
    
    <styleUrl>#PolyStyle00</styleUrl>
    
    
      
    
    <MultiGeometry>
     
     
        
     
     <Polygon>
      
      
          
      
      <extrude>1</extrude>
      
      
      <tessellate>1</tessellate>
      
      
      <altitudeMode>relativeToGround</altitudeMode>
      
      
          
      
      <outerBoundaryIs>
       
       
       <LinearRing>
        
        
        <coordinates> 34.85693119859831,31.98437487254765,10.29 34.85717566026673,31.9843907820852,10.29 34.85716010910858,31.98455865552004,10.29 34.85702047808924,31.98454925537327,10.29 34.85702720412729,31.98447712943075,10.29 34.85692237719631,31.98446953785927,10.29 34.85693119859831,31.98437487254765,10.29</coordinates>
        
       
       </LinearRing>
       
      
      </outerBoundaryIs>
      
      
        
     
     </Polygon>
     
     
      
    
    </MultiGeometry>
    
    
    
   
   </Placemark>
   <Placemark id="ID_00148">
    
    
      
    
    <name>5.2</name>
    
    
      
    
    <Snippet/>
    
    
      
    
    <Style>
     <PolyStyle>
      <color>CCFFFFFF</color>
     </PolyStyle>
     <LineStyle>
      <color>CCFFFFFF</color>
     </LineStyle>
    </Style>
    <description>
    </description>
    
    
      
    
    <styleUrl>#PolyStyle00</styleUrl>
    
    
      
    
    <MultiGeometry>
     
     
        
     
     <Polygon>
      
      
          
      
      <extrude>1</extrude>
      
      
      <tessellate>1</tessellate>
      
      
      <altitudeMode>relativeToGround</altitudeMode>
      
      
          
      
      <outerBoundaryIs>
       
       
       <LinearRing>
        
        
        <coordinates> 34.85297060904868,31.98645484819048,5.2 34.85314796707994,31.98647810702778,5.2 34.8531123399442,31.98672963336008,5.2 34.85295001613754,31.986716060899,5.2 34.85295163430321,31.98665880083131,5.2 34.85296193250987,31.98652759793907,5.2 34.85297060904868,31.98645484819048,5.2</coordinates>
        
       
       </LinearRing>
       
      
      </outerBoundaryIs>
      
      
        
     
     </Polygon>
     
     
      
    
    </MultiGeometry>
    
    
    
   
   </Placemark>
   <Placemark id="ID_00149">
    
    
      
    
    <name>3.75</name>
    
    
      
    
    <Snippet/>
    
    
      
    
    <Style>
     <PolyStyle>
      <color>CCFFFFFF</color>
     </PolyStyle>
     <LineStyle>
      <color>CCFFFFFF</color>
     </LineStyle>
    </Style>
    <description>
    </description>
    
    
      
    
    <styleUrl>#PolyStyle00</styleUrl>
    
    
      
    
    <MultiGeometry>
     
     
        
     
     <Polygon>
      
      
          
      
      <extrude>1</extrude>
      
      
      <tessellate>1</tessellate>
      
      
      <altitudeMode>relativeToGround</altitudeMode>
      
      
          
      
      <outerBoundaryIs>
       
       
       <LinearRing>
        
        
        <coordinates> 34.8544454038176,31.98728817455206,3.75 34.85445991661242,31.98733952721161,3.75 34.8544249715882,31.98734673546173,3.75 34.85441025130041,31.98729430006144,3.75 34.8544454038176,31.98728817455206,3.75</coordinates>
        
       
       </LinearRing>
       
      
      </outerBoundaryIs>
      
      
        
     
     </Polygon>
     
     
      
    
    </MultiGeometry>
    
    
    
   
   </Placemark>
   <Placemark id="ID_00150">
    
    
      
    
    <name>5.23</name>
    
    
      
    
    <Snippet/>
    
    
      
    
    <Style>
     <PolyStyle>
      <color>CCFFFFFF</color>
     </PolyStyle>
     <LineStyle>
      <color>CCFFFFFF</color>
     </LineStyle>
    </Style>
    <description>
    </description>
    
    
      
    
    <styleUrl>#PolyStyle00</styleUrl>
    
    
      
    
    <MultiGeometry>
     
     
        
     
     <Polygon>
      
      
          
      
      <extrude>1</extrude>
      
      
      <tessellate>1</tessellate>
      
      
      <altitudeMode>relativeToGround</altitudeMode>
      
      
          
      
      <outerBoundaryIs>
       
       
       <LinearRing>
        
        
        <coordinates> 34.85433922801087,31.98599099742005,5.23 34.85434002619465,31.98603158080492,5.23 34.85429145770689,31.98603207809402,5.23 34.8542913549644,31.98605913193257,5.23 34.85424902745138,31.98606009732386,5.23 34.85424797282089,31.98603132686451,5.23 34.85420987937214,31.98603185302242,5.23 34.85420886140749,31.98599343336028,5.23 34.85433922801087,31.98599099742005,5.23</coordinates>
        
       
       </LinearRing>
       
      
      </outerBoundaryIs>
      
      
        
     
     </Polygon>
     
     
      
    
    </MultiGeometry>
    
    
    
   
   </Placemark>
   <Placemark id="ID_00151">
    
    
      
    
    <name>7.89</name>
    
    
      
    
    <Snippet/>
    
    
      
    
    <Style>
     <PolyStyle>
      <color>CCFFFFFF</color>
     </PolyStyle>
     <LineStyle>
      <color>CCFFFFFF</color>
     </LineStyle>
    </Style>
    <description>
    </description>
    
    
      
    
    <styleUrl>#PolyStyle00</styleUrl>
    
    
      
    
    <MultiGeometry>
     
     
        
     
     <Polygon>
      
      
          
      
      <extrude>1</extrude>
      
      
      <tessellate>1</tessellate>
      
      
      <altitudeMode>relativeToGround</altitudeMode>
      
      
          
      
      <outerBoundaryIs>
       
       
       <LinearRing>
        
        
        <coordinates> 34.8543180566819,31.98788815415196,7.89 34.85435599337442,31.98795697624514,7.89 34.85424164997215,31.98800238226114,7.89 34.85420370923596,31.98793464228797,7.89 34.8543180566819,31.98788815415196,7.89</coordinates>
        
       
       </LinearRing>
       
      
      </outerBoundaryIs>
      
      
        
     
     </Polygon>
     
     
      
    
    </MultiGeometry>
    
    
    
   
   </Placemark>
   <Placemark id="ID_00152">
    
    
      
    
    <name>4.27</name>
    
    
      
    
    <Snippet/>
    
    
      
    
    <Style>
     <PolyStyle>
      <color>CCFFFFFF</color>
     </PolyStyle>
     <LineStyle>
      <color>CCFFFFFF</color>
     </LineStyle>
    </Style>
    <description>
    </description>
    
    
      
    
    <styleUrl>#PolyStyle00</styleUrl>
    
    
      
    
    <MultiGeometry>
     
     
        
     
     <Polygon>
      
      
          
      
      <extrude>1</extrude>
      
      
      <tessellate>1</tessellate>
      
      
      <altitudeMode>relativeToGround</altitudeMode>
      
      
          
      
      <outerBoundaryIs>
       
       
       <LinearRing>
        
        
        <coordinates> 34.85534278519121,31.98692541529316,4.27 34.8555882063185,31.98727671144603,4.27 34.85550530527941,31.987318146909,4.27 34.85526136330394,31.98696748593102,4.27 34.85534278519121,31.98692541529316,4.27</coordinates>
        
       
       </LinearRing>
       
      
      </outerBoundaryIs>
      
      
        
     
     </Polygon>
     
     
      
    
    </MultiGeometry>
    
    
    
   
   </Placemark>
   <Placemark id="ID_00153">
    
    
      
    
    <name>3.1</name>
    
    
      
    
    <Snippet/>
    
    
      
    
    <Style>
     <PolyStyle>
      <color>CCFFFFFF</color>
     </PolyStyle>
     <LineStyle>
      <color>CCFFFFFF</color>
     </LineStyle>
    </Style>
    <description>
    </description>
    
    
      
    
    <styleUrl>#PolyStyle00</styleUrl>
    
    
      
    
    <MultiGeometry>
     
     
        
     
     <Polygon>
      
      
          
      
      <extrude>1</extrude>
      
      
      <tessellate>1</tessellate>
      
      
      <altitudeMode>relativeToGround</altitudeMode>
      
      
          
      
      <outerBoundaryIs>
       
       
       <LinearRing>
        
        
        <coordinates> 34.8569903420959,31.98608846261747,3.1 34.85702818091996,31.98612743395082,3.1 34.85696452581959,31.98617234991394,3.1 34.85692669108313,31.9861322964081,3.1 34.8569903420959,31.98608846261747,3.1</coordinates>
        
       
       </LinearRing>
       
      
      </outerBoundaryIs>
      
      
        
     
     </Polygon>
     
     
      
    
    </MultiGeometry>
    
    
    
   
   </Placemark>
   <Placemark id="ID_00154">
    
    
      
    
    <name>4.37</name>
    
    
      
    
    <Snippet/>
    
    
      
    
    <Style>
     <PolyStyle>
      <color>CCFFFFFF</color>
     </PolyStyle>
     <LineStyle>
      <color>CCFFFFFF</color>
     </LineStyle>
    </Style>
    <description>
    </description>
    
    
      
    
    <styleUrl>#PolyStyle00</styleUrl>
    
    
      
    
    <MultiGeometry>
     
     
        
     
     <Polygon>
      
      
          
      
      <extrude>1</extrude>
      
      
      <tessellate>1</tessellate>
      
      
      <altitudeMode>relativeToGround</altitudeMode>
      
      
          
      
      <outerBoundaryIs>
       
       
       <LinearRing>
        
        
        <coordinates> 34.8544929371803,31.98756056020691,4.37 34.85459609019467,31.98770341976014,4.37 34.85451339515929,31.98774611766192,4.37 34.85441023811806,31.9876043401963,4.37 34.8544929371803,31.98756056020691,4.37</coordinates>
        
       
       </LinearRing>
       
      
      </outerBoundaryIs>
      
      
        
     
     </Polygon>
     
     
      
    
    </MultiGeometry>
    
    
    
   
   </Placemark>
   <Placemark id="ID_00155">
    
    
      
    
    <name>7</name>
    
    
      
    
    <Snippet/>
    
    
      
    
    <Style>
     <PolyStyle>
      <color>CCFFFFFF</color>
     </PolyStyle>
     <LineStyle>
      <color>CCFFFFFF</color>
     </LineStyle>
    </Style>
    <description>
    </description>
    
    
      
    
    <styleUrl>#PolyStyle00</styleUrl>
    
    
      
    
    <MultiGeometry>
     
     
        
     
     <Polygon>
      
      
          
      
      <extrude>1</extrude>
      
      
      <tessellate>1</tessellate>
      
      
      <altitudeMode>relativeToGround</altitudeMode>
      
      
          
      
      <outerBoundaryIs>
       
       
       <LinearRing>
        
        
        <coordinates> 34.85439442456053,31.98703165111484,7 34.85447683215322,31.98706452366045,7 34.85445552028082,31.98710396390887,7 34.85450728797192,31.98712493831314,7 34.85449013690918,31.98715537199911,7 34.85454823850834,31.98718024160675,7 34.85451535503194,31.98722975016865,7 34.85433144177883,31.98714979407472,7 34.85439442456053,31.98703165111484,7</coordinates>
        
       
       </LinearRing>
       
      
      </outerBoundaryIs>
      
      
        
     
     </Polygon>
     
     
      
    
    </MultiGeometry>
    
    
    
   
   </Placemark>
   <Placemark id="ID_00156">
    
    
      
    
    <name>5.95</name>
    
    
      
    
    <Snippet/>
    
    
      
    
    <Style>
     <PolyStyle>
      <color>CCFFFFFF</color>
     </PolyStyle>
     <LineStyle>
      <color>CCFFFFFF</color>
     </LineStyle>
    </Style>
    <description>
    </description>
    
    
      
    
    <styleUrl>#PolyStyle00</styleUrl>
    
    
      
    
    <MultiGeometry>
     
     
        
     
     <Polygon>
      
      
          
      
      <extrude>1</extrude>
      
      
      <tessellate>1</tessellate>
      
      
      <altitudeMode>relativeToGround</altitudeMode>
      
      
          
      
      <outerBoundaryIs>
       
       
       <LinearRing>
        
        
        <coordinates> 34.85488881406943,31.98615546813163,5.95 34.85495747003705,31.98618722033017,5.95 34.85489892518504,31.9862794038555,5.95 34.85483122144815,31.98624765424835,5.95 34.85488881406943,31.98615546813163,5.95</coordinates>
        
       
       </LinearRing>
       
      
      </outerBoundaryIs>
      
      
        
     
     </Polygon>
     
     
      
    
    </MultiGeometry>
    
    
    
   
   </Placemark>
   <Placemark id="ID_00157">
    
    
      
    
    <name>7.67</name>
    
    
      
    
    <Snippet/>
    
    
      
    
    <Style>
     <PolyStyle>
      <color>CCFFFFFF</color>
     </PolyStyle>
     <LineStyle>
      <color>CCFFFFFF</color>
     </LineStyle>
    </Style>
    <description>
    </description>
    
    
      
    
    <styleUrl>#PolyStyle00</styleUrl>
    
    
      
    
    <MultiGeometry>
     
     
        
     
     <Polygon>
      
      
          
      
      <extrude>1</extrude>
      
      
      <tessellate>1</tessellate>
      
      
      <altitudeMode>relativeToGround</altitudeMode>
      
      
          
      
      <outerBoundaryIs>
       
       
       <LinearRing>
        
        
        <coordinates> 34.85666892730102,31.98349832174231,7.67 34.85674691599283,31.98355201239943,7.67 34.85670782409507,31.98359311778032,7.67 34.85682697276997,31.98367460653706,7.67 34.85678235379061,31.983722370157,7.67 34.85667059449156,31.98364541062693,7.67 34.85662809802535,31.98369146657924,7.67 34.85656668030377,31.98364855273918,7.67 34.85652641625471,31.9836918191814,7.67 34.85645465139662,31.98364310537745,7.67 34.85656407361444,31.9835261707231,7.67 34.8566115647048,31.98355849529043,7.67 34.85666892730102,31.98349832174231,7.67</coordinates>
        
       
       </LinearRing>
       
      
      </outerBoundaryIs>
      
      
        
     
     </Polygon>
     
     
      
    
    </MultiGeometry>
    
    
    
   
   </Placemark>
   <Placemark id="ID_00158">
    
    
      
    
    <name>8.18</name>
    
    
      
    
    <Snippet/>
    
    
      
    
    <Style>
     <PolyStyle>
      <color>CCFFFFFF</color>
     </PolyStyle>
     <LineStyle>
      <color>CCFFFFFF</color>
     </LineStyle>
    </Style>
    <description>
    </description>
    
    
      
    
    <styleUrl>#PolyStyle00</styleUrl>
    
    
      
    
    <MultiGeometry>
     
     
        
     
     <Polygon>
      
      
          
      
      <extrude>1</extrude>
      
      
      <tessellate>1</tessellate>
      
      
      <altitudeMode>relativeToGround</altitudeMode>
      
      
          
      
      <outerBoundaryIs>
       
       
       <LinearRing>
        
        
        <coordinates> 34.85769404013116,31.98522745045188,8.18 34.8577631780504,31.98541250918834,8.18 34.85753546191217,31.98547284900296,8.18 34.85751562980941,31.98542878674996,8.18 34.8574508899393,31.98545286832126,8.18 34.85740159344879,31.98530952702733,8.18 34.85754879941763,31.98530262480294,8.18 34.85769404013116,31.98522745045188,8.18</coordinates>
        
       
       </LinearRing>
       
      
      </outerBoundaryIs>
      
      
        
     
     </Polygon>
     
     
      
    
    </MultiGeometry>
    
    
    
   
   </Placemark>
   <Placemark id="ID_00159">
    
    
      
    
    <name>3.91</name>
    
    
      
    
    <Snippet/>
    
    
      
    
    <Style>
     <PolyStyle>
      <color>CCFFFFFF</color>
     </PolyStyle>
     <LineStyle>
      <color>CCFFFFFF</color>
     </LineStyle>
    </Style>
    <description>
    </description>
    
    
      
    
    <styleUrl>#PolyStyle00</styleUrl>
    
    
      
    
    <MultiGeometry>
     
     
        
     
     <Polygon>
      
      
          
      
      <extrude>1</extrude>
      
      
      <tessellate>1</tessellate>
      
      
      <altitudeMode>relativeToGround</altitudeMode>
      
      
          
      
      <outerBoundaryIs>
       
       
       <LinearRing>
        
        
        <coordinates> 34.85599271682521,31.98663411488904,3.91 34.85601898577524,31.98668270405957,3.91 34.85594576523901,31.98671063932991,3.91 34.85592044621664,31.98666268401578,3.91 34.85599271682521,31.98663411488904,3.91</coordinates>
        
       
       </LinearRing>
       
      
      </outerBoundaryIs>
      
      
        
     
     </Polygon>
     
     
      
    
    </MultiGeometry>
    
    
    
   
   </Placemark>
   <Placemark id="ID_00160">
    
    
      
    
    <name>3.3</name>
    
    
      
    
    <Snippet/>
    
    
      
    
    <Style>
     <PolyStyle>
      <color>CCFFFFFF</color>
     </PolyStyle>
     <LineStyle>
      <color>CCFFFFFF</color>
     </LineStyle>
    </Style>
    <description>
    </description>
    
    
      
    
    <styleUrl>#PolyStyle00</styleUrl>
    
    
      
    
    <MultiGeometry>
     
     
        
     
     <Polygon>
      
      
          
      
      <extrude>1</extrude>
      
      
      <tessellate>1</tessellate>
      
      
      <altitudeMode>relativeToGround</altitudeMode>
      
      
          
      
      <outerBoundaryIs>
       
       
       <LinearRing>
        
        
        <coordinates> 34.85548931418576,31.98595186983555,3.3 34.85562251681485,31.98601085323472,3.3 34.85555650369195,31.98611951956041,3.3 34.85546143194908,31.98607804575551,3.3 34.85547645095916,31.98605166418774,3.3 34.85543831587128,31.98603523668255,3.3 34.85548931418576,31.98595186983555,3.3</coordinates>
        
       
       </LinearRing>
       
      
      </outerBoundaryIs>
      
      
        
     
     </Polygon>
     
     
      
    
    </MultiGeometry>
    
    
    
   
   </Placemark>
   <Placemark id="ID_00161">
    
    
      
    
    <name>1.75</name>
    
    
      
    
    <Snippet/>
    
    
      
    
    <Style>
     <PolyStyle>
      <color>CCFFFFFF</color>
     </PolyStyle>
     <LineStyle>
      <color>CCFFFFFF</color>
     </LineStyle>
    </Style>
    <description>
    </description>
    
    
      
    
    <styleUrl>#PolyStyle00</styleUrl>
    
    
      
    
    <MultiGeometry>
     
     
        
     
     <Polygon>
      
      
          
      
      <extrude>1</extrude>
      
      
      <tessellate>1</tessellate>
      
      
      <altitudeMode>relativeToGround</altitudeMode>
      
      
          
      
      <outerBoundaryIs>
       
       
       <LinearRing>
        
        
        <coordinates> 34.85362234916834,31.98684141670841,1.75 34.85360653413642,31.98695112974645,1.75 34.85357575295046,31.98694746630308,1.75 34.85357418146604,31.98683658065859,1.75 34.85362234916834,31.98684141670841,1.75</coordinates>
        
       
       </LinearRing>
       
      
      </outerBoundaryIs>
      
      
        
     
     </Polygon>
     
     
      
    
    </MultiGeometry>
    
    
    
   
   </Placemark>
   <Placemark id="ID_00162">
    
    
      
    
    <name>3.31</name>
    
    
      
    
    <Snippet/>
    
    
      
    
    <Style>
     <PolyStyle>
      <color>CCFFFFFF</color>
     </PolyStyle>
     <LineStyle>
      <color>CCFFFFFF</color>
     </LineStyle>
    </Style>
    <description>
    </description>
    
    
      
    
    <styleUrl>#PolyStyle00</styleUrl>
    
    
      
    
    <MultiGeometry>
     
     
        
     
     <Polygon>
      
      
          
      
      <extrude>1</extrude>
      
      
      <tessellate>1</tessellate>
      
      
      <altitudeMode>relativeToGround</altitudeMode>
      
      
          
      
      <outerBoundaryIs>
       
       
       <LinearRing>
        
        
        <coordinates> 34.85517004426176,31.9867452105336,3.31 34.85522146700577,31.98682930997825,3.31 34.85516221706028,31.98685620106676,3.31 34.85511058273713,31.98677210101632,3.31 34.85517004426176,31.9867452105336,3.31</coordinates>
        
       
       </LinearRing>
       
      
      </outerBoundaryIs>
      
      
        
     
     </Polygon>
     
     
      
    
    </MultiGeometry>
    
    
    
   
   </Placemark>
   <Placemark id="ID_00163">
    
    
      
    
    <name>7.54</name>
    
    
      
    
    <Snippet/>
    
    
      
    
    <Style>
     <PolyStyle>
      <color>CCFFFFFF</color>
     </PolyStyle>
     <LineStyle>
      <color>CCFFFFFF</color>
     </LineStyle>
    </Style>
    <description>
    </description>
    
    
      
    
    <styleUrl>#PolyStyle00</styleUrl>
    
    
      
    
    <MultiGeometry>
     
     
        
     
     <Polygon>
      
      
          
      
      <extrude>1</extrude>
      
      
      <tessellate>1</tessellate>
      
      
      <altitudeMode>relativeToGround</altitudeMode>
      
      
          
      
      <outerBoundaryIs>
       
       
       <LinearRing>
        
        
        <coordinates> 34.8589659468668,31.9860515605957,7.54 34.85900584767406,31.98613346283805,7.54 34.85904822417067,31.9861194198317,7.54 34.85907762223825,31.98618046179279,7.54 34.85894412620384,31.98622735303093,7.54 34.85887472504167,31.9860835066866,7.54 34.8589659468668,31.9860515605957,7.54</coordinates>
        
       
       </LinearRing>
       
      
      </outerBoundaryIs>
      
      
        
     
     </Polygon>
     
     
      
    
    </MultiGeometry>
    
    
    
   
   </Placemark>
   <Placemark id="ID_00164">
    
    
      
    
    <name>6.02</name>
    
    
      
    
    <Snippet/>
    
    
      
    
    <Style>
     <PolyStyle>
      <color>CCFFFFFF</color>
     </PolyStyle>
     <LineStyle>
      <color>CCFFFFFF</color>
     </LineStyle>
    </Style>
    <description>
    </description>
    
    
      
    
    <styleUrl>#PolyStyle00</styleUrl>
    
    
      
    
    <MultiGeometry>
     
     
        
     
     <Polygon>
      
      
          
      
      <extrude>1</extrude>
      
      
      <tessellate>1</tessellate>
      
      
      <altitudeMode>relativeToGround</altitudeMode>
      
      
          
      
      <outerBoundaryIs>
       
       
       <LinearRing>
        
        
        <coordinates> 34.85465248521576,31.9867837352005,6.02 34.8547359117814,31.986826890952,6.02 34.8546891079704,31.98689205259785,6.02 34.8547176228219,31.98690628949092,6.02 34.85468475014039,31.98695300253719,6.02 34.85457270455269,31.98689515864427,6.02 34.85465248521576,31.9867837352005,6.02</coordinates>
        
       
       </LinearRing>
       
      
      </outerBoundaryIs>
      
      
        
     
     </Polygon>
     
     
      
    
    </MultiGeometry>
    
    
    
   
   </Placemark>
   <Placemark id="ID_00165">
    
    
      
    
    <name>1.52</name>
    
    
      
    
    <Snippet/>
    
    
      
    
    <Style>
     <PolyStyle>
      <color>CCFFFFFF</color>
     </PolyStyle>
     <LineStyle>
      <color>CCFFFFFF</color>
     </LineStyle>
    </Style>
    <description>
    </description>
    
    
      
    
    <styleUrl>#PolyStyle00</styleUrl>
    
    
      
    
    <MultiGeometry>
     
     
        
     
     <Polygon>
      
      
          
      
      <extrude>1</extrude>
      
      
      <tessellate>1</tessellate>
      
      
      <altitudeMode>relativeToGround</altitudeMode>
      
      
          
      
      <outerBoundaryIs>
       
       
       <LinearRing>
        
        
        <coordinates> 34.85363581190608,31.98674034817018,1.52 34.85375854415686,31.98674240075079,1.52 34.85375727785874,31.98679713675137,1.52 34.85363444212769,31.98679445262047,1.52 34.85363581190608,31.98674034817018,1.52</coordinates>
        
       
       </LinearRing>
       
      
      </outerBoundaryIs>
      
      
        
     
     </Polygon>
     
     
      
    
    </MultiGeometry>
    
    
    
   
   </Placemark>
   <Placemark id="ID_00166">
    
    
      
    
    <name>3.47</name>
    
    
      
    
    <Snippet/>
    
    
      
    
    <Style>
     <PolyStyle>
      <color>CCFFFFFF</color>
     </PolyStyle>
     <LineStyle>
      <color>CCFFFFFF</color>
     </LineStyle>
    </Style>
    <description>
    </description>
    
    
      
    
    <styleUrl>#PolyStyle00</styleUrl>
    
    
      
    
    <MultiGeometry>
     
     
        
     
     <Polygon>
      
      
          
      
      <extrude>1</extrude>
      
      
      <tessellate>1</tessellate>
      
      
      <altitudeMode>relativeToGround</altitudeMode>
      
      
          
      
      <outerBoundaryIs>
       
       
       <LinearRing>
        
        
        <coordinates> 34.85533995616552,31.98658272198829,3.47 34.85536849147568,31.9866195038929,3.47 34.85534611691489,31.9866323381544,3.47 34.85531758741492,31.986594023194,3.47 34.85533995616552,31.98658272198829,3.47</coordinates>
        
       
       </LinearRing>
       
      
      </outerBoundaryIs>
      
      
        
     
     </Polygon>
     
     
      
    
    </MultiGeometry>
    
    
    
   
   </Placemark>
   <Placemark id="ID_00167">
    
    
      
    
    <name>6.8</name>
    
    
      
    
    <Snippet/>
    
    
      
    
    <Style>
     <PolyStyle>
      <color>CCFFFFFF</color>
     </PolyStyle>
     <LineStyle>
      <color>CCFFFFFF</color>
     </LineStyle>
    </Style>
    <description>
    </description>
    
    
      
    
    <styleUrl>#PolyStyle00</styleUrl>
    
    
      
    
    <MultiGeometry>
     
     
        
     
     <Polygon>
      
      
          
      
      <extrude>1</extrude>
      
      
      <tessellate>1</tessellate>
      
      
      <altitudeMode>relativeToGround</altitudeMode>
      
      
          
      
      <outerBoundaryIs>
       
       
       <LinearRing>
        
        
        <coordinates> 34.86210553973731,31.98684698159423,6.8 34.86222692577144,31.98692675788423,6.8 34.86213661530711,31.98702679499567,6.8 34.86201522520189,31.98694810077442,6.8 34.86210553973731,31.98684698159423,6.8</coordinates>
        
       
       </LinearRing>
       
      
      </outerBoundaryIs>
      
      
        
     
     </Polygon>
     
     
      
    
    </MultiGeometry>
    
    
    
   
   </Placemark>
   <Placemark id="ID_00168">
    
    
      
    
    <name>7.6</name>
    
    
      
    
    <Snippet/>
    
    
      
    
    <Style>
     <PolyStyle>
      <color>CCFFFFFF</color>
     </PolyStyle>
     <LineStyle>
      <color>CCFFFFFF</color>
     </LineStyle>
    </Style>
    <description>
    </description>
    
    
      
    
    <styleUrl>#PolyStyle00</styleUrl>
    
    
      
    
    <MultiGeometry>
     
     
        
     
     <Polygon>
      
      
          
      
      <extrude>1</extrude>
      
      
      <tessellate>1</tessellate>
      
      
      <altitudeMode>relativeToGround</altitudeMode>
      
      
          
      
      <outerBoundaryIs>
       
       
       <LinearRing>
        
        
        <coordinates> 34.85920311357353,31.98598240624516,7.6 34.85927252969223,31.9861223746964,7.6 34.85912737157919,31.9861754568635,7.6 34.85909902278427,31.98611676245961,7.6 34.85915506950875,31.98609716542367,7.6 34.85911421799603,31.98601480973861,7.6 34.85920311357353,31.98598240624516,7.6</coordinates>
        
       
       </LinearRing>
       
      
      </outerBoundaryIs>
      
      
        
     
     </Polygon>
     
     
      
    
    </MultiGeometry>
    
    
    
   
   </Placemark>
   <Placemark id="ID_00169">
    
    
      
    
    <name>3.4</name>
    
    
      
    
    <Snippet/>
    
    
      
    
    <Style>
     <PolyStyle>
      <color>CCFFFFFF</color>
     </PolyStyle>
     <LineStyle>
      <color>CCFFFFFF</color>
     </LineStyle>
    </Style>
    <description>
    </description>
    
    
      
    
    <styleUrl>#PolyStyle00</styleUrl>
    
    
      
    
    <MultiGeometry>
     
     
        
     
     <Polygon>
      
      
          
      
      <extrude>1</extrude>
      
      
      <tessellate>1</tessellate>
      
      
      <altitudeMode>relativeToGround</altitudeMode>
      
      
          
      
      <outerBoundaryIs>
       
       
       <LinearRing>
        
        
        <coordinates> 34.85639163303048,31.98607049965752,3.4 34.85647276194026,31.98610571209582,3.4 34.85643889356621,31.98616423651203,3.4 34.85635628329772,31.98612901998979,3.4 34.85639163303048,31.98607049965752,3.4</coordinates>
        
       
       </LinearRing>
       
      
      </outerBoundaryIs>
      
      
        
     
     </Polygon>
     
     
      
    
    </MultiGeometry>
    
    
    
   
   </Placemark>
   <Placemark id="ID_00170">
    
    
      
    
    <name>4.72</name>
    
    
      
    
    <Snippet/>
    
    
      
    
    <Style>
     <PolyStyle>
      <color>CCFFFFFF</color>
     </PolyStyle>
     <LineStyle>
      <color>CCFFFFFF</color>
     </LineStyle>
    </Style>
    <description>
    </description>
    
    
      
    
    <styleUrl>#PolyStyle00</styleUrl>
    
    
      
    
    <MultiGeometry>
     
     
        
     
     <Polygon>
      
      
          
      
      <extrude>1</extrude>
      
      
      <tessellate>1</tessellate>
      
      
      <altitudeMode>relativeToGround</altitudeMode>
      
      
          
      
      <outerBoundaryIs>
       
       
       <LinearRing>
        
        
        <coordinates> 34.85672107201984,31.98594406783318,4.72 34.85685635379242,31.98598501955284,4.72 34.85678693869587,31.98615445880973,4.72 34.85670978341312,31.98613170235538,4.72 34.85673210792896,31.98607594183584,4.72 34.85667397717157,31.98605882866016,4.72 34.85672107201984,31.98594406783318,4.72</coordinates>
        
       
       </LinearRing>
       
      
      </outerBoundaryIs>
      
      
        
     
     </Polygon>
     
     
      
    
    </MultiGeometry>
    
    
    
   
   </Placemark>
   <Placemark id="ID_00171">
    
    
      
    
    <name>6.83</name>
    
    
      
    
    <Snippet/>
    
    
      
    
    <Style>
     <PolyStyle>
      <color>CCFFFFFF</color>
     </PolyStyle>
     <LineStyle>
      <color>CCFFFFFF</color>
     </LineStyle>
    </Style>
    <description>
    </description>
    
    
      
    
    <styleUrl>#PolyStyle00</styleUrl>
    
    
      
    
    <MultiGeometry>
     
     
        
     
     <Polygon>
      
      
          
      
      <extrude>1</extrude>
      
      
      <tessellate>1</tessellate>
      
      
      <altitudeMode>relativeToGround</altitudeMode>
      
      
          
      
      <outerBoundaryIs>
       
       
       <LinearRing>
        
        
        <coordinates> 34.85504324913369,31.98697761716941,6.83 34.85509059656807,31.9870481783863,6.83 34.85498882891714,31.98709812872104,6.83 34.8549414798265,31.98702801836438,6.83 34.85504324913369,31.98697761716941,6.83</coordinates>
        
       
       </LinearRing>
       
      
      </outerBoundaryIs>
      
      
        
     
     </Polygon>
     
     
      
    
    </MultiGeometry>
    
    
    
   
   </Placemark>
   <Placemark id="ID_00172">
    
    
      
    
    <name>3.8</name>
    
    
      
    
    <Snippet/>
    
    
      
    
    <Style>
     <PolyStyle>
      <color>CCFFFFFF</color>
     </PolyStyle>
     <LineStyle>
      <color>CCFFFFFF</color>
     </LineStyle>
    </Style>
    <description>
    </description>
    
    
      
    
    <styleUrl>#PolyStyle00</styleUrl>
    
    
      
    
    <MultiGeometry>
     
     
        
     
     <Polygon>
      
      
          
      
      <extrude>1</extrude>
      
      
      <tessellate>1</tessellate>
      
      
      <altitudeMode>relativeToGround</altitudeMode>
      
      
          
      
      <outerBoundaryIs>
       
       
       <LinearRing>
        
        
        <coordinates> 34.8539615921552,31.9860916300388,3.8 34.85395985672039,31.98617990825504,3.8 34.85390671240213,31.98624288778037,3.8 34.85384420163812,31.98619875939842,3.8 34.8538804426105,31.98608186124521,3.8 34.8539615921552,31.9860916300388,3.8</coordinates>
        
       
       </LinearRing>
       
      
      </outerBoundaryIs>
      
      
        
     
     </Polygon>
     
     
      
    
    </MultiGeometry>
    
    
    
   
   </Placemark>
   <Placemark id="ID_00173">
    
    
      
    
    <name>6.9</name>
    
    
      
    
    <Snippet/>
    
    
      
    
    <Style>
     <PolyStyle>
      <color>CCFFFFFF</color>
     </PolyStyle>
     <LineStyle>
      <color>CCFFFFFF</color>
     </LineStyle>
    </Style>
    <description>
    </description>
    
    
      
    
    <styleUrl>#PolyStyle00</styleUrl>
    
    
      
    
    <MultiGeometry>
     
     
        
     
     <Polygon>
      
      
          
      
      <extrude>1</extrude>
      
      
      <tessellate>1</tessellate>
      
      
      <altitudeMode>relativeToGround</altitudeMode>
      
      
          
      
      <outerBoundaryIs>
       
       
       <LinearRing>
        
        
        <coordinates> 34.85628700985406,31.98626067376085,6.9 34.85638705974842,31.98638503639739,6.9 34.85625259640739,31.98646348528614,6.9 34.85615254831465,31.98633867164849,6.9 34.85628700985406,31.98626067376085,6.9</coordinates>
        
       
       </LinearRing>
       
      
      </outerBoundaryIs>
      
      
        
     
     </Polygon>
     
     
      
    
    </MultiGeometry>
    
    
    
   
   </Placemark>
   <Placemark id="ID_00174">
    
    
      
    
    <name>3.57</name>
    
    
      
    
    <Snippet/>
    
    
      
    
    <Style>
     <PolyStyle>
      <color>CCFFFFFF</color>
     </PolyStyle>
     <LineStyle>
      <color>CCFFFFFF</color>
     </LineStyle>
    </Style>
    <description>
    </description>
    
    
      
    
    <styleUrl>#PolyStyle00</styleUrl>
    
    
      
    
    <MultiGeometry>
     
     
        
     
     <Polygon>
      
      
          
      
      <extrude>1</extrude>
      
      
      <tessellate>1</tessellate>
      
      
      <altitudeMode>relativeToGround</altitudeMode>
      
      
          
      
      <outerBoundaryIs>
       
       
       <LinearRing>
        
        
        <coordinates> 34.85921523210061,31.98588260947122,3.57 34.85922789749108,31.98591934735321,3.57 34.85916625824046,31.98593487109029,3.57 34.85915390793366,31.98589876532247,3.57 34.85921523210061,31.98588260947122,3.57</coordinates>
        
       
       </LinearRing>
       
      
      </outerBoundaryIs>
      
      
        
     
     </Polygon>
     
     
      
    
    </MultiGeometry>
    
    
    
   
   </Placemark>
   <Placemark id="ID_00175">
    
    
      
    
    <name>5.33</name>
    
    
      
    
    <Snippet/>
    
    
      
    
    <Style>
     <PolyStyle>
      <color>CCFFFFFF</color>
     </PolyStyle>
     <LineStyle>
      <color>CCFFFFFF</color>
     </LineStyle>
    </Style>
    <description>
    </description>
    
    
      
    
    <styleUrl>#PolyStyle00</styleUrl>
    
    
      
    
    <MultiGeometry>
     
     
        
     
     <Polygon>
      
      
          
      
      <extrude>1</extrude>
      
      
      <tessellate>1</tessellate>
      
      
      <altitudeMode>relativeToGround</altitudeMode>
      
      
          
      
      <outerBoundaryIs>
       
       
       <LinearRing>
        
        
        <coordinates> 34.86146330551658,31.98598402467367,5.33 34.86159103837551,31.98606381872529,5.33 34.86150495808025,31.98616449809066,5.33 34.86137711767166,31.98608515456484,5.33 34.86146330551658,31.98598402467367,5.33</coordinates>
        
       
       </LinearRing>
       
      
      </outerBoundaryIs>
      
      
        
     
     </Polygon>
     
     
      
    
    </MultiGeometry>
    
    
    
   
   </Placemark>
   <Placemark id="ID_00176">
    
    
      
    
    <name>3.1</name>
    
    
      
    
    <Snippet/>
    
    
      
    
    <Style>
     <PolyStyle>
      <color>CCFFFFFF</color>
     </PolyStyle>
     <LineStyle>
      <color>CCFFFFFF</color>
     </LineStyle>
    </Style>
    <description>
    </description>
    
    
      
    
    <styleUrl>#PolyStyle00</styleUrl>
    
    
      
    
    <MultiGeometry>
     
     
        
     
     <Polygon>
      
      
          
      
      <extrude>1</extrude>
      
      
      <tessellate>1</tessellate>
      
      
      <altitudeMode>relativeToGround</altitudeMode>
      
      
          
      
      <outerBoundaryIs>
       
       
       <LinearRing>
        
        
        <coordinates> 34.85565192163892,31.98746797880441,3.1 34.85568558268706,31.98752046610787,3.1 34.85577356919631,31.98747733107145,3.1 34.85597346255012,31.98778106650266,3.1 34.85582717773982,31.98785109568097,3.1 34.85559457189311,31.98749595747727,3.1 34.85565192163892,31.98746797880441,3.1</coordinates>
        
       
       </LinearRing>
       
      
      </outerBoundaryIs>
      
      
        
     
     </Polygon>
     
     
      
    
    </MultiGeometry>
    
    
    
   
   </Placemark>
   <Placemark id="ID_00177">
    
    
      
    
    <name>8.12</name>
    
    
      
    
    <Snippet/>
    
    
      
    
    <Style>
     <PolyStyle>
      <color>CCFFFFFF</color>
     </PolyStyle>
     <LineStyle>
      <color>CCFFFFFF</color>
     </LineStyle>
    </Style>
    <description>
    </description>
    
    
      
    
    <styleUrl>#PolyStyle00</styleUrl>
    
    
      
    
    <MultiGeometry>
     
     
        
     
     <Polygon>
      
      
          
      
      <extrude>1</extrude>
      
      
      <tessellate>1</tessellate>
      
      
      <altitudeMode>relativeToGround</altitudeMode>
      
      
          
      
      <outerBoundaryIs>
       
       
       <LinearRing>
        
        
        <coordinates> 34.8545584268891,31.98588960779611,8.12 34.85463987235373,31.98592482227604,8.12 34.85455681379882,31.98606374171878,8.12 34.85447547576418,31.98602807658009,8.12 34.8545584268891,31.98588960779611,8.12</coordinates>
        
       
       </LinearRing>
       
      
      </outerBoundaryIs>
      
      
        
     
     </Polygon>
     
     
      
    
    </MultiGeometry>
    
    
    
   
   </Placemark>
   <Placemark id="ID_00178">
    
    
      
    
    <name>2.0147</name>
    
    
      
    
    <Snippet/>
    
    
      
    
    <Style>
     <PolyStyle>
      <color>CCFFFFFF</color>
     </PolyStyle>
     <LineStyle>
      <color>CCFFFFFF</color>
     </LineStyle>
    </Style>
    <description>
    </description>
    
    
      
    
    <styleUrl>#PolyStyle00</styleUrl>
    
    
      
    
    <MultiGeometry>
     
     
        
     
     <Polygon>
      
      
          
      
      <extrude>1</extrude>
      
      
      <tessellate>1</tessellate>
      
      
      <altitudeMode>relativeToGround</altitudeMode>
      
      
          
      
      <outerBoundaryIs>
       
       
       <LinearRing>
        
        
        <coordinates> 34.85336148311106,31.98729789375424,2.0147 34.85335906216234,31.98721508793694,2.0147 34.8535738635432,31.98722151296909,2.0147 34.85358098480005,31.98714806269295,2.0147 34.85366579326184,31.98715529419632,2.0147 34.85366021323625,31.98718326716029,2.0147 34.85377648387266,31.98719291850364,2.0147 34.8537749738169,31.98723023187805,2.0147 34.85380644040481,31.98723148484142,2.0147 34.85380077614554,31.98728161580166,2.0147 34.85377342827316,31.98727687521696,2.0147 34.85376908776193,31.98733867105829,2.0147 34.85336148311106,31.98729789375424,2.0147</coordinates>
        
       
       </LinearRing>
       
      
      </outerBoundaryIs>
      
      
        
     
     </Polygon>
     
     
      
    
    </MultiGeometry>
    
    
    
   
   </Placemark>
   <Placemark id="ID_00179">
    
    
      
    
    <name>0</name>
    
    
      
    
    <Snippet/>
    
    
      
    
    <Style>
     <PolyStyle>
      <color>CCFFFFFF</color>
     </PolyStyle>
     <LineStyle>
      <color>CCFFFFFF</color>
     </LineStyle>
    </Style>
    <description>
    </description>
    
    
      
    
    <styleUrl>#PolyStyle00</styleUrl>
    
    
      
    
    <MultiGeometry>
     
     
        
     
     <Polygon>
      
      
          
      
      <extrude>1</extrude>
      
      
      <tessellate>1</tessellate>
      
      
      <altitudeMode>relativeToGround</altitudeMode>
      
      
          
      
      <outerBoundaryIs>
       
       
       <LinearRing>
        
        
        <coordinates> 34.85376899728084,31.98700192461268,0 34.85376212049495,31.98696969407941,0 34.85371733267834,31.98696837724261,0 34.85371751420927,31.9869206569865,0 34.85374410488636,31.98692192354583,0 34.85374006867369,31.98687896398198,0 34.85375966564047,31.98687901812739,0 34.85375705650848,31.98682890398697,0 34.85390963712086,31.9868281323721,0 34.85391096334829,31.98684722451865,0 34.85397956578623,31.98684383469813,0 34.85398765657247,31.98692498241775,0 34.85406186303843,31.98692041493947,0 34.85406299993977,31.98698961259139,0 34.85376899728084,31.98700192461268,0</coordinates>
        
       
       </LinearRing>
       
      
      </outerBoundaryIs>
      
      
        
     
     </Polygon>
     
     
      
    
    </MultiGeometry>
    
    
    
   
   </Placemark>
   <Placemark id="ID_00180">
    
    
      
    
    <name>10.07</name>
    
    
      
    
    <Snippet/>
    
    
      
    
    <Style>
     <PolyStyle>
      <color>CCFFFFFF</color>
     </PolyStyle>
     <LineStyle>
      <color>CCFFFFFF</color>
     </LineStyle>
    </Style>
    <description>
    </description>
    
    
      
    
    <styleUrl>#PolyStyle00</styleUrl>
    
    
      
    
    <MultiGeometry>
     
     
        
     
     <Polygon>
      
      
          
      
      <extrude>1</extrude>
      
      
      <tessellate>1</tessellate>
      
      
      <altitudeMode>relativeToGround</altitudeMode>
      
      
          
      
      <outerBoundaryIs>
       
       
       <LinearRing>
        
        
        <coordinates> 34.85737722727228,31.98450234550436,10.07 34.85761828532968,31.98450564757836,10.07 34.85760184796388,31.98472283111433,10.07 34.85748757372347,31.98472125989016,10.07 34.85748767983871,31.98469615214234,10.07 34.85736687549591,31.98469449171759,10.07 34.85737722727228,31.98450234550436,10.07</coordinates>
        
       
       </LinearRing>
       
      
      </outerBoundaryIs>
      
      
        
     
     </Polygon>
     
     
      
    
    </MultiGeometry>
    
    
    
   
   </Placemark>
   <Placemark id="ID_00181">
    
    
      
    
    <name>0</name>
    
    
      
    
    <Snippet/>
    
    
      
    
    <Style>
     <PolyStyle>
      <color>CCFFFFFF</color>
     </PolyStyle>
     <LineStyle>
      <color>CCFFFFFF</color>
     </LineStyle>
    </Style>
    <description>
    </description>
    
    
      
    
    <styleUrl>#PolyStyle00</styleUrl>
    
    
      
    
    <MultiGeometry>
     
     
        
     
     <Polygon>
      
      
          
      
      <extrude>1</extrude>
      
      
      <tessellate>1</tessellate>
      
      
      <altitudeMode>relativeToGround</altitudeMode>
      
      
          
      
      <outerBoundaryIs>
       
       
       <LinearRing>
        
        
        <coordinates> 34.85411534176683,31.98602208441084,0 34.85410878341855,31.98591522326876,0 34.85417024160625,31.98591248366316,0 34.85417300766412,31.98595755174062,0 34.85419213491186,31.98595669911088,0 34.85419395136413,31.98598630223468,0 34.85416376725912,31.98598764739848,0 34.85416574211254,31.98601983733369,0 34.85411534176683,31.98602208441084,0</coordinates>
        
       
       </LinearRing>
       
      
      </outerBoundaryIs>
      
      
        
     
     </Polygon>
     
     
      
    
    </MultiGeometry>
    
    
    
   
   </Placemark>
   <Placemark id="ID_00182">
    
    
      
    
    <name>0</name>
    
    
      
    
    <Snippet/>
    
    
      
    
    <Style>
     <PolyStyle>
      <color>CCFFFFFF</color>
     </PolyStyle>
     <LineStyle>
      <color>CCFFFFFF</color>
     </LineStyle>
    </Style>
    <description>
    </description>
    
    
      
    
    <styleUrl>#PolyStyle00</styleUrl>
    
    
      
    
    <MultiGeometry>
     
     
        
     
     <Polygon>
      
      
          
      
      <extrude>1</extrude>
      
      
      <tessellate>1</tessellate>
      
      
      <altitudeMode>relativeToGround</altitudeMode>
      
      
          
      
      <outerBoundaryIs>
       
       
       <LinearRing>
        
        
        <coordinates> 34.85348074364379,31.98588391451542,0 34.85354932267543,31.98588649029304,0 34.85354130243467,31.98604159555106,0 34.85347272328451,31.98603902067015,0 34.85348074364379,31.98588391451542,0</coordinates>
        
       
       </LinearRing>
       
      
      </outerBoundaryIs>
      
      
        
     
     </Polygon>
     
     
      
    
    </MultiGeometry>
    
    
    
   
   </Placemark>
   <Placemark id="ID_00183">
    
    
      
    
    <name>0</name>
    
    
      
    
    <Snippet/>
    
    
      
    
    <Style>
     <PolyStyle>
      <color>CCFFFFFF</color>
     </PolyStyle>
     <LineStyle>
      <color>CCFFFFFF</color>
     </LineStyle>
    </Style>
    <description>
    </description>
    
    
      
    
    <styleUrl>#PolyStyle00</styleUrl>
    
    
      
    
    <MultiGeometry>
     
     
        
     
     <Polygon>
      
      
          
      
      <extrude>1</extrude>
      
      
      <tessellate>1</tessellate>
      
      
      <altitudeMode>relativeToGround</altitudeMode>
      
      
          
      
      <outerBoundaryIs>
       
       
       <LinearRing>
        
        
        <coordinates> 34.85347394423684,31.98583140350416,0 34.85348288761847,31.98571205372274,0 34.85357525262653,31.9857170814254,0 34.85356631042536,31.98583643031519,0 34.85347394423684,31.98583140350416,0</coordinates>
        
       
       </LinearRing>
       
      
      </outerBoundaryIs>
      
      
        
     
     </Polygon>
     
     
      
    
    </MultiGeometry>
    
    
    
   
   </Placemark>
   <Placemark id="ID_00184">
    
    
      
    
    <name>0</name>
    
    
      
    
    <Snippet/>
    
    
      
    
    <Style>
     <PolyStyle>
      <color>CCFFFFFF</color>
     </PolyStyle>
     <LineStyle>
      <color>CCFFFFFF</color>
     </LineStyle>
    </Style>
    <description>
    </description>
    
    
      
    
    <styleUrl>#PolyStyle00</styleUrl>
    
    
      
    
    <MultiGeometry>
     
     
        
     
     <Polygon>
      
      
          
      
      <extrude>1</extrude>
      
      
      <tessellate>1</tessellate>
      
      
      <altitudeMode>relativeToGround</altitudeMode>
      
      
          
      
      <outerBoundaryIs>
       
       
       <LinearRing>
        
        
        <coordinates> 34.85338866812175,31.98580253540182,0 34.85343765035196,31.98580505703826,0 34.85342919593867,31.9859243549602,0 34.85338021364537,31.98592183332008,0 34.85338866812175,31.98580253540182,0</coordinates>
        
       
       </LinearRing>
       
      
      </outerBoundaryIs>
      
      
        
     
     </Polygon>
     
     
      
    
    </MultiGeometry>
    
    
    
   
   </Placemark>
   <Placemark id="ID_00185">
    
    
      
    
    <name>0</name>
    
    
      
    
    <Snippet/>
    
    
      
    
    <Style>
     <PolyStyle>
      <color>CCFFFFFF</color>
     </PolyStyle>
     <LineStyle>
      <color>CCFFFFFF</color>
     </LineStyle>
    </Style>
    <description>
    </description>
    
    
      
    
    <styleUrl>#PolyStyle00</styleUrl>
    
    
      
    
    <MultiGeometry>
     
     
        
     
     <Polygon>
      
      
          
      
      <extrude>1</extrude>
      
      
      <tessellate>1</tessellate>
      
      
      <altitudeMode>relativeToGround</altitudeMode>
      
      
          
      
      <outerBoundaryIs>
       
       
       <LinearRing>
        
        
        <coordinates> 34.85315158683621,31.98593907543202,0 34.85320477215227,31.9859404157043,0 34.85320311628673,31.98598817517269,0 34.85314992988507,31.98598683489656,0 34.85315158683621,31.98593907543202,0</coordinates>
        
       
       </LinearRing>
       
      
      </outerBoundaryIs>
      
      
        
     
     </Polygon>
     
     
      
    
    </MultiGeometry>
    
    
    
   
   </Placemark>
   <Placemark id="ID_00186">
    
    
      
    
    <name>0</name>
    
    
      
    
    <Snippet/>
    
    
      
    
    <Style>
     <PolyStyle>
      <color>CCFFFFFF</color>
     </PolyStyle>
     <LineStyle>
      <color>CCFFFFFF</color>
     </LineStyle>
    </Style>
    <description>
    </description>
    
    
      
    
    <styleUrl>#PolyStyle00</styleUrl>
    
    
      
    
    <MultiGeometry>
     
     
        
     
     <Polygon>
      
      
          
      
      <extrude>1</extrude>
      
      
      <tessellate>1</tessellate>
      
      
      <altitudeMode>relativeToGround</altitudeMode>
      
      
          
      
      <outerBoundaryIs>
       
       
       <LinearRing>
        
        
        <coordinates> 34.85318324484339,31.98571249099027,0 34.85328401342801,31.98571634817166,0 34.85328005467829,31.98579147012325,0 34.85317928495711,31.98578761203345,0 34.85318324484339,31.98571249099027,0</coordinates>
        
       
       </LinearRing>
       
      
      </outerBoundaryIs>
      
      
        
     
     </Polygon>
     
     
      
    
    </MultiGeometry>
    
    
    
   
   </Placemark>
   <Placemark id="ID_00187">
    
    
      
    
    <name>0</name>
    
    
      
    
    <Snippet/>
    
    
      
    
    <Style>
     <PolyStyle>
      <color>CCFFFFFF</color>
     </PolyStyle>
     <LineStyle>
      <color>CCFFFFFF</color>
     </LineStyle>
    </Style>
    <description>
    </description>
    
    
      
    
    <styleUrl>#PolyStyle00</styleUrl>
    
    
      
    
    <MultiGeometry>
     
     
        
     
     <Polygon>
      
      
          
      
      <extrude>1</extrude>
      
      
      <tessellate>1</tessellate>
      
      
      <altitudeMode>relativeToGround</altitudeMode>
      
      
          
      
      <outerBoundaryIs>
       
       
       <LinearRing>
        
        
        <coordinates> 34.8536315295338,31.98744534587352,0 34.85369626145456,31.98738476573591,0 34.85375487918076,31.98743026228771,0 34.85369014832753,31.9874908415559,0 34.8536315295338,31.98744534587352,0</coordinates>
        
       
       </LinearRing>
       
      
      </outerBoundaryIs>
      
      
        
     
     </Polygon>
     
     
      
    
    </MultiGeometry>
    
    
    
   
   </Placemark>
   <Placemark id="ID_00188">
    
    
      
    
    <name>0</name>
    
    
      
    
    <Snippet/>
    
    
      
    
    <Style>
     <PolyStyle>
      <color>CCFFFFFF</color>
     </PolyStyle>
     <LineStyle>
      <color>CCFFFFFF</color>
     </LineStyle>
    </Style>
    <description>
    </description>
    
    
      
    
    <styleUrl>#PolyStyle00</styleUrl>
    
    
      
    
    <MultiGeometry>
     
     
        
     
     <Polygon>
      
      
          
      
      <extrude>1</extrude>
      
      
      <tessellate>1</tessellate>
      
      
      <altitudeMode>relativeToGround</altitudeMode>
      
      
          
      
      <outerBoundaryIs>
       
       
       <LinearRing>
        
        
        <coordinates> 34.85350991649008,31.98740086729189,0 34.85357319821615,31.98737270485931,0 34.85360102091372,31.98741811634942,0 34.85353774022279,31.98744627879846,0 34.85350991649008,31.98740086729189,0</coordinates>
        
       
       </LinearRing>
       
      
      </outerBoundaryIs>
      
      
        
     
     </Polygon>
     
     
      
    
    </MultiGeometry>
    
    
    
   
   </Placemark>
   <Placemark id="ID_00189">
    
    
      
    
    <name>0</name>
    
    
      
    
    <Snippet/>
    
    
      
    
    <Style>
     <PolyStyle>
      <color>CCFFFFFF</color>
     </PolyStyle>
     <LineStyle>
      <color>CCFFFFFF</color>
     </LineStyle>
    </Style>
    <description>
    </description>
    
    
      
    
    <styleUrl>#PolyStyle00</styleUrl>
    
    
      
    
    <MultiGeometry>
     
     
        
     
     <Polygon>
      
      
          
      
      <extrude>1</extrude>
      
      
      <tessellate>1</tessellate>
      
      
      <altitudeMode>relativeToGround</altitudeMode>
      
      
          
      
      <outerBoundaryIs>
       
       
       <LinearRing>
        
        
        <coordinates> 34.85363351779004,31.98692281103247,0 34.85370911505199,31.98692063377761,0 34.85371219104074,31.98699821725349,0 34.8536365937152,31.98700039450966,0 34.85363351779004,31.98692281103247,0</coordinates>
        
       
       </LinearRing>
       
      
      </outerBoundaryIs>
      
      
        
     
     </Polygon>
     
     
      
    
    </MultiGeometry>
    
    
    
   
   </Placemark>
   <Placemark id="ID_00190">
    
    
      
    
    <name>0</name>
    
    
      
    
    <Snippet/>
    
    
      
    
    <Style>
     <PolyStyle>
      <color>CCFFFFFF</color>
     </PolyStyle>
     <LineStyle>
      <color>CCFFFFFF</color>
     </LineStyle>
    </Style>
    <description>
    </description>
    
    
      
    
    <styleUrl>#PolyStyle00</styleUrl>
    
    
      
    
    <MultiGeometry>
     
     
        
     
     <Polygon>
      
      
          
      
      <extrude>1</extrude>
      
      
      <tessellate>1</tessellate>
      
      
      <altitudeMode>relativeToGround</altitudeMode>
      
      
          
      
      <outerBoundaryIs>
       
       
       <LinearRing>
        
        
        <coordinates> 34.85379914541686,31.98680396725191,0 34.85379525092326,31.98674794364668,0 34.85386245343403,31.98674455002169,0 34.85386634796838,31.98680057362515,0 34.85379914541686,31.98680396725191,0</coordinates>
        
       
       </LinearRing>
       
      
      </outerBoundaryIs>
      
      
        
     
     </Polygon>
     
     
      
    
    </MultiGeometry>
    
    
    
   
   </Placemark>
   <Placemark id="ID_00191">
    
    
      
    
    <name>0</name>
    
    
      
    
    <Snippet/>
    
    
      
    
    <Style>
     <PolyStyle>
      <color>CCFFFFFF</color>
     </PolyStyle>
     <LineStyle>
      <color>CCFFFFFF</color>
     </LineStyle>
    </Style>
    <description>
    </description>
    
    
      
    
    <styleUrl>#PolyStyle00</styleUrl>
    
    
      
    
    <MultiGeometry>
     
     
        
     
     <Polygon>
      
      
          
      
      <extrude>1</extrude>
      
      
      <tessellate>1</tessellate>
      
      
      <altitudeMode>relativeToGround</altitudeMode>
      
      
          
      
      <outerBoundaryIs>
       
       
       <LinearRing>
        
        
        <coordinates> 34.85348321299101,31.98662032457152,0 34.85349340787366,31.98652968719414,0 34.85356897197488,31.98653586153609,0 34.85355877716917,31.98662649801819,0 34.85348321299101,31.98662032457152,0</coordinates>
        
       
       </LinearRing>
       
      
      </outerBoundaryIs>
      
      
        
     
     </Polygon>
     
     
      
    
    </MultiGeometry>
    
    
    
   
   </Placemark>
   <Placemark id="ID_00192">
    
    
      
    
    <name>0</name>
    
    
      
    
    <Snippet/>
    
    
      
    
    <Style>
     <PolyStyle>
      <color>CCFFFFFF</color>
     </PolyStyle>
     <LineStyle>
      <color>CCFFFFFF</color>
     </LineStyle>
    </Style>
    <description>
    </description>
    
    
      
    
    <styleUrl>#PolyStyle00</styleUrl>
    
    
      
    
    <MultiGeometry>
     
     
        
     
     <Polygon>
      
      
          
      
      <extrude>1</extrude>
      
      
      <tessellate>1</tessellate>
      
      
      <altitudeMode>relativeToGround</altitudeMode>
      
      
          
      
      <outerBoundaryIs>
       
       
       <LinearRing>
        
        
        <coordinates> 34.85326195772849,31.98664357252803,0 34.85326419487507,31.98662571037447,0 34.85323683970623,31.98662322145888,0 34.85324117105523,31.98658863663714,0 34.85326732891791,31.98657794417808,0 34.85327065372711,31.98653731899273,0 34.85336290887364,31.98654362440511,0 34.8533529203153,31.98664978960221,0 34.85326195772849,31.98664357252803,0</coordinates>
        
       
       </LinearRing>
       
      
      </outerBoundaryIs>
      
      
        
     
     </Polygon>
     
     
      
    
    </MultiGeometry>
    
    
    
   
   </Placemark>
   <Placemark id="ID_00193">
    
    
      
    
    <name>0</name>
    
    
      
    
    <Snippet/>
    
    
      
    
    <Style>
     <PolyStyle>
      <color>CCFFFFFF</color>
     </PolyStyle>
     <LineStyle>
      <color>CCFFFFFF</color>
     </LineStyle>
    </Style>
    <description>
    </description>
    
    
      
    
    <styleUrl>#PolyStyle00</styleUrl>
    
    
      
    
    <MultiGeometry>
     
     
        
     
     <Polygon>
      
      
          
      
      <extrude>1</extrude>
      
      
      <tessellate>1</tessellate>
      
      
      <altitudeMode>relativeToGround</altitudeMode>
      
      
          
      
      <outerBoundaryIs>
       
       
       <LinearRing>
        
        
        <coordinates> 34.85414823552426,31.9876847806273,0 34.85420644111954,31.9876494706024,0 34.85426636050551,31.98772121751005,0 34.85420815489076,31.98775652666009,0 34.85414823552426,31.9876847806273,0</coordinates>
        
       
       </LinearRing>
       
      
      </outerBoundaryIs>
      
      
        
     
     </Polygon>
     
     
      
    
    </MultiGeometry>
    
    
    
   
   </Placemark>
   <Placemark id="ID_00194">
    
    
      
    
    <name>0</name>
    
    
      
    
    <Snippet/>
    
    
      
    
    <Style>
     <PolyStyle>
      <color>CCFFFFFF</color>
     </PolyStyle>
     <LineStyle>
      <color>CCFFFFFF</color>
     </LineStyle>
    </Style>
    <description>
    </description>
    
    
      
    
    <styleUrl>#PolyStyle00</styleUrl>
    
    
      
    
    <MultiGeometry>
     
     
        
     
     <Polygon>
      
      
          
      
      <extrude>1</extrude>
      
      
      <tessellate>1</tessellate>
      
      
      <altitudeMode>relativeToGround</altitudeMode>
      
      
          
      
      <outerBoundaryIs>
       
       
       <LinearRing>
        
        
        <coordinates> 34.85679722223158,31.98502917506773,0 34.85690363454045,31.98502111486061,0 34.85691632155829,31.98514279488289,0 34.85680990910987,31.98515085509954,0 34.85679722223158,31.98502917506773,0</coordinates>
        
       
       </LinearRing>
       
      
      </outerBoundaryIs>
      
      
        
     
     </Polygon>
     
     
      
    
    </MultiGeometry>
    
    
    
   
   </Placemark>
   <Placemark id="ID_00195">
    
    
      
    
    <name>0</name>
    
    
      
    
    <Snippet/>
    
    
      
    
    <Style>
     <PolyStyle>
      <color>CCFFFFFF</color>
     </PolyStyle>
     <LineStyle>
      <color>CCFFFFFF</color>
     </LineStyle>
    </Style>
    <description>
    </description>
    
    
      
    
    <styleUrl>#PolyStyle00</styleUrl>
    
    
      
    
    <MultiGeometry>
     
     
        
     
     <Polygon>
      
      
          
      
      <extrude>1</extrude>
      
      
      <tessellate>1</tessellate>
      
      
      <altitudeMode>relativeToGround</altitudeMode>
      
      
          
      
      <outerBoundaryIs>
       
       
       <LinearRing>
        
        
        <coordinates> 34.85692700689194,31.98513332272782,0 34.85692311877055,31.98507371634481,0 34.85708972071417,31.98506582166018,0 34.85709360894646,31.98512542713713,0 34.85692700689194,31.98513332272782,0</coordinates>
        
       
       </LinearRing>
       
      
      </outerBoundaryIs>
      
      
        
     
     </Polygon>
     
     
      
    
    </MultiGeometry>
    
    
    
   
   </Placemark>
   <Placemark id="ID_00196">
    
    
      
    
    <name>0</name>
    
    
      
    
    <Snippet/>
    
    
      
    
    <Style>
     <PolyStyle>
      <color>CCFFFFFF</color>
     </PolyStyle>
     <LineStyle>
      <color>CCFFFFFF</color>
     </LineStyle>
    </Style>
    <description>
    </description>
    
    
      
    
    <styleUrl>#PolyStyle00</styleUrl>
    
    
      
    
    <MultiGeometry>
     
     
        
     
     <Polygon>
      
      
          
      
      <extrude>1</extrude>
      
      
      <tessellate>1</tessellate>
      
      
      <altitudeMode>relativeToGround</altitudeMode>
      
      
          
      
      <outerBoundaryIs>
       
       
       <LinearRing>
        
        
        <coordinates> 34.85898688961039,31.98600698279385,0 34.85902610107385,31.98600231715912,0 34.85902944230947,31.98602271424268,0 34.85899023084086,31.98602737897657,0 34.85898688961039,31.98600698279385,0</coordinates>
        
       
       </LinearRing>
       
      
      </outerBoundaryIs>
      
      
        
     
     </Polygon>
     
     
      
    
    </MultiGeometry>
    
    
    
   
   </Placemark>
   <Placemark id="ID_00197">
    
    
      
    
    <name>0</name>
    
    
      
    
    <Snippet/>
    
    
      
    
    <Style>
     <PolyStyle>
      <color>CCFFFFFF</color>
     </PolyStyle>
     <LineStyle>
      <color>CCFFFFFF</color>
     </LineStyle>
    </Style>
    <description>
    </description>
    
    
      
    
    <styleUrl>#PolyStyle00</styleUrl>
    
    
      
    
    <MultiGeometry>
     
     
        
     
     <Polygon>
      
      
          
      
      <extrude>1</extrude>
      
      
      <tessellate>1</tessellate>
      
      
      <altitudeMode>relativeToGround</altitudeMode>
      
      
          
      
      <outerBoundaryIs>
       
       
       <LinearRing>
        
        
        <coordinates> 34.8563382193939,31.98574424997054,0 34.85633836712655,31.9857051201897,0 34.85636188298218,31.98570518467969,0 34.85636173525951,31.98574431446061,0 34.8563382193939,31.98574424997054,0</coordinates>
        
       
       </LinearRing>
       
      
      </outerBoundaryIs>
      
      
        
     
     </Polygon>
     
     
      
    
    </MultiGeometry>
    
    
    
   
   </Placemark>
   <Placemark id="ID_00198">
    
    
      
    
    <name>0</name>
    
    
      
    
    <Snippet/>
    
    
      
    
    <Style>
     <PolyStyle>
      <color>CCFFFFFF</color>
     </PolyStyle>
     <LineStyle>
      <color>CCFFFFFF</color>
     </LineStyle>
    </Style>
    <description>
    </description>
    
    
      
    
    <styleUrl>#PolyStyle00</styleUrl>
    
    
      
    
    <MultiGeometry>
     
     
        
     
     <Polygon>
      
      
          
      
      <extrude>1</extrude>
      
      
      <tessellate>1</tessellate>
      
      
      <altitudeMode>relativeToGround</altitudeMode>
      
      
          
      
      <outerBoundaryIs>
       
       
       <LinearRing>
        
        
        <coordinates> 34.8560211321406,31.98659156551734,0 34.8560851104099,31.98655261004188,0 34.85612340089595,31.9865982904996,0 34.85605942366885,31.98663724599689,0 34.8560211321406,31.98659156551734,0</coordinates>
        
       
       </LinearRing>
       
      
      </outerBoundaryIs>
      
      
        
     
     </Polygon>
     
     
      
    
    </MultiGeometry>
    
    
    
   
   </Placemark>
   <Placemark id="ID_00199">
    
    
      
    
    <name>0</name>
    
    
      
    
    <Snippet/>
    
    
      
    
    <Style>
     <PolyStyle>
      <color>CCFFFFFF</color>
     </PolyStyle>
     <LineStyle>
      <color>CCFFFFFF</color>
     </LineStyle>
    </Style>
    <description>
    </description>
    
    
      
    
    <styleUrl>#PolyStyle00</styleUrl>
    
    
      
    
    <MultiGeometry>
     
     
        
     
     <Polygon>
      
      
          
      
      <extrude>1</extrude>
      
      
      <tessellate>1</tessellate>
      
      
      <altitudeMode>relativeToGround</altitudeMode>
      
      
          
      
      <outerBoundaryIs>
       
       
       <LinearRing>
        
        
        <coordinates> 34.8553549870799,31.98746229815403,0 34.85534007088533,31.98743714459521,0 34.85539951944506,31.98741153904429,0 34.85541443459375,31.98743669259338,0 34.8553549870799,31.98746229815403,0</coordinates>
        
       
       </LinearRing>
       
      
      </outerBoundaryIs>
      
      
        
     
     </Polygon>
     
     
      
    
    </MultiGeometry>
    
    
    
   
   </Placemark>
   <Placemark id="ID_00200">
    
    
      
    
    <name>0</name>
    
    
      
    
    <Snippet/>
    
    
      
    
    <Style>
     <PolyStyle>
      <color>CCFFFFFF</color>
     </PolyStyle>
     <LineStyle>
      <color>CCFFFFFF</color>
     </LineStyle>
    </Style>
    <description>
    </description>
    
    
      
    
    <styleUrl>#PolyStyle00</styleUrl>
    
    
      
    
    <MultiGeometry>
     
     
        
     
     <Polygon>
      
      
          
      
      <extrude>1</extrude>
      
      
      <tessellate>1</tessellate>
      
      
      <altitudeMode>relativeToGround</altitudeMode>
      
      
          
      
      <outerBoundaryIs>
       
       
       <LinearRing>
        
        
        <coordinates> 34.85506512921784,31.98741473397029,0 34.85509857665676,31.98740482142108,0 34.85514184839259,31.98751087992588,0 34.85510840091963,31.98752079248609,0 34.85506512921784,31.98741473397029,0</coordinates>
        
       
       </LinearRing>
       
      
      </outerBoundaryIs>
      
      
        
     
     </Polygon>
     
     
      
    
    </MultiGeometry>
    
    
    
   
   </Placemark>
   <Placemark id="ID_00201">
    
    
      
    
    <name>0</name>
    
    
      
    
    <Snippet/>
    
    
      
    
    <Style>
     <PolyStyle>
      <color>CCFFFFFF</color>
     </PolyStyle>
     <LineStyle>
      <color>CCFFFFFF</color>
     </LineStyle>
    </Style>
    <description>
    </description>
    
    
      
    
    <styleUrl>#PolyStyle00</styleUrl>
    
    
      
    
    <MultiGeometry>
     
     
        
     
     <Polygon>
      
      
          
      
      <extrude>1</extrude>
      
      
      <tessellate>1</tessellate>
      
      
      <altitudeMode>relativeToGround</altitudeMode>
      
      
          
      
      <outerBoundaryIs>
       
       
       <LinearRing>
        
        
        <coordinates> 34.85462841107257,31.98711480044355,0 34.85466878975091,31.98709773235737,0 34.85468881615925,31.9871321462727,0 34.85464843746941,31.98714921436511,0 34.85462841107257,31.98711480044355,0</coordinates>
        
       
       </LinearRing>
       
      
      </outerBoundaryIs>
      
      
        
     
     </Polygon>
     
     
      
    
    </MultiGeometry>
    
    
    
   
   </Placemark>
   <Placemark id="ID_00202">
    
    
      
    
    <name>0</name>
    
    
      
    
    <Snippet/>
    
    
      
    
    <Style>
     <PolyStyle>
      <color>CCFFFFFF</color>
     </PolyStyle>
     <LineStyle>
      <color>CCFFFFFF</color>
     </LineStyle>
    </Style>
    <description>
    </description>
    
    
      
    
    <styleUrl>#PolyStyle00</styleUrl>
    
    
      
    
    <MultiGeometry>
     
     
        
     
     <Polygon>
      
      
          
      
      <extrude>1</extrude>
      
      
      <tessellate>1</tessellate>
      
      
      <altitudeMode>relativeToGround</altitudeMode>
      
      
          
      
      <outerBoundaryIs>
       
       
       <LinearRing>
        
        
        <coordinates> 34.8542810568979,31.98568291053637,0 34.85428682842657,31.98563759186325,0 34.85431481405233,31.9856400552367,0 34.85432338751395,31.98559609609485,0 34.85435779709632,31.98559485813801,0 34.85435960337935,31.98563133207893,0 34.85437675949849,31.9856307147662,0 34.85437906107811,31.98567719468762,0 34.85434953416527,31.9856782576403,0 34.85435094244269,31.985706692703,0 34.85431315598532,31.98570805210446,0 34.85431185581086,31.98568180241096,0 34.8542810568979,31.98568291053637,0</coordinates>
        
       
       </LinearRing>
       
      
      </outerBoundaryIs>
      
      
        
     
     </Polygon>
     
     
      
    
    </MultiGeometry>
    
    
    
   
   </Placemark>
   <Placemark id="ID_00203">
    
    
      
    
    <name>0</name>
    
    
      
    
    <Snippet/>
    
    
      
    
    <Style>
     <PolyStyle>
      <color>CCFFFFFF</color>
     </PolyStyle>
     <LineStyle>
      <color>CCFFFFFF</color>
     </LineStyle>
    </Style>
    <description>
    </description>
    
    
      
    
    <styleUrl>#PolyStyle00</styleUrl>
    
    
      
    
    <MultiGeometry>
     
     
        
     
     <Polygon>
      
      
          
      
      <extrude>1</extrude>
      
      
      <tessellate>1</tessellate>
      
      
      <altitudeMode>relativeToGround</altitudeMode>
      
      
          
      
      <outerBoundaryIs>
       
       
       <LinearRing>
        
        
        <coordinates> 34.85308719606287,31.98523197749749,0 34.85310106184676,31.98511963394859,0 34.85313048561267,31.9851222720043,0 34.85311661986414,31.98523461555661,0 34.85308719606287,31.98523197749749,0</coordinates>
        
       
       </LinearRing>
       
      
      </outerBoundaryIs>
      
      
        
     
     </Polygon>
     
     
      
    
    </MultiGeometry>
    
    
    
   
   </Placemark>
   <Placemark id="ID_00204">
    
    
      
    
    <name>0</name>
    
    
      
    
    <Snippet/>
    
    
      
    
    <Style>
     <PolyStyle>
      <color>CCFFFFFF</color>
     </PolyStyle>
     <LineStyle>
      <color>CCFFFFFF</color>
     </LineStyle>
    </Style>
    <description>
    </description>
    
    
      
    
    <styleUrl>#PolyStyle00</styleUrl>
    
    
      
    
    <MultiGeometry>
     
     
        
     
     <Polygon>
      
      
          
      
      <extrude>1</extrude>
      
      
      <tessellate>1</tessellate>
      
      
      <altitudeMode>relativeToGround</altitudeMode>
      
      
          
      
      <outerBoundaryIs>
       
       
       <LinearRing>
        
        
        <coordinates> 34.85489556462358,31.98694756013074,0 34.85484787127311,31.98688205249937,0 34.85489275405047,31.98685831618235,0 34.854940448479,31.98692382380016,0 34.85489556462358,31.98694756013074,0</coordinates>
        
       
       </LinearRing>
       
      
      </outerBoundaryIs>
      
      
        
     
     </Polygon>
     
     
      
    
    </MultiGeometry>
    
    
    
   
   </Placemark>
   <Placemark id="ID_00205">
    
    
      
    
    <name>0</name>
    
    
      
    
    <Snippet/>
    
    
      
    
    <Style>
     <PolyStyle>
      <color>CCFFFFFF</color>
     </PolyStyle>
     <LineStyle>
      <color>CCFFFFFF</color>
     </LineStyle>
    </Style>
    <description>
    </description>
    
    
      
    
    <styleUrl>#PolyStyle00</styleUrl>
    
    
      
    
    <MultiGeometry>
     
     
        
     
     <Polygon>
      
      
          
      
      <extrude>1</extrude>
      
      
      <tessellate>1</tessellate>
      
      
      <altitudeMode>relativeToGround</altitudeMode>
      
      
          
      
      <outerBoundaryIs>
       
       
       <LinearRing>
        
        
        <coordinates> 34.85767951419794,31.98430026657597,0 34.85772348686108,31.98428814650373,0 34.85775176201966,31.98436266859437,0 34.85770778932789,31.98437478777422,0 34.85767951419794,31.98430026657597,0</coordinates>
        
       
       </LinearRing>
       
      
      </outerBoundaryIs>
      
      
        
     
     </Polygon>
     
     
      
    
    </MultiGeometry>
    
    
    
   
   </Placemark>
   <Placemark id="ID_00206">
    
    
      
    
    <name>0</name>
    
    
      
    
    <Snippet/>
    
    
      
    
    <Style>
     <PolyStyle>
      <color>CCFFFFFF</color>
     </PolyStyle>
     <LineStyle>
      <color>CCFFFFFF</color>
     </LineStyle>
    </Style>
    <description>
    </description>
    
    
      
    
    <styleUrl>#PolyStyle00</styleUrl>
    
    
      
    
    <MultiGeometry>
     
     
        
     
     <Polygon>
      
      
          
      
      <extrude>1</extrude>
      
      
      <tessellate>1</tessellate>
      
      
      <altitudeMode>relativeToGround</altitudeMode>
      
      
          
      
      <outerBoundaryIs>
       
       
       <LinearRing>
        
        
        <coordinates> 34.861875226416,31.98664471135668,0 34.86202307917626,31.98663508946241,0 34.86203384968503,31.98675530107542,0 34.86188599567476,31.98676492297783,0 34.861875226416,31.98664471135668,0</coordinates>
        
       
       </LinearRing>
       
      
      </outerBoundaryIs>
      
      
        
     
     </Polygon>
     
     
      
    
    </MultiGeometry>
    
    
    
   
   </Placemark>
   <Placemark id="ID_00207">
    
    
      
    
    <name>0</name>
    
    
      
    
    <Snippet/>
    
    
      
    
    <Style>
     <PolyStyle>
      <color>CCFFFFFF</color>
     </PolyStyle>
     <LineStyle>
      <color>CCFFFFFF</color>
     </LineStyle>
    </Style>
    <description>
    </description>
    
    
      
    
    <styleUrl>#PolyStyle00</styleUrl>
    
    
      
    
    <MultiGeometry>
     
     
        
     
     <Polygon>
      
      
          
      
      <extrude>1</extrude>
      
      
      <tessellate>1</tessellate>
      
      
      <altitudeMode>relativeToGround</altitudeMode>
      
      
          
      
      <outerBoundaryIs>
       
       
       <LinearRing>
        
        
        <coordinates> 34.8616759469319,31.98630730616374,0 34.86177258797257,31.98621689788961,0 34.86186463725699,31.98628837086973,0 34.86183639682411,31.98631478965804,0 34.86180670335505,31.98629173333476,0 34.86176587536746,31.98632992815707,0 34.86179819170785,31.98635502063,0 34.86177061804175,31.98638081535096,0 34.8616759469319,31.98630730616374,0</coordinates>
        
       
       </LinearRing>
       
      
      </outerBoundaryIs>
      
      
        
     
     </Polygon>
     
     
      
    
    </MultiGeometry>
    
    
    
   
   </Placemark>
   <Placemark id="ID_00208">
    
    
      
    
    <name>0</name>
    
    
      
    
    <Snippet/>
    
    
      
    
    <Style>
     <PolyStyle>
      <color>CCFFFFFF</color>
     </PolyStyle>
     <LineStyle>
      <color>CCFFFFFF</color>
     </LineStyle>
    </Style>
    <description>
    </description>
    
    
      
    
    <styleUrl>#PolyStyle00</styleUrl>
    
    
      
    
    <MultiGeometry>
     
     
        
     
     <Polygon>
      
      
          
      
      <extrude>1</extrude>
      
      
      <tessellate>1</tessellate>
      
      
      <altitudeMode>relativeToGround</altitudeMode>
      
      
          
      
      <outerBoundaryIs>
       
       
       <LinearRing>
        
        
        <coordinates> 34.85479343704386,31.98498306834851,0 34.85503305665478,31.98498931757003,0 34.85500551344972,31.98575658873792,0 34.85476589184729,31.98575033945097,0 34.85479343704386,31.98498306834851,0</coordinates>
        
       
       </LinearRing>
       
      
      </outerBoundaryIs>
      
      
        
     
     </Polygon>
     
     
      
    
    </MultiGeometry>
    
    
    
   
   </Placemark>
   <Placemark id="ID_00209">
    
    
      
    
    <name>0</name>
    
    
      
    
    <Snippet/>
    
    
      
    
    <Style>
     <PolyStyle>
      <color>CCFFFFFF</color>
     </PolyStyle>
     <LineStyle>
      <color>CCFFFFFF</color>
     </LineStyle>
    </Style>
    <description>
    </description>
    
    
      
    
    <styleUrl>#PolyStyle00</styleUrl>
    
    
      
    
    <MultiGeometry>
     
     
        
     
     <Polygon>
      
      
          
      
      <extrude>1</extrude>
      
      
      <tessellate>1</tessellate>
      
      
      <altitudeMode>relativeToGround</altitudeMode>
      
      
          
      
      <outerBoundaryIs>
       
       
       <LinearRing>
        
        
        <coordinates> 34.85542301032432,31.98543711266893,0 34.85542594998933,31.98540013776171,0 34.8554554102633,31.98540183840478,0 34.85545247060662,31.98543881421453,0 34.85542301032432,31.98543711266893,0</coordinates>
        
       
       </LinearRing>
       
      
      </outerBoundaryIs>
      
      
        
     
     </Polygon>
     
     
      
    
    </MultiGeometry>
    
    
    
   
   </Placemark>
   <Placemark id="ID_00210">
    
    
      
    
    <name>0</name>
    
    
      
    
    <Snippet/>
    
    
      
    
    <Style>
     <PolyStyle>
      <color>CCFFFFFF</color>
     </PolyStyle>
     <LineStyle>
      <color>CCFFFFFF</color>
     </LineStyle>
    </Style>
    <description>
    </description>
    
    
      
    
    <styleUrl>#PolyStyle00</styleUrl>
    
    
      
    
    <MultiGeometry>
     
     
        
     
     <Polygon>
      
      
          
      
      <extrude>1</extrude>
      
      
      <tessellate>1</tessellate>
      
      
      <altitudeMode>relativeToGround</altitudeMode>
      
      
          
      
      <outerBoundaryIs>
       
       
       <LinearRing>
        
        
        <coordinates> 34.85539901091622,31.98549073288294,0 34.85544098448733,31.98549235431167,0 34.85543495613701,31.98560567378081,0 34.85539298251444,31.98560405234976,0 34.85539901091622,31.98549073288294,0</coordinates>
        
       
       </LinearRing>
       
      
      </outerBoundaryIs>
      
      
        
     
     </Polygon>
     
     
      
    
    </MultiGeometry>
    
    
    
   
   </Placemark>
   <Placemark id="ID_00211">
    
    
      
    
    <name>0</name>
    
    
      
    
    <Snippet/>
    
    
      
    
    <Style>
     <PolyStyle>
      <color>CCFFFFFF</color>
     </PolyStyle>
     <LineStyle>
      <color>CCFFFFFF</color>
     </LineStyle>
    </Style>
    <description>
    </description>
    
    
      
    
    <styleUrl>#PolyStyle00</styleUrl>
    
    
      
    
    <MultiGeometry>
     
     
        
     
     <Polygon>
      
      
          
      
      <extrude>1</extrude>
      
      
      <tessellate>1</tessellate>
      
      
      <altitudeMode>relativeToGround</altitudeMode>
      
      
          
      
      <outerBoundaryIs>
       
       
       <LinearRing>
        
        
        <coordinates> 34.85399229876712,31.98598595394947,0 34.8540596110606,31.98599389619739,0 34.8540424547224,31.9860995159233,0 34.85400044490397,31.98609455996144,0 34.85400326835143,31.98607718277831,0 34.85397796580215,31.98607419738515,0 34.85399229876712,31.98598595394947,0</coordinates>
        
       
       </LinearRing>
       
      
      </outerBoundaryIs>
      
      
        
     
     </Polygon>
     
     
      
    
    </MultiGeometry>
    
    
    
   
   </Placemark>
   <Placemark id="ID_00212">
    
    
      
    
    <name>0</name>
    
    
      
    
    <Snippet/>
    
    
      
    
    <Style>
     <PolyStyle>
      <color>CCFFFFFF</color>
     </PolyStyle>
     <LineStyle>
      <color>CCFFFFFF</color>
     </LineStyle>
    </Style>
    <description>
    </description>
    
    
      
    
    <styleUrl>#PolyStyle00</styleUrl>
    
    
      
    
    <MultiGeometry>
     
     
        
     
     <Polygon>
      
      
          
      
      <extrude>1</extrude>
      
      
      <tessellate>1</tessellate>
      
      
      <altitudeMode>relativeToGround</altitudeMode>
      
      
          
      
      <outerBoundaryIs>
       
       
       <LinearRing>
        
        
        <coordinates> 34.86160230903289,31.98757711099354,0 34.86166690394506,31.98752240616225,0 34.86170791364119,31.98753709998129,0 34.8616441921429,31.98760704948617,0 34.86160230903289,31.98757711099354,0</coordinates>
        
       
       </LinearRing>
       
      
      </outerBoundaryIs>
      
      
        
     
     </Polygon>
     
     
      
    
    </MultiGeometry>
    
    
    
   
   </Placemark>
   <Placemark id="ID_00213">
    
    
      
    
    <name>0</name>
    
    
      
    
    <Snippet/>
    
    
      
    
    <Style>
     <PolyStyle>
      <color>CCFFFFFF</color>
     </PolyStyle>
     <LineStyle>
      <color>CCFFFFFF</color>
     </LineStyle>
    </Style>
    <description>
    </description>
    
    
      
    
    <styleUrl>#PolyStyle00</styleUrl>
    
    
      
    
    <MultiGeometry>
     
     
        
     
     <Polygon>
      
      
          
      
      <extrude>1</extrude>
      
      
      <tessellate>1</tessellate>
      
      
      <altitudeMode>relativeToGround</altitudeMode>
      
      
          
      
      <outerBoundaryIs>
       
       
       <LinearRing>
        
        
        <coordinates> 34.86178531349684,31.98767662507583,0 34.86182465410605,31.98763736211402,0 34.8618646105037,31.98766644222641,0 34.86182526989886,31.98770570520045,0 34.86178531349684,31.98767662507583,0</coordinates>
        
       
       </LinearRing>
       
      
      </outerBoundaryIs>
      
      
        
     
     </Polygon>
     
     
      
    
    </MultiGeometry>
    
    
    
   
   </Placemark>
   <Placemark id="ID_00214">
    
    
      
    
    <name>0</name>
    
    
      
    
    <Snippet/>
    
    
      
    
    <Style>
     <PolyStyle>
      <color>CCFFFFFF</color>
     </PolyStyle>
     <LineStyle>
      <color>CCFFFFFF</color>
     </LineStyle>
    </Style>
    <description>
    </description>
    
    
      
    
    <styleUrl>#PolyStyle00</styleUrl>
    
    
      
    
    <MultiGeometry>
     
     
        
     
     <Polygon>
      
      
          
      
      <extrude>1</extrude>
      
      
      <tessellate>1</tessellate>
      
      
      <altitudeMode>relativeToGround</altitudeMode>
      
      
          
      
      <outerBoundaryIs>
       
       
       <LinearRing>
        
        
        <coordinates> 34.86173262707662,31.98754047903855,0 34.8617551347994,31.98751071443973,0 34.861808167063,31.987553806034,0 34.86178000703838,31.9875789787265,0 34.86173262707662,31.98754047903855,0</coordinates>
        
       
       </LinearRing>
       
      
      </outerBoundaryIs>
      
      
        
     
     </Polygon>
     
     
      
    
    </MultiGeometry>
    
    
    
   
   </Placemark>
   <Placemark id="ID_00215">
    
    
      
    
    <name>8.55</name>
    
    
      
    
    <Snippet/>
    
    
      
    
    <Style>
     <PolyStyle>
      <color>CCFFFFFF</color>
     </PolyStyle>
     <LineStyle>
      <color>CCFFFFFF</color>
     </LineStyle>
    </Style>
    <description>
    </description>
    
    
      
    
    <styleUrl>#PolyStyle00</styleUrl>
    
    
      
    
    <MultiGeometry>
     
     
        
     
     <Polygon>
      
      
          
      
      <extrude>1</extrude>
      
      
      <tessellate>1</tessellate>
      
      
      <altitudeMode>relativeToGround</altitudeMode>
      
      
          
      
      <outerBoundaryIs>
       
       
       <LinearRing>
        
        
        <coordinates> 34.85885167386471,31.98576889459545,8.55 34.85889146864186,31.98585079658779,8.55 34.85893384908035,31.98583567146406,8.55 34.8589634569105,31.98589716492673,8.55 34.85882985711255,31.98594360486369,8.55 34.8587605604564,31.98580020963892,8.55 34.85885167386471,31.98576889459545,8.55</coordinates>
        
       
       </LinearRing>
       
      
      </outerBoundaryIs>
      
      
        
     
     </Polygon>
     
     
      
    
    </MultiGeometry>
    
    
    
   
   </Placemark>
   <Placemark id="ID_00216">
    
    
      
    
    <name>8.23</name>
    
    
      
    
    <Snippet/>
    
    
      
    
    <Style>
     <PolyStyle>
      <color>CCFFFFFF</color>
     </PolyStyle>
     <LineStyle>
      <color>CCFFFFFF</color>
     </LineStyle>
    </Style>
    <description>
    </description>
    
    
      
    
    <styleUrl>#PolyStyle00</styleUrl>
    
    
      
    
    <MultiGeometry>
     
     
        
     
     <Polygon>
      
      
          
      
      <extrude>1</extrude>
      
      
      <tessellate>1</tessellate>
      
      
      <altitudeMode>relativeToGround</altitudeMode>
      
      
          
      
      <outerBoundaryIs>
       
       
       <LinearRing>
        
        
        <coordinates> 34.8579093156575,31.98425408960031,8.23 34.85793511051202,31.98442892972375,8.23 34.85779856497767,31.98444316613269,8.23 34.85780373021458,31.98447645682236,8.23 34.85774762925156,31.98448252605482,8.23 34.85773423448519,31.98438671783693,8.23 34.85775953108459,31.98438444223888,8.23 34.85774313167633,31.98427167189014,8.23 34.8579093156575,31.98425408960031,8.23</coordinates>
        
       
       </LinearRing>
       
      
      </outerBoundaryIs>
      
      
        
     
     </Polygon>
     
     
      
    
    </MultiGeometry>
    
    
    
   
   </Placemark>
   <Placemark id="ID_00217">
    
    
      
    
    <name>3.91</name>
    
    
      
    
    <Snippet/>
    
    
      
    
    <Style>
     <PolyStyle>
      <color>CCFFFFFF</color>
     </PolyStyle>
     <LineStyle>
      <color>CCFFFFFF</color>
     </LineStyle>
    </Style>
    <description>
    </description>
    
    
      
    
    <styleUrl>#PolyStyle00</styleUrl>
    
    
      
    
    <MultiGeometry>
     
     
        
     
     <Polygon>
      
      
          
      
      <extrude>1</extrude>
      
      
      <tessellate>1</tessellate>
      
      
      <altitudeMode>relativeToGround</altitudeMode>
      
      
          
      
      <outerBoundaryIs>
       
       
       <LinearRing>
        
        
        <coordinates> 34.85297337613785,31.98592409640946,3.91 34.8530380143776,31.98592707097024,3.91 34.85303448449906,31.98596484678639,3.91 34.85297101425035,31.9859607932931,3.91 34.85297337613785,31.98592409640946,3.91</coordinates>
        
       
       </LinearRing>
       
      
      </outerBoundaryIs>
      
      
        
     
     </Polygon>
     
     
      
    
    </MultiGeometry>
    
    
    
   
   </Placemark>
   <Placemark id="ID_00218">
    
    
      
    
    <name>6.1</name>
    
    
      
    
    <Snippet/>
    
    
      
    
    <Style>
     <PolyStyle>
      <color>CCFFFFFF</color>
     </PolyStyle>
     <LineStyle>
      <color>CCFFFFFF</color>
     </LineStyle>
    </Style>
    <description>
    </description>
    
    
      
    
    <styleUrl>#PolyStyle00</styleUrl>
    
    
      
    
    <MultiGeometry>
     
     
        
     
     <Polygon>
      
      
          
      
      <extrude>1</extrude>
      
      
      <tessellate>1</tessellate>
      
      
      <altitudeMode>relativeToGround</altitudeMode>
      
      
          
      
      <outerBoundaryIs>
       
       
       <LinearRing>
        
        
        <coordinates> 34.85516991582049,31.98647187338062,6.1 34.85533270318558,31.98654212085777,6.1 34.85528914758133,31.98661585880263,6.1 34.85524689222797,31.98659770647873,6.1 34.85522122143967,31.98664272605342,6.1 34.85509973529755,31.98659107909643,6.1 34.85516991582049,31.98647187338062,6.1</coordinates>
        
       
       </LinearRing>
       
      
      </outerBoundaryIs>
      
      
        
     
     </Polygon>
     
     
      
    
    </MultiGeometry>
    
    
    
   
   </Placemark>
   <Placemark id="ID_00219">
    
    
      
    
    <name>4.23</name>
    
    
      
    
    <Snippet/>
    
    
      
    
    <Style>
     <PolyStyle>
      <color>CCFFFFFF</color>
     </PolyStyle>
     <LineStyle>
      <color>CCFFFFFF</color>
     </LineStyle>
    </Style>
    <description>
    </description>
    
    
      
    
    <styleUrl>#PolyStyle00</styleUrl>
    
    
      
    
    <MultiGeometry>
     
     
        
     
     <Polygon>
      
      
          
      
      <extrude>1</extrude>
      
      
      <tessellate>1</tessellate>
      
      
      <altitudeMode>relativeToGround</altitudeMode>
      
      
          
      
      <outerBoundaryIs>
       
       
       <LinearRing>
        
        
        <coordinates> 34.85577026286504,31.98555368374335,4.23 34.85589288370513,31.98555681611246,4.23 34.85589067882524,31.98563625900768,4.23 34.85595415955945,31.98563751547628,4.23 34.85595173308316,31.98569161706575,4.23 34.85586593089342,31.98568921713314,4.23 34.85586717183241,31.98566883976642,4.23 34.85576666234441,31.98566639937662,4.23 34.85577026286504,31.98555368374335,4.23</coordinates>
        
       
       </LinearRing>
       
      
      </outerBoundaryIs>
      
      
        
     
     </Polygon>
     
     
      
    
    </MultiGeometry>
    
    
    
   
   </Placemark>
   <Placemark id="ID_00220">
    
    
      
    
    <name>4.43</name>
    
    
      
    
    <Snippet/>
    
    
      
    
    <Style>
     <PolyStyle>
      <color>CCFFFFFF</color>
     </PolyStyle>
     <LineStyle>
      <color>CCFFFFFF</color>
     </LineStyle>
    </Style>
    <description>
    </description>
    
    
      
    
    <styleUrl>#PolyStyle00</styleUrl>
    
    
      
    
    <MultiGeometry>
     
     
        
     
     <Polygon>
      
      
          
      
      <extrude>1</extrude>
      
      
      <tessellate>1</tessellate>
      
      
      <altitudeMode>relativeToGround</altitudeMode>
      
      
          
      
      <outerBoundaryIs>
       
       
       <LinearRing>
        
        
        <coordinates> 34.85609631558759,31.98632327684461,4.43 34.85615763436498,31.98639279385047,4.43 34.85609930079448,31.98642933719901,4.43 34.85605809986991,31.98638413391539,4.43 34.85607931514467,31.98637003381966,4.43 34.85605919083525,31.98634743348309,4.43 34.85609631558759,31.98632327684461,4.43</coordinates>
        
       
       </LinearRing>
       
      
      </outerBoundaryIs>
      
      
        
     
     </Polygon>
     
     
      
    
    </MultiGeometry>
    
    
    
   
   </Placemark>
   <Placemark id="ID_00221">
    
    
      
    
    <name>0</name>
    
    
      
    
    <Snippet/>
    
    
      
    
    <Style>
     <PolyStyle>
      <color>CCFFFFFF</color>
     </PolyStyle>
     <LineStyle>
      <color>CCFFFFFF</color>
     </LineStyle>
    </Style>
    <description>
    </description>
    
    
      
    
    <styleUrl>#PolyStyle00</styleUrl>
    
    
      
    
    <MultiGeometry>
     
     
        
     
     <Polygon>
      
      
          
      
      <extrude>1</extrude>
      
      
      <tessellate>1</tessellate>
      
      
      <altitudeMode>relativeToGround</altitudeMode>
      
      
          
      
      <outerBoundaryIs>
       
       
       <LinearRing>
        
        
        <coordinates> 34.86076723139108,31.98656440897033,0 34.86084785267754,31.98664299222491,0 34.86076440210323,31.98670518197207,0 34.86074394814914,31.9866852454115,0 34.86071726058383,31.98670513277678,0 34.86068372101524,31.98667244082065,0 34.8607096382546,31.98665312762914,0 34.86068301051439,31.98662717193023,0 34.86076723139108,31.98656440897033,0</coordinates>
        
       
       </LinearRing>
       
      
      </outerBoundaryIs>
      
      
        
     
     </Polygon>
     
     
      
    
    </MultiGeometry>
    
    
    
   
   </Placemark>
   <Placemark id="ID_00222">
    
    
      
    
    <name>0</name>
    
    
      
    
    <Snippet/>
    
    
      
    
    <Style>
     <PolyStyle>
      <color>CCFFFFFF</color>
     </PolyStyle>
     <LineStyle>
      <color>CCFFFFFF</color>
     </LineStyle>
    </Style>
    <description>
    </description>
    
    
      
    
    <styleUrl>#PolyStyle00</styleUrl>
    
    
      
    
    <MultiGeometry>
     
     
        
     
     <Polygon>
      
      
          
      
      <extrude>1</extrude>
      
      
      <tessellate>1</tessellate>
      
      
      <altitudeMode>relativeToGround</altitudeMode>
      
      
          
      
      <outerBoundaryIs>
       
       
       <LinearRing>
        
        
        <coordinates> 34.85681111711213,31.98667760027942,0 34.85688499249072,31.98668639227298,0 34.85687202652899,31.98676553336302,0 34.85679815108837,31.98675674136159,0 34.85681111711213,31.98667760027942,0</coordinates>
        
       
       </LinearRing>
       
      
      </outerBoundaryIs>
      
      
        
     
     </Polygon>
     
     
      
    
    </MultiGeometry>
    
    
    
   
   </Placemark>
   <Placemark id="ID_00223">
    
    
      
    
    <name>0</name>
    
    
      
    
    <Snippet/>
    
    
      
    
    <Style>
     <PolyStyle>
      <color>CCFFFFFF</color>
     </PolyStyle>
     <LineStyle>
      <color>CCFFFFFF</color>
     </LineStyle>
    </Style>
    <description>
    </description>
    
    
      
    
    <styleUrl>#PolyStyle00</styleUrl>
    
    
      
    
    <MultiGeometry>
     
     
        
     
     <Polygon>
      
      
          
      
      <extrude>1</extrude>
      
      
      <tessellate>1</tessellate>
      
      
      <altitudeMode>relativeToGround</altitudeMode>
      
      
          
      
      <outerBoundaryIs>
       
       
       <LinearRing>
        
        
        <coordinates> 34.85390838240559,31.98678995284071,0 34.85390987437871,31.98673149661833,0 34.85398545787374,31.98673289841997,0 34.85398396489042,31.98679135464064,0 34.85390838240559,31.98678995284071,0</coordinates>
        
       
       </LinearRing>
       
      
      </outerBoundaryIs>
      
      
        
     
     </Polygon>
     
     
      
    
    </MultiGeometry>
    
    
    
   
   </Placemark>
  </Folder>
  
  

 
 </Document>
 
 


</kml>
