{"type": "FeatureCollection", "name": "היתרי בנייה", "features": [{"type": "Feature", "properties": {"OBJECTID": 16, "num_tik": 201031700, "settlement": "אחיעזר", "tochnit": "משמ/62/גז", "mevakesh": "דעוס מרדכי וסימה", "url_bkasha": "https://sdan.complot.co.il/iturbakashot/#request/970627", "url_tik": "https://sdan.complot.co.il/tikbinyan/#building/201031700", "gush": 5990, "helka": 21, "migrash": " ", "x": 187170.3233, "y": 655063.3074, "origin": "היתרי בניה סרוקים בבקשות לה", "num_bakash": 970627, "gush_parce": "5990/21"}, "geometry": {"type": "Point", "coordinates": [34.86281069076228, 31.988218969618444]}}, {"type": "Feature", "properties": {"OBJECTID": 17, "num_tik": 201031801, "settlement": "אחיעזר", "tochnit": "משמ/62/גז", "mevakesh": "דאוס אביבית", "url_bkasha": "https://sdan.complot.co.il/iturbakashot/#request/20100074", "url_tik": "https://sdan.complot.co.il/tikbinyan/#building/201031801", "gush": 5990, "helka": 23, "migrash": " ", "x": 187187.552, "y": 655063.2005, "origin": "היתרי בניה סרוקים בבקשות לה", "num_bakash": 20100074, "gush_parce": "5990/23"}, "geometry": {"type": "Point", "coordinates": [34.862992993082166, 31.988218496145784]}}, {"type": "Feature", "properties": {"OBJECTID": 18, "num_tik": 201031801, "settlement": "אחיעזר", "tochnit": "משמ/62/גז", "mevakesh": "דעוס   משה ואביבית", "url_bkasha": "https://sdan.complot.co.il/iturbakashot/#request/970589", "url_tik": "https://sdan.complot.co.il/tikbinyan/#building/201031801", "gush": 5990, "helka": 23, "migrash": " ", "x": 187187.5436, "y": 655060.5518, "origin": "היתרי בניה סרוקים בבקשות לה", "num_bakash": 970589, "gush_parce": "5990/23"}, "geometry": {"type": "Point", "coordinates": [34.86299299266505, 31.98819461005763]}}, {"type": "Feature", "properties": {"OBJECTID": 19, "num_tik": 201031900, "settlement": "אחיעזר", "tochnit": "משמ/62/גז", "mevakesh": "דבוש דוד ושושנה", "url_bkasha": "https://sdan.complot.co.il/iturbakashot/#request/970677", "url_tik": "https://sdan.complot.co.il/tikbinyan/#building/201031900", "gush": 5990, "helka": 24, "migrash": " ", "x": 187213.6359, "y": 655060.9211, "origin": "היתרי בניה סרוקים בבקשות לה", "num_bakash": 970677, "gush_parce": "5990/24"}, "geometry": {"type": "Point", "coordinates": [34.86326906574047, 31.988198682804583]}}, {"type": "Feature", "properties": {"OBJECTID": 20, "num_tik": 201033600, "settlement": "אחיעזר", "tochnit": "משמ/62/גז", "mevakesh": "דנינו שמעון ואורית", "url_bkasha": "https://sdan.complot.co.il/iturbakashot/#request/20120136", "url_tik": "https://sdan.complot.co.il/tikbinyan/#building/201033600", "gush": 5990, "helka": 41, "migrash": "336", "x": 187352.893, "y": 655063.7939, "origin": "היתרי בניה סרוקים בבקשות לה", "num_bakash": 20120136, "gush_parce": "5990/41"}, "geometry": {"type": "Point", "coordinates": [34.86474246468561, 31.98822854177669]}}, {"type": "Feature", "properties": {"OBJECTID": 21, "num_tik": 201033600, "settlement": "אחיעזר", "tochnit": "משמ/62/גז", "mevakesh": "דנינו שמעון", "url_bkasha": "https://sdan.complot.co.il/iturbakashot/#request/20160138", "url_tik": "https://sdan.complot.co.il/tikbinyan/#building/201033600", "gush": 5990, "helka": 41, "migrash": "336", "x": 187353.7143, "y": 655062.9714, "origin": "היתרי בניה סרוקים בבקשות לה", "num_bakash": 20160138, "gush_parce": "5990/41"}, "geometry": {"type": "Point", "coordinates": [34.86475118228214, 31.98822114776819]}}, {"type": "Feature", "properties": {"OBJECTID": 22, "num_tik": 201033600, "settlement": "אחיעזר", "tochnit": "משמ/62/גז", "mevakesh": "דנינו שמעון ואורית", "url_bkasha": "https://sdan.complot.co.il/iturbakashot/#request/970592", "url_tik": "https://sdan.complot.co.il/tikbinyan/#building/201033600", "gush": 5990, "helka": 41, "migrash": "336", "x": 187354.4719, "y": 655062.0861, "origin": "היתרי בניה סרוקים בבקשות לה", "num_bakash": 970592, "gush_parce": "5990/41"}, "geometry": {"type": "Point", "coordinates": [34.864759227947154, 31.988213185627778]}}, {"type": "Feature", "properties": {"OBJECTID": 23, "num_tik": 201032000, "settlement": "אחיעזר", "tochnit": "משמ/62/גז", "mevakesh": "מדמוני יובל ציפי", "url_bkasha": "https://sdan.complot.co.il/iturbakashot/#request/970675", "url_tik": "https://sdan.complot.co.il/tikbinyan/#building/201032000", "gush": 5990, "helka": 25, "migrash": " ", "x": 187235.5464, "y": 655059.7751, "origin": "היתרי בניה סרוקים בבקשות לה", "num_bakash": 970675, "gush_parce": "5990/25"}, "geometry": {"type": "Point", "coordinates": [34.86350094130454, 31.988188971197726]}}, {"type": "Feature", "properties": {"OBJECTID": 24, "num_tik": 201038601, "settlement": "אחיעזר", "tochnit": "משמ/62/גז", "mevakesh": "הררי אביגדור", "url_bkasha": "https://sdan.complot.co.il/iturbakashot/#request/20100075", "url_tik": "https://sdan.complot.co.il/tikbinyan/#building/201038601", "gush": 5990, "helka": 91, "migrash": " ", "x": 187263.2847, "y": 655064.8599, "origin": "היתרי בניה סרוקים בבקשות לה", "num_bakash": 20100075, "gush_parce": "5990/91"}, "geometry": {"type": "Point", "coordinates": [34.863794273774054, 31.98823561373973]}}, {"type": "Feature", "properties": {"OBJECTID": 25, "num_tik": 201038601, "settlement": "אחיעזר", "tochnit": "משמ/62/גז", "mevakesh": "הררי אביגדור ואסתר", "url_bkasha": "https://sdan.complot.co.il/iturbakashot/#request/980272", "url_tik": "https://sdan.complot.co.il/tikbinyan/#building/201038601", "gush": 5990, "helka": 91, "migrash": " ", "x": 187262.8981, "y": 655062.843, "origin": "היתרי בניה סרוקים בבקשות לה", "num_bakash": 980272, "gush_parce": "5990/91"}, "geometry": {"type": "Point", "coordinates": [34.863790250321664, 31.98821741445237]}}, {"type": "Feature", "properties": {"OBJECTID": 26, "num_tik": 201031600, "settlement": "אחיעזר", "tochnit": "משמ/62/גז", "mevakesh": "כהן אברהם  ודינה", "url_bkasha": "https://sdan.complot.co.il/iturbakashot/#request/970584", "url_tik": "https://sdan.complot.co.il/tikbinyan/#building/201031600", "gush": 5990, "helka": 20, "migrash": " ", "x": 187154.6703, "y": 655051.0506, "origin": "היתרי בניה סרוקים בבקשות לה", "num_bakash": 970584, "gush_parce": "5990/20"}, "geometry": {"type": "Point", "coordinates": [34.862645474452016, 31.98810799248047]}}, {"type": "Feature", "properties": {"OBJECTID": 27, "num_tik": 201033700, "settlement": "אחיעזר", "tochnit": "משמ/62/גז", "mevakesh": "כהן אהרון", "url_bkasha": "https://sdan.complot.co.il/iturbakashot/#request/20090091", "url_tik": "https://sdan.complot.co.il/tikbinyan/#building/201033700", "gush": 5990, "helka": 42, "migrash": " ", "x": 187345.972, "y": 655046.3345, "origin": "היתרי בניה סרוקים בבקשות לה", "num_bakash": 20090091, "gush_parce": "5990/42"}, "geometry": {"type": "Point", "coordinates": [34.864669813073576, 31.98807089770123]}}, {"type": "Feature", "properties": {"OBJECTID": 28, "num_tik": 201033700, "settlement": "אחיעזר", "tochnit": "משמ/62/גז", "mevakesh": "כהן אהרון וחדוה", "url_bkasha": "https://sdan.complot.co.il/iturbakashot/#request/970611", "url_tik": "https://sdan.complot.co.il/tikbinyan/#building/201033700", "gush": 5990, "helka": 42, "migrash": " ", "x": 187346.982, "y": 655045.07, "origin": "היתרי בניה סרוקים בבקשות לה", "num_bakash": 970611, "gush_parce": "5990/42"}, "geometry": {"type": "Point", "coordinates": [34.864680542002425, 31.98805952310676]}}, {"type": "Feature", "properties": {"OBJECTID": 29, "num_tik": 201031500, "settlement": "אחיעזר", "tochnit": "משמ/62/גז", "mevakesh": "נגר צחי ורויטל", "url_bkasha": "https://sdan.complot.co.il/iturbakashot/#request/970612", "url_tik": "https://sdan.complot.co.il/tikbinyan/#building/201031500", "gush": 5990, "helka": 19, "migrash": " ", "x": 187135.9831, "y": 655033.5106, "origin": "היתרי בניה סרוקים בבקשות לה", "num_bakash": 970612, "gush_parce": "5990/19"}, "geometry": {"type": "Point", "coordinates": [34.862448330152915, 31.987949284984165]}}, {"type": "Feature", "properties": {"OBJECTID": 30, "num_tik": 201033800, "settlement": "אחיעזר", "tochnit": "משמ/62/גז", "mevakesh": "רם משה ומלכה", "url_bkasha": "https://sdan.complot.co.il/iturbakashot/#request/20080042", "url_tik": "https://sdan.complot.co.il/tikbinyan/#building/201033800", "gush": 5990, "helka": 43, "migrash": "338", "x": 187326.0633, "y": 655033.1577, "origin": "היתרי בניה סרוקים בבקשות לה", "num_bakash": 20080042, "gush_parce": "5990/43"}, "geometry": {"type": "Point", "coordinates": [34.86445959545498, 31.987951505840755]}}, {"type": "Feature", "properties": {"OBJECTID": 31, "num_tik": 201033800, "settlement": "אחיעזר", "tochnit": "משמ/62/גז", "mevakesh": "רם משה ומלכה", "url_bkasha": "https://sdan.complot.co.il/iturbakashot/#request/970614", "url_tik": "https://sdan.complot.co.il/tikbinyan/#building/201033800", "gush": 5990, "helka": 43, "migrash": " ", "x": 187326.5673, "y": 655032.2101, "origin": "היתרי בניה סרוקים בבקשות לה", "num_bakash": 970614, "gush_parce": "5990/43"}, "geometry": {"type": "Point", "coordinates": [34.864464959831416, 31.987942974712457]}}, {"type": "Feature", "properties": {"OBJECTID": 32, "num_tik": 201038400, "settlement": "אחיעזר", "tochnit": "משמ/62/גז", "mevakesh": "דנו מיכה", "url_bkasha": "https://sdan.complot.co.il/iturbakashot/#request/20080103", "url_tik": "https://sdan.complot.co.il/tikbinyan/#building/201038400", "gush": 5990, "helka": 89, "migrash": " ", "x": 187284.2167, "y": 655029.1907, "origin": "היתרי בניה סרוקים בבקשות לה", "num_bakash": 20080103, "gush_parce": "5990/89"}, "geometry": {"type": "Point", "coordinates": [34.86401694534905, 31.987914544809307]}}, {"type": "Feature", "properties": {"OBJECTID": 33, "num_tik": 201038400, "settlement": "אחיעזר", "tochnit": "משמ/62/גז", "mevakesh": "דנו מיכה ורבקה", "url_bkasha": "https://sdan.complot.co.il/iturbakashot/#request/970797", "url_tik": "https://sdan.complot.co.il/tikbinyan/#building/201038400", "gush": 5990, "helka": 89, "migrash": " ", "x": 187285.0698, "y": 655028.4312, "origin": "היתרי בניה סרוקים בבקשות לה", "num_bakash": 970797, "gush_parce": "5990/89"}, "geometry": {"type": "Point", "coordinates": [34.86402599735378, 31.98790771988398]}}, {"type": "Feature", "properties": {"OBJECTID": 34, "num_tik": 201031400, "settlement": "אחיעזר", "tochnit": "משמ/62/גז", "mevakesh": "גרסי יעקב", "url_bkasha": "https://sdan.complot.co.il/iturbakashot/#request/20100177", "url_tik": "https://sdan.complot.co.il/tikbinyan/#building/201031400", "gush": 5990, "helka": 18, "migrash": " ", "x": 187123.7865, "y": 655023.4719, "origin": "היתרי בניה סרוקים בבקשות לה", "num_bakash": 20100177, "gush_parce": "5990/18"}, "geometry": {"type": "Point", "coordinates": [34.86231961398533, 31.987858408682445]}}, {"type": "Feature", "properties": {"OBJECTID": 35, "num_tik": 201031400, "settlement": "אחיעזר", "tochnit": "משמ/62/גז", "mevakesh": "גרסי יעקב ויעל", "url_bkasha": "https://sdan.complot.co.il/iturbakashot/#request/970862", "url_tik": "https://sdan.complot.co.il/tikbinyan/#building/201031400", "gush": 5990, "helka": 18, "migrash": " ", "x": 187122.4538, "y": 655022.9085, "origin": "היתרי בניה סרוקים בבקשות לה", "num_bakash": 970862, "gush_parce": "5990/18"}, "geometry": {"type": "Point", "coordinates": [34.862305531452364, 31.987853289957886]}}, {"type": "Feature", "properties": {"OBJECTID": 36, "num_tik": 201036300, "settlement": "אחיעזר", "tochnit": "משמ/62/גז", "mevakesh": "חבני איתן", "url_bkasha": "https://sdan.complot.co.il/iturbakashot/#request/20060147", "url_tik": "https://sdan.complot.co.il/tikbinyan/#building/201036300", "gush": 5990, "helka": 68, "migrash": "363", "x": 187187.3076, "y": 655026.5331, "origin": "היתרי בניה סרוקים בבקשות לה", "num_bakash": 20060147, "gush_parce": "5990/68"}, "geometry": {"type": "Point", "coordinates": [34.862991631716866, 31.987887824333495]}}, {"type": "Feature", "properties": {"OBJECTID": 37, "num_tik": 201036400, "settlement": "אחיעזר", "tochnit": "משמ/62/גז", "mevakesh": "דעוס עובדיה", "url_bkasha": "https://sdan.complot.co.il/iturbakashot/#request/20080127", "url_tik": "https://sdan.complot.co.il/tikbinyan/#building/201036400", "gush": 5990, "helka": 69, "migrash": " ", "x": 187200.4159, "y": 655022.7032, "origin": "היתרי בניה סרוקים בבקשות לה", "num_bakash": 20080127, "gush_parce": "5990/69"}, "geometry": {"type": "Point", "coordinates": [34.863130459431616, 31.987853659527804]}}, {"type": "Feature", "properties": {"OBJECTID": 38, "num_tik": 201036400, "settlement": "אחיעזר", "tochnit": "משמ/62/גז", "mevakesh": "דעוס עובדיה", "url_bkasha": "https://sdan.complot.co.il/iturbakashot/#request/970634", "url_tik": "https://sdan.complot.co.il/tikbinyan/#building/201036400", "gush": 5990, "helka": 69, "migrash": " ", "x": 187200.5466, "y": 655023.9641, "origin": "היתרי בניה סרוקים בבקשות לה", "num_bakash": 970634, "gush_parce": "5990/69"}, "geometry": {"type": "Point", "coordinates": [34.86313180028187, 31.987865033982892]}}, {"type": "Feature", "properties": {"OBJECTID": 39, "num_tik": 201036400, "settlement": "אחיעזר", "tochnit": "משמ/62/גז", "mevakesh": "דעוס עובדיה", "url_bkasha": "https://sdan.complot.co.il/iturbakashot/#request/990411", "url_tik": "https://sdan.complot.co.il/tikbinyan/#building/201036400", "gush": 5990, "helka": 69, "migrash": " ", "x": 187200.6768, "y": 655025.0359, "origin": "היתרי בניה סרוקים בבקשות לה", "num_bakash": 990411, "gush_parce": "5990/69"}, "geometry": {"type": "Point", "coordinates": [34.86313314215499, 31.987874703128934]}}, {"type": "Feature", "properties": {"OBJECTID": 40, "num_tik": 201036500, "settlement": "אחיעזר", "tochnit": "משמ/62/גז", "mevakesh": "קוממי יקוטיאל ושושנה", "url_bkasha": "https://sdan.complot.co.il/iturbakashot/#request/970624", "url_tik": "https://sdan.complot.co.il/tikbinyan/#building/201036500", "gush": 5990, "helka": 70, "migrash": " ", "x": 187229.3483, "y": 655023.1522, "origin": "היתרי בניה סרוקים בבקשות לה", "num_bakash": 970624, "gush_parce": "5990/70"}, "geometry": {"type": "Point", "coordinates": [34.86343658012752, 31.987858531440946]}}, {"type": "Feature", "properties": {"OBJECTID": 41, "num_tik": 201031300, "settlement": "אחיעזר", "tochnit": "משמ/62/גז", "mevakesh": "צוברי רחמים", "url_bkasha": "https://sdan.complot.co.il/iturbakashot/#request/20130053", "url_tik": "https://sdan.complot.co.il/tikbinyan/#building/201031300", "gush": 5990, "helka": 17, "migrash": "313", "x": 187116.204, "y": 655006.9428, "origin": "היתרי בניה סרוקים בבקשות לה", "num_bakash": 20130053, "gush_parce": "5990/17"}, "geometry": {"type": "Point", "coordinates": [34.86223993631309, 31.98770913377144]}}, {"type": "Feature", "properties": {"OBJECTID": 42, "num_tik": 201031300, "settlement": "אחיעזר", "tochnit": "משמ/62/גז", "mevakesh": "צוברי רחמים ואיילה", "url_bkasha": "https://sdan.complot.co.il/iturbakashot/#request/970617", "url_tik": "https://sdan.complot.co.il/tikbinyan/#building/201031300", "gush": 5990, "helka": 17, "migrash": "313", "x": 187114.1721, "y": 655005.6879, "origin": "היתרי בניה סרוקים בבקשות לה", "num_bakash": 970617, "gush_parce": "5990/17"}, "geometry": {"type": "Point", "coordinates": [34.86221847868536, 31.987697759177006]}}, {"type": "Feature", "properties": {"OBJECTID": 43, "num_tik": 201036600, "settlement": "אחיעזר", "tochnit": "משמ/62/גז", "mevakesh": "שלמה בנימין", "url_bkasha": "https://sdan.complot.co.il/iturbakashot/#request/20060793", "url_tik": "https://sdan.complot.co.il/tikbinyan/#building/201036600", "gush": 5990, "helka": 71, "migrash": "366", "x": 187254.463, "y": 655005.9751, "origin": "היתרי בניה סרוקים בבקשות לה", "num_bakash": 20060793, "gush_parce": "5990/71"}, "geometry": {"type": "Point", "coordinates": [34.86370289297864, 31.9877043428348]}}, {"type": "Feature", "properties": {"OBJECTID": 48, "num_tik": 201036700, "settlement": "אחיעזר", "tochnit": "משמ/62/גז", "mevakesh": "מגער מיכאל ודינה", "url_bkasha": "https://sdan.complot.co.il/iturbakashot/#request/20040357", "url_tik": "https://sdan.complot.co.il/tikbinyan/#building/201036700", "gush": 5990, "helka": 72, "migrash": " ", "x": 187219.2879, "y": 655003.2708, "origin": "היתרי בניה סרוקים בבקשות לה", "num_bakash": 20040357, "gush_parce": "5990/72"}, "geometry": {"type": "Point", "coordinates": [34.86333079370472, 31.98767895587516]}}, {"type": "Feature", "properties": {"OBJECTID": 120, "num_tik": 201038700, "settlement": "אחיעזר", "tochnit": "משמ/62/גז", "mevakesh": "אברמצייב אברהם ומרגל", "url_bkasha": "https://sdan.complot.co.il/iturbakashot/#request/980479", "url_tik": "https://sdan.complot.co.il/tikbinyan/#building/201038700", "gush": 5990, "helka": 92, "migrash": " ", "x": 187264.993, "y": 655104.0004, "origin": "היתרי בניה סרוקים בבקשות לה", "num_bakash": 980479, "gush_parce": "5990/92"}, "geometry": {"type": "Point", "coordinates": [34.86381104535449, 31.988588629414046]}}, {"type": "Feature", "properties": {"OBJECTID": 121, "num_tik": 201037700, "settlement": "אחיעזר", "tochnit": "משמ/62/גז", "mevakesh": "משה רפאל", "url_bkasha": "https://sdan.complot.co.il/iturbakashot/#request/20080083", "url_tik": "https://sdan.complot.co.il/tikbinyan/#building/201037700", "gush": 5990, "helka": 82, "migrash": "377", "x": 187333.5179, "y": 655188.2021, "origin": "היתרי בניה סרוקים בבקשות לה", "num_bakash": 20080083, "gush_parce": "5990/82"}, "geometry": {"type": "Point", "coordinates": [34.864533318147814, 31.989349899256656]}}, {"type": "Feature", "properties": {"OBJECTID": 122, "num_tik": 201037700, "settlement": "אחיעזר", "tochnit": "משמ/62/גז", "mevakesh": "משה רפאל וצביה", "url_bkasha": "https://sdan.complot.co.il/iturbakashot/#request/990872", "url_tik": "https://sdan.complot.co.il/tikbinyan/#building/201037700", "gush": 5990, "helka": 82, "migrash": "377", "x": 187332.3816, "y": 655189.5931, "origin": "היתרי בניה סרוקים בבקשות לה", "num_bakash": 990872, "gush_parce": "5990/82"}, "geometry": {"type": "Point", "coordinates": [34.8645212484321, 31.989362411026946]}}, {"type": "Feature", "properties": {"OBJECTID": 123, "num_tik": 201032700, "settlement": "אחיעזר", "tochnit": "משמ/62/גז", "mevakesh": "מורי יהודה וצפורה", "url_bkasha": "https://sdan.complot.co.il/iturbakashot/#request/970619", "url_tik": "https://sdan.complot.co.il/tikbinyan/#building/201032700", "gush": 5990, "helka": 32, "migrash": " ", "x": 187311.218, "y": 655180.3878, "origin": "היתרי בניה סרוקים בבקשות לה", "num_bakash": 970619, "gush_parce": "5990/32"}, "geometry": {"type": "Point", "coordinates": [34.864297617552836, 31.989278798135704]}}, {"type": "Feature", "properties": {"OBJECTID": 124, "num_tik": 201328000, "settlement": "אחיעזר", "tochnit": "משמ/62/גז", "mevakesh": "משה אפרים ושמחה", "url_bkasha": "https://sdan.complot.co.il/iturbakashot/#request/970631", "url_tik": "https://sdan.complot.co.il/tikbinyan/#building/201328000", "gush": 5990, "helka": 33, "migrash": " ", "x": 187344.0806, "y": 655173.9365, "origin": "היתרי בניה סרוקים בבקשות לה", "num_bakash": 970631, "gush_parce": "5990/33"}, "geometry": {"type": "Point", "coordinates": [34.86464555878876, 31.98922155203377]}}, {"type": "Feature", "properties": {"OBJECTID": 125, "num_tik": 201032600, "settlement": "אחיעזר", "tochnit": "משמ/62/גז", "mevakesh": "אהרון שלום ופנינה", "url_bkasha": "https://sdan.complot.co.il/iturbakashot/#request/970676", "url_tik": "https://sdan.complot.co.il/tikbinyan/#building/201032600", "gush": 5990, "helka": 31, "migrash": " ", "x": 187295.551, "y": 655166.6416, "origin": "היתרי בניה סרוקים בבקשות לה", "num_bakash": 970676, "gush_parce": "5990/31"}, "geometry": {"type": "Point", "coordinates": [34.86413229898977, 31.989154391192294]}}, {"type": "Feature", "properties": {"OBJECTID": 126, "num_tik": 201329000, "settlement": "אחיעזר", "tochnit": "משמ/62/גז", "mevakesh": "מצנבר  ישראל", "url_bkasha": "https://sdan.complot.co.il/iturbakashot/#request/20050449", "url_tik": "https://sdan.complot.co.il/tikbinyan/#building/201329000", "gush": 5990, "helka": 34, "migrash": "3290", "x": 187348.3309, "y": 655157.38, "origin": "היתרי בניה סרוקים בבקשות לה", "num_bakash": 20050449, "gush_parce": "5990/34"}, "geometry": {"type": "Point", "coordinates": [34.86469108241511, 31.989072366704434]}}, {"type": "Feature", "properties": {"OBJECTID": 127, "num_tik": 201329000, "settlement": "אחיעזר", "tochnit": "משמ/62/גז", "mevakesh": "מצנבר  ישראל", "url_bkasha": "https://sdan.complot.co.il/iturbakashot/#request/20090148", "url_tik": "https://sdan.complot.co.il/tikbinyan/#building/201329000", "gush": 5990, "helka": 34, "migrash": "3290", "x": 187349.0892, "y": 655156.6839, "origin": "היתרי בניה סרוקים בבקשות לה", "num_bakash": 20090148, "gush_parce": "5990/34"}, "geometry": {"type": "Point", "coordinates": [34.86469912927938, 31.98906611078582]}}, {"type": "Feature", "properties": {"OBJECTID": 128, "num_tik": 201330000, "settlement": "אחיעזר", "tochnit": "משמ/62/גז", "mevakesh": "בידני אבנר ודבורה", "url_bkasha": "https://sdan.complot.co.il/iturbakashot/#request/970601", "url_tik": "https://sdan.complot.co.il/tikbinyan/#building/201330000", "gush": 5990, "helka": 35, "migrash": " ", "x": 187361.3093, "y": 655137.6435, "origin": "היתרי בניה סרוקים בבקשות לה", "num_bakash": 970601, "gush_parce": "5990/35"}, "geometry": {"type": "Point", "coordinates": [34.864829065232236, 31.98889475141305]}}, {"type": "Feature", "properties": {"OBJECTID": 129, "num_tik": 201330000, "settlement": "אחיעזר", "tochnit": "משמ/62/גז", "mevakesh": "בידני אבנר ודבורה", "url_bkasha": "https://sdan.complot.co.il/iturbakashot/#request/980542", "url_tik": "https://sdan.complot.co.il/tikbinyan/#building/201330000", "gush": 5990, "helka": 35, "migrash": " ", "x": 187362.8264, "y": 655136.4405, "origin": "היתרי בניה סרוקים בבקשות לה", "num_bakash": 980542, "gush_parce": "5990/35"}, "geometry": {"type": "Point", "coordinates": [34.864845157915504, 31.98888394576789]}}, {"type": "Feature", "properties": {"OBJECTID": 130, "num_tik": 201032400, "settlement": "אחיעזר", "tochnit": "משמ/62/גז", "mevakesh": "אהרון ציון ושלומית", "url_bkasha": "https://sdan.complot.co.il/iturbakashot/#request/970604", "url_tik": "https://sdan.complot.co.il/tikbinyan/#building/201032400", "gush": 5990, "helka": 29, "migrash": " ", "x": 187265.3791, "y": 655141.4075, "origin": "היתרי בניה סרוקים בבקשות לה", "num_bakash": 970604, "gush_parce": "5990/29"}, "geometry": {"type": "Point", "coordinates": [34.86381388435718, 31.98892597490236]}}, {"type": "Feature", "properties": {"OBJECTID": 131, "num_tik": 201032300, "settlement": "אחיעזר", "tochnit": "משמ/62/גז", "mevakesh": "מצנבר רמי וויקי", "url_bkasha": "https://sdan.complot.co.il/iturbakashot/#request/20040202", "url_tik": "https://sdan.complot.co.il/tikbinyan/#building/201032300", "gush": 5990, "helka": 28, "migrash": "323", "x": 187254.2533, "y": 655125.2537, "origin": "היתרי בניה סרוקים בבקשות לה", "num_bakash": 20040202, "gush_parce": "5990/28"}, "geometry": {"type": "Point", "coordinates": [34.863696698564524, 31.98877998562227]}}, {"type": "Feature", "properties": {"OBJECTID": 132, "num_tik": 201032300, "settlement": "אחיעזר", "tochnit": "משמ/62/גז", "mevakesh": "מצנבר רמי וויקי", "url_bkasha": "https://sdan.complot.co.il/iturbakashot/#request/970595", "url_tik": "https://sdan.complot.co.il/tikbinyan/#building/201032300", "gush": 5990, "helka": 28, "migrash": "323", "x": 187255.8939, "y": 655122.9781, "origin": "היתרי בניה סרוקים בבקשות לה", "num_bakash": 970595, "gush_parce": "5990/28"}, "geometry": {"type": "Point", "coordinates": [34.863714133882844, 31.988759510974358]}}, {"type": "Feature", "properties": {"OBJECTID": 133, "num_tik": 201039100, "settlement": "אחיעזר", "tochnit": "משמ/62/גז", "mevakesh": "גרמה שמשון ונעמי", "url_bkasha": "https://sdan.complot.co.il/iturbakashot/#request/20010168", "url_tik": "https://sdan.complot.co.il/tikbinyan/#building/201039100", "gush": 5990, "helka": 96, "migrash": "391", "x": 187328.0772, "y": 655127.3891, "origin": "היתרי בניה סרוקים בבקשות לה", "num_bakash": 20010168, "gush_parce": "5990/96"}, "geometry": {"type": "Point", "coordinates": [34.86447777112982, 31.988801337254415]}}, {"type": "Feature", "properties": {"OBJECTID": 134, "num_tik": 201039100, "settlement": "אחיעזר", "tochnit": "משמ/62/גז", "mevakesh": "גרמה   נעומי", "url_bkasha": "https://sdan.complot.co.il/iturbakashot/#request/20040526", "url_tik": "https://sdan.complot.co.il/tikbinyan/#building/201039100", "gush": 5990, "helka": 96, "migrash": "391", "x": 187329.5914, "y": 655125.2401, "origin": "היתרי בניה סרוקים בבקשות לה", "num_bakash": 20040526, "gush_parce": "5990/96"}, "geometry": {"type": "Point", "coordinates": [34.86449386460937, 31.988782000588618]}}, {"type": "Feature", "properties": {"OBJECTID": 135, "num_tik": 201038900, "settlement": "אחיעזר", "tochnit": "משמ/62/גז", "mevakesh": "טרי יוסף וכרמית", "url_bkasha": "https://sdan.complot.co.il/iturbakashot/#request/20000342", "url_tik": "https://sdan.complot.co.il/tikbinyan/#building/201038900", "gush": 5990, "helka": 94, "migrash": " ", "x": 187298.6539, "y": 655127.1304, "origin": "היתרי בניה סרוקים בבקשות לה", "num_bakash": 20000342, "gush_parce": "5990/94"}, "geometry": {"type": "Point", "coordinates": [34.86416644659066, 31.988798170022264]}}, {"type": "Feature", "properties": {"OBJECTID": 136, "num_tik": 201038900, "settlement": "אחיעזר", "tochnit": "משמ/62/גז", "mevakesh": "טרי יוסף", "url_bkasha": "https://sdan.complot.co.il/iturbakashot/#request/20120080", "url_tik": "https://sdan.complot.co.il/tikbinyan/#building/201038900", "gush": 5990, "helka": 94, "migrash": " ", "x": 187297.3829, "y": 655125.9992, "origin": "היתרי בניה סרוקים בבקשות לה", "num_bakash": 20120080, "gush_parce": "5990/94"}, "geometry": {"type": "Point", "coordinates": [34.86415303556864, 31.988787932858866]}}, {"type": "Feature", "properties": {"OBJECTID": 137, "num_tik": 201038900, "settlement": "אחיעזר", "tochnit": "משמ/62/גז", "mevakesh": "טרי יוסף וכרמית", "url_bkasha": "https://sdan.complot.co.il/iturbakashot/#request/990579", "url_tik": "https://sdan.complot.co.il/tikbinyan/#building/201038900", "gush": 5990, "helka": 94, "migrash": " ", "x": 187299.7903, "y": 655125.7394, "origin": "היתרי בניה סרוקים בבקשות לה", "num_bakash": 990579, "gush_parce": "5990/94"}, "geometry": {"type": "Point", "coordinates": [34.8641785173377, 31.988785658287288]}}, {"type": "Feature", "properties": {"OBJECTID": 138, "num_tik": 201033200, "settlement": "אחיעזר", "tochnit": "משמ/62/גז", "mevakesh": "בן לולו חוה-שרון", "url_bkasha": "https://sdan.complot.co.il/iturbakashot/#request/20090029", "url_tik": "https://sdan.complot.co.il/tikbinyan/#building/201033200", "gush": 5990, "helka": 37, "migrash": "3320", "x": 187384.6047, "y": 655111.371, "origin": "היתרי בניה סרוקים בבקשות לה", "num_bakash": 20090029, "gush_parce": "5990/37"}, "geometry": {"type": "Point", "coordinates": [34.865076430394524, 31.988658487455908]}}, {"type": "Feature", "properties": {"OBJECTID": 139, "num_tik": 201033200, "settlement": "אחיעזר", "tochnit": "משמ/62/גז", "mevakesh": "בן לולו חוה-שרון", "url_bkasha": "https://sdan.complot.co.il/iturbakashot/#request/20100079", "url_tik": "https://sdan.complot.co.il/tikbinyan/#building/201033200", "gush": 5990, "helka": 37, "migrash": "3320", "x": 187385.4242, "y": 655110.0125, "origin": "היתרי בניה סרוקים בבקשות לה", "num_bakash": 20100079, "gush_parce": "5990/37"}, "geometry": {"type": "Point", "coordinates": [34.8650851467519, 31.988646259751217]}}, {"type": "Feature", "properties": {"OBJECTID": 140, "num_tik": 201038800, "settlement": "אחיעזר", "tochnit": "משמ/62/גז", "mevakesh": "בדני מורדכי ומרים", "url_bkasha": "https://sdan.complot.co.il/iturbakashot/#request/970818", "url_tik": "https://sdan.complot.co.il/tikbinyan/#building/201038800", "gush": 5990, "helka": 93, "migrash": " ", "x": 187283.0403, "y": 655110.2954, "origin": "היתרי בניה סרוקים בבקשות לה", "num_bakash": 970818, "gush_parce": "5990/93"}, "geometry": {"type": "Point", "coordinates": [34.86400179695627, 31.98864590977072]}}, {"type": "Feature", "properties": {"OBJECTID": 141, "num_tik": 201039200, "settlement": "אחיעזר", "tochnit": "משמ/62/גז", "mevakesh": "לוי  אופיר", "url_bkasha": "https://sdan.complot.co.il/iturbakashot/#request/20060254", "url_tik": "https://sdan.complot.co.il/tikbinyan/#building/201039200", "gush": 5990, "helka": 97, "migrash": "392", "x": 187343.2629, "y": 655106.0925, "origin": "היתרי בניה סרוקים בבקשות לה", "num_bakash": 20060254, "gush_parce": "5990/97"}, "geometry": {"type": "Point", "coordinates": [34.8646391615888, 31.98860971580999]}}, {"type": "Feature", "properties": {"OBJECTID": 142, "num_tik": 201032200, "settlement": "אחיעזר", "tochnit": "משמ/62/גז", "mevakesh": "עדני שרון", "url_bkasha": "https://sdan.complot.co.il/iturbakashot/#request/970863", "url_tik": "https://sdan.complot.co.il/tikbinyan/#building/201032200", "gush": 5990, "helka": 27, "migrash": " ", "x": 187235.3841, "y": 655100.1664, "origin": "היתרי בניה סרוקים בבקשות לה", "num_bakash": 970863, "gush_parce": "5990/27"}, "geometry": {"type": "Point", "coordinates": [34.86349787694734, 31.98855321339286]}}, {"type": "Feature", "properties": {"OBJECTID": 143, "num_tik": 201039300, "settlement": "אחיעזר", "tochnit": "משמ/62/גז", "mevakesh": "בדני עודד", "url_bkasha": "https://sdan.complot.co.il/iturbakashot/#request/20140022", "url_tik": "https://sdan.complot.co.il/tikbinyan/#building/201039300", "gush": 5990, "helka": 98, "migrash": "393", "x": 187353.6526, "y": 655087.0287, "origin": "היתרי בניה סרוקים בבקשות לה", "num_bakash": 20140022, "gush_parce": "5990/98"}, "geometry": {"type": "Point", "coordinates": [34.86474973006725, 31.98843809362939]}}, {"type": "Feature", "properties": {"OBJECTID": 144, "num_tik": 201032100, "settlement": "אחיעזר", "tochnit": "משמ/62/גז", "mevakesh": "אחיאל משה", "url_bkasha": "https://sdan.complot.co.il/iturbakashot/#request/20120058", "url_tik": "https://sdan.complot.co.il/tikbinyan/#building/201032100", "gush": 5990, "helka": 26, "migrash": "321", "x": 187225.4705, "y": 655081.5209, "origin": "היתרי בניה סרוקים בבקשות לה", "num_bakash": 20120058, "gush_parce": "5990/26"}, "geometry": {"type": "Point", "coordinates": [34.863393601700004, 31.988384787352093]}}, {"type": "Feature", "properties": {"OBJECTID": 145, "num_tik": 201032100, "settlement": "אחיעזר", "tochnit": "משמ/62/גז", "mevakesh": "אחוול משה ולאה", "url_bkasha": "https://sdan.complot.co.il/iturbakashot/#request/970635", "url_tik": "https://sdan.complot.co.il/tikbinyan/#building/201032100", "gush": 5990, "helka": 26, "migrash": " ", "x": 187225.3358, "y": 655078.9986, "origin": "היתרי בניה סרוקים בבקשות לה", "num_bakash": 970635, "gush_parce": "5990/26"}, "geometry": {"type": "Point", "coordinates": [34.86339226056657, 31.988362037542064]}}, {"type": "Feature", "properties": {"OBJECTID": 146, "num_tik": 201033500, "settlement": "אחיעזר", "tochnit": "משמ/62/גז", "mevakesh": "לוי אתי", "url_bkasha": "https://sdan.complot.co.il/iturbakashot/#request/20090030", "url_tik": "https://sdan.complot.co.il/tikbinyan/#building/201033500", "gush": 5990, "helka": 40, "migrash": "335", "x": 187370.3355, "y": 655071.43, "origin": "היתרי בניה סרוקים בבקשות לה", "num_bakash": 20090030, "gush_parce": "5990/40"}, "geometry": {"type": "Point", "coordinates": [34.86492677213793, 31.988297897594933]}}, {"type": "Feature", "properties": {"OBJECTID": 154, "num_tik": 201013100, "settlement": "אחיעזר", "tochnit": "משמ/62/גז", "mevakesh": "מנצור עובדיה", "url_bkasha": "https://sdan.complot.co.il/iturbakashot/#request/930010", "url_tik": "https://sdan.complot.co.il/tikbinyan/#building/201013100", "gush": 4980, "helka": 11, "migrash": "131", "x": 187502.1468, "y": 655022.7936, "origin": "היתרי בניה סרוקים בבקשות לה", "num_bakash": 930010, "gush_parce": "4980/11"}, "geometry": {"type": "Point", "coordinates": [34.86632309202383, 31.987863019825394]}}, {"type": "Feature", "properties": {"OBJECTID": 317, "num_tik": 205003600, "settlement": "יגל", "tochnit": "משמ/53/גז", "mevakesh": "באבי סמי", "url_bkasha": "https://sdan.complot.co.il/iturbakashot/#request/940879", "url_tik": "https://sdan.complot.co.il/tikbinyan/#building/205003600", "gush": 6875, "helka": 20, "migrash": "36", "x": 188363.0265, "y": 655628.3178, "origin": "היתרי בניה סרוקים בבקשות לה", "num_bakash": 940879, "gush_parce": "6875/20"}, "geometry": {"type": "Point", "coordinates": [34.875412637821384, 31.993347550677992]}}, {"type": "Feature", "properties": {"OBJECTID": 318, "num_tik": 205003800, "settlement": "יגל", "tochnit": "משמ/53/גז", "mevakesh": "שינכה יעקב", "url_bkasha": "https://sdan.complot.co.il/iturbakashot/#request/940649", "url_tik": "https://sdan.complot.co.il/tikbinyan/#building/205003800", "gush": 6875, "helka": 18, "migrash": " ", "x": 188410.0699, "y": 655569.8682, "origin": "היתרי בניה סרוקים בבקשות לה", "num_bakash": 940649, "gush_parce": "6875/18"}, "geometry": {"type": "Point", "coordinates": [34.875912316158434, 31.992821744292144]}}, {"type": "Feature", "properties": {"OBJECTID": 319, "num_tik": 205003801, "settlement": "יגל", "tochnit": "משמ/53/גז", "mevakesh": "שינכה יעקב", "url_bkasha": "https://sdan.complot.co.il/iturbakashot/#request/980001", "url_tik": "https://sdan.complot.co.il/tikbinyan/#building/205003801", "gush": 6875, "helka": 18, "migrash": " ", "x": 188440.5723, "y": 655577.0279, "origin": "היתרי בניה סרוקים בבקשות לה", "num_bakash": 980001, "gush_parce": "6875/18"}, "geometry": {"type": "Point", "coordinates": [34.876234852032596, 31.99288714525368]}}, {"type": "Feature", "properties": {"OBJECTID": 320, "num_tik": 205004100, "settlement": "יגל", "tochnit": "משמ/53/גז", "mevakesh": "ביטון גבי", "url_bkasha": "https://sdan.complot.co.il/iturbakashot/#request/20110067", "url_tik": "https://sdan.complot.co.il/tikbinyan/#building/205004100", "gush": 6875, "helka": 15, "migrash": "41", "x": 188518.3217, "y": 655495.9971, "origin": "היתרי בניה סרוקים בבקשות לה", "num_bakash": 20110067, "gush_parce": "6875/15"}, "geometry": {"type": "Point", "coordinates": [34.87706016501401, 31.99215853775352]}}, {"type": "Feature", "properties": {"OBJECTID": 321, "num_tik": 205004100, "settlement": "יגל", "tochnit": "משמ/53/גז", "mevakesh": "ביטון גבריאל וסילביה", "url_bkasha": "https://sdan.complot.co.il/iturbakashot/#request/990205", "url_tik": "https://sdan.complot.co.il/tikbinyan/#building/205004100", "gush": 6875, "helka": 15, "migrash": " ", "x": 188505.284, "y": 655480.5228, "origin": "היתרי בניה סרוקים בבקשות לה", "num_bakash": 990205, "gush_parce": "6875/15"}, "geometry": {"type": "Point", "coordinates": [34.87692270141172, 31.992018635207017]}}, {"type": "Feature", "properties": {"OBJECTID": 322, "num_tik": 205004200, "settlement": "יגל", "tochnit": "משמ/53/גז", "mevakesh": "ביטון יוסי ומיכל", "url_bkasha": "https://sdan.complot.co.il/iturbakashot/#request/960820", "url_tik": "https://sdan.complot.co.il/tikbinyan/#building/205004200", "gush": 6875, "helka": 14, "migrash": "42", "x": 188517.1102, "y": 655432.154, "origin": "היתרי בניה סרוקים בבקשות לה", "num_bakash": 960820, "gush_parce": "6875/14"}, "geometry": {"type": "Point", "coordinates": [34.87704939023965, 31.991582770187698]}}, {"type": "Feature", "properties": {"OBJECTID": 323, "num_tik": 205004300, "settlement": "יגל", "tochnit": "משמ/53/גז", "mevakesh": "יפרח סלומון [שלמה]", "url_bkasha": "https://sdan.complot.co.il/iturbakashot/#request/990470", "url_tik": "https://sdan.complot.co.il/tikbinyan/#building/205004300", "gush": 6875, "helka": 13, "migrash": "43", "x": 188536.7508, "y": 655419.6599, "origin": "היתרי בניה סרוקים בבקשות לה", "num_bakash": 990470, "gush_parce": "6875/13"}, "geometry": {"type": "Point", "coordinates": [34.877257617360954, 31.991470634821635]}}, {"type": "Feature", "properties": {"OBJECTID": 324, "num_tik": 205004700, "settlement": "יגל", "tochnit": "משמ/53/גז", "mevakesh": "יפרח משה", "url_bkasha": "https://sdan.complot.co.il/iturbakashot/#request/20080053", "url_tik": "https://sdan.complot.co.il/tikbinyan/#building/205004700", "gush": 6875, "helka": 9, "migrash": "47", "x": 188631.2119, "y": 655290.4036, "origin": "היתרי בניה סרוקים בבקשות לה", "num_bakash": 20080053, "gush_parce": "6875/9"}, "geometry": {"type": "Point", "coordinates": [34.87826128175871, 31.990307579194127]}}, {"type": "Feature", "properties": {"OBJECTID": 325, "num_tik": 205004700, "settlement": "יגל", "tochnit": "משמ/53/גז", "mevakesh": "יפרח משה", "url_bkasha": "https://sdan.complot.co.il/iturbakashot/#request/960854", "url_tik": "https://sdan.complot.co.il/tikbinyan/#building/205004700", "gush": 6875, "helka": 9, "migrash": "47", "x": 188630.3346, "y": 655272.6849, "origin": "היתרי בניה סרוקים בבקשות לה", "num_bakash": 960854, "gush_parce": "6875/9"}, "geometry": {"type": "Point", "coordinates": [34.878252564109, 31.990147768755303]}}, {"type": "Feature", "properties": {"OBJECTID": 326, "num_tik": 205004900, "settlement": "יגל", "tochnit": "משמ/53/גז", "mevakesh": "יעקב דוד וברוריה", "url_bkasha": "https://sdan.complot.co.il/iturbakashot/#request/990591", "url_tik": "https://sdan.complot.co.il/tikbinyan/#building/205004900", "gush": 6875, "helka": 7, "migrash": "49", "x": 188701.943, "y": 655219.8235, "origin": "היתרי בניה סרוקים בבקשות לה", "num_bakash": 990591, "gush_parce": "6875/7"}, "geometry": {"type": "Point", "coordinates": [34.8790119602577, 31.989673011613508]}}, {"type": "Feature", "properties": {"OBJECTID": 327, "num_tik": 205005301, "settlement": "יגל", "tochnit": "משמ/53/גז", "mevakesh": "אלמליח שלום", "url_bkasha": "https://sdan.complot.co.il/iturbakashot/#request/20140087", "url_tik": "https://sdan.complot.co.il/tikbinyan/#building/205005301", "gush": 6875, "helka": 3, "migrash": "53", "x": 188888.9894, "y": 655165.9812, "origin": "היתרי בניה סרוקים בבקשות לה", "num_bakash": 20140087, "gush_parce": "6875/3"}, "geometry": {"type": "Point", "coordinates": [34.881008279589764, 31.989423425897037]}}, {"type": "Feature", "properties": {"OBJECTID": 328, "num_tik": 205005301, "settlement": "יגל", "tochnit": "משמ/53/גז", "mevakesh": "אלמליח שלום", "url_bkasha": "https://sdan.complot.co.il/iturbakashot/#request/20150003", "url_tik": "https://sdan.complot.co.il/tikbinyan/#building/205005301", "gush": 6875, "helka": 3, "migrash": "53", "x": 188888.9894, "y": 655165.9812, "origin": "היתרי בניה סרוקים בבקשות לה", "num_bakash": 20150003, "gush_parce": "6875/3"}, "geometry": {"type": "Point", "coordinates": [34.88226489434582, 31.990095658163185]}}, {"type": "Feature", "properties": {"OBJECTID": 329, "num_tik": 205005400, "settlement": "יגל", "tochnit": "משמ/53/גז", "mevakesh": "זילכה יצחק וענת", "url_bkasha": "https://sdan.complot.co.il/iturbakashot/#request/970648", "url_tik": "https://sdan.complot.co.il/tikbinyan/#building/205005400", "gush": 6875, "helka": 2, "migrash": "54", "x": 188929.4691, "y": 655145.9966, "origin": "היתרי בניה סרוקים בבקשות לה", "num_bakash": 970648, "gush_parce": "6875/2"}, "geometry": {"type": "Point", "coordinates": [34.88142181374116, 31.98901339311508]}}, {"type": "Feature", "properties": {"OBJECTID": 330, "num_tik": 205010800, "settlement": "יגל", "tochnit": "משמ/53/גז", "mevakesh": "מצר  הלית", "url_bkasha": "https://sdan.complot.co.il/iturbakashot/#request/20050564", "url_tik": "https://sdan.complot.co.il/tikbinyan/#building/205010800", "gush": 6875, "helka": 39, "migrash": "108", "x": 188866.4323, "y": 655074.7139, "origin": "היתרי בניה סרוקים בבקשות לה", "num_bakash": 20050564, "gush_parce": "6875/39"}, "geometry": {"type": "Point", "coordinates": [34.880757064469684, 31.988368869672577]}}, {"type": "Feature", "properties": {"OBJECTID": 331, "num_tik": 205010800, "settlement": "יגל", "tochnit": "משמ/53/גז", "mevakesh": "עבדת ציון מצר והילית", "url_bkasha": "https://sdan.complot.co.il/iturbakashot/#request/980797", "url_tik": "https://sdan.complot.co.il/tikbinyan/#building/205010800", "gush": 6875, "helka": 39, "migrash": "108", "x": 188869.1463, "y": 655071.0479, "origin": "היתרי בניה סרוקים בבקשות לה", "num_bakash": 980797, "gush_parce": "6875/39"}, "geometry": {"type": "Point", "coordinates": [34.88078589775829, 31.98833588303332]}}, {"type": "Feature", "properties": {"OBJECTID": 332, "num_tik": 205010600, "settlement": "יגל", "tochnit": "משמ/53/גז", "mevakesh": "באבא ציון", "url_bkasha": "https://sdan.complot.co.il/iturbakashot/#request/970211", "url_tik": "https://sdan.complot.co.il/tikbinyan/#building/205010600", "gush": 6875, "helka": 48, "migrash": "106", "x": 188720.1977, "y": 655194.7607, "origin": "היתרי בניה סרוקים בבקשות לה", "num_bakash": 970211, "gush_parce": "6875/48"}, "geometry": {"type": "Point", "coordinates": [34.879205915956476, 31.989447491276355]}}, {"type": "Feature", "properties": {"OBJECTID": 333, "num_tik": 205010500, "settlement": "יגל", "tochnit": "משמ/53/גז", "mevakesh": "יפרח מאיר", "url_bkasha": "https://sdan.complot.co.il/iturbakashot/#request/970139", "url_tik": "https://sdan.complot.co.il/tikbinyan/#building/205010500", "gush": 6875, "helka": 47, "migrash": "105", "x": 188925.4365, "y": 655041.3839, "origin": "היתרי בניה סרוקים בבקשות לה", "num_bakash": 970139, "gush_parce": "6875/47"}, "geometry": {"type": "Point", "coordinates": [34.881382449735895, 31.988069891409804]}}, {"type": "Feature", "properties": {"OBJECTID": 334, "num_tik": 205002200, "settlement": "יגל", "tochnit": "משמ/53/גז", "mevakesh": "יפרח ניסים", "url_bkasha": "https://sdan.complot.co.il/iturbakashot/#request/20060225", "url_tik": "https://sdan.complot.co.il/tikbinyan/#building/205002200", "gush": 6875, "helka": 34, "migrash": "22", "x": 188432.9592, "y": 655111.8739, "origin": "היתרי בניה סרוקים בבקשות לה", "num_bakash": 20060225, "gush_parce": "6875/34"}, "geometry": {"type": "Point", "coordinates": [34.87616923075861, 31.988692197474986]}}, {"type": "Feature", "properties": {"OBJECTID": 335, "num_tik": 205002200, "settlement": "יגל", "tochnit": "משמ/53/גז", "mevakesh": "יפרח ניסים", "url_bkasha": "https://sdan.complot.co.il/iturbakashot/#request/20130090", "url_tik": "https://sdan.complot.co.il/tikbinyan/#building/205002200", "gush": 6875, "helka": 34, "migrash": "22", "x": 188539.2448, "y": 655199.1508, "origin": "היתרי בניה סרוקים בבקשות לה", "num_bakash": 20130090, "gush_parce": "6875/34"}, "geometry": {"type": "Point", "coordinates": [34.8772910646724, 31.989482160208212]}}, {"type": "Feature", "properties": {"OBJECTID": 336, "num_tik": 205002201, "settlement": "יגל", "tochnit": "משמ/53/גז", "mevakesh": "יפרח נסים", "url_bkasha": "https://sdan.complot.co.il/iturbakashot/#request/941081", "url_tik": "https://sdan.complot.co.il/tikbinyan/#building/205002201", "gush": 6875, "helka": 34, "migrash": "22", "x": 188600.7889, "y": 655265.5306, "origin": "היתרי בניה סרוקים בבקשות לה", "num_bakash": 941081, "gush_parce": "6875/34"}, "geometry": {"type": "Point", "coordinates": [34.87794015931923, 31.99008244768724]}}, {"type": "Feature", "properties": {"OBJECTID": 337, "num_tik": 205003100, "settlement": "יגל", "tochnit": "משמ/53/גז", "mevakesh": "ברזילי מרדכי וסימה", "url_bkasha": "https://sdan.complot.co.il/iturbakashot/#request/980389", "url_tik": "https://sdan.complot.co.il/tikbinyan/#building/205003100", "gush": 6875, "helka": 25, "migrash": "31", "x": 188366.1267, "y": 655527.2588, "origin": "היתרי בניה סרוקים בבקשות לה", "num_bakash": 980389, "gush_parce": "6875/25"}, "geometry": {"type": "Point", "coordinates": [34.875448695984076, 31.992436290036228]}}, {"type": "Feature", "properties": {"OBJECTID": 338, "num_tik": 205003000, "settlement": "יגל", "tochnit": "משמ/53/גז", "mevakesh": "ביטון משה", "url_bkasha": "https://sdan.complot.co.il/iturbakashot/#request/20000004", "url_tik": "https://sdan.complot.co.il/tikbinyan/#building/205003000", "gush": 6875, "helka": 26, "migrash": "30", "x": 188393.6584, "y": 655495.5453, "origin": "היתרי בניה סרוקים בבקשות לה", "num_bakash": 20000004, "gush_parce": "6875/26"}, "geometry": {"type": "Point", "coordinates": [34.87574104542138, 31.992151053883138]}}, {"type": "Feature", "properties": {"OBJECTID": 339, "num_tik": 205002700, "settlement": "יגל", "tochnit": "משמ/53/גז", "mevakesh": "עבדו  אלי", "url_bkasha": "https://sdan.complot.co.il/iturbakashot/#request/20050669", "url_tik": "https://sdan.complot.co.il/tikbinyan/#building/205002700", "gush": 6875, "helka": 29, "migrash": "27", "x": 188471.1957, "y": 655405.6957, "origin": "היתרי בניה סרוקים בבקשות לה", "num_bakash": 20050669, "gush_parce": "6875/29"}, "geometry": {"type": "Point", "coordinates": [34.87656439416396, 31.99134291610986]}}, {"type": "Feature", "properties": {"OBJECTID": 340, "num_tik": 205002600, "settlement": "יגל", "tochnit": "משמ/53/גז", "mevakesh": "באבא עוזר", "url_bkasha": "https://sdan.complot.co.il/iturbakashot/#request/20010548", "url_tik": "https://sdan.complot.co.il/tikbinyan/#building/205002600", "gush": 6875, "helka": 30, "migrash": "26", "x": 188495.1767, "y": 655375.006, "origin": "היתרי בניה סרוקים בבקשות לה", "num_bakash": 20010548, "gush_parce": "6875/30"}, "geometry": {"type": "Point", "coordinates": [34.876819132306125, 31.991066812899426]}}, {"type": "Feature", "properties": {"OBJECTID": 341, "num_tik": 205002600, "settlement": "יגל", "tochnit": "משמ/53/גז", "mevakesh": "באבא עוזר", "url_bkasha": "https://sdan.complot.co.il/iturbakashot/#request/20070367", "url_tik": "https://sdan.complot.co.il/tikbinyan/#building/205002600", "gush": 6875, "helka": 30, "migrash": "26", "x": 188493.7543, "y": 655365.6767, "origin": "היתרי בניה סרוקים בבקשות לה", "num_bakash": 20070367, "gush_parce": "6875/30"}, "geometry": {"type": "Point", "coordinates": [34.87680438026801, 31.99098264278679]}}, {"type": "Feature", "properties": {"OBJECTID": 342, "num_tik": 205005101, "settlement": "יגל", "tochnit": "משמ/53/גז", "mevakesh": "ימין יעקב ולילי", "url_bkasha": "https://sdan.complot.co.il/iturbakashot/#request/960518", "url_tik": "https://sdan.complot.co.il/tikbinyan/#building/205005101", "gush": 6875, "helka": 5, "migrash": "51", "x": 188744.3985, "y": 655169.221, "origin": "היתרי בניה סרוקים בבקשות לה", "num_bakash": 960518, "gush_parce": "6875/5"}, "geometry": {"type": "Point", "coordinates": [34.87946280298583, 31.989217831071358]}}, {"type": "Feature", "properties": {"OBJECTID": 343, "num_tik": 205009900, "settlement": "יגל", "tochnit": "משמ/53/גז", "mevakesh": "ביטון סלומון", "url_bkasha": "https://sdan.complot.co.il/iturbakashot/#request/960085", "url_tik": "https://sdan.complot.co.il/tikbinyan/#building/205009900", "gush": 6875, "helka": 52, "migrash": "99", "x": 188787.1929, "y": 655133.2534, "origin": "היתרי בניה סרוקים בבקשות לה", "num_bakash": 960085, "gush_parce": "6875/52"}, "geometry": {"type": "Point", "coordinates": [34.879916762647646, 31.988894635072405]}}, {"type": "Feature", "properties": {"OBJECTID": 344, "num_tik": 205011100, "settlement": "יגל", "tochnit": "משמ/53/גז", "mevakesh": "גלבהואר מוטי ויאל", "url_bkasha": "https://sdan.complot.co.il/iturbakashot/#request/970872", "url_tik": "https://sdan.complot.co.il/tikbinyan/#building/205011100", "gush": 6876, "helka": 68, "migrash": "111", "x": 188903.2529, "y": 655025.5407, "origin": "היתרי בניה סרוקים בבקשות לה", "num_bakash": 970872, "gush_parce": "6876/68"}, "geometry": {"type": "Point", "coordinates": [34.88114822359771, 31.987926420268774]}}, {"type": "Feature", "properties": {"OBJECTID": 345, "num_tik": 205003300, "settlement": "יגל", "tochnit": "משמ/53/גז", "mevakesh": "טסה גבריאל", "url_bkasha": "https://sdan.complot.co.il/iturbakashot/#request/20110136", "url_tik": "https://sdan.complot.co.il/tikbinyan/#building/205003300", "gush": 6875, "helka": 23, "migrash": "33", "x": 188326.5432, "y": 655593.1728, "origin": "היתרי בניה סרוקים בבקשות לה", "num_bakash": 20110136, "gush_parce": "6875/23"}, "geometry": {"type": "Point", "coordinates": [34.87502771474199, 31.993029613168925]}}, {"type": "Feature", "properties": {"OBJECTID": 346, "num_tik": 205003305, "settlement": "יגל", "tochnit": "משמ/53/גז", "mevakesh": "באבא רחמה", "url_bkasha": "https://sdan.complot.co.il/iturbakashot/#request/950376", "url_tik": "https://sdan.complot.co.il/tikbinyan/#building/205003305", "gush": 6875, "helka": 23, "migrash": "33", "x": 188199.0581, "y": 655494.0472, "origin": "היתרי בניה סרוקים בבקשות לה", "num_bakash": 950376, "gush_parce": "6875/23"}, "geometry": {"type": "Point", "coordinates": [34.87368191666969, 31.992132194331536]}}, {"type": "Feature", "properties": {"OBJECTID": 352, "num_tik": 205000603, "settlement": "יגל", "tochnit": "משמ/53/גז", "mevakesh": "אלמקיאס גלית", "url_bkasha": "https://sdan.complot.co.il/iturbakashot/#request/20040216", "url_tik": "https://sdan.complot.co.il/tikbinyan/#building/205000603", "gush": 6876, "helka": 14, "migrash": "6", "x": 188862.3077, "y": 654789.4223, "origin": "היתרי בניה סרוקים בבקשות לה", "num_bakash": 20040216, "gush_parce": "6876/14"}, "geometry": {"type": "Point", "coordinates": [34.8793494994463, 31.98845884987765]}}, {"type": "Feature", "properties": {"OBJECTID": 359, "num_tik": 205000400, "settlement": "יגל", "tochnit": "משמ/53/גז", "mevakesh": "אופיר ויקטוריה", "url_bkasha": "https://sdan.complot.co.il/iturbakashot/#request/20130068", "url_tik": "https://sdan.complot.co.il/tikbinyan/#building/205000400", "gush": 6876, "helka": 19, "migrash": "4", "x": 188730.4924, "y": 655111.0206, "origin": "היתרי בניה סרוקים בבקשות לה", "num_bakash": 20130068, "gush_parce": "6876/19"}, "geometry": {"type": "Point", "coordinates": [34.8793175101352, 31.988692605919205]}}, {"type": "Feature", "properties": {"OBJECTID": 362, "num_tik": 205000300, "settlement": "יגל", "tochnit": "משמ/53/גז", "mevakesh": "גונן טילי", "url_bkasha": "https://sdan.complot.co.il/iturbakashot/#request/20150031", "url_tik": "https://sdan.complot.co.il/tikbinyan/#building/205000300", "gush": 6876, "helka": 18, "migrash": "3", "x": 188714.8204, "y": 655105.4439, "origin": "היתרי בניה סרוקים בבקשות לה", "num_bakash": 20150031, "gush_parce": "6876/18"}, "geometry": {"type": "Point", "coordinates": [34.87915185931417, 31.988641890541288]}}, {"type": "Feature", "properties": {"OBJECTID": 365, "num_tik": 205000201, "settlement": "יגל", "tochnit": "משמ/53/גז", "mevakesh": "יפרח שלומי", "url_bkasha": "https://sdan.complot.co.il/iturbakashot/#request/20140017", "url_tik": "https://sdan.complot.co.il/tikbinyan/#building/205000201", "gush": 6876, "helka": 16, "migrash": "2", "x": 188701.2494, "y": 655115.5794, "origin": "היתרי בניה סרוקים בבקשות לה", "num_bakash": 20140017, "gush_parce": "6876/16"}, "geometry": {"type": "Point", "coordinates": [34.87900793954849, 31.988732924034434]}}, {"type": "Feature", "properties": {"OBJECTID": 366, "num_tik": 205000102, "settlement": "יגל", "tochnit": "משמ/53/גז", "mevakesh": "זילחה כהן אבינועם", "url_bkasha": "https://sdan.complot.co.il/iturbakashot/#request/20130094", "url_tik": "https://sdan.complot.co.il/tikbinyan/#building/205000102", "gush": 6876, "helka": 17, "migrash": "1", "x": 188717.742, "y": 655129.8838, "origin": "היתרי בניה סרוקים בבקשות לה", "num_bakash": 20130094, "gush_parce": "6876/17"}, "geometry": {"type": "Point", "coordinates": [34.87918199569625, 31.98886236795213]}}, {"type": "Feature", "properties": {"OBJECTID": 369, "num_tik": 205001900, "settlement": "יגל", "tochnit": "משמ/53/גז", "mevakesh": "צפני סלימה", "url_bkasha": "https://sdan.complot.co.il/iturbakashot/#request/960077", "url_tik": "https://sdan.complot.co.il/tikbinyan/#building/205001900", "gush": 6876, "helka": 2, "migrash": "19", "x": 188623.5172, "y": 655118.4717, "origin": "היתרי בניה סרוקים בבקשות לה", "num_bakash": 960077, "gush_parce": "6876/2"}, "geometry": {"type": "Point", "coordinates": [34.878185348484806, 31.988756895145677]}}, {"type": "Feature", "properties": {"OBJECTID": 370, "num_tik": 205001700, "settlement": "יגל", "tochnit": "משמ/53/גז", "mevakesh": "זנבר דני", "url_bkasha": "https://sdan.complot.co.il/iturbakashot/#request/950371", "url_tik": "https://sdan.complot.co.il/tikbinyan/#building/205001700", "gush": 6876, "helka": 4, "migrash": "17", "x": 188693.3325, "y": 655063.2883, "origin": "היתרי בניה סרוקים בבקשות לה", "num_bakash": 950371, "gush_parce": "6876/4"}, "geometry": {"type": "Point", "coordinates": [34.878925834354945, 31.988261149853134]}}, {"type": "Feature", "properties": {"OBJECTID": 371, "num_tik": 205010700, "settlement": "יגל", "tochnit": "משמ/53/גז", "mevakesh": "ערוסי  ישעיה ונורית", "url_bkasha": "https://sdan.complot.co.il/iturbakashot/#request/970294", "url_tik": "https://sdan.complot.co.il/tikbinyan/#building/205010700", "gush": 6876, "helka": 44, "migrash": "107", "x": 188852.7796, "y": 655083.437, "origin": "היתרי בניה סרוקים בבקשות לה", "num_bakash": 970294, "gush_parce": "6876/44"}, "geometry": {"type": "Point", "coordinates": [34.88061232695985, 31.988447165820247]}}, {"type": "Feature", "properties": {"OBJECTID": 372, "num_tik": 205010000, "settlement": "יגל", "tochnit": "משמ/53/גז", "mevakesh": "יפרח דוד ורבקה", "url_bkasha": "https://sdan.complot.co.il/iturbakashot/#request/970478", "url_tik": "https://sdan.complot.co.il/tikbinyan/#building/205010000", "gush": 6876, "helka": 59, "migrash": " ", "x": 188852.4294, "y": 655127.3921, "origin": "היתרי בניה סרוקים בבקשות לה", "num_bakash": 970478, "gush_parce": "6876/59"}, "geometry": {"type": "Point", "coordinates": [34.88060722910254, 31.988843542024956]}}, {"type": "Feature", "properties": {"OBJECTID": 373, "num_tik": 205011200, "settlement": "יגל", "tochnit": "משמ/53/גז", "mevakesh": "צפני אברהם ואלנה", "url_bkasha": "https://sdan.complot.co.il/iturbakashot/#request/960569", "url_tik": "https://sdan.complot.co.il/tikbinyan/#building/205011200", "gush": 6876, "helka": 70, "migrash": "112", "x": 188912.2988, "y": 655009.2926, "origin": "היתרי בניה סרוקים בבקשות לה", "num_bakash": 960569, "gush_parce": "6876/70"}, "geometry": {"type": "Point", "coordinates": [34.881244452777594, 31.98778013916561]}}, {"type": "Feature", "properties": {"OBJECTID": 374, "num_tik": 205011400, "settlement": "יגל", "tochnit": "משמ/53/גז", "mevakesh": "זנבר  עמוס", "url_bkasha": "https://sdan.complot.co.il/iturbakashot/#request/20030443", "url_tik": "https://sdan.complot.co.il/tikbinyan/#building/205011400", "gush": 6876, "helka": 85, "migrash": "114", "x": 188859.8233, "y": 655023.1751, "origin": "היתרי בניה סרוקים בבקשות לה", "num_bakash": 20030443, "gush_parce": "6876/85"}, "geometry": {"type": "Point", "coordinates": [34.88068876580642, 31.987903916056837]}}, {"type": "Feature", "properties": {"OBJECTID": 375, "num_tik": 205011400, "settlement": "יגל", "tochnit": "משמ/53/גז", "mevakesh": "זנבר  עמוס", "url_bkasha": "https://sdan.complot.co.il/iturbakashot/#request/970290", "url_tik": "https://sdan.complot.co.il/tikbinyan/#building/205011400", "gush": 6876, "helka": 85, "migrash": "114", "x": 188857.9197, "y": 655022.3609, "origin": "היתרי בניה סרוקים בבקשות לה", "num_bakash": 970290, "gush_parce": "6876/85"}, "geometry": {"type": "Point", "coordinates": [34.88066864942541, 31.98789652224836]}}, {"type": "Feature", "properties": {"OBJECTID": 376, "num_tik": 205011300, "settlement": "יגל", "tochnit": "משמ/53/גז", "mevakesh": "גלייזר אריה ואלכסנדר", "url_bkasha": "https://sdan.complot.co.il/iturbakashot/#request/970043", "url_tik": "https://sdan.complot.co.il/tikbinyan/#building/205011300", "gush": 6876, "helka": 84, "migrash": "113", "x": 188846.5633, "y": 655036.9361, "origin": "היתרי בניה סרוקים בבקשות לה", "num_bakash": 970043, "gush_parce": "6876/84"}, "geometry": {"type": "Point", "coordinates": [34.88054802456335, 31.98802765436245]}}, {"type": "Feature", "properties": {"OBJECTID": 377, "num_tik": 205011000, "settlement": "יגל", "tochnit": "משמ/53/גז", "mevakesh": "אלמקיים דוד", "url_bkasha": "https://sdan.complot.co.il/iturbakashot/#request/970071", "url_tik": "https://sdan.complot.co.il/tikbinyan/#building/205011000", "gush": 6876, "helka": 66, "migrash": "110", "x": 188890.1867, "y": 655036.1346, "origin": "היתרי בניה סרוקים בבקשות לה", "num_bakash": 970071, "gush_parce": "6876/66"}, "geometry": {"type": "Point", "coordinates": [34.8810096337464, 31.988021603504308]}}, {"type": "Feature", "properties": {"OBJECTID": 378, "num_tik": 205010300, "settlement": "יגל", "tochnit": "משמ/53/גז", "mevakesh": "עובדת מנשה ודליה", "url_bkasha": "https://sdan.complot.co.il/iturbakashot/#request/960693", "url_tik": "https://sdan.complot.co.il/tikbinyan/#building/205010300", "gush": 6876, "helka": 65, "migrash": "103", "x": 188899.3018, "y": 655068.5051, "origin": "היתרי בניה סרוקים בבקשות לה", "num_bakash": 960693, "gush_parce": "6876/65"}, "geometry": {"type": "Point", "coordinates": [34.88110505779872, 31.988313765385286]}}, {"type": "Feature", "properties": {"OBJECTID": 379, "num_tik": 205010200, "settlement": "יגל", "tochnit": "משמ/53/גז", "mevakesh": "יפרח  ענת ואלי", "url_bkasha": "https://sdan.complot.co.il/iturbakashot/#request/20000582", "url_tik": "https://sdan.complot.co.il/tikbinyan/#building/205010200", "gush": 6876, "helka": 63, "migrash": "102", "x": 188885.7016, "y": 655082.9488, "origin": "היתרי בניה סרוקים בבקשות לה", "num_bakash": 20000582, "gush_parce": "6876/63"}, "geometry": {"type": "Point", "coordinates": [34.88096069516945, 31.988443651536787]}}, {"type": "Feature", "properties": {"OBJECTID": 380, "num_tik": 205010200, "settlement": "יגל", "tochnit": "משמ/53/גז", "mevakesh": "יפרח ענת  ואלי", "url_bkasha": "https://sdan.complot.co.il/iturbakashot/#request/970293", "url_tik": "https://sdan.complot.co.il/tikbinyan/#building/205010200", "gush": 6876, "helka": 63, "migrash": "102", "x": 188886.459, "y": 655081.9375, "origin": "היתרי בניה סרוקים בבקשות לה", "num_bakash": 970293, "gush_parce": "6876/63"}, "geometry": {"type": "Point", "coordinates": [34.88096874133385, 31.988434552090354]}}, {"type": "Feature", "properties": {"OBJECTID": 381, "num_tik": 205010900, "settlement": "יגל", "tochnit": "משמ/53/גז", "mevakesh": "ביטון גבי וגלית", "url_bkasha": "https://sdan.complot.co.il/iturbakashot/#request/20030506", "url_tik": "https://sdan.complot.co.il/tikbinyan/#building/205010900", "gush": 6876, "helka": 64, "migrash": "109", "x": 188874.5452, "y": 655052.9244, "origin": "היתרי בניה סרוקים בבקשות לה", "num_bakash": 20030506, "gush_parce": "6876/64"}, "geometry": {"type": "Point", "coordinates": [34.88084359794353, 31.988172591545226]}}, {"type": "Feature", "properties": {"OBJECTID": 382, "num_tik": 205010900, "settlement": "יגל", "tochnit": "משמ/53/גז", "mevakesh": "משה גבי וגלית", "url_bkasha": "https://sdan.complot.co.il/iturbakashot/#request/980848", "url_tik": "https://sdan.complot.co.il/tikbinyan/#building/205010900", "gush": 6876, "helka": 64, "migrash": "109", "x": 188875.8408, "y": 655051.7223, "origin": "היתרי בניה סרוקים בבקשות לה", "num_bakash": 980848, "gush_parce": "6876/64"}, "geometry": {"type": "Point", "coordinates": [34.88085734489434, 31.98816178599574]}}, {"type": "Feature", "properties": {"OBJECTID": 383, "num_tik": 205010400, "settlement": "יגל", "tochnit": "משמ/53/גז", "mevakesh": "יפרח דוד ולימור", "url_bkasha": "https://sdan.complot.co.il/iturbakashot/#request/960461", "url_tik": "https://sdan.complot.co.il/tikbinyan/#building/205010400", "gush": 6876, "helka": 67, "migrash": " ", "x": 188909.0174, "y": 655054.8318, "origin": "היתרי בניה סרוקים בבקשות לה", "num_bakash": 960461, "gush_parce": "6876/67"}, "geometry": {"type": "Point", "coordinates": [34.881208292226994, 31.98819072183854]}}, {"type": "Feature", "properties": {"OBJECTID": 384, "num_tik": 205011500, "settlement": "יגל", "tochnit": "משמ/53/גז", "mevakesh": "כרמל כוכבה ורונן", "url_bkasha": "https://sdan.complot.co.il/iturbakashot/#request/20000033", "url_tik": "https://sdan.complot.co.il/tikbinyan/#building/205011500", "gush": 6876, "helka": 86, "migrash": "115", "x": 188872.7743, "y": 655009.265, "origin": "היתרי בניה סרוקים בבקשות לה", "num_bakash": 20000033, "gush_parce": "6876/86"}, "geometry": {"type": "Point", "coordinates": [34.880826241838115, 31.987778824674972]}}, {"type": "Feature", "properties": {"OBJECTID": 386, "num_tik": 205010100, "settlement": "יגל", "tochnit": "משמ/53/גז", "mevakesh": "כהן רפי ואיריס", "url_bkasha": "https://sdan.complot.co.il/iturbakashot/#request/980849", "url_tik": "https://sdan.complot.co.il/tikbinyan/#building/205010100", "gush": 6876, "helka": 35, "migrash": "101", "x": 188871.6225, "y": 655103.604, "origin": "היתרי בניה סרוקים בבקשות לה", "num_bakash": 980849, "gush_parce": "6876/35"}, "geometry": {"type": "Point", "coordinates": [34.88081106817763, 31.988629539704295]}}, {"type": "Feature", "properties": {"OBJECTID": 476, "num_tik": 201033300, "settlement": "כפר חבד", "tochnit": "משמ/62/גז", "mevakesh": "בידאני  אבינועם", "url_bkasha": "https://sdan.complot.co.il/iturbakashot/#request/20030551", "url_tik": "https://sdan.complot.co.il/tikbinyan/#building/201033300", "gush": 6272, "helka": 130, "migrash": "333", "x": 185867.3414, "y": 655277.0053, "origin": "היתרי בניה סרוקים בבקשות לה", "num_bakash": 20030551, "gush_parce": "6272/130"}, "geometry": {"type": "Point", "coordinates": [34.86517189712625, 31.9884674483606]}}, {"type": "Feature", "properties": {"OBJECTID": 477, "num_tik": 201033300, "settlement": "כפר חבד", "tochnit": "משמ/62/גז", "mevakesh": "בידאני אבינועם", "url_bkasha": "https://sdan.complot.co.il/iturbakashot/#request/980002", "url_tik": "https://sdan.complot.co.il/tikbinyan/#building/201033300", "gush": 6272, "helka": 130, "migrash": "333", "x": 185867.3414, "y": 655277.0053, "origin": "היתרי בניה סרוקים בבקשות לה", "num_bakash": 980002, "gush_parce": "6272/130"}, "geometry": {"type": "Point", "coordinates": [34.86525772747682, 31.98855730807885]}}, {"type": "Feature", "properties": {"OBJECTID": 525, "num_tik": 205009600, "settlement": "יגל", "tochnit": "משמ/53/גז", "mevakesh": "אמיתי גונן", "url_bkasha": "https://sdan.complot.co.il/iturbakashot/#request/20030111", "url_tik": "https://sdan.complot.co.il/tikbinyan/#building/205009600", "gush": 6877, "helka": 17, "migrash": "96", "x": 189023.3303, "y": 655036.087, "origin": "היתרי בניה סרוקים בבקשות לה", "num_bakash": 20030111, "gush_parce": "6877/17"}, "geometry": {"type": "Point", "coordinates": [34.88241844186851, 31.98802475633825]}}, {"type": "Feature", "properties": {"OBJECTID": 526, "num_tik": 205009600, "settlement": "יגל", "tochnit": "משמ/53/גז", "mevakesh": "מילר יונתן", "url_bkasha": "https://sdan.complot.co.il/iturbakashot/#request/920293", "url_tik": "https://sdan.complot.co.il/tikbinyan/#building/205009600", "gush": 6877, "helka": 17, "migrash": "96", "x": 189024.2198, "y": 655036.8411, "origin": "היתרי בניה סרוקים בבקשות לה", "num_bakash": 920293, "gush_parce": "6877/17"}, "geometry": {"type": "Point", "coordinates": [34.88242783001131, 31.988031580667812]}}, {"type": "Feature", "properties": {"OBJECTID": 532, "num_tik": 210004801, "settlement": "צפריה", "tochnit": "משמ/63/גז", "mevakesh": "קרן אבישי", "url_bkasha": "https://sdan.complot.co.il/iturbakashot/#request/20080056", "url_tik": "https://sdan.complot.co.il/tikbinyan/#building/210004801", "gush": 6838, "helka": 10, "migrash": "48", "x": 186428.8998, "y": 656541.4472, "origin": "היתרי בניה סרוקים בבקשות לה", "num_bakash": 20080056, "gush_parce": "6838/10"}, "geometry": {"type": "Point", "coordinates": [34.86232165148352, 32.00020070627743]}}, {"type": "Feature", "properties": {"OBJECTID": 536, "num_tik": 205041100, "settlement": "יגל", "tochnit": "משמ/53/גז", "mevakesh": "מליקה אילנה", "url_bkasha": "https://sdan.complot.co.il/iturbakashot/#request/980970", "url_tik": "https://sdan.complot.co.il/tikbinyan/#building/205041100", "gush": 6875, "helka": 77, "migrash": "411", "x": 188117.7715, "y": 655594.8738, "origin": "היתרי בניה סרוקים בבקשות לה", "num_bakash": 980970, "gush_parce": "6875/77"}, "geometry": {"type": "Point", "coordinates": [34.8728185057493, 31.993039199507308]}}, {"type": "Feature", "properties": {"OBJECTID": 537, "num_tik": 205041000, "settlement": "יגל", "tochnit": "משמ/53/גז", "mevakesh": "איתן רפי ואירית", "url_bkasha": "https://sdan.complot.co.il/iturbakashot/#request/960751", "url_tik": "https://sdan.complot.co.il/tikbinyan/#building/205041000", "gush": 6875, "helka": 78, "migrash": "410", "x": 188132.8131, "y": 655607.4667, "origin": "היתרי בניה סרוקים בבקשות לה", "num_bakash": 960751, "gush_parce": "6875/78"}, "geometry": {"type": "Point", "coordinates": [34.872977262674816, 31.99315317749527]}}, {"type": "Feature", "properties": {"OBJECTID": 538, "num_tik": 205040601, "settlement": "יגל", "tochnit": "משמ/53/גז", "mevakesh": "רבי איריס ואלון", "url_bkasha": "https://sdan.complot.co.il/iturbakashot/#request/960315", "url_tik": "https://sdan.complot.co.il/tikbinyan/#building/205040601", "gush": 6875, "helka": 82, "migrash": "406", "x": 188190.3949, "y": 655660.6907, "origin": "היתרי בניה סרוקים בבקשות לה", "num_bakash": 960315, "gush_parce": "6875/82"}, "geometry": {"type": "Point", "coordinates": [34.87358485241455, 31.99363473898286]}}, {"type": "Feature", "properties": {"OBJECTID": 539, "num_tik": 205040100, "settlement": "יגל", "tochnit": "משמ/53/גז", "mevakesh": "קוזי יוליה", "url_bkasha": "https://sdan.complot.co.il/iturbakashot/#request/20040436", "url_tik": "https://sdan.complot.co.il/tikbinyan/#building/205040100", "gush": 6875, "helka": 87, "migrash": "401", "x": 188264.8941, "y": 655663.4217, "origin": "היתרי בניה סרוקים בבקשות לה", "num_bakash": 20040436, "gush_parce": "6875/87"}, "geometry": {"type": "Point", "coordinates": [34.87437309559086, 31.99366141970761]}}, {"type": "Feature", "properties": {"OBJECTID": 540, "num_tik": 205040100, "settlement": "יגל", "tochnit": "משמ/53/גז", "mevakesh": "קוזי יוליה שבתאי", "url_bkasha": "https://sdan.complot.co.il/iturbakashot/#request/960907", "url_tik": "https://sdan.complot.co.il/tikbinyan/#building/205040100", "gush": 6875, "helka": 87, "migrash": "401", "x": 188265.9069, "y": 655663.0718, "origin": "היתרי בניה סרוקים בבקשות לה", "num_bakash": 960907, "gush_parce": "6875/87"}, "geometry": {"type": "Point", "coordinates": [34.87438382408212, 31.993658292197424]}}, {"type": "Feature", "properties": {"OBJECTID": 541, "num_tik": 205042000, "settlement": "יגל", "tochnit": "משמ/53/גז", "mevakesh": "ברזילי אייל", "url_bkasha": "https://sdan.complot.co.il/iturbakashot/#request/960747", "url_tik": "https://sdan.complot.co.il/tikbinyan/#building/205042000", "gush": 6875, "helka": 65, "migrash": "420", "x": 188068.2798, "y": 655605.2689, "origin": "היתרי בניה סרוקים בבקשות לה", "num_bakash": 960747, "gush_parce": "6875/65"}, "geometry": {"type": "Point", "coordinates": [34.872294462990936, 31.993131572534544]}}, {"type": "Feature", "properties": {"OBJECTID": 542, "num_tik": 205042300, "settlement": "יגל", "tochnit": "משמ/53/גז", "mevakesh": "באבא קרן", "url_bkasha": "https://sdan.complot.co.il/iturbakashot/#request/990200", "url_tik": "https://sdan.complot.co.il/tikbinyan/#building/205042300", "gush": 6875, "helka": 68, "migrash": "423", "x": 188115.8698, "y": 655644.8264, "origin": "היתרי בניה סרוקים בבקשות לה", "num_bakash": 990200, "gush_parce": "6875/68"}, "geometry": {"type": "Point", "coordinates": [34.87279676180575, 31.993489617161554]}}, {"type": "Feature", "properties": {"OBJECTID": 543, "num_tik": 205041300, "settlement": "יגל", "tochnit": "משמ/53/גז", "mevakesh": "רמז אברהם", "url_bkasha": "https://sdan.complot.co.il/iturbakashot/#request/20080089", "url_tik": "https://sdan.complot.co.il/tikbinyan/#building/205041300", "gush": 6875, "helka": 75, "migrash": "413", "x": 188087.3024, "y": 655570.7489, "origin": "היתרי בניה סרוקים בבקשות לה", "num_bakash": 20080089, "gush_parce": "6875/75"}, "geometry": {"type": "Point", "coordinates": [34.87249687516767, 31.992820799404697]}}, {"type": "Feature", "properties": {"OBJECTID": 544, "num_tik": 205041800, "settlement": "יגל", "tochnit": "משמ/53/גז", "mevakesh": "נורית ויעקב יפרח", "url_bkasha": "https://sdan.complot.co.il/iturbakashot/#request/960340", "url_tik": "https://sdan.complot.co.il/tikbinyan/#building/205041800", "gush": 6875, "helka": 63, "migrash": "418", "x": 188037.9308, "y": 655578.8682, "origin": "היתרי בניה סרוקים בבקשות לה", "num_bakash": 960340, "gush_parce": "6875/63"}, "geometry": {"type": "Point", "coordinates": [34.87197417822385, 31.99289265138357]}}, {"type": "Feature", "properties": {"OBJECTID": 545, "num_tik": 205040800, "settlement": "יגל", "tochnit": "משמ/53/גז", "mevakesh": "אהרון יאיר", "url_bkasha": "https://sdan.complot.co.il/iturbakashot/#request/980909", "url_tik": "https://sdan.complot.co.il/tikbinyan/#building/205040800", "gush": 6875, "helka": 80, "migrash": "408", "x": 188164.3383, "y": 655633.0221, "origin": "היתרי בניה סרוקים בבקשות לה", "num_bakash": 980909, "gush_parce": "6875/80"}, "geometry": {"type": "Point", "coordinates": [34.87331002456166, 31.993384505725743]}}, {"type": "Feature", "properties": {"OBJECTID": 546, "num_tik": 205040200, "settlement": "יגל", "tochnit": "משמ/53/גז", "mevakesh": "בסה  דוד", "url_bkasha": "https://sdan.complot.co.il/iturbakashot/#request/20030061", "url_tik": "https://sdan.complot.co.il/tikbinyan/#building/205040200", "gush": 6875, "helka": 86, "migrash": "402", "x": 188250.6678, "y": 655681.9918, "origin": "היתרי בניה סרוקים בבקשות לה", "num_bakash": 20030061, "gush_parce": "6875/86"}, "geometry": {"type": "Point", "coordinates": [34.87422195654483, 31.99382849242017]}}, {"type": "Feature", "properties": {"OBJECTID": 547, "num_tik": 205042600, "settlement": "יגל", "tochnit": "משמ/53/גז", "mevakesh": "עבדו עמוס", "url_bkasha": "https://sdan.complot.co.il/iturbakashot/#request/20060787", "url_tik": "https://sdan.complot.co.il/tikbinyan/#building/205042600", "gush": 6875, "helka": 71, "migrash": "426", "x": 188159.3554, "y": 655683.3401, "origin": "היתרי בניה סרוקים בבקשות לה", "num_bakash": 20060787, "gush_parce": "6875/71"}, "geometry": {"type": "Point", "coordinates": [34.87325566654893, 31.993838133536457]}}, {"type": "Feature", "properties": {"OBJECTID": 548, "num_tik": 205042600, "settlement": "יגל", "tochnit": "משמ/53/גז", "mevakesh": "עבדו עמוס", "url_bkasha": "https://sdan.complot.co.il/iturbakashot/#request/980817", "url_tik": "https://sdan.complot.co.il/tikbinyan/#building/205042600", "gush": 6875, "helka": 71, "migrash": " ", "x": 188159.9403, "y": 655682.9442, "origin": "היתרי בניה סרוקים בבקשות לה", "num_bakash": 980817, "gush_parce": "6875/71"}, "geometry": {"type": "Point", "coordinates": [34.87326186865118, 31.9938345794798]}}, {"type": "Feature", "properties": {"OBJECTID": 549, "num_tik": 205040401, "settlement": "יגל", "tochnit": "משמ/53/גז", "mevakesh": "אילוז יחזקאל", "url_bkasha": "https://sdan.complot.co.il/iturbakashot/#request/980258", "url_tik": "https://sdan.complot.co.il/tikbinyan/#building/205040401", "gush": 6875, "helka": 84, "migrash": "404", "x": 188220.8904, "y": 655683.9188, "origin": "היתרי בניה סרוקים בבקשות לה", "num_bakash": 980258, "gush_parce": "6875/84"}, "geometry": {"type": "Point", "coordinates": [34.873906796782634, 31.993845049762722]}}, {"type": "Feature", "properties": {"OBJECTID": 550, "num_tik": 205041600, "settlement": "יגל", "tochnit": "משמ/53/גז", "mevakesh": "ביטון שי", "url_bkasha": "https://sdan.complot.co.il/iturbakashot/#request/20080029", "url_tik": "https://sdan.complot.co.il/tikbinyan/#building/205041600", "gush": 6875, "helka": 72, "migrash": "416", "x": 188042.8597, "y": 655528.9353, "origin": "היתרי בניה סרוקים בבקשות לה", "num_bakash": 20080029, "gush_parce": "6875/72"}, "geometry": {"type": "Point", "coordinates": [34.87202795800804, 31.99244249541064]}}, {"type": "Feature", "properties": {"OBJECTID": 551, "num_tik": 205041500, "settlement": "יגל", "tochnit": "משמ/53/גז", "mevakesh": "עמרם משה וורדה", "url_bkasha": "https://sdan.complot.co.il/iturbakashot/#request/960597", "url_tik": "https://sdan.complot.co.il/tikbinyan/#building/205041500", "gush": 6875, "helka": 73, "migrash": "415", "x": 188056.3426, "y": 655549.3135, "origin": "היתרי בניה סרוקים בבקשות לה", "num_bakash": 960597, "gush_parce": "6875/73"}, "geometry": {"type": "Point", "coordinates": [34.87216996628403, 31.992626638683316]}}, {"type": "Feature", "properties": {"OBJECTID": 552, "num_tik": 205041501, "settlement": "יגל", "tochnit": "משמ/53/גז", "mevakesh": "עמרם משה", "url_bkasha": "https://sdan.complot.co.il/iturbakashot/#request/980099", "url_tik": "https://sdan.complot.co.il/tikbinyan/#building/205041501", "gush": 6875, "helka": 73, "migrash": " ", "x": 188054.7545, "y": 655548.0729, "origin": "היתרי בניה סרוקים בבקשות לה", "num_bakash": 980099, "gush_parce": "6875/73"}, "geometry": {"type": "Point", "coordinates": [34.87215320193558, 31.99261540701282]}}, {"type": "Feature", "properties": {"OBJECTID": 553, "num_tik": 205042400, "settlement": "יגל", "tochnit": "משמ/53/גז", "mevakesh": "פליישר אורי", "url_bkasha": "https://sdan.complot.co.il/iturbakashot/#request/960830", "url_tik": "https://sdan.complot.co.il/tikbinyan/#building/205042400", "gush": 6875, "helka": 69, "migrash": "424", "x": 188130.2251, "y": 655657.7377, "origin": "היתרי בניה סרוקים בבקשות לה", "num_bakash": 960830, "gush_parce": "6875/69"}, "geometry": {"type": "Point", "coordinates": [34.87292695732818, 31.99356848639242]}}, {"type": "Feature", "properties": {"OBJECTID": 554, "num_tik": 205042400, "settlement": "יגל", "tochnit": "משמ/53/גז", "mevakesh": "פליישר אורי", "url_bkasha": "https://sdan.complot.co.il/iturbakashot/#request/990780", "url_tik": "https://sdan.complot.co.il/tikbinyan/#building/205042400", "gush": 6875, "helka": 69, "migrash": "424", "x": 188130.2251, "y": 655657.7377, "origin": "היתרי בניה סרוקים בבקשות לה", "num_bakash": 990780, "gush_parce": "6875/69"}, "geometry": {"type": "Point", "coordinates": [34.87292008328132, 31.993572041383047]}}, {"type": "Feature", "properties": {"OBJECTID": 555, "num_tik": 205042101, "settlement": "יגל", "tochnit": "משמ/53/גז", "mevakesh": "יפרח קובי וציפי", "url_bkasha": "https://sdan.complot.co.il/iturbakashot/#request/960398", "url_tik": "https://sdan.complot.co.il/tikbinyan/#building/205042101", "gush": 6875, "helka": 66, "migrash": "421", "x": 188083.0089, "y": 655619.1709, "origin": "היתרי בניה סרוקים בבקשות לה", "num_bakash": 960398, "gush_parce": "6875/66"}, "geometry": {"type": "Point", "coordinates": [34.87244987012028, 31.993257347925994]}}, {"type": "Feature", "properties": {"OBJECTID": 556, "num_tik": 205041400, "settlement": "יגל", "tochnit": "משמ/53/גז", "mevakesh": "מימון  אלי  וזהבה", "url_bkasha": "https://sdan.complot.co.il/iturbakashot/#request/20020278", "url_tik": "https://sdan.complot.co.il/tikbinyan/#building/205041400", "gush": 6875, "helka": 74, "migrash": "414", "x": 188069.5552, "y": 655559.8467, "origin": "היתרי בניה סרוקים בבקשות לה", "num_bakash": 20020278, "gush_parce": "6875/74"}, "geometry": {"type": "Point", "coordinates": [34.87230943480438, 31.992721992553182]}}, {"type": "Feature", "properties": {"OBJECTID": 557, "num_tik": 205041400, "settlement": "יגל", "tochnit": "משמ/53/גז", "mevakesh": "מימון אלי וזהבה", "url_bkasha": "https://sdan.complot.co.il/iturbakashot/#request/960656", "url_tik": "https://sdan.complot.co.il/tikbinyan/#building/205041400", "gush": 6875, "helka": 74, "migrash": "414", "x": 188068.9673, "y": 655559.2809, "origin": "היתרי בניה סרוקים בבקשות לה", "num_bakash": 960656, "gush_parce": "6875/74"}, "geometry": {"type": "Point", "coordinates": [34.872303232245656, 31.992716873914656]}}, {"type": "Feature", "properties": {"OBJECTID": 558, "num_tik": 205041900, "settlement": "יגל", "tochnit": "משמ/53/גז", "mevakesh": "אגוז שניר", "url_bkasha": "https://sdan.complot.co.il/iturbakashot/#request/980645", "url_tik": "https://sdan.complot.co.il/tikbinyan/#building/205041900", "gush": 6875, "helka": 64, "migrash": "419", "x": 188053.9047, "y": 655591.7772, "origin": "היתרי בניה סרוקים בבקשות לה", "num_bakash": 980645, "gush_parce": "6875/64"}, "geometry": {"type": "Point", "coordinates": [34.872142788857694, 31.993009506827402]}}, {"type": "Feature", "properties": {"OBJECTID": 559, "num_tik": 205040500, "settlement": "יגל", "tochnit": "משמ/53/גז", "mevakesh": "צבעוני שאול ופז", "url_bkasha": "https://sdan.complot.co.il/iturbakashot/#request/970838", "url_tik": "https://sdan.complot.co.il/tikbinyan/#building/205040500", "gush": 6875, "helka": 83, "migrash": "405", "x": 188208.0492, "y": 655676.7946, "origin": "היתרי בניה סרוקים בבקשות לה", "num_bakash": 970838, "gush_parce": "6875/83"}, "geometry": {"type": "Point", "coordinates": [34.87377114468171, 31.99378045008762]}}, {"type": "Feature", "properties": {"OBJECTID": 560, "num_tik": 205041200, "settlement": "יגל", "tochnit": "משמ/53/גז", "mevakesh": "סיני איריס ורונן", "url_bkasha": "https://sdan.complot.co.il/iturbakashot/#request/970204", "url_tik": "https://sdan.complot.co.il/tikbinyan/#building/205041200", "gush": 6875, "helka": 76, "migrash": "412", "x": 188104.2836, "y": 655579.2882, "origin": "היתרי בניה סרוקים בבקשות לה", "num_bakash": 970204, "gush_parce": "6875/76"}, "geometry": {"type": "Point", "coordinates": [34.87267628707791, 31.992898276268352]}}, {"type": "Feature", "properties": {"OBJECTID": 561, "num_tik": 205041700, "settlement": "יגל", "tochnit": "משמ/53/גז", "mevakesh": "דדון  פנינה", "url_bkasha": "https://sdan.complot.co.il/iturbakashot/#request/20120121", "url_tik": "https://sdan.complot.co.il/tikbinyan/#building/205041700", "gush": 6875, "helka": 62, "migrash": "417", "x": 188019.2332, "y": 655566.9065, "origin": "היתרי בניה סרוקים בבקשות לה", "num_bakash": 20120121, "gush_parce": "6875/62"}, "geometry": {"type": "Point", "coordinates": [34.8716996029492, 31.992797058432302]}}, {"type": "Feature", "properties": {"OBJECTID": 562, "num_tik": 205041700, "settlement": "יגל", "tochnit": "משמ/53/גז", "mevakesh": "דדון ישראל", "url_bkasha": "https://sdan.complot.co.il/iturbakashot/#request/970570", "url_tik": "https://sdan.complot.co.il/tikbinyan/#building/205041700", "gush": 6875, "helka": 62, "migrash": "417", "x": 188019.2332, "y": 655566.9065, "origin": "היתרי בניה סרוקים בבקשות לה", "num_bakash": 970570, "gush_parce": "6875/62"}, "geometry": {"type": "Point", "coordinates": [34.87175089988398, 31.992785969059558]}}, {"type": "Feature", "properties": {"OBJECTID": 563, "num_tik": 205042200, "settlement": "יגל", "tochnit": "משמ/53/גז", "mevakesh": "שינכה יחזקאל וסיגל", "url_bkasha": "https://sdan.complot.co.il/iturbakashot/#request/960609", "url_tik": "https://sdan.complot.co.il/tikbinyan/#building/205042200", "gush": 6875, "helka": 67, "migrash": "422", "x": 188099.6571, "y": 655631.9694, "origin": "היתרי בניה סרוקים בבקשות לה", "num_bakash": 960609, "gush_parce": "6875/67"}, "geometry": {"type": "Point", "coordinates": [34.872625620861164, 31.99337322491102]}}, {"type": "Feature", "properties": {"OBJECTID": 564, "num_tik": 205040700, "settlement": "יגל", "tochnit": "משמ/53/גז", "mevakesh": "ניסים עובד", "url_bkasha": "https://sdan.complot.co.il/iturbakashot/#request/990052", "url_tik": "https://sdan.complot.co.il/tikbinyan/#building/205040700", "gush": 6875, "helka": 81, "migrash": " ", "x": 188177.8217, "y": 655646.4175, "origin": "היתרי בניה סרוקים בבקשות לה", "num_bakash": 990052, "gush_parce": "6875/81"}, "geometry": {"type": "Point", "coordinates": [34.873452268258596, 31.993505677008162]}}, {"type": "Feature", "properties": {"OBJECTID": 565, "num_tik": 205042500, "settlement": "יגל", "tochnit": "משמ/53/גז", "mevakesh": "יפרח יעקב ואורית", "url_bkasha": "https://sdan.complot.co.il/iturbakashot/#request/20020248", "url_tik": "https://sdan.complot.co.il/tikbinyan/#building/205042500", "gush": 6875, "helka": 70, "migrash": "425", "x": 188144.7826, "y": 655670.393, "origin": "היתרי בניה סרוקים בבקשות לה", "num_bakash": 20020248, "gush_parce": "6875/70"}, "geometry": {"type": "Point", "coordinates": [34.87304421260981, 31.99375623434945]}}, {"type": "Feature", "properties": {"OBJECTID": 566, "num_tik": 205040300, "settlement": "יגל", "tochnit": "משמ/53/גז", "mevakesh": "יפרח מיכא וקלודין", "url_bkasha": "https://sdan.complot.co.il/iturbakashot/#request/960263", "url_tik": "https://sdan.complot.co.il/tikbinyan/#building/205040300", "gush": 6875, "helka": 85, "migrash": "403", "x": 188241.7783, "y": 655693.2145, "origin": "היתרי בניה סרוקים בבקשות לה", "num_bakash": 960263, "gush_parce": "6875/85"}, "geometry": {"type": "Point", "coordinates": [34.8741275272616, 31.993929453423476]}}, {"type": "Feature", "properties": {"OBJECTID": 582, "num_tik": 205031500, "settlement": "יגל", "tochnit": "משמ/53/גז", "mevakesh": "ביטון כוכבה ומיכאל", "url_bkasha": "https://sdan.complot.co.il/iturbakashot/#request/960247", "url_tik": "https://sdan.complot.co.il/tikbinyan/#building/205031500", "gush": 6876, "helka": 73, "migrash": " ", "x": 188952.6473, "y": 655003.4046, "origin": "היתרי בניה סרוקים בבקשות לה", "num_bakash": 960247, "gush_parce": "6876/73"}, "geometry": {"type": "Point", "coordinates": [34.88167156931301, 31.987728127748987]}}, {"type": "Feature", "properties": {"OBJECTID": 612, "num_tik": 210007507, "settlement": "צפריה", "tochnit": "משמ/63/גז", "mevakesh": "מדמון דותן", "url_bkasha": "https://sdan.complot.co.il/iturbakashot/#request/20130017", "url_tik": "https://sdan.complot.co.il/tikbinyan/#building/210007507", "gush": 6837, "helka": 38, "migrash": "75", "x": 187217.2773, "y": 656454.6444, "origin": "היתרי בניה סרוקים בבקשות לה", "num_bakash": 20130017, "gush_parce": "6837/38"}, "geometry": {"type": "Point", "coordinates": [34.86326107507127, 32.00076730300442]}}, {"type": "Feature", "properties": {"OBJECTID": 630, "num_tik": 205005301, "settlement": "יגל", "tochnit": " ", "mevakesh": "אלמליח ראובן", "url_bkasha": "https://sdan.complot.co.il/iturbakashot/#request/758692", "url_tik": "https://sdan.complot.co.il/tikbinyan/#building/205005301", "gush": 6875, "helka": 3, "migrash": "53", "x": 188891.8743, "y": 655149.9981, "origin": "היתרי בניה סרוקים בבקשות לה", "num_bakash": 758692, "gush_parce": "6875/3"}, "geometry": {"type": "Point", "coordinates": [34.88102388831249, 31.98904846549479]}}, {"type": "Feature", "properties": {"OBJECTID": 631, "num_tik": 205005301, "settlement": "יגל", "tochnit": " ", "mevakesh": "אלמליח שלום", "url_bkasha": "https://sdan.complot.co.il/iturbakashot/#request/20140087", "url_tik": "https://sdan.complot.co.il/tikbinyan/#building/205005301", "gush": 6875, "helka": 3, "migrash": "53", "x": 188877.3946, "y": 655158.821, "origin": "היתרי בניה סרוקים בבקשות לה", "num_bakash": 20140087, "gush_parce": "6875/3"}, "geometry": {"type": "Point", "coordinates": [34.880870396116194, 31.98912763961782]}}, {"type": "Feature", "properties": {"OBJECTID": 632, "num_tik": 205005301, "settlement": "יגל", "tochnit": " ", "mevakesh": "אלמליח ראובן", "url_bkasha": "https://sdan.complot.co.il/iturbakashot/#request/910327", "url_tik": "https://sdan.complot.co.il/tikbinyan/#building/205005301", "gush": 6875, "helka": 3, "migrash": " ", "x": 188878.5877, "y": 655156.772, "origin": "היתרי בניה סרוקים בבקשות לה", "num_bakash": 910327, "gush_parce": "6875/3"}, "geometry": {"type": "Point", "coordinates": [34.88088308543554, 31.98910919398689]}}, {"type": "Feature", "properties": {"OBJECTID": 633, "num_tik": 205005301, "settlement": "יגל", "tochnit": " ", "mevakesh": "אלמליח שלום", "url_bkasha": "https://sdan.complot.co.il/iturbakashot/#request/20140104", "url_tik": "https://sdan.complot.co.il/tikbinyan/#building/205005301", "gush": 6875, "helka": 3, "migrash": "53", "x": 188925.316, "y": 655204.3562, "origin": "היתרי בניה סרוקים בבקשות לה", "num_bakash": 20140104, "gush_parce": "6875/3"}, "geometry": {"type": "Point", "coordinates": [34.88137602460315, 31.989539566226277]}}, {"type": "Feature", "properties": {"OBJECTID": 634, "num_tik": 205005301, "settlement": "יגל", "tochnit": " ", "mevakesh": "אלמליח שלום", "url_bkasha": "https://sdan.complot.co.il/iturbakashot/#request/20150003", "url_tik": "https://sdan.complot.co.il/tikbinyan/#building/205005301", "gush": 6875, "helka": 3, "migrash": "53", "x": 188997.7331, "y": 655256.5414, "origin": "היתרי בניה סרוקים בבקשות לה", "num_bakash": 20150003, "gush_parce": "6875/3"}, "geometry": {"type": "Point", "coordinates": [34.882140644992504, 31.990012118762184]}}, {"type": "Feature", "properties": {"OBJECTID": 688, "num_tik": 205002800, "settlement": "יגל", "tochnit": " ", "mevakesh": "ביטון שלום", "url_bkasha": "https://sdan.complot.co.il/iturbakashot/#request/8718922", "url_tik": "https://sdan.complot.co.il/tikbinyan/#building/205002800", "gush": 6875, "helka": 28, "migrash": "28", "x": 188425.3252, "y": 655419.072, "origin": "היתרי בניה סרוקים בבקשות לה", "num_bakash": 8718922, "gush_parce": "6875/28"}, "geometry": {"type": "Point", "coordinates": [34.87607858661308, 31.99146228820292]}}, {"type": "Feature", "properties": {"OBJECTID": 689, "num_tik": 205002800, "settlement": "יגל", "tochnit": " ", "mevakesh": "ביטון שלום", "url_bkasha": "https://sdan.complot.co.il/iturbakashot/#request/737430", "url_tik": "https://sdan.complot.co.il/tikbinyan/#building/205002800", "gush": 6875, "helka": 28, "migrash": "28", "x": 188441.5437, "y": 655443.8626, "origin": "היתרי בניה סרוקים בבקשות לה", "num_bakash": 737430, "gush_parce": "6875/28"}, "geometry": {"type": "Point", "coordinates": [34.87624940666223, 31.991686292713826]}}, {"type": "Feature", "properties": {"OBJECTID": 690, "num_tik": 205002800, "settlement": "יגל", "tochnit": " ", "mevakesh": "הסוכנות היהודית לא\"י", "url_bkasha": "https://sdan.complot.co.il/iturbakashot/#request/683853", "url_tik": "https://sdan.complot.co.il/tikbinyan/#building/205002800", "gush": 6875, "helka": 28, "migrash": "28", "x": 188422.9439, "y": 655415.3678, "origin": "היתרי בניה סרוקים בבקשות לה", "num_bakash": 683853, "gush_parce": "6875/28"}, "geometry": {"type": "Point", "coordinates": [34.876053507897076, 31.991428818683996]}}, {"type": "Feature", "properties": {"OBJECTID": 691, "num_tik": 205002800, "settlement": "יגל", "tochnit": " ", "mevakesh": "ביטון שלום", "url_bkasha": "https://sdan.complot.co.il/iturbakashot/#request/20080128", "url_tik": "https://sdan.complot.co.il/tikbinyan/#building/205002800", "gush": 6875, "helka": 28, "migrash": "28", "x": 188450.0145, "y": 655427.5229, "origin": "היתרי בניה סרוקים בבקשות לה", "num_bakash": 20080128, "gush_parce": "6875/28"}, "geometry": {"type": "Point", "coordinates": [34.87633956507969, 31.991539173713225]}}, {"type": "Feature", "properties": {"OBJECTID": 692, "num_tik": 205002800, "settlement": "יגל", "tochnit": " ", "mevakesh": "ביטון שלום", "url_bkasha": "https://sdan.complot.co.il/iturbakashot/#request/20080021", "url_tik": "https://sdan.complot.co.il/tikbinyan/#building/205002800", "gush": 6875, "helka": 28, "migrash": "28", "x": 188417.3877, "y": 655419.8658, "origin": "היתרי בניה סרוקים בבקשות לה", "num_bakash": 20080021, "gush_parce": "6875/28"}, "geometry": {"type": "Point", "coordinates": [34.87599457048792, 31.991469229330626]}}, {"type": "Feature", "properties": {"OBJECTID": 693, "num_tik": 205003500, "settlement": "יגל", "tochnit": " ", "mevakesh": "עמרם שלמה", "url_bkasha": "https://sdan.complot.co.il/iturbakashot/#request/748430", "url_tik": "https://sdan.complot.co.il/tikbinyan/#building/205003500", "gush": 6875, "helka": 21, "migrash": "35", "x": 188340.964, "y": 655643.4138, "origin": "היתרי בניה סרוקים בבקשות לה", "num_bakash": 748430, "gush_parce": "6875/21"}, "geometry": {"type": "Point", "coordinates": [34.87517869252813, 31.993483080272938]}}, {"type": "Feature", "properties": {"OBJECTID": 694, "num_tik": 205003500, "settlement": "יגל", "tochnit": " ", "mevakesh": "עמרם שלמה", "url_bkasha": "https://sdan.complot.co.il/iturbakashot/#request/920884", "url_tik": "https://sdan.complot.co.il/tikbinyan/#building/205003500", "gush": 6875, "helka": 21, "migrash": "35", "x": 188328.5397, "y": 655659.025, "origin": "היתרי בניה סרוקים בבקשות לה", "num_bakash": 920884, "gush_parce": "6875/21"}, "geometry": {"type": "Point", "coordinates": [34.875046718890076, 31.993623520225448]}}, {"type": "Feature", "properties": {"OBJECTID": 695, "num_tik": 205003500, "settlement": "יגל", "tochnit": " ", "mevakesh": "עמרם נורית", "url_bkasha": "https://sdan.complot.co.il/iturbakashot/#request/20190181", "url_tik": "https://sdan.complot.co.il/tikbinyan/#building/205003500", "gush": 6875, "helka": 21, "migrash": "35", "x": 188344.4481, "y": 655675.6961, "origin": "היתרי בניה סרוקים בבקשות לה", "num_bakash": 20190181, "gush_parce": "6875/21"}, "geometry": {"type": "Point", "coordinates": [34.875214520502496, 31.993774296259783]}}, {"type": "Feature", "properties": {"OBJECTID": 927, "num_tik": 205003500, "settlement": "יגל", "tochnit": " ", "mevakesh": "הסוכנות היהודית לא\"י", "url_bkasha": "https://sdan.complot.co.il/iturbakashot/#request/726486", "url_tik": "https://sdan.complot.co.il/tikbinyan/#building/205003500", "gush": 6875, "helka": 21, "migrash": "35", "x": 188351.5336, "y": 655691.4782, "origin": "היתרי בניה סרוקים בבקשות לה", "num_bakash": 726486, "gush_parce": "6875/21"}, "geometry": {"type": "Point", "coordinates": [34.87528898932887, 31.993916813007296]}}, {"type": "Feature", "properties": {"OBJECTID": 1464, "num_tik": 205042300, "settlement": "יגל", "tochnit": " ", "mevakesh": "באבא קרן", "url_bkasha": "https://sdan.complot.co.il/iturbakashot/#request/990200", "url_tik": "https://sdan.complot.co.il/tikbinyan/#building/205042300", "gush": 6875, "helka": 68, "migrash": "423", "x": 188111.4356, "y": 655643.7899, "origin": "היתרי בניה סרוקים בבקשות לה", "num_bakash": 990200, "gush_parce": "6875/68"}, "geometry": {"type": "Point", "coordinates": [34.87274987395804, 31.99348014743114]}}, {"type": "Feature", "properties": {"OBJECTID": 1468, "num_tik": 252000600, "settlement": "כפר חבד", "tochnit": " ", "mevakesh": "מוסד בית רבקה", "url_bkasha": "https://sdan.complot.co.il/iturbakashot/#request/7911635", "url_tik": "https://sdan.complot.co.il/tikbinyan/#building/252000600", "gush": 6468, "helka": 22, "migrash": "6ד", "x": 187315.1468, "y": 655759.805, "origin": "היתרי בניה סרוקים בבקשות לה", "num_bakash": 7911635, "gush_parce": "6468/22"}, "geometry": {"type": "Point", "coordinates": [34.86431991009009, 31.994504063636214]}}, {"type": "Feature", "properties": {"OBJECTID": 1469, "num_tik": 252000600, "settlement": "כפר חבד", "tochnit": " ", "mevakesh": "ועד כפר חב\"ד", "url_bkasha": "https://sdan.complot.co.il/iturbakashot/#request/817000", "url_tik": "https://sdan.complot.co.il/tikbinyan/#building/252000600", "gush": 6468, "helka": 18, "migrash": "6ד", "x": 187333.6268, "y": 655785.005, "origin": "היתרי בניה סרוקים בבקשות לה", "num_bakash": 817000, "gush_parce": "6468/18"}, "geometry": {"type": "Point", "coordinates": [34.8645146242331, 31.99473183975911]}}, {"type": "Feature", "properties": {"OBJECTID": 1471, "num_tik": 204091900, "settlement": "כפר חבד", "tochnit": " ", "mevakesh": "ועד כפר חב\"ד", "url_bkasha": "https://sdan.complot.co.il/iturbakashot/#request/960237", "url_tik": "https://sdan.complot.co.il/tikbinyan/#building/204091900", "gush": 6264, "helka": 115, "migrash": " ", "x": 187355.9643, "y": 655523.3185, "origin": "היתרי בניה סרוקים בבקשות לה", "num_bakash": 960237, "gush_parce": "6264/115"}, "geometry": {"type": "Point", "coordinates": [34.864759693276916, 31.99237259795903]}}, {"type": "Feature", "properties": {"OBJECTID": 1472, "num_tik": 252000000, "settlement": "כפר חבד", "tochnit": " ", "mevakesh": "כפר חב\"ד", "url_bkasha": "https://sdan.complot.co.il/iturbakashot/#request/20010358", "url_tik": "https://sdan.complot.co.il/tikbinyan/#building/252000000", "gush": 6468, "helka": 28, "migrash": "ציבו", "x": 187310.6043, "y": 655654.3585, "origin": "היתרי בניה סרוקים בבקשות לה", "num_bakash": 20010358, "gush_parce": "6468/28"}, "geometry": {"type": "Point", "coordinates": [34.86427535151946, 31.993553024092076]}}, {"type": "Feature", "properties": {"OBJECTID": 1473, "num_tik": 252000600, "settlement": "כפר חבד", "tochnit": " ", "mevakesh": "מוסד בית רבקה", "url_bkasha": "https://sdan.complot.co.il/iturbakashot/#request/652830", "url_tik": "https://sdan.complot.co.il/tikbinyan/#building/252000600", "gush": 6264, "helka": 115, "migrash": "6ד", "x": 187349.8043, "y": 655518.8385, "origin": "היתרי בניה סרוקים בבקשות לה", "num_bakash": 652830, "gush_parce": "6264/115"}, "geometry": {"type": "Point", "coordinates": [34.864694659603224, 31.99233202307991]}}, {"type": "Feature", "properties": {"OBJECTID": 1474, "num_tik": 205042200, "settlement": "יגל", "tochnit": " ", "mevakesh": "שינכה יחזקאל וסיגל", "url_bkasha": "https://sdan.complot.co.il/iturbakashot/#request/960609", "url_tik": "https://sdan.complot.co.il/tikbinyan/#building/205042200", "gush": 6875, "helka": 67, "migrash": "422", "x": 188096.59, "y": 655629.3882, "origin": "היתרי בניה סרוקים בבקשות לה", "num_bakash": 960609, "gush_parce": "6875/67"}, "geometry": {"type": "Point", "coordinates": [34.87259324949733, 31.993349862911543]}}, {"type": "Feature", "properties": {"OBJECTID": 1475, "num_tik": 205042500, "settlement": "יגל", "tochnit": " ", "mevakesh": "יפרח יעקב ואורית", "url_bkasha": "https://sdan.complot.co.il/iturbakashot/#request/960608", "url_tik": "https://sdan.complot.co.il/tikbinyan/#building/205042500", "gush": 6875, "helka": 70, "migrash": "425", "x": 188141.6545, "y": 655669.3092, "origin": "היתרי בניה סרוקים בבקשות לה", "num_bakash": 960608, "gush_parce": "6875/70"}, "geometry": {"type": "Point", "coordinates": [34.87307015616122, 31.993708840157023]}}, {"type": "Feature", "properties": {"OBJECTID": 1476, "num_tik": 205042600, "settlement": "יגל", "tochnit": " ", "mevakesh": "עבדו עמוס", "url_bkasha": "https://sdan.complot.co.il/iturbakashot/#request/20060787", "url_tik": "https://sdan.complot.co.il/tikbinyan/#building/205042600", "gush": 6875, "helka": 71, "migrash": "426", "x": 188157.1429, "y": 655682.2229, "origin": "היתרי בניה סרוקים בבקשות לה", "num_bakash": 20060787, "gush_parce": "6875/71"}, "geometry": {"type": "Point", "coordinates": [34.87323229059576, 31.993827997581572]}}, {"type": "Feature", "properties": {"OBJECTID": 1477, "num_tik": 205042600, "settlement": "יגל", "tochnit": " ", "mevakesh": "עבדו עמוס", "url_bkasha": "https://sdan.complot.co.il/iturbakashot/#request/980817", "url_tik": "https://sdan.complot.co.il/tikbinyan/#building/205042600", "gush": 6875, "helka": 71, "migrash": " ", "x": 188156.7411, "y": 655677.9594, "origin": "היתרי בניה סרוקים בבקשות לה", "num_bakash": 980817, "gush_parce": "6875/71"}, "geometry": {"type": "Point", "coordinates": [34.87322817700102, 31.993789538441327]}}, {"type": "Feature", "properties": {"OBJECTID": 1478, "num_tik": 205042400, "settlement": "יגל", "tochnit": " ", "mevakesh": "פליישר אורי", "url_bkasha": "https://sdan.complot.co.il/iturbakashot/#request/990780", "url_tik": "https://sdan.complot.co.il/tikbinyan/#building/205042400", "gush": 6875, "helka": 69, "migrash": "424", "x": 188127.0611, "y": 655654.1594, "origin": "היתרי בניה סרוקים בבקשות לה", "num_bakash": 990780, "gush_parce": "6875/69"}, "geometry": {"type": "Point", "coordinates": [34.872914882344986, 31.993574091124277]}}, {"type": "Feature", "properties": {"OBJECTID": 1479, "num_tik": 205042400, "settlement": "יגל", "tochnit": " ", "mevakesh": "פליישר אורי", "url_bkasha": "https://sdan.complot.co.il/iturbakashot/#request/960830", "url_tik": "https://sdan.complot.co.il/tikbinyan/#building/205042400", "gush": 6875, "helka": 69, "migrash": "424", "x": 188129.3011, "y": 655651.6394, "origin": "היתרי בניה סרוקים בבקשות לה", "num_bakash": 960830, "gush_parce": "6875/69"}, "geometry": {"type": "Point", "coordinates": [34.87293866716109, 31.993551427797133]}}, {"type": "Feature", "properties": {"OBJECTID": 1485, "num_tik": 205000001, "settlement": "יגל", "tochnit": " ", "mevakesh": "מ.א.עמק לוד", "url_bkasha": "https://sdan.complot.co.il/iturbakashot/#request/759152", "url_tik": "https://sdan.complot.co.il/tikbinyan/#building/205000001", "gush": 6876, "helka": 55, "migrash": "1", "x": 188744.8887, "y": 655025.1844, "origin": "היתרי בניה סרוקים בבקשות לה", "num_bakash": 759152, "gush_parce": "6876/55"}, "geometry": {"type": "Point", "coordinates": [34.87947256847838, 31.9879189280218]}}, {"type": "Feature", "properties": {"OBJECTID": 1486, "num_tik": 205000001, "settlement": "יגל", "tochnit": " ", "mevakesh": "ועד המושב", "url_bkasha": "https://sdan.complot.co.il/iturbakashot/#request/8212538", "url_tik": "https://sdan.complot.co.il/tikbinyan/#building/205000001", "gush": 6876, "helka": 55, "migrash": "1", "x": 188800.7815, "y": 655058.0911, "origin": "היתרי בניה סרוקים בבקשות לה", "num_bakash": 8212538, "gush_parce": "6876/55"}, "geometry": {"type": "Point", "coordinates": [34.8800629312795, 31.98821719238121]}}, {"type": "Feature", "properties": {"OBJECTID": 1487, "num_tik": 205000001, "settlement": "יגל", "tochnit": " ", "mevakesh": "מ.א.עמק לוד", "url_bkasha": "https://sdan.complot.co.il/iturbakashot/#request/7710304", "url_tik": "https://sdan.complot.co.il/tikbinyan/#building/205000001", "gush": 6876, "helka": 55, "migrash": "1", "x": 188801.1893, "y": 655055.1091, "origin": "היתרי בניה סרוקים בבקשות לה", "num_bakash": 7710304, "gush_parce": "6876/55"}, "geometry": {"type": "Point", "coordinates": [34.8800673408781, 31.988190311829534]}}, {"type": "Feature", "properties": {"OBJECTID": 1488, "num_tik": 205042000, "settlement": "יגל", "tochnit": " ", "mevakesh": "ברזילי אייל", "url_bkasha": "https://sdan.complot.co.il/iturbakashot/#request/960747", "url_tik": "https://sdan.complot.co.il/tikbinyan/#building/205042000", "gush": 6875, "helka": 65, "migrash": "420", "x": 188070.0515, "y": 655603.5634, "origin": "היתרי בניה סרוקים בבקשות לה", "num_bakash": 960747, "gush_parce": "6875/65"}, "geometry": {"type": "Point", "coordinates": [34.87231326597644, 31.993116241477622]}}, {"type": "Feature", "properties": {"OBJECTID": 1489, "num_tik": 205042101, "settlement": "יגל", "tochnit": " ", "mevakesh": "יפרח קובי וציפי", "url_bkasha": "https://sdan.complot.co.il/iturbakashot/#request/960398", "url_tik": "https://sdan.complot.co.il/tikbinyan/#building/205042101", "gush": 6875, "helka": 66, "migrash": "421", "x": 188083.2417, "y": 655615.4024, "origin": "היתרי בניה סרוקים בבקשות לה", "num_bakash": 960398, "gush_parce": "6875/66"}, "geometry": {"type": "Point", "coordinates": [34.87245245594047, 31.993223370212295]}}, {"type": "Feature", "properties": {"OBJECTID": 1533, "num_tik": 205000304, "settlement": "יגל", "tochnit": " ", "mevakesh": "יגל מושב עובדים להתי", "url_bkasha": "https://sdan.complot.co.il/iturbakashot/#request/20190139", "url_tik": "https://sdan.complot.co.il/tikbinyan/#building/205000304", "gush": 6876, "helka": 55, "migrash": "83", "x": 188807.6459, "y": 655086.6091, "origin": "היתרי בניה סרוקים בבקשות לה", "num_bakash": 20190139, "gush_parce": "6876/55"}, "geometry": {"type": "Point", "coordinates": [34.880134659713924, 31.988474552380282]}}, {"type": "Feature", "properties": {"OBJECTID": 1545, "num_tik": 204091900, "settlement": "כפר חבד", "tochnit": " ", "mevakesh": "ועד כפר חב\"ד", "url_bkasha": "https://sdan.complot.co.il/iturbakashot/#request/920157", "url_tik": "https://sdan.complot.co.il/tikbinyan/#building/204091900", "gush": 6264, "helka": 115, "migrash": " ", "x": 187354.786, "y": 655519.5736, "origin": "היתרי בניה סרוקים בבקשות לה", "num_bakash": 920157, "gush_parce": "6264/115"}, "geometry": {"type": "Point", "coordinates": [34.86474734944576, 31.992338793275827]}}, {"type": "Feature", "properties": {"OBJECTID": 1546, "num_tik": 201050100, "settlement": "אחיעזר", "tochnit": " ", "mevakesh": "ועד מושב אחיעזר", "url_bkasha": "https://sdan.complot.co.il/iturbakashot/#request/20030338", "url_tik": "https://sdan.complot.co.il/tikbinyan/#building/201050100", "gush": 5990, "helka": 99, "migrash": "501", "x": 187309.811, "y": 655081.737, "origin": "היתרי בניה סרוקים בבקשות לה", "num_bakash": 20030338, "gush_parce": "5990/99"}, "geometry": {"type": "Point", "coordinates": [34.864286012220234, 31.988389130942583]}}, {"type": "Feature", "properties": {"OBJECTID": 1599, "num_tik": 205000101, "settlement": "יגל", "tochnit": " ", "mevakesh": "ועד המושב", "url_bkasha": "https://sdan.complot.co.il/iturbakashot/#request/695046", "url_tik": "https://sdan.complot.co.il/tikbinyan/#building/205000101", "gush": 6876, "helka": 55, "migrash": " ", "x": 188763.1418, "y": 655050.7361, "origin": "היתרי בניה סרוקים בבקשות לה", "num_bakash": 695046, "gush_parce": "6876/55"}, "geometry": {"type": "Point", "coordinates": [34.87966489449385, 31.988149846763484]}}, {"type": "Feature", "properties": {"OBJECTID": 1600, "num_tik": 205000029, "settlement": "יגל", "tochnit": " ", "mevakesh": "ועד מושב יגל", "url_bkasha": "https://sdan.complot.co.il/iturbakashot/#request/20040390", "url_tik": "https://sdan.complot.co.il/tikbinyan/#building/205000029", "gush": 6876, "helka": 55, "migrash": " ", "x": 188750.3348, "y": 655107.9065, "origin": "היתרי בניה סרוקים בבקשות לה", "num_bakash": 20040390, "gush_parce": "6876/55"}, "geometry": {"type": "Point", "coordinates": [34.87952756513429, 31.98866506071032]}}, {"type": "Feature", "properties": {"OBJECTID": 1610, "num_tik": 204099900, "settlement": "כפר חבד", "tochnit": " ", "mevakesh": "ועד כפר חב\"ד", "url_bkasha": "https://sdan.complot.co.il/iturbakashot/#request/900187", "url_tik": "https://sdan.complot.co.il/tikbinyan/#building/204099900", "gush": 6468, "helka": 30, "migrash": "928", "x": 187451.7061, "y": 655574.6662, "origin": "היתרי בניה סרוקים בבקשות לה", "num_bakash": 900187, "gush_parce": "6468/30"}, "geometry": {"type": "Point", "coordinates": [34.865771092298814, 31.992838356316874]}}, {"type": "Feature", "properties": {"OBJECTID": 1611, "num_tik": 204099900, "settlement": "כפר חבד", "tochnit": " ", "mevakesh": "מוסד בית רבקה", "url_bkasha": "https://sdan.complot.co.il/iturbakashot/#request/8413137", "url_tik": "https://sdan.complot.co.il/tikbinyan/#building/204099900", "gush": 6468, "helka": 30, "migrash": "6ד", "x": 187461.0861, "y": 655574.2462, "origin": "היתרי בניה סרוקים בבקשות לה", "num_bakash": 8413137, "gush_parce": "6468/30"}, "geometry": {"type": "Point", "coordinates": [34.86587036201583, 31.99283483360323]}}, {"type": "Feature", "properties": {"OBJECTID": 1612, "num_tik": 204099900, "settlement": "כפר חבד", "tochnit": " ", "mevakesh": "מוסד בית רבקה", "url_bkasha": "https://sdan.complot.co.il/iturbakashot/#request/7911636", "url_tik": "https://sdan.complot.co.il/tikbinyan/#building/204099900", "gush": 6468, "helka": 59, "migrash": "6ד", "x": 187511.2061, "y": 655580.6862, "origin": "היתרי בניה סרוקים בבקשות לה", "num_bakash": 7911636, "gush_parce": "6468/59"}, "geometry": {"type": "Point", "coordinates": [34.86640050094834, 31.99289432290755]}}, {"type": "Feature", "properties": {"OBJECTID": 1613, "num_tik": 204099900, "settlement": "כפר חבד", "tochnit": " ", "mevakesh": "ועד כפר חב\"ד", "url_bkasha": "https://sdan.complot.co.il/iturbakashot/#request/8614156", "url_tik": "https://sdan.complot.co.il/tikbinyan/#building/204099900", "gush": 6468, "helka": 30, "migrash": "6ד", "x": 187433.6461, "y": 655580.4062, "origin": "היתרי בניה סרוקים בבקשות לה", "num_bakash": 8614156, "gush_parce": "6468/30"}, "geometry": {"type": "Point", "coordinates": [34.865579797549316, 31.99288960923173]}}, {"type": "Feature", "properties": {"OBJECTID": 1726, "num_tik": 205010500, "settlement": "יגל", "tochnit": " ", "mevakesh": "ועד המושב", "url_bkasha": "https://sdan.complot.co.il/iturbakashot/#request/7610371", "url_tik": "https://sdan.complot.co.il/tikbinyan/#building/205010500", "gush": 6875, "helka": 47, "migrash": "105", "x": 188727.1516, "y": 655179.5917, "origin": "היתרי בניה סרוקים בבקשות לה", "num_bakash": 7610371, "gush_parce": "6875/47"}, "geometry": {"type": "Point", "coordinates": [34.87927997951577, 31.989310886290525]}}, {"type": "Feature", "properties": {"OBJECTID": 1845, "num_tik": 205000000, "settlement": "יגל", "tochnit": " ", "mevakesh": "מזכירות מושב יגל", "url_bkasha": "https://sdan.complot.co.il/iturbakashot/#request/704309", "url_tik": "https://sdan.complot.co.il/tikbinyan/#building/205000000", "gush": 6875, "helka": 39, "migrash": "46", "x": 188647.2691, "y": 655319.8852, "origin": "היתרי בניה סרוקים בבקשות לה", "num_bakash": 704309, "gush_parce": "6875/39"}, "geometry": {"type": "Point", "coordinates": [34.87843024864258, 31.990573879707714]}}, {"type": "Feature", "properties": {"OBJECTID": 1846, "num_tik": 205000000, "settlement": "יגל", "tochnit": " ", "mevakesh": "מזכירות מושב יגל", "url_bkasha": "https://sdan.complot.co.il/iturbakashot/#request/704309", "url_tik": "https://sdan.complot.co.il/tikbinyan/#building/205000000", "gush": 6875, "helka": 40, "migrash": "46", "x": 188411.4779, "y": 655489.5732, "origin": "היתרי בניה סרוקים בבקשות לה", "num_bakash": 704309, "gush_parce": "6875/40"}, "geometry": {"type": "Point", "coordinates": [34.87592979571759, 31.992097685940205]}}, {"type": "Feature", "properties": {"OBJECTID": 1855, "num_tik": 205011200, "settlement": "יגל", "tochnit": " ", "mevakesh": " ", "url_bkasha": "https://sdan.complot.co.il/iturbakashot/#request/20200136", "url_tik": "https://sdan.complot.co.il/tikbinyan/#building/205011200", "gush": 6876, "helka": 70, "migrash": " ", "x": 188917.9748, "y": 655010.1609, "origin": "היתרי בניה סרוקים בבקשות לה", "num_bakash": 20200136, "gush_parce": "6876/70"}, "geometry": {"type": "Point", "coordinates": [34.88130448353303, 31.987788122382135]}}, {"type": "Feature", "properties": {"OBJECTID": 1893, "num_tik": 201033700, "settlement": "אחיעזר", "tochnit": " ", "mevakesh": " ", "url_bkasha": "https://sdan.complot.co.il/iturbakashot/#request/20200276", "url_tik": "https://sdan.complot.co.il/tikbinyan/#building/201033700", "gush": 5990, "helka": 4, "migrash": " ", "x": 187085.2162, "y": 655016.4221, "origin": "היתרי בניה סרוקים בבקשות לה", "num_bakash": 20200276, "gush_parce": "5990/4"}, "geometry": {"type": "Point", "coordinates": [34.86191173527647, 31.987793733213547]}}, {"type": "Feature", "properties": {"OBJECTID": 1895, "num_tik": 205003700, "settlement": "יגל", "tochnit": " ", "mevakesh": "שינחה תקוה", "url_bkasha": "https://sdan.complot.co.il/iturbakashot/#request/980313", "url_tik": "https://sdan.complot.co.il/tikbinyan/#building/205003700", "gush": 6875, "helka": 19, "migrash": " ", "x": 188384.9142, "y": 655588.3489, "origin": "היתרי בניה סרוקים בבקשות לה", "num_bakash": 980313, "gush_parce": "6875/19"}, "geometry": {"type": "Point", "coordinates": [34.87564016794665, 31.99313898856503]}}, {"type": "Feature", "properties": {"OBJECTID": 1897, "num_tik": 252000600, "settlement": "כפר חבד", "tochnit": " ", "mevakesh": " ", "url_bkasha": "https://sdan.complot.co.il/iturbakashot/#request/7910873", "url_tik": "https://sdan.complot.co.il/tikbinyan/#building/252000600", "gush": 6468, "helka": 18, "migrash": " ", "x": 187319.1063, "y": 655788.3862, "origin": "היתרי בניה סרוקים בבקשות לה", "num_bakash": 7910873, "gush_parce": "6468/18"}, "geometry": {"type": "Point", "coordinates": [34.86436085785615, 31.99476191957888]}}, {"type": "Feature", "properties": {"OBJECTID": 1922, "num_tik": 2010337, "settlement": "אחיעזר", "tochnit": " ", "mevakesh": "כהן אהרון", "url_bkasha": "https://sdan.complot.co.il/iturbakashot/#request/20200276", "url_tik": "https://sdan.complot.co.il/tikbinyan/#building/2010337", "gush": 5990, "helka": 42, "migrash": "337", "x": 187339.8287, "y": 655044.7781, "origin": "היתרי בניה סרוקים בבקשות לה", "num_bakash": 20200276, "gush_parce": "5990/42"}, "geometry": {"type": "Point", "coordinates": [34.864604861977256, 31.988056688132055]}}, {"type": "Feature", "properties": {"OBJECTID": 1993, "num_tik": 205001800, "settlement": "יגל", "tochnit": " ", "mevakesh": "צ'פני אפריים", "url_bkasha": "https://sdan.complot.co.il/iturbakashot/#request/621664", "url_tik": "https://sdan.complot.co.il/tikbinyan/#building/205001800", "gush": 6876, "helka": 3, "migrash": "18", "x": 188676.8527, "y": 655128.0565, "origin": "היתרי בניה סרוקים בבקשות לה", "num_bakash": 621664, "gush_parce": "6876/3"}, "geometry": {"type": "Point", "coordinates": [34.87874939605237, 31.988844779944223]}}, {"type": "Feature", "properties": {"OBJECTID": 1994, "num_tik": 205001800, "settlement": "יגל", "tochnit": " ", "mevakesh": "הסוכנות היהודית", "url_bkasha": "https://sdan.complot.co.il/iturbakashot/#request/631751", "url_tik": "https://sdan.complot.co.il/tikbinyan/#building/205001800", "gush": 6876, "helka": 3, "migrash": "18", "x": 188674.8466, "y": 655126.2643, "origin": "היתרי בניה סרוקים בבקשות לה", "num_bakash": 631751, "gush_parce": "6876/3"}, "geometry": {"type": "Point", "coordinates": [34.87872822621194, 31.988828563475607]}}, {"type": "Feature", "properties": {"OBJECTID": 1995, "num_tik": 205002400, "settlement": "יגל", "tochnit": " ", "mevakesh": "סויסה שלמה", "url_bkasha": "https://sdan.complot.co.il/iturbakashot/#request/759639", "url_tik": "https://sdan.complot.co.il/tikbinyan/#building/205002400", "gush": 6875, "helka": 32, "migrash": "24", "x": 188549.6532, "y": 655324.9005, "origin": "היתרי בניה סרוקים בבקשות לה", "num_bakash": 759639, "gush_parce": "6875/32"}, "geometry": {"type": "Point", "coordinates": [34.87739717577114, 31.990616450118658]}}, {"type": "Feature", "properties": {"OBJECTID": 1996, "num_tik": 0, "settlement": "יגל", "tochnit": " ", "mevakesh": " ", "url_bkasha": "https://sdan.complot.co.il/iturbakashot/#request/20090015", "url_tik": "https://sdan.complot.co.il/tikbinyan/#building/", "gush": 6875, "helka": 32, "migrash": " ", "x": 188547.1705, "y": 655296.4926, "origin": "היתרי בניה סרוקים בבקשות לה", "num_bakash": 20090015, "gush_parce": "6875/32"}, "geometry": {"type": "Point", "coordinates": [34.87737181424893, 31.990360201064036]}}, {"type": "Feature", "properties": {"OBJECTID": 1997, "num_tik": 205002400, "settlement": "יגל", "tochnit": " ", "mevakesh": "סויסה שלמה", "url_bkasha": "https://sdan.complot.co.il/iturbakashot/#request/631707", "url_tik": "https://sdan.complot.co.il/tikbinyan/#building/205002400", "gush": 6875, "helka": 32, "migrash": "24", "x": 188553.862, "y": 655320.1922, "origin": "היתרי בניה סרוקים בבקשות לה", "num_bakash": 631707, "gush_parce": "6875/32"}, "geometry": {"type": "Point", "coordinates": [34.87744186137796, 31.99057410559792]}}, {"type": "Feature", "properties": {"OBJECTID": 1998, "num_tik": 205002900, "settlement": "יגל", "tochnit": " ", "mevakesh": "צבעוני אהרון", "url_bkasha": "https://sdan.complot.co.il/iturbakashot/#request/759762", "url_tik": "https://sdan.complot.co.il/tikbinyan/#building/205002900", "gush": 6875, "helka": 27, "migrash": "29", "x": 188430.9323, "y": 655462.3968, "origin": "היתרי בניה סרוקים בבקשות לה", "num_bakash": 759762, "gush_parce": "6875/27"}, "geometry": {"type": "Point", "coordinates": [34.87613652663243, 31.991853142965365]}}, {"type": "Feature", "properties": {"OBJECTID": 1999, "num_tik": 205002900, "settlement": "יגל", "tochnit": " ", "mevakesh": "צבעוני אהרון", "url_bkasha": "https://sdan.complot.co.il/iturbakashot/#request/621665", "url_tik": "https://sdan.complot.co.il/tikbinyan/#building/205002900", "gush": 6875, "helka": 27, "migrash": "29", "x": 188427.3692, "y": 655474.4388, "origin": "היתרי בניה סרוקים בבקשות לה", "num_bakash": 621665, "gush_parce": "6875/27"}, "geometry": {"type": "Point", "coordinates": [34.87609843673806, 31.991961639689563]}}, {"type": "Feature", "properties": {"OBJECTID": 2000, "num_tik": 205002900, "settlement": "יגל", "tochnit": " ", "mevakesh": "הסוכנות היהודית", "url_bkasha": "https://sdan.complot.co.il/iturbakashot/#request/716483", "url_tik": "https://sdan.complot.co.il/tikbinyan/#building/205002900", "gush": 6875, "helka": 27, "migrash": "29", "x": 188402.9317, "y": 655435.8411, "origin": "היתרי בניה סרוקים בבקשות לה", "num_bakash": 716483, "gush_parce": "6875/27"}, "geometry": {"type": "Point", "coordinates": [34.87584109083475, 31.9916128979833]}}, {"type": "Feature", "properties": {"OBJECTID": 2001, "num_tik": 205002900, "settlement": "יגל", "tochnit": " ", "mevakesh": "צבעוני אהרון", "url_bkasha": "https://sdan.complot.co.il/iturbakashot/#request/737566", "url_tik": "https://sdan.complot.co.il/tikbinyan/#building/205002900", "gush": 6875, "helka": 27, "migrash": "29", "x": 188430.1617, "y": 655458.992, "origin": "היתרי בניה סרוקים בבקשות לה", "num_bakash": 737566, "gush_parce": "6875/27"}, "geometry": {"type": "Point", "coordinates": [34.876128481854764, 31.991822417526123]}}, {"type": "Feature", "properties": {"OBJECTID": 2002, "num_tik": 205002900, "settlement": "יגל", "tochnit": " ", "mevakesh": "צבעוני אהרון", "url_bkasha": "https://sdan.complot.co.il/iturbakashot/#request/8212430", "url_tik": "https://sdan.complot.co.il/tikbinyan/#building/205002900", "gush": 6875, "helka": 27, "migrash": "29", "x": 188433.4517, "y": 655461.232, "origin": "היתרי בניה סרוקים בבקשות לה", "num_bakash": 8212430, "gush_parce": "6875/27"}, "geometry": {"type": "Point", "coordinates": [34.876163223173, 31.99184270780494]}}, {"type": "Feature", "properties": {"OBJECTID": 2003, "num_tik": 205004500, "settlement": "יגל", "tochnit": " ", "mevakesh": "עמרם מאיר", "url_bkasha": "https://sdan.complot.co.il/iturbakashot/#request/673820", "url_tik": "https://sdan.complot.co.il/tikbinyan/#building/205004500", "gush": 6875, "helka": 11, "migrash": "45", "x": 188591.2547, "y": 655338.5025, "origin": "היתרי בניה סרוקים בבקשות לה", "num_bakash": 673820, "gush_parce": "6875/11"}, "geometry": {"type": "Point", "coordinates": [34.87783694330048, 31.990740245974944]}}, {"type": "Feature", "properties": {"OBJECTID": 2004, "num_tik": 205004500, "settlement": "יגל", "tochnit": " ", "mevakesh": "סוכנות יהודית עבור ע", "url_bkasha": "https://sdan.complot.co.il/iturbakashot/#request/749150", "url_tik": "https://sdan.complot.co.il/tikbinyan/#building/205004500", "gush": 6875, "helka": 11, "migrash": "45", "x": 188601.9075, "y": 655366.2734, "origin": "היתרי בניה סרוקים בבקשות לה", "num_bakash": 749150, "gush_parce": "6875/11"}, "geometry": {"type": "Point", "coordinates": [34.87794877801177, 31.990990972909728]}}, {"type": "Feature", "properties": {"OBJECTID": 2005, "num_tik": 205004500, "settlement": "יגל", "tochnit": " ", "mevakesh": "סוכנות יהודית עבור ע", "url_bkasha": "https://sdan.complot.co.il/iturbakashot/#request/759707", "url_tik": "https://sdan.complot.co.il/tikbinyan/#building/205004500", "gush": 6875, "helka": 11, "migrash": "45", "x": 188619.9547, "y": 655361.6025, "origin": "היתרי בניה סרוקים בבקשות לה", "num_bakash": 759707, "gush_parce": "6875/11"}, "geometry": {"type": "Point", "coordinates": [34.87813989253588, 31.990949342015305]}}, {"type": "Feature", "properties": {"OBJECTID": 2006, "num_tik": 205004500, "settlement": "יגל", "tochnit": " ", "mevakesh": "עמרם מאיר מיכאל", "url_bkasha": "https://sdan.complot.co.il/iturbakashot/#request/7710548", "url_tik": "https://sdan.complot.co.il/tikbinyan/#building/205004500", "gush": 6875, "helka": 11, "migrash": "45", "x": 188595.7347, "y": 655340.0425, "origin": "היתרי בניה סרוקים בבקשות לה", "num_bakash": 7710548, "gush_parce": "6875/11"}, "geometry": {"type": "Point", "coordinates": [34.87788429884115, 31.99075425561467]}}, {"type": "Feature", "properties": {"OBJECTID": 2007, "num_tik": 205004500, "settlement": "יגל", "tochnit": " ", "mevakesh": "עמרם מיכאל", "url_bkasha": "https://sdan.complot.co.il/iturbakashot/#request/8313161", "url_tik": "https://sdan.complot.co.il/tikbinyan/#building/205004500", "gush": 6875, "helka": 11, "migrash": "45", "x": 188598.5475, "y": 655343.2497, "origin": "היתרי בניה סרוקים בבקשות לה", "num_bakash": 8313161, "gush_parce": "6875/11"}, "geometry": {"type": "Point", "coordinates": [34.87791395980215, 31.990783254598202]}}, {"type": "Feature", "properties": {"OBJECTID": 2008, "num_tik": 205004500, "settlement": "יגל", "tochnit": " ", "mevakesh": "מיכאל עמרם", "url_bkasha": "https://sdan.complot.co.il/iturbakashot/#request/9020585", "url_tik": "https://sdan.complot.co.il/tikbinyan/#building/205004500", "gush": 6875, "helka": 11, "migrash": "45", "x": 188595.5947, "y": 655360.6225, "origin": "היתרי בניה סרוקים בבקשות לה", "num_bakash": 9020585, "gush_parce": "6875/11"}, "geometry": {"type": "Point", "coordinates": [34.877882159999984, 31.99093984145734]}}, {"type": "Feature", "properties": {"OBJECTID": 2009, "num_tik": 205004600, "settlement": "יגל", "tochnit": " ", "mevakesh": "סויסה אברהם", "url_bkasha": "https://sdan.complot.co.il/iturbakashot/#request/716093", "url_tik": "https://sdan.complot.co.il/tikbinyan/#building/205004600", "gush": 6875, "helka": 10, "migrash": "46", "x": 188608.0298, "y": 655321.3753, "origin": "היתרי בניה סרוקים בבקשות לה", "num_bakash": 716093, "gush_parce": "6875/10"}, "geometry": {"type": "Point", "coordinates": [34.87801499450227, 31.990586250182492]}}, {"type": "Feature", "properties": {"OBJECTID": 2010, "num_tik": 205004600, "settlement": "יגל", "tochnit": " ", "mevakesh": "הסוכנות היהודית לא\"י", "url_bkasha": "https://sdan.complot.co.il/iturbakashot/#request/716509", "url_tik": "https://sdan.complot.co.il/tikbinyan/#building/205004600", "gush": 6875, "helka": 10, "migrash": "46", "x": 188661.91, "y": 655335.8754, "origin": "היתרי בניה סרוקים בבקשות לה", "num_bakash": 716509, "gush_parce": "6875/10"}, "geometry": {"type": "Point", "coordinates": [34.87858466008806, 31.990718476575882]}}, {"type": "Feature", "properties": {"OBJECTID": 2086, "num_tik": 204099900, "settlement": "כפר חבד", "tochnit": " ", "mevakesh": "ועד כפר חב\"ד", "url_bkasha": "https://sdan.complot.co.il/iturbakashot/#request/9021299", "url_tik": "https://sdan.complot.co.il/tikbinyan/#building/204099900", "gush": 6468, "helka": 30, "migrash": "6ד", "x": 187457.7027, "y": 655579.4082, "origin": "היתרי בניה סרוקים בבקשות לה", "num_bakash": 9021299, "gush_parce": "6468/30"}, "geometry": {"type": "Point", "coordinates": [34.8658343890864, 31.992881288736058]}}, {"type": "Feature", "properties": {"OBJECTID": 2091, "num_tik": 0, "settlement": "כפר חבד", "tochnit": " ", "mevakesh": " ", "url_bkasha": "https://sdan.complot.co.il/iturbakashot/#request/727005", "url_tik": "https://sdan.complot.co.il/tikbinyan/#building/", "gush": 6468, "helka": 28, "migrash": " ", "x": 187452.6084, "y": 655607.1926, "origin": "היתרי בניה סרוקים בבקשות לה", "num_bakash": 727005, "gush_parce": "6468/28"}, "geometry": {"type": "Point", "coordinates": [34.865779562431086, 31.99313170316761]}}, {"type": "Feature", "properties": {"OBJECTID": 2092, "num_tik": 252000600, "settlement": "כפר חבד", "tochnit": " ", "mevakesh": "מוסד בית רבקה", "url_bkasha": "https://sdan.complot.co.il/iturbakashot/#request/652829", "url_tik": "https://sdan.complot.co.il/tikbinyan/#building/252000600", "gush": 6468, "helka": 28, "migrash": ";", "x": 187421.6529, "y": 655630.4482, "origin": "היתרי בניה סרוקים בבקשות לה", "num_bakash": 652829, "gush_parce": "6468/28"}, "geometry": {"type": "Point", "coordinates": [34.86545123009505, 31.993340546436464]}}, {"type": "Feature", "properties": {"OBJECTID": 3483, "num_tik": 201032500, "settlement": "אחיעזר", "tochnit": " ", "mevakesh": "אחיאל עופר", "url_bkasha": "https://sdan.complot.co.il/iturbakashot/#request/970694", "url_tik": "https://sdan.complot.co.il/tikbinyan/#building/201032500", "gush": 5990, "helka": 30, "migrash": "325", "x": 187277.2139, "y": 655153.3871, "origin": "היתרי בניה סרוקים בבקשות לה", "num_bakash": 970694, "gush_parce": "5990/30"}, "geometry": {"type": "Point", "coordinates": [34.86393871162579, 31.989034342368477]}}, {"type": "Feature", "properties": {"OBJECTID": 3484, "num_tik": 201032500, "settlement": "אחיעזר", "tochnit": " ", "mevakesh": "אחיאל עופר", "url_bkasha": "https://sdan.complot.co.il/iturbakashot/#request/20040520", "url_tik": "https://sdan.complot.co.il/tikbinyan/#building/201032500", "gush": 5990, "helka": 30, "migrash": "325", "x": 187279.07, "y": 655162.2803, "origin": "היתרי בניה סרוקים בבקשות לה", "num_bakash": 20040520, "gush_parce": "5990/30"}, "geometry": {"type": "Point", "coordinates": [34.86395805520266, 31.989114593502162]}}, {"type": "Feature", "properties": {"OBJECTID": 3485, "num_tik": 0, "settlement": "אחיעזר", "tochnit": " ", "mevakesh": " ", "url_bkasha": "https://sdan.complot.co.il/iturbakashot/#request/20090147", "url_tik": "https://sdan.complot.co.il/tikbinyan/#building/", "gush": 5990, "helka": 30, "migrash": " ", "x": 187279.6292, "y": 655147.468, "origin": "היתרי בניה סרוקים בבקשות לה", "num_bakash": 20090147, "gush_parce": "5990/30"}, "geometry": {"type": "Point", "coordinates": [34.863964465542956, 31.988981032771175]}}, {"type": "Feature", "properties": {"OBJECTID": 3486, "num_tik": 201033900, "settlement": "אחיעזר", "tochnit": " ", "mevakesh": "מורי אריה ונאווה", "url_bkasha": "https://sdan.complot.co.il/iturbakashot/#request/980003", "url_tik": "https://sdan.complot.co.il/tikbinyan/#building/201033900", "gush": 5990, "helka": 44, "migrash": " ", "x": 187309.6522, "y": 655015.7182, "origin": "היתרי בניה סרוקים בבקשות לה", "num_bakash": 980003, "gush_parce": "5990/44"}, "geometry": {"type": "Point", "coordinates": [34.864286528547616, 31.987793771989086]}}, {"type": "Feature", "properties": {"OBJECTID": 3487, "num_tik": 201033900, "settlement": "אחיעזר", "tochnit": " ", "mevakesh": "מורי אריה ונאווה", "url_bkasha": "https://sdan.complot.co.il/iturbakashot/#request/20080138", "url_tik": "https://sdan.complot.co.il/tikbinyan/#building/201033900", "gush": 5990, "helka": 44, "migrash": " ", "x": 187314.0071, "y": 655020.0037, "origin": "היתרי בניה סרוקים בבקשות לה", "num_bakash": 20080138, "gush_parce": "5990/44"}, "geometry": {"type": "Point", "coordinates": [34.86433246544453, 31.98783254191237]}}, {"type": "Feature", "properties": {"OBJECTID": 3488, "num_tik": 201033900, "settlement": "אחיעזר", "tochnit": " ", "mevakesh": "מורי אריה", "url_bkasha": "https://sdan.complot.co.il/iturbakashot/#request/20160044", "url_tik": "https://sdan.complot.co.il/tikbinyan/#building/201033900", "gush": 5990, "helka": 44, "migrash": "339", "x": 187314.1708, "y": 655015.8883, "origin": "היתרי בניה סרוקים בבקשות לה", "num_bakash": 20160044, "gush_parce": "5990/44"}, "geometry": {"type": "Point", "coordinates": [34.86433433447357, 31.98779543406722]}}, {"type": "Feature", "properties": {"OBJECTID": 3495, "num_tik": 201100000, "settlement": "אחיעזר", "tochnit": " ", "mevakesh": "הסוכנות היהודית -עבו", "url_bkasha": "https://sdan.complot.co.il/iturbakashot/#request/737011", "url_tik": "https://sdan.complot.co.il/tikbinyan/#building/201100000", "gush": 4980, "helka": 5, "migrash": " ", "x": 187761.6657, "y": 655426.0128, "origin": "היתרי בניה סרוקים בבקשות לה", "num_bakash": 737011, "gush_parce": "4980/5"}, "geometry": {"type": "Point", "coordinates": [34.869055852120134, 31.991506517063208]}}, {"type": "Feature", "properties": {"OBJECTID": 3496, "num_tik": 0, "settlement": "אחיעזר", "tochnit": " ", "mevakesh": " ", "url_bkasha": "https://sdan.complot.co.il/iturbakashot/#request/577002", "url_tik": "https://sdan.complot.co.il/tikbinyan/#building/", "gush": 4980, "helka": 5, "migrash": " ", "x": 187722.7924, "y": 655347.9846, "origin": "היתרי בניה סרוקים בבקשות לה", "num_bakash": 577002, "gush_parce": "4980/5"}, "geometry": {"type": "Point", "coordinates": [34.86864707779521, 31.990801774782998]}}, {"type": "Feature", "properties": {"OBJECTID": 3597, "num_tik": 201100000, "settlement": "אחיעזר", "tochnit": " ", "mevakesh": "עבור המועצה עמק לוד", "url_bkasha": "https://sdan.complot.co.il/iturbakashot/#request/737260", "url_tik": "https://sdan.complot.co.il/tikbinyan/#building/201100000", "gush": 4980, "helka": 5, "migrash": " ", "x": 187764.7714, "y": 655372.7087, "origin": "היתרי בניה סרוקים בבקשות לה", "num_bakash": 737260, "gush_parce": "4980/5"}, "geometry": {"type": "Point", "coordinates": [34.86909046378695, 31.991025910022305]}}, {"type": "Feature", "properties": {"OBJECTID": 3613, "num_tik": 201032100, "settlement": "אחיעזר", "tochnit": " ", "mevakesh": "אחוואל  משה", "url_bkasha": "https://sdan.complot.co.il/iturbakashot/#request/20020485", "url_tik": "https://sdan.complot.co.il/tikbinyan/#building/201032100", "gush": 5990, "helka": 26, "migrash": " ", "x": 187234.7778, "y": 655078.8056, "origin": "היתרי בניה סרוקים בבקשות לה", "num_bakash": 20020485, "gush_parce": "5990/26"}, "geometry": {"type": "Point", "coordinates": [34.863492173993286, 31.988360565491508]}}, {"type": "Feature", "properties": {"OBJECTID": 3614, "num_tik": 0, "settlement": "אחיעזר", "tochnit": " ", "mevakesh": " ", "url_bkasha": "https://sdan.complot.co.il/iturbakashot/#request/20100172", "url_tik": "https://sdan.complot.co.il/tikbinyan/#building/", "gush": 5990, "helka": 26, "migrash": " ", "x": 187229.0378, "y": 655076.4256, "origin": "היתרי בניה סרוקים בבקשות לה", "num_bakash": 20100172, "gush_parce": "5990/26"}, "geometry": {"type": "Point", "coordinates": [34.86343151772021, 31.988338939600087]}}, {"type": "Feature", "properties": {"OBJECTID": 3615, "num_tik": 0, "settlement": "אחיעזר", "tochnit": " ", "mevakesh": " ", "url_bkasha": "https://sdan.complot.co.il/iturbakashot/#request/20090022", "url_tik": "https://sdan.complot.co.il/tikbinyan/#building/", "gush": 5990, "helka": 82, "migrash": " ", "x": 187328.6914, "y": 655181.4652, "origin": "היתרי בניה סרוקים בבקשות לה", "num_bakash": 20090022, "gush_parce": "5990/82"}, "geometry": {"type": "Point", "coordinates": [34.86448247182554, 31.98928900943695]}}, {"type": "Feature", "properties": {"OBJECTID": 3760, "num_tik": 0, "settlement": "כפר חבד", "tochnit": " ", "mevakesh": " ", "url_bkasha": "https://sdan.complot.co.il/iturbakashot/#request/6512829", "url_tik": "https://sdan.complot.co.il/tikbinyan/#building/", "gush": 6468, "helka": 28, "migrash": " ", "x": 187337.412, "y": 655655.6927, "origin": "היתרי בניה סרוקים בבקשות לה", "num_bakash": 6512829, "gush_parce": "6468/28"}, "geometry": {"type": "Point", "coordinates": [34.864558978805995, 31.99356581584673]}}, {"type": "Feature", "properties": {"OBJECTID": 3761, "num_tik": 205002100, "settlement": "יגל", "tochnit": " ", "mevakesh": "יפרח שלום", "url_bkasha": "https://sdan.complot.co.il/iturbakashot/#request/637002", "url_tik": "https://sdan.complot.co.il/tikbinyan/#building/205002100", "gush": 6875, "helka": 35, "migrash": " ", "x": 188636.6336, "y": 655234.8862, "origin": "היתרי בניה סרוקים בבקשות לה", "num_bakash": 637002, "gush_parce": "6875/35"}, "geometry": {"type": "Point", "coordinates": [34.87830164672179, 31.989855982563306]}}, {"type": "Feature", "properties": {"OBJECTID": 3762, "num_tik": 205002700, "settlement": "יגל", "tochnit": " ", "mevakesh": "אליהו עבדו", "url_bkasha": "https://sdan.complot.co.il/iturbakashot/#request/20157000", "url_tik": "https://sdan.complot.co.il/tikbinyan/#building/205002700", "gush": 6875, "helka": 49, "migrash": " ", "x": 188448.3999, "y": 655385.5086, "origin": "היתרי בניה סרוקים בבקשות לה", "num_bakash": 20157000, "gush_parce": "6875/49"}, "geometry": {"type": "Point", "coordinates": [34.87634662726795, 31.991156834174188]}}, {"type": "Feature", "properties": {"OBJECTID": 3763, "num_tik": 205003200, "settlement": "יגל", "tochnit": " ", "mevakesh": "אורי ניסים", "url_bkasha": "https://sdan.complot.co.il/iturbakashot/#request/797007", "url_tik": "https://sdan.complot.co.il/tikbinyan/#building/205003200", "gush": 6875, "helka": 24, "migrash": " ", "x": 188352.2609, "y": 655562.4608, "origin": "היתרי בניה סרוקים בבקשות לה", "num_bakash": 797007, "gush_parce": "6875/24"}, "geometry": {"type": "Point", "coordinates": [34.8753008400251, 31.9927533597386]}}, {"type": "Feature", "properties": {"OBJECTID": 3764, "num_tik": 0, "settlement": "יגל", "tochnit": " ", "mevakesh": " ", "url_bkasha": "https://sdan.complot.co.il/iturbakashot/#request/20150002", "url_tik": "https://sdan.complot.co.il/tikbinyan/#building/", "gush": 6875, "helka": 23, "migrash": " ", "x": 188298.9784, "y": 655570.6227, "origin": "היתרי בניה סרוקים בבקשות לה", "num_bakash": 20150002, "gush_parce": "6875/23"}, "geometry": {"type": "Point", "coordinates": [34.8747367603925, 31.99282549994912]}}, {"type": "Feature", "properties": {"OBJECTID": 3765, "num_tik": 205003300, "settlement": "יגל", "tochnit": " ", "mevakesh": "באבא רחמה", "url_bkasha": "https://sdan.complot.co.il/iturbakashot/#request/817001", "url_tik": "https://sdan.complot.co.il/tikbinyan/#building/205003300", "gush": 6875, "helka": 23, "migrash": " ", "x": 188316.9807, "y": 655599.4876, "origin": "היתרי בניה סרוקים בבקשות לה", "num_bakash": 817001, "gush_parce": "6875/23"}, "geometry": {"type": "Point", "coordinates": [34.87491961834293, 31.99309425883172]}}, {"type": "Feature", "properties": {"OBJECTID": 3766, "num_tik": 205003300, "settlement": "יגל", "tochnit": " ", "mevakesh": "טסה גבריאל", "url_bkasha": "https://sdan.complot.co.il/iturbakashot/#request/20090090", "url_tik": "https://sdan.complot.co.il/tikbinyan/#building/205003300", "gush": 6875, "helka": 23, "migrash": " ", "x": 188337.9257, "y": 655594.2557, "origin": "היתרי בניה סרוקים בבקשות לה", "num_bakash": 20090090, "gush_parce": "6875/23"}, "geometry": {"type": "Point", "coordinates": [34.87511728059939, 31.99309428671864]}}, {"type": "Feature", "properties": {"OBJECTID": 3767, "num_tik": 205004100, "settlement": "יגל", "tochnit": " ", "mevakesh": "ביטון גבריאל וסילביה", "url_bkasha": "https://sdan.complot.co.il/iturbakashot/#request/990638", "url_tik": "https://sdan.complot.co.il/tikbinyan/#building/205004100", "gush": 6875, "helka": 15, "migrash": " ", "x": 188519.7584, "y": 655493.7627, "origin": "היתרי בניה סרוקים בבקשות לה", "num_bakash": 990638, "gush_parce": "6875/15"}, "geometry": {"type": "Point", "coordinates": [34.87707409814117, 31.992142976989815]}}, {"type": "Feature", "properties": {"OBJECTID": 3768, "num_tik": 0, "settlement": "יגל", "tochnit": " ", "mevakesh": " ", "url_bkasha": "https://sdan.complot.co.il/iturbakashot/#request/990408", "url_tik": "https://sdan.complot.co.il/tikbinyan/#building/", "gush": 6875, "helka": 13, "migrash": " ", "x": 188603.5484, "y": 655447.1427, "origin": "היתרי בניה סרוקים בבקשות לה", "num_bakash": 990408, "gush_parce": "6875/13"}, "geometry": {"type": "Point", "coordinates": [34.8779635582747, 31.99172029378126]}}, {"type": "Feature", "properties": {"OBJECTID": 3769, "num_tik": 205004300, "settlement": "יגל", "tochnit": " ", "mevakesh": "יפרח שלמה", "url_bkasha": "https://sdan.complot.co.il/iturbakashot/#request/817002", "url_tik": "https://sdan.complot.co.il/tikbinyan/#building/205004300", "gush": 6875, "helka": 13, "migrash": " ", "x": 188536.6284, "y": 655413.5427, "origin": "היתרי בניה סרוקים בבקשות לה", "num_bakash": 817002, "gush_parce": "6875/13"}, "geometry": {"type": "Point", "coordinates": [34.87728334000137, 31.991352908354138]}}, {"type": "Feature", "properties": {"OBJECTID": 3770, "num_tik": 0, "settlement": "יגל", "tochnit": " ", "mevakesh": " ", "url_bkasha": "https://sdan.complot.co.il/iturbakashot/#request/8011799", "url_tik": "https://sdan.complot.co.il/tikbinyan/#building/", "gush": 6877, "helka": 18, "migrash": " ", "x": 189030.8122, "y": 655065.8485, "origin": "היתרי בניה סרוקים בבקשות לה", "num_bakash": 8011799, "gush_parce": "6877/18"}, "geometry": {"type": "Point", "coordinates": [34.88249667143967, 31.988293345474293]}}, {"type": "Feature", "properties": {"OBJECTID": 3771, "num_tik": 0, "settlement": "יגל", "tochnit": " ", "mevakesh": " ", "url_bkasha": "https://sdan.complot.co.il/iturbakashot/#request/20140065", "url_tik": "https://sdan.complot.co.il/tikbinyan/#building/", "gush": 6877, "helka": 18, "migrash": " ", "x": 189039.6025, "y": 655068.4189, "origin": "היתרי בניה סרוקים בבקשות לה", "num_bakash": 20140065, "gush_parce": "6877/18"}, "geometry": {"type": "Point", "coordinates": [34.88258960189951, 31.988316761151367]}}, {"type": "Feature", "properties": {"OBJECTID": 3777, "num_tik": 0, "settlement": "יגל", "tochnit": " ", "mevakesh": " ", "url_bkasha": "https://sdan.complot.co.il/iturbakashot/#request/990374", "url_tik": "https://sdan.complot.co.il/tikbinyan/#building/", "gush": 6875, "helka": 33, "migrash": " ", "x": 188542.0132, "y": 655280.1957, "origin": "היתרי בניה סרוקים בבקשות לה", "num_bakash": 990374, "gush_parce": "6875/33"}, "geometry": {"type": "Point", "coordinates": [34.87731776445396, 31.990213095597586]}}, {"type": "Feature", "properties": {"OBJECTID": 3778, "num_tik": 205002300, "settlement": "יגל", "tochnit": " ", "mevakesh": "יפרח שאול", "url_bkasha": "https://sdan.complot.co.il/iturbakashot/#request/20130083", "url_tik": "https://sdan.complot.co.il/tikbinyan/#building/205002300", "gush": 6875, "helka": 33, "migrash": " ", "x": 188576.6321, "y": 655285.9285, "origin": "היתרי בניה סרוקים בבקשות לה", "num_bakash": 20130083, "gush_parce": "6875/33"}, "geometry": {"type": "Point", "coordinates": [34.8776892608701, 31.990283936075695]}}, {"type": "Feature", "properties": {"OBJECTID": 3813, "num_tik": 201036200, "settlement": "אחיעזר", "tochnit": "משמ/62/גז", "mevakesh": "מורי מיטל", "url_bkasha": "https://sdan.complot.co.il/iturbakashot/#request/20060367", "url_tik": "https://sdan.complot.co.il/tikbinyan/#building/201036200", "gush": 5990, "helka": 67, "migrash": "362", "x": 187165.0243, "y": 655002.1096, "origin": "היתרי בניה סרוקים בבקשות לה", "num_bakash": 20060367, "gush_parce": "5990/67"}, "geometry": {"type": "Point", "coordinates": [34.86275666681861, 31.987666939866685]}}, {"type": "Feature", "properties": {"OBJECTID": 3814, "num_tik": 201034000, "settlement": "אחיעזר", "tochnit": "משמ/62/גז", "mevakesh": "מורי שלום", "url_bkasha": "https://sdan.complot.co.il/iturbakashot/#request/20100009", "url_tik": "https://sdan.complot.co.il/tikbinyan/#building/201034000", "gush": 5990, "helka": 45, "migrash": "340", "x": 187296.4968, "y": 655004.897, "origin": "היתרי בניה סרוקים בבקשות לה", "num_bakash": 20100009, "gush_parce": "5990/45"}, "geometry": {"type": "Point", "coordinates": [34.86414769064184, 31.987695813787806]}}, {"type": "Feature", "properties": {"OBJECTID": 3815, "num_tik": 201036200, "settlement": "אחיעזר", "tochnit": "משמ/62/גז", "mevakesh": "מורי מיטל", "url_bkasha": "https://sdan.complot.co.il/iturbakashot/#request/20090077", "url_tik": "https://sdan.complot.co.il/tikbinyan/#building/201036200", "gush": 5990, "helka": 67, "migrash": "362", "x": 187163.4959, "y": 655007.5555, "origin": "היתרי בניה סרוקים בבקשות לה", "num_bakash": 20090077, "gush_parce": "5990/67"}, "geometry": {"type": "Point", "coordinates": [34.862740312729976, 31.987716007196916]}}, {"type": "Feature", "properties": {"OBJECTID": 3816, "num_tik": 201034000, "settlement": "אחיעזר", "tochnit": "משמ/62/גז", "mevakesh": "מורי יהודה וציפורה", "url_bkasha": "https://sdan.complot.co.il/iturbakashot/#request/20030445", "url_tik": "https://sdan.complot.co.il/tikbinyan/#building/201034000", "gush": 5990, "helka": 45, "migrash": "340", "x": 187290.1575, "y": 655007.7519, "origin": "היתרי בניה סרוקים בבקשות לה", "num_bakash": 20030445, "gush_parce": "5990/45"}, "geometry": {"type": "Point", "coordinates": [34.864080519145666, 31.987721379290353]}}, {"type": "Feature", "properties": {"OBJECTID": 3817, "num_tik": 201599000, "settlement": "אחיעזר", "tochnit": " ", "mevakesh": "מועצה אזורית עמק לוד", "url_bkasha": "https://sdan.complot.co.il/iturbakashot/#request/20150013", "url_tik": "https://sdan.complot.co.il/tikbinyan/#building/201599000", "gush": 5990, "helka": 99, "migrash": "501", "x": 187311.716, "y": 655048.6247, "origin": "היתרי בניה סרוקים בבקשות לה", "num_bakash": 20150013, "gush_parce": "5990/99"}, "geometry": {"type": "Point", "coordinates": [34.86430727093916, 31.988090579795525]}}, {"type": "Feature", "properties": {"OBJECTID": 3818, "num_tik": 201334000, "settlement": "אחיעזר", "tochnit": "משמ/62/גז", "mevakesh": "אשואל שמעון ואסתר", "url_bkasha": "https://sdan.complot.co.il/iturbakashot/#request/990427", "url_tik": "https://sdan.complot.co.il/tikbinyan/#building/201334000", "gush": 5990, "helka": 39, "migrash": " ", "x": 187409.6902, "y": 655082.998, "origin": "היתרי בניה סרוקים בבקשות לה", "num_bakash": 990427, "gush_parce": "5990/39"}, "geometry": {"type": "Point", "coordinates": [34.86534280525278, 31.988403330491554]}}, {"type": "Feature", "properties": {"OBJECTID": 3819, "num_tik": 201039000, "settlement": "אחיעזר", "tochnit": "משמ/62/גז", "mevakesh": "נגר  חנה", "url_bkasha": "https://sdan.complot.co.il/iturbakashot/#request/20120036", "url_tik": "https://sdan.complot.co.il/tikbinyan/#building/201039000", "gush": 5990, "helka": 95, "migrash": "390", "x": 187315.2581, "y": 655130.2785, "origin": "היתרי בניה סרוקים בבקשות לה", "num_bakash": 20120036, "gush_parce": "5990/95"}, "geometry": {"type": "Point", "coordinates": [34.864342033835804, 31.988827030338204]}}, {"type": "Feature", "properties": {"OBJECTID": 3820, "num_tik": 201039000, "settlement": "אחיעזר", "tochnit": "משמ/62/גז", "mevakesh": "נגר  חנה", "url_bkasha": "https://sdan.complot.co.il/iturbakashot/#request/20040453", "url_tik": "https://sdan.complot.co.il/tikbinyan/#building/201039000", "gush": 5990, "helka": 95, "migrash": "390", "x": 187309.803, "y": 655134.8078, "origin": "היתרי בניה סרוקים בבקשות לה", "num_bakash": 20040453, "gush_parce": "5990/95"}, "geometry": {"type": "Point", "coordinates": [34.86428416173723, 31.98886771976533]}}, {"type": "Feature", "properties": {"OBJECTID": 3821, "num_tik": 205002000, "settlement": "יגל", "tochnit": "משמ/53/גז", "mevakesh": "יפרח ניסים", "url_bkasha": "https://sdan.complot.co.il/iturbakashot/#request/990612", "url_tik": "https://sdan.complot.co.il/tikbinyan/#building/205002000", "gush": 6875, "helka": 36, "migrash": "20", "x": 188642.965, "y": 655184.7424, "origin": "היתרי בניה סרוקים בבקשות לה", "num_bakash": 990612, "gush_parce": "6875/36"}, "geometry": {"type": "Point", "coordinates": [34.8783890156737, 31.98935504987384]}}, {"type": "Feature", "properties": {"OBJECTID": 3822, "num_tik": 205002000, "settlement": "יגל", "tochnit": "משמ/53/גז", "mevakesh": "יפרח ניסים", "url_bkasha": "https://sdan.complot.co.il/iturbakashot/#request/20000047", "url_tik": "https://sdan.complot.co.il/tikbinyan/#building/205002000", "gush": 6875, "helka": 36, "migrash": "20", "x": 188661.31, "y": 655193.6421, "origin": "היתרי בניה סרוקים בבקשות לה", "num_bakash": 20000047, "gush_parce": "6875/36"}, "geometry": {"type": "Point", "coordinates": [34.87858284513523, 31.98943580556157]}}, {"type": "Feature", "properties": {"OBJECTID": 3823, "num_tik": 205004800, "settlement": "יגל", "tochnit": "משמ/53/גז", "mevakesh": "בן-שימול יעקב ודליה", "url_bkasha": "https://sdan.complot.co.il/iturbakashot/#request/990473", "url_tik": "https://sdan.complot.co.il/tikbinyan/#building/205004800", "gush": 6875, "helka": 8, "migrash": "48", "x": 188685.0405, "y": 655271.4147, "origin": "היתרי בניה סרוקים בבקשות לה", "num_bakash": 990473, "gush_parce": "6875/8"}, "geometry": {"type": "Point", "coordinates": [34.87883146668935, 31.99013780049935]}}, {"type": "Feature", "properties": {"OBJECTID": 3868, "num_tik": 205000300, "settlement": "יגל", "tochnit": "משמ/53/גז", "mevakesh": "גונן טילי", "url_bkasha": "https://sdan.complot.co.il/iturbakashot/#request/20150031", "url_tik": "https://sdan.complot.co.il/tikbinyan/#building/205000300", "gush": 6876, "helka": 18, "migrash": "3", "x": 188714.9477, "y": 655103.8625, "origin": "היתרי בניה סרוקים בבקשות לה", "num_bakash": 20150031, "gush_parce": "6876/18"}, "geometry": {"type": "Point", "coordinates": [34.87915325661575, 31.98862763298181]}}, {"type": "Feature", "properties": {"OBJECTID": 3870, "num_tik": 205000400, "settlement": "יגל", "tochnit": "משמ/53/גז", "mevakesh": "אופיר ויקטוריה", "url_bkasha": "https://sdan.complot.co.il/iturbakashot/#request/20130068", "url_tik": "https://sdan.complot.co.il/tikbinyan/#building/205000400", "gush": 6876, "helka": 19, "migrash": "4", "x": 188731.307, "y": 655112.2659, "origin": "היתרי בניה סרוקים בבקשות לה", "num_bakash": 20130068, "gush_parce": "6876/19"}, "geometry": {"type": "Point", "coordinates": [34.879326089962355, 31.98870385807134]}}, {"type": "Feature", "properties": {"OBJECTID": 3883, "num_tik": 252000600, "settlement": "כפר חבד", "tochnit": " ", "mevakesh": "מוסד בית רבקה", "url_bkasha": "https://sdan.complot.co.il/iturbakashot/#request/590513", "url_tik": "https://sdan.complot.co.il/tikbinyan/#building/252000600", "gush": 6269, "helka": 133, "migrash": "6ד", "x": 187350.3806, "y": 655554.9043, "origin": "היתרי בניה סרוקים בבקשות לה", "num_bakash": 590513, "gush_parce": "6269/133"}, "geometry": {"type": "Point", "coordinates": [34.86469955902819, 31.992657278889727]}}, {"type": "Feature", "properties": {"OBJECTID": 3884, "num_tik": 204099900, "settlement": "כפר חבד", "tochnit": " ", "mevakesh": "ועד כפר חב\"ד", "url_bkasha": "https://sdan.complot.co.il/iturbakashot/#request/8614156", "url_tik": "https://sdan.complot.co.il/tikbinyan/#building/204099900", "gush": 6468, "helka": 30, "migrash": "6ד", "x": 187578.3576, "y": 655572.2097, "origin": "היתרי בניה סרוקים בבקשות לה", "num_bakash": 8614156, "gush_parce": "6468/30"}, "geometry": {"type": "Point", "coordinates": [34.867111354353234, 31.99281977290992]}}, {"type": "Feature", "properties": {"OBJECTID": 3914, "num_tik": 252000600, "settlement": "בית-רבקה (חב\"ד)", "tochnit": " ", "mevakesh": " ", "url_bkasha": "https://sdan.complot.co.il/iturbakashot/#request/937002", "url_tik": "https://sdan.complot.co.il/tikbinyan/#building/252000600", "gush": 6468, "helka": 2, "migrash": "6", "x": 187694.968, "y": 655951.7562, "origin": "היתרי בניה סרוקים בבקשות לה", "num_bakash": 937002, "gush_parce": "6468/2"}, "geometry": {"type": "Point", "coordinates": [34.868332802841856, 31.99624577714754]}}, {"type": "Feature", "properties": {"OBJECTID": 3915, "num_tik": 210000003, "settlement": "צפריה", "tochnit": " ", "mevakesh": " ", "url_bkasha": "https://sdan.complot.co.il/iturbakashot/#request/607002", "url_tik": "https://sdan.complot.co.il/tikbinyan/#building/210000003", "gush": 6469, "helka": 4, "migrash": " ", "x": 187369.2985, "y": 656468.0013, "origin": "היתרי בניה סרוקים בבקשות לה", "num_bakash": 607002, "gush_parce": "6469/4"}, "geometry": {"type": "Point", "coordinates": [34.864869403327134, 32.000892069870794]}}, {"type": "Feature", "properties": {"OBJECTID": 4289, "num_tik": 210001600, "settlement": "צפריה", "tochnit": " ", "mevakesh": "פאסי דוד", "url_bkasha": "https://sdan.complot.co.il/iturbakashot/#request/960901", "url_tik": "https://sdan.complot.co.il/tikbinyan/#building/210001600", "gush": 6839, "helka": 7, "migrash": "16", "x": 187061.5456, "y": 656842.0771, "origin": "היתרי בניה סרוקים בבקשות לה", "num_bakash": 960901, "gush_parce": "6839/7"}, "geometry": {"type": "Point", "coordinates": [34.86160003812827, 32.00425670236821]}}, {"type": "Feature", "properties": {"OBJECTID": 4305, "num_tik": 210001700, "settlement": "צפריה", "tochnit": " ", "mevakesh": "טייטלבאום מאיר", "url_bkasha": "https://sdan.complot.co.il/iturbakashot/#request/940481", "url_tik": "https://sdan.complot.co.il/tikbinyan/#building/210001700", "gush": 6839, "helka": 8, "migrash": "17", "x": 187084.7977, "y": 656819.3617, "origin": "היתרי בניה סרוקים בבקשות לה", "num_bakash": 940481, "gush_parce": "6839/8"}, "geometry": {"type": "Point", "coordinates": [34.86184687561499, 32.00405252115544]}}, {"type": "Feature", "properties": {"OBJECTID": 4307, "num_tik": 210001700, "settlement": "צפריה", "tochnit": " ", "mevakesh": "טייטלבאום מאיר", "url_bkasha": "https://sdan.complot.co.il/iturbakashot/#request/930914", "url_tik": "https://sdan.complot.co.il/tikbinyan/#building/210001700", "gush": 6839, "helka": 8, "migrash": "17", "x": 186809.2421, "y": 656716.6683, "origin": "היתרי בניה סרוקים בבקשות לה", "num_bakash": 930914, "gush_parce": "6839/8"}, "geometry": {"type": "Point", "coordinates": [34.861804128589505, 32.00403972639982]}}, {"type": "Feature", "properties": {"OBJECTID": 4310, "num_tik": 210001800, "settlement": "צפריה", "tochnit": " ", "mevakesh": "סלע שמעון", "url_bkasha": "https://sdan.complot.co.il/iturbakashot/#request/920447", "url_tik": "https://sdan.complot.co.il/tikbinyan/#building/210001800", "gush": 6839, "helka": 9, "migrash": "18", "x": 187100.8508, "y": 656786.8606, "origin": "היתרי בניה סרוקים בבקשות לה", "num_bakash": 920447, "gush_parce": "6839/9"}, "geometry": {"type": "Point", "coordinates": [34.862017853657754, 32.003759887131245]}}, {"type": "Feature", "properties": {"OBJECTID": 4333, "num_tik": 210002301, "settlement": "צפריה", "tochnit": " ", "mevakesh": "שוקר נעם", "url_bkasha": "https://sdan.complot.co.il/iturbakashot/#request/20090108", "url_tik": "https://sdan.complot.co.il/tikbinyan/#building/210002301", "gush": 6839, "helka": 44, "migrash": "23", "x": 187013.6281, "y": 656448.3777, "origin": "היתרי בניה סרוקים בבקשות לה", "num_bakash": 20090108, "gush_parce": "6839/44"}, "geometry": {"type": "Point", "coordinates": [34.861106159151134, 32.00070497767599]}}, {"type": "Feature", "properties": {"OBJECTID": 4334, "num_tik": 210002301, "settlement": "צפריה", "tochnit": " ", "mevakesh": "שוקר נעם", "url_bkasha": "https://sdan.complot.co.il/iturbakashot/#request/20130023", "url_tik": "https://sdan.complot.co.il/tikbinyan/#building/210002301", "gush": 6839, "helka": 44, "migrash": "23", "x": 187015.4047, "y": 656449.1288, "origin": "היתרי בניה סרוקים בבקשות לה", "num_bakash": 20130023, "gush_parce": "6839/44"}, "geometry": {"type": "Point", "coordinates": [34.86112493485702, 32.00071180191166]}}, {"type": "Feature", "properties": {"OBJECTID": 4337, "num_tik": 210002400, "settlement": "צפריה", "tochnit": " ", "mevakesh": "מושקוביץ אברהם", "url_bkasha": "https://sdan.complot.co.il/iturbakashot/#request/20200314", "url_tik": "https://sdan.complot.co.il/tikbinyan/#building/210002400", "gush": 6839, "helka": 15, "migrash": "24", "x": 187021.2538, "y": 656519.9911, "origin": "היתרי בניה סרוקים בבקשות לה", "num_bakash": 20200314, "gush_parce": "6839/15"}, "geometry": {"type": "Point", "coordinates": [34.86118445274765, 32.00135100075532]}}, {"type": "Feature", "properties": {"OBJECTID": 4339, "num_tik": 210002401, "settlement": "צפריה", "tochnit": " ", "mevakesh": "אברהם אפרת", "url_bkasha": "https://sdan.complot.co.il/iturbakashot/#request/20080040", "url_tik": "https://sdan.complot.co.il/tikbinyan/#building/210002401", "gush": 6839, "helka": 44, "migrash": "24", "x": 187027.1382, "y": 656435.2917, "origin": "היתרי בניה סרוקים בבקשות לה", "num_bakash": 20080040, "gush_parce": "6839/44"}, "geometry": {"type": "Point", "coordinates": [34.861249569838044, 32.00058735575605]}}, {"type": "Feature", "properties": {"OBJECTID": 4340, "num_tik": 210002401, "settlement": "צפריה", "tochnit": " ", "mevakesh": "אברהם אפרת", "url_bkasha": "https://sdan.complot.co.il/iturbakashot/#request/20110022", "url_tik": "https://sdan.complot.co.il/tikbinyan/#building/210002401", "gush": 6839, "helka": 44, "migrash": "24", "x": 187028.1534, "y": 656435.7299, "origin": "היתרי בניה סרוקים בבקשות לה", "num_bakash": 20110022, "gush_parce": "6839/44"}, "geometry": {"type": "Point", "coordinates": [34.86126029850277, 32.000591336468936]}}, {"type": "Feature", "properties": {"OBJECTID": 4341, "num_tik": 210002401, "settlement": "צפריה", "tochnit": " ", "mevakesh": "אבן דנאן שמואל", "url_bkasha": "https://sdan.complot.co.il/iturbakashot/#request/20220415", "url_tik": "https://sdan.complot.co.il/tikbinyan/#building/210002401", "gush": 6839, "helka": 54, "migrash": "24", "x": 187029.2951, "y": 656436.1046, "origin": "היתרי בניה סרוקים בבקשות לה", "num_bakash": 20220415, "gush_parce": "6839/54"}, "geometry": {"type": "Point", "coordinates": [34.8612723679908, 32.00059474816242]}}, {"type": "Feature", "properties": {"OBJECTID": 4343, "num_tik": 210002501, "settlement": "צפריה", "tochnit": " ", "mevakesh": "שרון ערן", "url_bkasha": "https://sdan.complot.co.il/iturbakashot/#request/20080051", "url_tik": "https://sdan.complot.co.il/tikbinyan/#building/210002501", "gush": 6839, "helka": 44, "migrash": "25", "x": 187038.4924, "y": 656421.6405, "origin": "היתרי בניה סרוקים בבקשות לה", "num_bakash": 20080051, "gush_parce": "6839/44"}, "geometry": {"type": "Point", "coordinates": [34.86137018429338, 32.00046457505521]}}, {"type": "Feature", "properties": {"OBJECTID": 4344, "num_tik": 210002600, "settlement": "צפריה", "tochnit": " ", "mevakesh": "בן נתן יובל", "url_bkasha": "https://sdan.complot.co.il/iturbakashot/#request/20080015", "url_tik": "https://sdan.complot.co.il/tikbinyan/#building/210002600", "gush": 6839, "helka": 44, "migrash": "26", "x": 187044.2289, "y": 656404.9933, "origin": "היתרי בניה סרוקים בבקשות לה", "num_bakash": 20080015, "gush_parce": "6839/44"}, "geometry": {"type": "Point", "coordinates": [34.86143144968992, 32.00031461582771]}}, {"type": "Feature", "properties": {"OBJECTID": 4345, "num_tik": 210002600, "settlement": "צפריה", "tochnit": " ", "mevakesh": "בן נתן יובל", "url_bkasha": "https://sdan.complot.co.il/iturbakashot/#request/20210156", "url_tik": "https://sdan.complot.co.il/tikbinyan/#building/210002600", "gush": 6839, "helka": 56, "migrash": "26", "x": 187048.9234, "y": 656406.7441, "origin": "היתרי בניה סרוקים בבקשות לה", "num_bakash": 20210156, "gush_parce": "6839/56"}, "geometry": {"type": "Point", "coordinates": [34.86148107045591, 32.00033053870089]}}, {"type": "Feature", "properties": {"OBJECTID": 4347, "num_tik": 210002702, "settlement": "צפריה", "tochnit": " ", "mevakesh": "בלנאו ארז", "url_bkasha": "https://sdan.complot.co.il/iturbakashot/#request/20080024", "url_tik": "https://sdan.complot.co.il/tikbinyan/#building/210002702", "gush": 6839, "helka": 44, "migrash": "27", "x": 187054.2894, "y": 656392.9832, "origin": "היתרי בניה סרוקים בבקשות לה", "num_bakash": 20080024, "gush_parce": "6839/44"}, "geometry": {"type": "Point", "coordinates": [34.861538317916505, 32.000206597281284]}}, {"type": "Feature", "properties": {"OBJECTID": 4348, "num_tik": 210002702, "settlement": "צפריה", "tochnit": " ", "mevakesh": "ארז בלנאו", "url_bkasha": "https://sdan.complot.co.il/iturbakashot/#request/20210152", "url_tik": "https://sdan.complot.co.il/tikbinyan/#building/210002702", "gush": 6839, "helka": 57, "migrash": "27", "x": 187060.5016, "y": 656393.7833, "origin": "היתרי בניה סרוקים בבקשות לה", "num_bakash": 20210152, "gush_parce": "6839/57"}, "geometry": {"type": "Point", "coordinates": [34.8616040315784, 32.000213990156006]}}, {"type": "Feature", "properties": {"OBJECTID": 4356, "num_tik": 210002800, "settlement": "צפריה", "tochnit": " ", "mevakesh": "שטרק מנחם", "url_bkasha": "https://sdan.complot.co.il/iturbakashot/#request/20070453", "url_tik": "https://sdan.complot.co.il/tikbinyan/#building/210002800", "gush": 6839, "helka": 44, "migrash": "28", "x": 187054.7587, "y": 656461.7591, "origin": "היתרי בניה סרוקים בבקשות לה", "num_bakash": 20070453, "gush_parce": "6839/44"}, "geometry": {"type": "Point", "coordinates": [34.86154097635777, 32.00082682715645]}}, {"type": "Feature", "properties": {"OBJECTID": 4357, "num_tik": 210002901, "settlement": "צפריה", "tochnit": " ", "mevakesh": "מרקוביץ צביקה", "url_bkasha": "https://sdan.complot.co.il/iturbakashot/#request/20070454", "url_tik": "https://sdan.complot.co.il/tikbinyan/#building/210002901", "gush": 6839, "helka": 44, "migrash": "29", "x": 187068.0133, "y": 656446.4762, "origin": "היתרי בניה סרוקים בבקשות לה", "num_bakash": 20070454, "gush_parce": "6839/44"}, "geometry": {"type": "Point", "coordinates": [34.86168175653812, 32.000689385944874]}}, {"type": "Feature", "properties": {"OBJECTID": 4358, "num_tik": 210002901, "settlement": "צפריה", "tochnit": " ", "mevakesh": "מרקוביץ צביקה", "url_bkasha": "https://sdan.complot.co.il/iturbakashot/#request/20090161", "url_tik": "https://sdan.complot.co.il/tikbinyan/#building/210002901", "gush": 6839, "helka": 44, "migrash": "29", "x": 187067.1324, "y": 656448.4338, "origin": "היתרי בניה סרוקים בבקשות לה", "num_bakash": 20090161, "gush_parce": "6839/44"}, "geometry": {"type": "Point", "coordinates": [34.86167236871237, 32.00070701426991]}}, {"type": "Feature", "properties": {"OBJECTID": 4367, "num_tik": 210003001, "settlement": "צפריה", "tochnit": " ", "mevakesh": "ינאי איילת", "url_bkasha": "https://sdan.complot.co.il/iturbakashot/#request/20070203", "url_tik": "https://sdan.complot.co.il/tikbinyan/#building/210003001", "gush": 6839, "helka": 60, "migrash": "30", "x": 187082.0419, "y": 656430.8354, "origin": "היתרי בניה סרוקים בבקשות לה", "num_bakash": 20070203, "gush_parce": "6839/60"}, "geometry": {"type": "Point", "coordinates": [34.861830739171296, 32.000548739167684]}}, {"type": "Feature", "properties": {"OBJECTID": 4369, "num_tik": 210003101, "settlement": "צפריה", "tochnit": " ", "mevakesh": "קייקוב אריה", "url_bkasha": "https://sdan.complot.co.il/iturbakashot/#request/20070471", "url_tik": "https://sdan.complot.co.il/tikbinyan/#building/210003101", "gush": 6839, "helka": 44, "migrash": "31", "x": 187098.3963, "y": 656417.6464, "origin": "היתרי בניה סרוקים בבקשות לה", "num_bakash": 20070471, "gush_parce": "6839/44"}, "geometry": {"type": "Point", "coordinates": [34.8620042519809, 32.000430268799334]}}, {"type": "Feature", "properties": {"OBJECTID": 4370, "num_tik": 210003101, "settlement": "צפריה", "tochnit": " ", "mevakesh": "קייקוב אריה", "url_bkasha": "https://sdan.complot.co.il/iturbakashot/#request/20100202", "url_tik": "https://sdan.complot.co.il/tikbinyan/#building/210003101", "gush": 6839, "helka": 44, "migrash": "31", "x": 187093.1313, "y": 656415.8344, "origin": "היתרי בניה סרוקים בבקשות לה", "num_bakash": 20100202, "gush_parce": "6839/44"}, "geometry": {"type": "Point", "coordinates": [34.86194859579938, 32.0004137779381]}}, {"type": "Feature", "properties": {"OBJECTID": 4372, "num_tik": 210003201, "settlement": "צפריה", "tochnit": " ", "mevakesh": "אלטמן ערן", "url_bkasha": "https://sdan.complot.co.il/iturbakashot/#request/20070439", "url_tik": "https://sdan.complot.co.il/tikbinyan/#building/210003201", "gush": 6839, "helka": 44, "migrash": "32", "x": 187080.8879, "y": 656468.2065, "origin": "היתרי בניה סרוקים בבקשות לה", "num_bakash": 20070439, "gush_parce": "6839/44"}, "geometry": {"type": "Point", "coordinates": [34.861817273873335, 32.0008857162687]}}, {"type": "Feature", "properties": {"OBJECTID": 4373, "num_tik": 210003201, "settlement": "צפריה", "tochnit": " ", "mevakesh": "אלטמן ערן", "url_bkasha": "https://sdan.complot.co.il/iturbakashot/#request/20110127", "url_tik": "https://sdan.complot.co.il/tikbinyan/#building/210003201", "gush": 6839, "helka": 44, "migrash": "32", "x": 187085.7085, "y": 656469.7676, "origin": "היתרי בניה סרוקים בבקשות לה", "num_bakash": 20110127, "gush_parce": "6839/44"}, "geometry": {"type": "Point", "coordinates": [34.86186823583523, 32.00089993189287]}}, {"type": "Feature", "properties": {"OBJECTID": 4374, "num_tik": 210003201, "settlement": "צפריה", "tochnit": " ", "mevakesh": "אלטמן עירן", "url_bkasha": "https://sdan.complot.co.il/iturbakashot/#request/20120012", "url_tik": "https://sdan.complot.co.il/tikbinyan/#building/210003201", "gush": 6839, "helka": 44, "migrash": "32", "x": 187083.806, "y": 656469.2692, "origin": "היתרי בניה סרוקים בבקשות לה", "num_bakash": 20120012, "gush_parce": "6839/44"}, "geometry": {"type": "Point", "coordinates": [34.86184811921792, 32.00089538300129]}}, {"type": "Feature", "properties": {"OBJECTID": 4378, "num_tik": 210003403, "settlement": "צפריה", "tochnit": " ", "mevakesh": "נתן אלי", "url_bkasha": "https://sdan.complot.co.il/iturbakashot/#request/20070218", "url_tik": "https://sdan.complot.co.il/tikbinyan/#building/210003403", "gush": 6839, "helka": 44, "migrash": "34", "x": 187115.0479, "y": 656478.3273, "origin": "היתרי בניה סרוקים בבקשות לה", "num_bakash": 20070218, "gush_parce": "6839/44"}, "geometry": {"type": "Point", "coordinates": [34.86217843520216, 32.00097796050794]}}, {"type": "Feature", "properties": {"OBJECTID": 4379, "num_tik": 210003403, "settlement": "צפריה", "tochnit": " ", "mevakesh": "נתן אלי", "url_bkasha": "https://sdan.complot.co.il/iturbakashot/#request/20120047", "url_tik": "https://sdan.complot.co.il/tikbinyan/#building/210003403", "gush": 6839, "helka": 44, "migrash": "34", "x": 187117.0143, "y": 656479.0147, "origin": "היתרי בניה סרוקים בבקשות לה", "num_bakash": 20120047, "gush_parce": "6839/44"}, "geometry": {"type": "Point", "coordinates": [34.862199221750494, 32.00098421556044]}}, {"type": "Feature", "properties": {"OBJECTID": 4380, "num_tik": 210003500, "settlement": "צפריה", "tochnit": " ", "mevakesh": "אדרי אסי", "url_bkasha": "https://sdan.complot.co.il/iturbakashot/#request/20070428", "url_tik": "https://sdan.complot.co.il/tikbinyan/#building/210003500", "gush": 6839, "helka": 42, "migrash": "35", "x": 187003.8654, "y": 656486.7544, "origin": "היתרי בניה סרוקים בבקשות לה", "num_bakash": 20070428, "gush_parce": "6839/42"}, "geometry": {"type": "Point", "coordinates": [34.86100155512758, 32.00105077657364]}}, {"type": "Feature", "properties": {"OBJECTID": 4381, "num_tik": 210003500, "settlement": "צפריה", "tochnit": " ", "mevakesh": "אדרי אסי", "url_bkasha": "https://sdan.complot.co.il/iturbakashot/#request/20140009", "url_tik": "https://sdan.complot.co.il/tikbinyan/#building/210003500", "gush": 6839, "helka": 42, "migrash": "35", "x": 187004.4289, "y": 656484.6086, "origin": "היתרי בניה סרוקים בבקשות לה", "num_bakash": 20140009, "gush_parce": "6839/42"}, "geometry": {"type": "Point", "coordinates": [34.861007590532004, 32.001031442035035]}}, {"type": "Feature", "properties": {"OBJECTID": 4385, "num_tik": 210003601, "settlement": "צפריה", "tochnit": " ", "mevakesh": "תהילה רבקה", "url_bkasha": "https://sdan.complot.co.il/iturbakashot/#request/20070462", "url_tik": "https://sdan.complot.co.il/tikbinyan/#building/210003601", "gush": 6839, "helka": 44, "migrash": "36", "x": 187026.1009, "y": 656488.7907, "origin": "היתרי בניה סרוקים בבקשות לה", "num_bakash": 20070462, "gush_parce": "6839/44"}, "geometry": {"type": "Point", "coordinates": [34.861236795696556, 32.001069776423854]}}, {"type": "Feature", "properties": {"OBJECTID": 4390, "num_tik": 210003701, "settlement": "צפריה", "tochnit": " ", "mevakesh": "שדה רונן", "url_bkasha": "https://sdan.complot.co.il/iturbakashot/#request/20090044", "url_tik": "https://sdan.complot.co.il/tikbinyan/#building/210003701", "gush": 6839, "helka": 44, "migrash": "37", "x": 187043.3029, "y": 656493.6316, "origin": "היתרי בניה סרוקים בבקשות לה", "num_bakash": 20090044, "gush_parce": "6839/44"}, "geometry": {"type": "Point", "coordinates": [34.861418674775145, 32.00111392355081]}}, {"type": "Feature", "properties": {"OBJECTID": 4391, "num_tik": 210003701, "settlement": "צפריה", "tochnit": " ", "mevakesh": "שדה רונן", "url_bkasha": "https://sdan.complot.co.il/iturbakashot/#request/20120125", "url_tik": "https://sdan.complot.co.il/tikbinyan/#building/210003701", "gush": 6839, "helka": 44, "migrash": "37", "x": 187045.904, "y": 656494.6323, "origin": "היתרי בניה סרוקים בבקשות לה", "num_bakash": 20120125, "gush_parce": "6839/44"}, "geometry": {"type": "Point", "coordinates": [34.86144616755361, 32.00112302220092]}}, {"type": "Feature", "properties": {"OBJECTID": 4394, "num_tik": 210003838, "settlement": "צפריה", "tochnit": " ", "mevakesh": "מרקס ארז", "url_bkasha": "https://sdan.complot.co.il/iturbakashot/#request/20220355", "url_tik": "https://sdan.complot.co.il/tikbinyan/#building/210003838", "gush": 6839, "helka": 68, "migrash": "38", "x": 187059.2957, "y": 656497.2625, "origin": "היתרי בניה סרוקים בבקשות לה", "num_bakash": 20220355, "gush_parce": "6839/68"}, "geometry": {"type": "Point", "coordinates": [34.86158779815845, 32.00114712414672]}}, {"type": "Feature", "properties": {"OBJECTID": 4395, "num_tik": 210003838, "settlement": "צפריה", "tochnit": " ", "mevakesh": "מרקס מיכל", "url_bkasha": "https://sdan.complot.co.il/iturbakashot/#request/20070115", "url_tik": "https://sdan.complot.co.il/tikbinyan/#building/210003838", "gush": 6839, "helka": 68, "migrash": "38 1", "x": 187059.9871, "y": 656495.4947, "origin": "היתרי בניה סרוקים בבקשות לה", "num_bakash": 20070115, "gush_parce": "6839/68"}, "geometry": {"type": "Point", "coordinates": [34.86159517427689, 32.00113120201494]}}, {"type": "Feature", "properties": {"OBJECTID": 4396, "num_tik": 210003838, "settlement": "צפריה", "tochnit": " ", "mevakesh": "מרקס מיכל וארז", "url_bkasha": "https://sdan.complot.co.il/iturbakashot/#request/20070466", "url_tik": "https://sdan.complot.co.il/tikbinyan/#building/210003838", "gush": 6839, "helka": 68, "migrash": "38 1", "x": 187060.8039, "y": 656493.285, "origin": "היתרי בניה סרוקים בבקשות לה", "num_bakash": 20070466, "gush_parce": "6839/68"}, "geometry": {"type": "Point", "coordinates": [34.86160389227588, 32.00111129844378]}}, {"type": "Feature", "properties": {"OBJECTID": 4400, "num_tik": 210003901, "settlement": "צפריה", "tochnit": " ", "mevakesh": "טפר ברק", "url_bkasha": "https://sdan.complot.co.il/iturbakashot/#request/20080094", "url_tik": "https://sdan.complot.co.il/tikbinyan/#building/210003901", "gush": 6839, "helka": 44, "migrash": "39", "x": 187085.7115, "y": 656505.1151, "origin": "היתרי בניה סרוקים בבקשות לה", "num_bakash": 20080094, "gush_parce": "6839/44"}, "geometry": {"type": "Point", "coordinates": [34.86186708252536, 32.001218693347326]}}, {"type": "Feature", "properties": {"OBJECTID": 4401, "num_tik": 210003901, "settlement": "צפריה", "tochnit": " ", "mevakesh": "טפר ברק", "url_bkasha": "https://sdan.complot.co.il/iturbakashot/#request/20090137", "url_tik": "https://sdan.complot.co.il/tikbinyan/#building/210003901", "gush": 6839, "helka": 44, "migrash": "39", "x": 187083.7448, "y": 656504.3646, "origin": "היתרי בניה סרוקים בבקשות לה", "num_bakash": 20090137, "gush_parce": "6839/44"}, "geometry": {"type": "Point", "coordinates": [34.86184629488822, 32.001211869200326]}}, {"type": "Feature", "properties": {"OBJECTID": 4402, "num_tik": 210003901, "settlement": "צפריה", "tochnit": " ", "mevakesh": "טפר ברק", "url_bkasha": "https://sdan.complot.co.il/iturbakashot/#request/20120124", "url_tik": "https://sdan.complot.co.il/tikbinyan/#building/210003901", "gush": 6839, "helka": 44, "migrash": "39", "x": 187083.9445, "y": 656507.3908, "origin": "היתרי בניה סרוקים בבקשות לה", "num_bakash": 20120124, "gush_parce": "6839/44"}, "geometry": {"type": "Point", "coordinates": [34.86184830677082, 32.001239164972475]}}, {"type": "Feature", "properties": {"OBJECTID": 4407, "num_tik": 210004001, "settlement": "צפריה", "tochnit": " ", "mevakesh": "סיבוני אברהם", "url_bkasha": "https://sdan.complot.co.il/iturbakashot/#request/20070418", "url_tik": "https://sdan.complot.co.il/tikbinyan/#building/210004001", "gush": 6839, "helka": 70, "migrash": "1", "x": 187102.1547, "y": 656513.7534, "origin": "היתרי בניה סרוקים בבקשות לה", "num_bakash": 20070418, "gush_parce": "6839/70"}, "geometry": {"type": "Point", "coordinates": [34.862040804878745, 32.00129706260303]}}, {"type": "Feature", "properties": {"OBJECTID": 4408, "num_tik": 210004141, "settlement": "צפריה", "tochnit": " ", "mevakesh": "לוי רויטל", "url_bkasha": "https://sdan.complot.co.il/iturbakashot/#request/20070075", "url_tik": "https://sdan.complot.co.il/tikbinyan/#building/210004141", "gush": 6839, "helka": 44, "migrash": "41", "x": 187120.855, "y": 656519.8767, "origin": "היתרי בניה סרוקים בבקשות לה", "num_bakash": 20070075, "gush_parce": "6839/44"}, "geometry": {"type": "Point", "coordinates": [34.86223849778554, 32.00135281593818]}}, {"type": "Feature", "properties": {"OBJECTID": 4409, "num_tik": 210004201, "settlement": "צפריה", "tochnit": " ", "mevakesh": "קסוס אברהם", "url_bkasha": "https://sdan.complot.co.il/iturbakashot/#request/20070435", "url_tik": "https://sdan.complot.co.il/tikbinyan/#building/210004201", "gush": 6839, "helka": 44, "migrash": "42", "x": 187135.8533, "y": 656525.2297, "origin": "היתרי בניה סרוקים בבקשות לה", "num_bakash": 20070435, "gush_parce": "6839/44"}, "geometry": {"type": "Point", "coordinates": [34.86239703879194, 32.00140151685599]}}, {"type": "Feature", "properties": {"OBJECTID": 4410, "num_tik": 210004201, "settlement": "צפריה", "tochnit": " ", "mevakesh": "קסוס אברהם", "url_bkasha": "https://sdan.complot.co.il/iturbakashot/#request/20200230", "url_tik": "https://sdan.complot.co.il/tikbinyan/#building/210004201", "gush": 6839, "helka": 72, "migrash": "42", "x": 187137.4394, "y": 656525.8553, "origin": "היתרי בניה סרוקים בבקשות לה", "num_bakash": 20200230, "gush_parce": "6839/72"}, "geometry": {"type": "Point", "coordinates": [34.86241380294796, 32.00140720371727]}}, {"type": "Feature", "properties": {"OBJECTID": 4417, "num_tik": 210004404, "settlement": "צפריה", "tochnit": " ", "mevakesh": "שיובץ רחל", "url_bkasha": "https://sdan.complot.co.il/iturbakashot/#request/20070217", "url_tik": "https://sdan.complot.co.il/tikbinyan/#building/210004404", "gush": 6839, "helka": 44, "migrash": "44", "x": 187177.4097, "y": 656536.5963, "origin": "היתרי בניה סרוקים בבקשות לה", "num_bakash": 20070217, "gush_parce": "6839/44"}, "geometry": {"type": "Point", "coordinates": [34.862836434471575, 32.00150520473341]}}, {"type": "Feature", "properties": {"OBJECTID": 4418, "num_tik": 210004404, "settlement": "צפריה", "tochnit": " ", "mevakesh": "שיוביץ ינקו יוסף", "url_bkasha": "https://sdan.complot.co.il/iturbakashot/#request/20120069", "url_tik": "https://sdan.complot.co.il/tikbinyan/#building/210004404", "gush": 6839, "helka": 44, "migrash": "44", "x": 187178.3614, "y": 656536.9716, "origin": "היתרי בניה סרוקים בבקשות לה", "num_bakash": 20120069, "gush_parce": "6839/44"}, "geometry": {"type": "Point", "coordinates": [34.86284649341813, 32.00150861627581]}}, {"type": "Feature", "properties": {"OBJECTID": 4422, "num_tik": 210004501, "settlement": "צפריה", "tochnit": " ", "mevakesh": "יפרח גיא", "url_bkasha": "https://sdan.complot.co.il/iturbakashot/#request/20080070", "url_tik": "https://sdan.complot.co.il/tikbinyan/#building/210004501", "gush": 6839, "helka": 44, "migrash": "45", "x": 187068.414, "y": 656369.621, "origin": "היתרי בניה סרוקים בבקשות לה", "num_bakash": 20080070, "gush_parce": "6839/44"}, "geometry": {"type": "Point", "coordinates": [34.86168857488836, 31.999996322328006]}}, {"type": "Feature", "properties": {"OBJECTID": 4423, "num_tik": 210004501, "settlement": "צפריה", "tochnit": " ", "mevakesh": "יפרח גיא", "url_bkasha": "https://sdan.complot.co.il/iturbakashot/#request/20100115", "url_tik": "https://sdan.complot.co.il/tikbinyan/#building/210004501", "gush": 6839, "helka": 44, "migrash": "45", "x": 187074.6337, "y": 656372.7542, "origin": "היתרי בניה סרוקים בבקשות לה", "num_bakash": 20100115, "gush_parce": "6839/44"}, "geometry": {"type": "Point", "coordinates": [34.861754289539654, 32.00002475508005]}}, {"type": "Feature", "properties": {"OBJECTID": 4425, "num_tik": 210004601, "settlement": "צפריה", "tochnit": " ", "mevakesh": "פלג בנימין", "url_bkasha": "https://sdan.complot.co.il/iturbakashot/#request/20080019", "url_tik": "https://sdan.complot.co.il/tikbinyan/#building/210004601", "gush": 6839, "helka": 44, "migrash": "46", "x": 187083.818, "y": 656378.1557, "origin": "היתרי בניה סרוקים בבקשות לה", "num_bakash": 20080019, "gush_parce": "6839/44"}, "geometry": {"type": "Point", "coordinates": [34.86185130096427, 32.00007372787901]}}, {"type": "Feature", "properties": {"OBJECTID": 4426, "num_tik": 210004601, "settlement": "צפריה", "tochnit": " ", "mevakesh": "פלג בנימין", "url_bkasha": "https://sdan.complot.co.il/iturbakashot/#request/20110021", "url_tik": "https://sdan.complot.co.il/tikbinyan/#building/210004601", "gush": 6839, "helka": 44, "migrash": "46", "x": 187084.9598, "y": 656378.5305, "origin": "היתרי בניה סרוקים בבקשות לה", "num_bakash": 20110021, "gush_parce": "6839/44"}, "geometry": {"type": "Point", "coordinates": [34.86186337146197, 32.00007714042091]}}, {"type": "Feature", "properties": {"OBJECTID": 4427, "num_tik": 210004601, "settlement": "צפריה", "tochnit": " ", "mevakesh": "פלג בנימין", "url_bkasha": "https://sdan.complot.co.il/iturbakashot/#request/20170240", "url_tik": "https://sdan.complot.co.il/tikbinyan/#building/210004601", "gush": 6839, "helka": 76, "migrash": "46", "x": 187085.848, "y": 656378.906, "origin": "היתרי בניה סרוקים בבקשות לה", "num_bakash": 20170240, "gush_parce": "6839/76"}, "geometry": {"type": "Point", "coordinates": [34.86187275822285, 32.000080552029424]}}, {"type": "Feature", "properties": {"OBJECTID": 4435, "num_tik": 210004700, "settlement": "צפריה", "tochnit": " ", "mevakesh": "פרל אריאל", "url_bkasha": "https://sdan.complot.co.il/iturbakashot/#request/20080072", "url_tik": "https://sdan.complot.co.il/tikbinyan/#building/210004700", "gush": 6839, "helka": 44, "migrash": "47", "x": 187105.8613, "y": 656383.9826, "origin": "היתרי בניה סרוקים בבקשות לה", "num_bakash": 20080072, "gush_parce": "6839/44"}, "geometry": {"type": "Point", "coordinates": [34.862084378281615, 32.00012690403395]}}, {"type": "Feature", "properties": {"OBJECTID": 4436, "num_tik": 210004700, "settlement": "צפריה", "tochnit": " ", "mevakesh": "פרל אריאל", "url_bkasha": "https://sdan.complot.co.il/iturbakashot/#request/20110106", "url_tik": "https://sdan.complot.co.il/tikbinyan/#building/210004700", "gush": 6839, "helka": 44, "migrash": "47", "x": 187107.1935, "y": 656384.4829, "origin": "היתרי בניה סרוקים בבקשות לה", "num_bakash": 20110106, "gush_parce": "6839/44"}, "geometry": {"type": "Point", "coordinates": [34.86209845949394, 32.00013145374021]}}, {"type": "Feature", "properties": {"OBJECTID": 4437, "num_tik": 210004700, "settlement": "צפריה", "tochnit": " ", "mevakesh": "פרל אלינור", "url_bkasha": "https://sdan.complot.co.il/iturbakashot/#request/20130014", "url_tik": "https://sdan.complot.co.il/tikbinyan/#building/210004700", "gush": 6839, "helka": 44, "migrash": "47", "x": 187110.8706, "y": 656385.1018, "origin": "היתרי בניה סרוקים בבקשות לה", "num_bakash": 20130014, "gush_parce": "6839/44"}, "geometry": {"type": "Point", "coordinates": [34.86213735158343, 32.00013713991146]}}, {"type": "Feature", "properties": {"OBJECTID": 4442, "num_tik": 210004901, "settlement": "צפריה", "tochnit": " ", "mevakesh": "קונוביץ יעקב", "url_bkasha": "https://sdan.complot.co.il/iturbakashot/#request/20080005", "url_tik": "https://sdan.complot.co.il/tikbinyan/#building/210004901", "gush": 6839, "helka": 79, "migrash": "49 1", "x": 187139.8245, "y": 656399.617, "origin": "היתרי בניה סרוקים בבקשות לה", "num_bakash": 20080005, "gush_parce": "6839/79"}, "geometry": {"type": "Point", "coordinates": [34.86244326869435, 32.000268863171385]}}, {"type": "Feature", "properties": {"OBJECTID": 4443, "num_tik": 210004901, "settlement": "צפריה", "tochnit": " ", "mevakesh": "קונוביץ יעקב", "url_bkasha": "https://sdan.complot.co.il/iturbakashot/#request/20130059", "url_tik": "https://sdan.complot.co.il/tikbinyan/#building/210004901", "gush": 6839, "helka": 79, "migrash": "49 1", "x": 187140.713, "y": 656400.0556, "origin": "היתרי בניה סרוקים בבקשות לה", "num_bakash": 20130059, "gush_parce": "6839/79"}, "geometry": {"type": "Point", "coordinates": [34.86245265655948, 32.00027284377739]}}, {"type": "Feature", "properties": {"OBJECTID": 4452, "num_tik": 210005001, "settlement": "צפריה", "tochnit": " ", "mevakesh": "נפרסטק מנחם", "url_bkasha": "https://sdan.complot.co.il/iturbakashot/#request/20090084", "url_tik": "https://sdan.complot.co.il/tikbinyan/#building/210005001", "gush": 6839, "helka": 44, "migrash": "50", "x": 187167.21, "y": 656407.4453, "origin": "היתרי בניה סרוקים בבקשות לה", "num_bakash": 20090084, "gush_parce": "6839/44"}, "geometry": {"type": "Point", "coordinates": [34.86273281375133, 32.00034023898243]}}, {"type": "Feature", "properties": {"OBJECTID": 4453, "num_tik": 210005102, "settlement": "צפריה", "tochnit": " ", "mevakesh": "בוחניק שירה", "url_bkasha": "https://sdan.complot.co.il/iturbakashot/#request/20130019", "url_tik": "https://sdan.complot.co.il/tikbinyan/#building/210005102", "gush": 6839, "helka": 44, "migrash": "51", "x": 187184.7366, "y": 656415.4242, "origin": "היתרי בניה סרוקים בבקשות לה", "num_bakash": 20130019, "gush_parce": "6839/44"}, "geometry": {"type": "Point", "coordinates": [34.862918022332785, 32.00041269148802]}}, {"type": "Feature", "properties": {"OBJECTID": 4456, "num_tik": 210005200, "settlement": "צפריה", "tochnit": " ", "mevakesh": "צ'יקוטאי מרים", "url_bkasha": "https://sdan.complot.co.il/iturbakashot/#request/20090085", "url_tik": "https://sdan.complot.co.il/tikbinyan/#building/210005200", "gush": 6839, "helka": 7, "migrash": "52", "x": 187199.5418, "y": 656421.2703, "origin": "היתרי בניה סרוקים בבקשות לה", "num_bakash": 20090085, "gush_parce": "6839/7"}, "geometry": {"type": "Point", "coordinates": [34.86307450319514, 32.00046583280439]}}, {"type": "Feature", "properties": {"OBJECTID": 4457, "num_tik": 210005200, "settlement": "צפריה", "tochnit": " ", "mevakesh": "צ'יקוטאי מרים", "url_bkasha": "https://sdan.complot.co.il/iturbakashot/#request/20100008", "url_tik": "https://sdan.complot.co.il/tikbinyan/#building/210005200", "gush": 6839, "helka": 7, "migrash": "52", "x": 187200.43, "y": 656421.6143, "origin": "היתרי בניה סרוקים בבקשות לה", "num_bakash": 20100008, "gush_parce": "6839/7"}, "geometry": {"type": "Point", "coordinates": [34.86308389109346, 32.00046896025872]}}, {"type": "Feature", "properties": {"OBJECTID": 4458, "num_tik": 210005200, "settlement": "צפריה", "tochnit": " ", "mevakesh": "פרנקנטל עדי", "url_bkasha": "https://sdan.complot.co.il/iturbakashot/#request/20180059", "url_tik": "https://sdan.complot.co.il/tikbinyan/#building/210005200", "gush": 6839, "helka": 82, "migrash": "52", "x": 187201.4135, "y": 656422.0526, "origin": "היתרי בניה סרוקים בבקשות לה", "num_bakash": 20180059, "gush_parce": "6839/82"}, "geometry": {"type": "Point", "coordinates": [34.86309428435609, 32.00047294081642]}}, {"type": "Feature", "properties": {"OBJECTID": 4459, "num_tik": 210005301, "settlement": "צפריה", "tochnit": " ", "mevakesh": "שטרן עמנואל", "url_bkasha": "https://sdan.complot.co.il/iturbakashot/#request/20070432", "url_tik": "https://sdan.complot.co.il/tikbinyan/#building/210005301", "gush": 6839, "helka": 44, "migrash": "53", "x": 187225.0767, "y": 656429.9804, "origin": "היתרי בניה סרוקים בבקשות לה", "num_bakash": 20070432, "gush_parce": "6839/44"}, "geometry": {"type": "Point", "coordinates": [34.863344435918975, 32.000545106555414]}}, {"type": "Feature", "properties": {"OBJECTID": 4460, "num_tik": 210005301, "settlement": "צפריה", "tochnit": " ", "mevakesh": "חגאי אברהמי", "url_bkasha": "https://sdan.complot.co.il/iturbakashot/#request/20120123", "url_tik": "https://sdan.complot.co.il/tikbinyan/#building/210005301", "gush": 6839, "helka": 44, "migrash": "53", "x": 187223.3633, "y": 656429.1661, "origin": "היתרי בניה סרוקים בבקשות לה", "num_bakash": 20120123, "gush_parce": "6839/44"}, "geometry": {"type": "Point", "coordinates": [34.86332633100466, 32.00053771451147]}}, {"type": "Feature", "properties": {"OBJECTID": 4461, "num_tik": 210005301, "settlement": "צפריה", "tochnit": " ", "mevakesh": "חגאי אברהמי", "url_bkasha": "https://sdan.complot.co.il/iturbakashot/#request/20190191", "url_tik": "https://sdan.complot.co.il/tikbinyan/#building/210005301", "gush": 6839, "helka": 83, "migrash": "53", "x": 187224.2518, "y": 656429.6047, "origin": "היתרי בניה סרוקים בבקשות לה", "num_bakash": 20190191, "gush_parce": "6839/83"}, "geometry": {"type": "Point", "coordinates": [34.86333571893587, 32.0005416950524]}}, {"type": "Feature", "properties": {"OBJECTID": 4465, "num_tik": 210005401, "settlement": "צפריה", "tochnit": " ", "mevakesh": "שמואל מנשה", "url_bkasha": "https://sdan.complot.co.il/iturbakashot/#request/20070365", "url_tik": "https://sdan.complot.co.il/tikbinyan/#building/210005401", "gush": 6839, "helka": 7, "migrash": "54", "x": 187151.2915, "y": 656436.538, "origin": "היתרי בניה סרוקים בבקשות לה", "num_bakash": 20070365, "gush_parce": "6839/7"}, "geometry": {"type": "Point", "coordinates": [34.86256338286557, 32.000602141299765]}}, {"type": "Feature", "properties": {"OBJECTID": 4466, "num_tik": 210005505, "settlement": "צפריה", "tochnit": " ", "mevakesh": "יצחקי שרונה", "url_bkasha": "https://sdan.complot.co.il/iturbakashot/#request/20070211", "url_tik": "https://sdan.complot.co.il/tikbinyan/#building/210005505", "gush": 6839, "helka": 44, "migrash": "55", "x": 187155.7162, "y": 656455.6583, "origin": "היתרי בניה סרוקים בבקשות לה", "num_bakash": 20070211, "gush_parce": "6839/44"}, "geometry": {"type": "Point", "coordinates": [34.86260956776011, 32.00077469304045]}}, {"type": "Feature", "properties": {"OBJECTID": 4467, "num_tik": 210005505, "settlement": "צפריה", "tochnit": " ", "mevakesh": "יצחקי יחיאל", "url_bkasha": "https://sdan.complot.co.il/iturbakashot/#request/20080080", "url_tik": "https://sdan.complot.co.il/tikbinyan/#building/210005505", "gush": 6839, "helka": 44, "migrash": "55", "x": 187151.8544, "y": 656456.7425, "origin": "היתרי בניה סרוקים בבקשות לה", "num_bakash": 20080080, "gush_parce": "6839/44"}, "geometry": {"type": "Point", "coordinates": [34.86256866379393, 32.00078436018924]}}, {"type": "Feature", "properties": {"OBJECTID": 4469, "num_tik": 210005656, "settlement": "צפריה", "tochnit": " ", "mevakesh": "שטרית אפרת", "url_bkasha": "https://sdan.complot.co.il/iturbakashot/#request/20070338", "url_tik": "https://sdan.complot.co.il/tikbinyan/#building/210005656", "gush": 6839, "helka": 44, "migrash": "56", "x": 187147.0348, "y": 656472.8369, "origin": "היתרי בניה סרוקים בבקשות לה", "num_bakash": 20070338, "gush_parce": "6839/44"}, "geometry": {"type": "Point", "coordinates": [34.86251712157829, 32.00092936099756]}}, {"type": "Feature", "properties": {"OBJECTID": 4472, "num_tik": 210005700, "settlement": "צפריה", "tochnit": " ", "mevakesh": "יוגב אפרת", "url_bkasha": "https://sdan.complot.co.il/iturbakashot/#request/20080093", "url_tik": "https://sdan.complot.co.il/tikbinyan/#building/210005700", "gush": 6839, "helka": 44, "migrash": "57", "x": 187137.7293, "y": 656485.9756, "origin": "היתרי בניה סרוקים בבקשות לה", "num_bakash": 20080093, "gush_parce": "6839/44"}, "geometry": {"type": "Point", "coordinates": [34.86241820571637, 32.00104757953271]}}, {"type": "Feature", "properties": {"OBJECTID": 4473, "num_tik": 210005700, "settlement": "צפריה", "tochnit": " ", "mevakesh": "יוגב אפרת", "url_bkasha": "https://sdan.complot.co.il/iturbakashot/#request/20110132", "url_tik": "https://sdan.complot.co.il/tikbinyan/#building/210005700", "gush": 6839, "helka": 44, "migrash": "57", "x": 187139.7585, "y": 656486.4736, "origin": "היתרי בניה סרוקים בבקשות לה", "num_bakash": 20110132, "gush_parce": "6839/44"}, "geometry": {"type": "Point", "coordinates": [34.86243966322237, 32.001052128340696]}}, {"type": "Feature", "properties": {"OBJECTID": 4474, "num_tik": 210005801, "settlement": "צפריה", "tochnit": " ", "mevakesh": "גבין אורית", "url_bkasha": "https://sdan.complot.co.il/iturbakashot/#request/20080087", "url_tik": "https://sdan.complot.co.il/tikbinyan/#building/210005801", "gush": 6839, "helka": 44, "migrash": "58", "x": 187190.8348, "y": 656446.6286, "origin": "היתרי בניה סרוקים בבקשות לה", "num_bakash": 20080087, "gush_parce": "6839/44"}, "geometry": {"type": "Point", "coordinates": [34.8629815138568, 32.000694264382076]}}, {"type": "Feature", "properties": {"OBJECTID": 4475, "num_tik": 210005800, "settlement": "צפריה", "tochnit": " ", "mevakesh": "מושקוביץ מאיר דב", "url_bkasha": "https://sdan.complot.co.il/iturbakashot/#request/20180125", "url_tik": "https://sdan.complot.co.il/tikbinyan/#building/210005800", "gush": 6838, "helka": 20, "migrash": "58", "x": 187189.2712, "y": 656450.1828, "origin": "היתרי בניה סרוקים בבקשות לה", "num_bakash": 20180125, "gush_parce": "6838/20"}, "geometry": {"type": "Point", "coordinates": [34.86296484822065, 32.00072627139725]}}, {"type": "Feature", "properties": {"OBJECTID": 4481, "num_tik": 210005901, "settlement": "צפריה", "tochnit": " ", "mevakesh": "שקרוב זאב", "url_bkasha": "https://sdan.complot.co.il/iturbakashot/#request/20090017", "url_tik": "https://sdan.complot.co.il/tikbinyan/#building/210005901", "gush": 6839, "helka": 6, "migrash": "59", "x": 187188.9687, "y": 656468.4735, "origin": "היתרי בניה סרוקים בבקשות לה", "num_bakash": 20090017, "gush_parce": "6839/6"}, "geometry": {"type": "Point", "coordinates": [34.862961035752114, 32.00089120710605]}}, {"type": "Feature", "properties": {"OBJECTID": 4486, "num_tik": 210006001, "settlement": "צפריה", "tochnit": " ", "mevakesh": "כהנא ניר", "url_bkasha": "https://sdan.complot.co.il/iturbakashot/#request/20080006", "url_tik": "https://sdan.complot.co.il/tikbinyan/#building/210006001", "gush": 6839, "helka": 90, "migrash": "60 1", "x": 187178.1615, "y": 656492.1106, "origin": "היתרי בניה סרוקים בבקשות לה", "num_bakash": 20080006, "gush_parce": "6839/90"}, "geometry": {"type": "Point", "coordinates": [34.86284587767829, 32.00110405708592]}}, {"type": "Feature", "properties": {"OBJECTID": 4487, "num_tik": 210006001, "settlement": "צפריה", "tochnit": " ", "mevakesh": "כהנא ניר", "url_bkasha": "https://sdan.complot.co.il/iturbakashot/#request/20110103", "url_tik": "https://sdan.complot.co.il/tikbinyan/#building/210006001", "gush": 6839, "helka": 90, "migrash": "60 1", "x": 187178.6634, "y": 656490.5325, "origin": "היתרי בניה סרוקים בבקשות לה", "num_bakash": 20110103, "gush_parce": "6839/90"}, "geometry": {"type": "Point", "coordinates": [34.86285124183476, 32.00108984018304]}}, {"type": "Feature", "properties": {"OBJECTID": 4488, "num_tik": 210006001, "settlement": "צפריה", "tochnit": " ", "mevakesh": "כהנא ניר", "url_bkasha": "https://sdan.complot.co.il/iturbakashot/#request/20110129", "url_tik": "https://sdan.complot.co.il/tikbinyan/#building/210006001", "gush": 6839, "helka": 90, "migrash": "60 1", "x": 187179.1018, "y": 656488.8916, "origin": "היתרי בניה סרוקים בבקשות לה", "num_bakash": 20110129, "gush_parce": "6839/90"}, "geometry": {"type": "Point", "coordinates": [34.86285593609477, 32.001075055144774]}}, {"type": "Feature", "properties": {"OBJECTID": 4489, "num_tik": 210006100, "settlement": "צפריה", "tochnit": " ", "mevakesh": "זליגר צהלה", "url_bkasha": "https://sdan.complot.co.il/iturbakashot/#request/20070457", "url_tik": "https://sdan.complot.co.il/tikbinyan/#building/210006100", "gush": 6839, "helka": 44, "migrash": "61", "x": 187173.0547, "y": 656501.5441, "origin": "היתרי בניה סרוקים בבקשות לה", "num_bakash": 20070457, "gush_parce": "6839/44"}, "geometry": {"type": "Point", "coordinates": [34.86279151910205, 32.001188982267585]}}, {"type": "Feature", "properties": {"OBJECTID": 4490, "num_tik": 210006100, "settlement": "צפריה", "tochnit": " ", "mevakesh": "זליגר יוסי", "url_bkasha": "https://sdan.complot.co.il/iturbakashot/#request/20150128", "url_tik": "https://sdan.complot.co.il/tikbinyan/#building/210006100", "gush": 6838, "helka": 91, "migrash": "61", "x": 187174.6405, "y": 656502.1066, "origin": "היתרי בניה סרוקים בבקשות לה", "num_bakash": 20150128, "gush_parce": "6838/91"}, "geometry": {"type": "Point", "coordinates": [34.86280828217927, 32.00119410003669]}}, {"type": "Feature", "properties": {"OBJECTID": 4573, "num_tik": 205003300, "settlement": "יגל", "tochnit": "גז/1000", "mevakesh": "וקנין ברוך", "url_bkasha": "https://sdan.complot.co.il/iturbakashot/#request/20220358", "url_tik": "https://sdan.complot.co.il/tikbinyan/#building/205003300", "gush": 6875, "helka": 23, "migrash": "33", "x": 188315.6292, "y": 655588.4132, "origin": "היתרי בניה סרוקים בבקשות לה", "num_bakash": 20220358, "gush_parce": "6875/23"}, "geometry": {"type": "Point", "coordinates": [34.87491237979503, 31.992986391496746]}}, {"type": "Feature", "properties": {"OBJECTID": 4608, "num_tik": 205003600, "settlement": "יגל", "tochnit": "גמ/391", "mevakesh": "סמי באבא", "url_bkasha": "https://sdan.complot.co.il/iturbakashot/#request/20230299", "url_tik": "https://sdan.complot.co.il/tikbinyan/#building/205003600", "gush": 6875, "helka": 20, "migrash": "36", "x": 188364.6748, "y": 655628.565, "origin": "היתרי בניה סרוקים בבקשות לה", "num_bakash": 20230299, "gush_parce": "6875/20"}, "geometry": {"type": "Point", "coordinates": [34.87543007169884, 31.993349825134036]}}, {"type": "Feature", "properties": {"OBJECTID": 4617, "num_tik": 200000133, "settlement": "מ.א. שדות דן", "tochnit": "תמא/34/ב/4", "mevakesh": "מקורות חברת מים בע\"מ", "url_bkasha": "https://sdan.complot.co.il/iturbakashot/#request/20230250", "url_tik": "https://sdan.complot.co.il/tikbinyan/#building/200000133", "gush": 6833, "helka": 44, "migrash": " ", "x": 188013.8074, "y": 655141.6701, "origin": "היתרי בניה סרוקים בבקשות לה", "num_bakash": 20230250, "gush_parce": "6833/44"}, "geometry": {"type": "Point", "coordinates": [34.87173314272254, 31.98894934915362]}}, {"type": "Feature", "properties": {"OBJECTID": 4649, "num_tik": 205002600, "settlement": "יגל", "tochnit": "גז/1000", "mevakesh": "אוסנת באבא", "url_bkasha": "https://sdan.complot.co.il/iturbakashot/#request/20240110", "url_tik": "https://sdan.complot.co.il/tikbinyan/#building/205002600", "gush": 6875, "helka": 30, "migrash": "26", "x": 188498.9755, "y": 655373.8593, "origin": "היתרי בניה סרוקים בבקשות לה", "num_bakash": 20240110, "gush_parce": "6875/30"}, "geometry": {"type": "Point", "coordinates": [34.87685936586879, 31.991056575759597]}}, {"type": "Feature", "properties": {"OBJECTID": 4682, "num_tik": 210001800, "settlement": "צפריה", "tochnit": " ", "mevakesh": "סלע שמעון", "url_bkasha": "https://sdan.complot.co.il/iturbakashot/#request/8719210", "url_tik": "https://sdan.complot.co.il/tikbinyan/#building/210001800", "gush": 6839, "helka": 9, "migrash": "18", "x": 186836.3329, "y": 656691.4801, "origin": "היתרי בניה סרוקים בבקשות לה", "num_bakash": 8719210, "gush_parce": "6839/9"}, "geometry": {"type": "Point", "coordinates": [34.861976341698266, 32.003749676723544]}}, {"type": "Feature", "properties": {"OBJECTID": 4712, "num_tik": 210002200, "settlement": "צפריה", "tochnit": " ", "mevakesh": "ספיר יעקב  ורות", "url_bkasha": "https://sdan.complot.co.il/iturbakashot/#request/8513898", "url_tik": "https://sdan.complot.co.il/tikbinyan/#building/210002200", "gush": 6839, "helka": 13, "migrash": "22", "x": 186947.9827, "y": 656583.5328, "origin": "היתרי בניה סרוקים בבקשות לה", "num_bakash": 8513898, "gush_parce": "6839/13"}, "geometry": {"type": "Point", "coordinates": [34.861946501878904, 32.002385931754276]}}, {"type": "Feature", "properties": {"OBJECTID": 4714, "num_tik": 210002300, "settlement": "צפריה", "tochnit": " ", "mevakesh": "שמידוב יצחק", "url_bkasha": "https://sdan.complot.co.il/iturbakashot/#request/716588", "url_tik": "https://sdan.complot.co.il/tikbinyan/#building/210002300", "gush": 6839, "helka": 14, "migrash": "23", "x": 186972.0526, "y": 656551.0762, "origin": "היתרי בניה סרוקים בבקשות לה", "num_bakash": 716588, "gush_parce": "6839/14"}, "geometry": {"type": "Point", "coordinates": [34.86107713065725, 32.00174478172842]}}, {"type": "Feature", "properties": {"OBJECTID": 4715, "num_tik": 210002300, "settlement": "צפריה", "tochnit": " ", "mevakesh": "שמיצוב יצחק", "url_bkasha": "https://sdan.complot.co.il/iturbakashot/#request/777681", "url_tik": "https://sdan.complot.co.il/tikbinyan/#building/210002300", "gush": 6839, "helka": 14, "migrash": "23", "x": 186972.1721, "y": 656548.8057, "origin": "היתרי בניה סרוקים בבקשות לה", "num_bakash": 777681, "gush_parce": "6839/14"}, "geometry": {"type": "Point", "coordinates": [34.86106774260161, 32.00176411531214]}}, {"type": "Feature", "properties": {"OBJECTID": 5050, "num_tik": 205001600, "settlement": "יגל", "tochnit": " ", "mevakesh": "זנבר עקיבא", "url_bkasha": "https://sdan.complot.co.il/iturbakashot/#request/749083", "url_tik": "https://sdan.complot.co.il/tikbinyan/#building/205001600", "gush": 6876, "helka": 5, "migrash": "16", "x": 188674.5109, "y": 654996.8021, "origin": "היתרי בניה סרוקים בבקשות לה", "num_bakash": 749083, "gush_parce": "6876/5"}, "geometry": {"type": "Point", "coordinates": [34.878735504800595, 31.987721354336454]}}, {"type": "Feature", "properties": {"OBJECTID": 5051, "num_tik": 205001700, "settlement": "יגל", "tochnit": " ", "mevakesh": "זנבר דניאל", "url_bkasha": "https://sdan.complot.co.il/iturbakashot/#request/749084", "url_tik": "https://sdan.complot.co.il/tikbinyan/#building/205001700", "gush": 6876, "helka": 4, "migrash": "17", "x": 188697.1436, "y": 655062.8471, "origin": "היתרי בניה סרוקים בבקשות לה", "num_bakash": 749084, "gush_parce": "6876/4"}, "geometry": {"type": "Point", "coordinates": [34.87897153888401, 31.988268649233973]}}, {"type": "Feature", "properties": {"OBJECTID": 5052, "num_tik": 205001900, "settlement": "יגל", "tochnit": " ", "mevakesh": "נג'י ג'פני", "url_bkasha": "https://sdan.complot.co.il/iturbakashot/#request/631752", "url_tik": "https://sdan.complot.co.il/tikbinyan/#building/205001900", "gush": 6876, "helka": 2, "migrash": "19", "x": 188676.3539, "y": 655166.9062, "origin": "היתרי בניה סרוקים בבקשות לה", "num_bakash": 631752, "gush_parce": "6876/2"}, "geometry": {"type": "Point", "coordinates": [34.87881664149167, 31.989288381570816]}}, {"type": "Feature", "properties": {"OBJECTID": 5053, "num_tik": 205001900, "settlement": "יגל", "tochnit": " ", "mevakesh": "נג'י ג'פני", "url_bkasha": "https://sdan.complot.co.il/iturbakashot/#request/748876", "url_tik": "https://sdan.complot.co.il/tikbinyan/#building/205001900", "gush": 6876, "helka": 2, "migrash": "19", "x": 188678.3772, "y": 655165.3865, "origin": "היתרי בניה סרוקים בבקשות לה", "num_bakash": 748876, "gush_parce": "6876/2"}, "geometry": {"type": "Point", "coordinates": [34.87879786592088, 31.98927700763546]}}, {"type": "Feature", "properties": {"OBJECTID": 5054, "num_tik": 205001900, "settlement": "יגל", "tochnit": " ", "mevakesh": "נג'י ג'פני", "url_bkasha": "https://sdan.complot.co.il/iturbakashot/#request/7811133", "url_tik": "https://sdan.complot.co.il/tikbinyan/#building/205001900", "gush": 6876, "helka": 2, "migrash": "19", "x": 188681.9222, "y": 655164.1145, "origin": "היתרי בניה סרוקים בבקשות לה", "num_bakash": 7811133, "gush_parce": "6876/2"}, "geometry": {"type": "Point", "coordinates": [34.87831640932805, 31.988843637483562]}}, {"type": "Feature", "properties": {"OBJECTID": 5055, "num_tik": 205002000, "settlement": "יגל", "tochnit": " ", "mevakesh": "יפרח ניסים", "url_bkasha": "https://sdan.complot.co.il/iturbakashot/#request/631705", "url_tik": "https://sdan.complot.co.il/tikbinyan/#building/205002000", "gush": 6875, "helka": 36, "migrash": "20", "x": 188657.1224, "y": 655199.0647, "origin": "היתרי בניה סרוקים בבקשות לה", "num_bakash": 631705, "gush_parce": "6875/36"}, "geometry": {"type": "Point", "coordinates": [34.878610782288284, 31.989462981021806]}}, {"type": "Feature", "properties": {"OBJECTID": 5056, "num_tik": 205002000, "settlement": "יגל", "tochnit": " ", "mevakesh": "יפרח ניסים", "url_bkasha": "https://sdan.complot.co.il/iturbakashot/#request/673818", "url_tik": "https://sdan.complot.co.il/tikbinyan/#building/205002000", "gush": 6875, "helka": 36, "migrash": "20", "x": 188659.6473, "y": 655195.7776, "origin": "היתרי בניה סרוקים בבקשות לה", "num_bakash": 673818, "gush_parce": "6875/36"}, "geometry": {"type": "Point", "coordinates": [34.87860005279272, 31.989474354992918]}}, {"type": "Feature", "properties": {"OBJECTID": 5057, "num_tik": 205002000, "settlement": "יגל", "tochnit": " ", "mevakesh": "יפרח ניסים", "url_bkasha": "https://sdan.complot.co.il/iturbakashot/#request/694910", "url_tik": "https://sdan.complot.co.il/tikbinyan/#building/205002000", "gush": 6875, "helka": 36, "migrash": "20", "x": 188659.897, "y": 655194.5156, "origin": "היתרי בניה סרוקים בבקשות לה", "num_bakash": 694910, "gush_parce": "6875/36"}, "geometry": {"type": "Point", "coordinates": [34.87847801231957, 31.989301462372467]}}, {"type": "Feature", "properties": {"OBJECTID": 5058, "num_tik": 205002000, "settlement": "יגל", "tochnit": " ", "mevakesh": "יפרח ניסים", "url_bkasha": "https://sdan.complot.co.il/iturbakashot/#request/716091", "url_tik": "https://sdan.complot.co.il/tikbinyan/#building/205002000", "gush": 6875, "helka": 36, "migrash": "20", "x": 188658.3685, "y": 655191.9975, "origin": "היתרי בניה סרוקים בבקשות לה", "num_bakash": 716091, "gush_parce": "6875/36"}, "geometry": {"type": "Point", "coordinates": [34.87864430903791, 31.989370846740304]}}, {"type": "Feature", "properties": {"OBJECTID": 5059, "num_tik": 205002100, "settlement": "יגל", "tochnit": " ", "mevakesh": "יפרח שלום", "url_bkasha": "https://sdan.complot.co.il/iturbakashot/#request/759641", "url_tik": "https://sdan.complot.co.il/tikbinyan/#building/205002100", "gush": 6875, "helka": 35, "migrash": "21", "x": 188628.2957, "y": 655222.549, "origin": "היתרי בניה סרוקים בבקשות לה", "num_bakash": 759641, "gush_parce": "6875/35"}, "geometry": {"type": "Point", "coordinates": [34.87828891587263, 31.989848007656597]}}, {"type": "Feature", "properties": {"OBJECTID": 5060, "num_tik": 205002100, "settlement": "יגל", "tochnit": " ", "mevakesh": "יפרח שלום", "url_bkasha": "https://sdan.complot.co.il/iturbakashot/#request/7811134", "url_tik": "https://sdan.complot.co.il/tikbinyan/#building/205002100", "gush": 6875, "helka": 35, "migrash": "21", "x": 188633.8838, "y": 655226.3161, "origin": "היתרי בניה סרוקים בבקשות לה", "num_bakash": 7811134, "gush_parce": "6875/35"}, "geometry": {"type": "Point", "coordinates": [34.878036788756944, 31.98959776886589]}}, {"type": "Feature", "properties": {"OBJECTID": 5061, "num_tik": 205002200, "settlement": "יגל", "tochnit": " ", "mevakesh": "יפרח ניסים", "url_bkasha": "https://sdan.complot.co.il/iturbakashot/#request/748341", "url_tik": "https://sdan.complot.co.il/tikbinyan/#building/205002200", "gush": 6875, "helka": 34, "migrash": "22", "x": 188597.4357, "y": 655265.1483, "origin": "היתרי בניה סרוקים בבקשות לה", "num_bakash": 748341, "gush_parce": "6875/34"}, "geometry": {"type": "Point", "coordinates": [34.87775314583394, 31.98973767462798]}}, {"type": "Feature", "properties": {"OBJECTID": 5062, "num_tik": 205002200, "settlement": "יגל", "tochnit": " ", "mevakesh": "יפרח ניסים", "url_bkasha": "https://sdan.complot.co.il/iturbakashot/#request/759708", "url_tik": "https://sdan.complot.co.il/tikbinyan/#building/205002200", "gush": 6875, "helka": 34, "migrash": "22", "x": 188599.4597, "y": 655263.8809, "origin": "היתרי בניה סרוקים בבקשות לה", "num_bakash": 759708, "gush_parce": "6875/34"}, "geometry": {"type": "Point", "coordinates": [34.87792882903865, 31.990069809509244]}}, {"type": "Feature", "properties": {"OBJECTID": 5063, "num_tik": 205002200, "settlement": "יגל", "tochnit": " ", "mevakesh": "יפרח ניסים", "url_bkasha": "https://sdan.complot.co.il/iturbakashot/#request/8929305", "url_tik": "https://sdan.complot.co.il/tikbinyan/#building/205002200", "gush": 6875, "helka": 34, "migrash": "22", "x": 188599.9614, "y": 655262.1135, "origin": "היתרי בניה סרוקים בבקשות לה", "num_bakash": 8929305, "gush_parce": "6875/34"}, "geometry": {"type": "Point", "coordinates": [34.8779100547244, 31.990053884941354]}}, {"type": "Feature", "properties": {"OBJECTID": 5064, "num_tik": 205002200, "settlement": "יגל", "tochnit": " ", "mevakesh": "יפרח ניסים", "url_bkasha": "https://sdan.complot.co.il/iturbakashot/#request/9020964", "url_tik": "https://sdan.complot.co.il/tikbinyan/#building/205002200", "gush": 6875, "helka": 34, "migrash": "22", "x": 188603.2528, "y": 655260.8423, "origin": "היתרי בניה סרוקים בבקשות לה", "num_bakash": 9020964, "gush_parce": "6875/34"}, "geometry": {"type": "Point", "coordinates": [34.87795565111854, 31.990094833242253]}}, {"type": "Feature", "properties": {"OBJECTID": 5065, "num_tik": 205002300, "settlement": "יגל", "tochnit": " ", "mevakesh": "יפרח אליהו", "url_bkasha": "https://sdan.complot.co.il/iturbakashot/#request/631706", "url_tik": "https://sdan.complot.co.il/tikbinyan/#building/205002300", "gush": 6875, "helka": 33, "migrash": "23", "x": 188570.2686, "y": 655292.4746, "origin": "היתרי בניה סרוקים בבקשות לה", "num_bakash": 631706, "gush_parce": "6875/33"}, "geometry": {"type": "Point", "coordinates": [34.87772095826876, 31.990419004276678]}}, {"type": "Feature", "properties": {"OBJECTID": 5066, "num_tik": 205002300, "settlement": "יגל", "tochnit": " ", "mevakesh": "יפרח אליהו", "url_bkasha": "https://sdan.complot.co.il/iturbakashot/#request/749149", "url_tik": "https://sdan.complot.co.il/tikbinyan/#building/205002300", "gush": 6875, "helka": 33, "migrash": "23", "x": 188574.0686, "y": 655291.7063, "origin": "היתרי בניה סרוקים בבקשות לה", "num_bakash": 749149, "gush_parce": "6875/33"}, "geometry": {"type": "Point", "coordinates": [34.87742189294145, 31.990132368364293]}}, {"type": "Feature", "properties": {"OBJECTID": 5067, "num_tik": 205002300, "settlement": "יגל", "tochnit": " ", "mevakesh": "יפרח אליהו", "url_bkasha": "https://sdan.complot.co.il/iturbakashot/#request/808796", "url_tik": "https://sdan.complot.co.il/tikbinyan/#building/205002300", "gush": 6875, "helka": 33, "migrash": "23", "x": 188574.8214, "y": 655289.1814, "origin": "היתרי בניה סרוקים בבקשות לה", "num_bakash": 808796, "gush_parce": "6875/33"}, "geometry": {"type": "Point", "coordinates": [34.877733028861904, 31.99040876650099]}}, {"type": "Feature", "properties": {"OBJECTID": 5068, "num_tik": 205002600, "settlement": "יגל", "tochnit": " ", "mevakesh": "באבא עוזר", "url_bkasha": "https://sdan.complot.co.il/iturbakashot/#request/727204", "url_tik": "https://sdan.complot.co.il/tikbinyan/#building/205002600", "gush": 6875, "helka": 30, "migrash": "26", "x": 188504.9275, "y": 655374.3415, "origin": "היתרי בניה סרוקים בבקשות לה", "num_bakash": 727204, "gush_parce": "6875/30"}, "geometry": {"type": "Point", "coordinates": [34.87689953275825, 31.99117141779294]}}, {"type": "Feature", "properties": {"OBJECTID": 5069, "num_tik": 205002700, "settlement": "יגל", "tochnit": " ", "mevakesh": "דיין יעקב", "url_bkasha": "https://sdan.complot.co.il/iturbakashot/#request/631824", "url_tik": "https://sdan.complot.co.il/tikbinyan/#building/205002700", "gush": 6875, "helka": 29, "migrash": "27", "x": 188475.5213, "y": 655415.4226, "origin": "היתרי בניה סרוקים בבקשות לה", "num_bakash": 631824, "gush_parce": "6875/29"}, "geometry": {"type": "Point", "coordinates": [34.87673457587795, 31.99146487376377]}}, {"type": "Feature", "properties": {"OBJECTID": 5070, "num_tik": 205002700, "settlement": "יגל", "tochnit": " ", "mevakesh": " ", "url_bkasha": "https://sdan.complot.co.il/iturbakashot/#request/716482", "url_tik": "https://sdan.complot.co.il/tikbinyan/#building/205002700", "gush": 6875, "helka": 29, "migrash": "27", "x": 188479.5609, "y": 655410.113, "origin": "היתרי בניה סרוקים בבקשות לה", "num_bakash": 716482, "gush_parce": "6875/29"}, "geometry": {"type": "Point", "coordinates": [34.87665276873149, 31.991382979783413]}}, {"type": "Feature", "properties": {"OBJECTID": 5071, "num_tik": 205003000, "settlement": "יגל", "tochnit": " ", "mevakesh": "ביטון  משה", "url_bkasha": "https://sdan.complot.co.il/iturbakashot/#request/631709", "url_tik": "https://sdan.complot.co.il/tikbinyan/#building/205003000", "gush": 6875, "helka": 26, "migrash": "30", "x": 188373.4833, "y": 655494.8781, "origin": "היתרי בניה סרוקים בבקשות לה", "num_bakash": 631709, "gush_parce": "6875/26"}, "geometry": {"type": "Point", "coordinates": [34.8758628589658, 31.99226163830997]}}, {"type": "Feature", "properties": {"OBJECTID": 5072, "num_tik": 205003000, "settlement": "יגל", "tochnit": " ", "mevakesh": "ביטון  משה", "url_bkasha": "https://sdan.complot.co.il/iturbakashot/#request/673819", "url_tik": "https://sdan.complot.co.il/tikbinyan/#building/205003000", "gush": 6875, "helka": 26, "migrash": "30", "x": 188375.2499, "y": 655492.3502, "origin": "היתרי בניה סרוקים בבקשות לה", "num_bakash": 673819, "gush_parce": "6875/26"}, "geometry": {"type": "Point", "coordinates": [34.875850788279976, 31.992274150252666]}}, {"type": "Feature", "properties": {"OBJECTID": 5073, "num_tik": 205003000, "settlement": "יגל", "tochnit": " ", "mevakesh": "הסוכנות היהודית לא\"י", "url_bkasha": "https://sdan.complot.co.il/iturbakashot/#request/716562", "url_tik": "https://sdan.complot.co.il/tikbinyan/#building/205003000", "gush": 6875, "helka": 26, "migrash": "30", "x": 188375.4973, "y": 655490.3314, "origin": "היתרי בניה סרוקים בבקשות לה", "num_bakash": 716562, "gush_parce": "6875/26"}, "geometry": {"type": "Point", "coordinates": [34.87578507473203, 31.9920148187275]}}, {"type": "Feature", "properties": {"OBJECTID": 5074, "num_tik": 205003000, "settlement": "יגל", "tochnit": " ", "mevakesh": "שאול", "url_bkasha": "https://sdan.complot.co.il/iturbakashot/#request/758585", "url_tik": "https://sdan.complot.co.il/tikbinyan/#building/205003000", "gush": 6875, "helka": 26, "migrash": "30", "x": 188377.5228, "y": 655489.5685, "origin": "היתרי בניה סרוקים בבקשות לה", "num_bakash": 758585, "gush_parce": "6875/26"}, "geometry": {"type": "Point", "coordinates": [34.875770322678534, 31.992027330032197]}}, {"type": "Feature", "properties": {"OBJECTID": 5075, "num_tik": 205003000, "settlement": "יגל", "tochnit": " ", "mevakesh": "ביטון  משה", "url_bkasha": "https://sdan.complot.co.il/iturbakashot/#request/759640", "url_tik": "https://sdan.complot.co.il/tikbinyan/#building/205003000", "gush": 6875, "helka": 26, "migrash": "30", "x": 188380.3072, "y": 655488.2987, "origin": "היתרי בניה סרוקים בבקשות לה", "num_bakash": 759640, "gush_parce": "6875/26"}, "geometry": {"type": "Point", "coordinates": [34.87583871883108, 31.992287798470553]}}, {"type": "Feature", "properties": {"OBJECTID": 5076, "num_tik": 205003100, "settlement": "יגל", "tochnit": " ", "mevakesh": "בבא אפרים", "url_bkasha": "https://sdan.complot.co.il/iturbakashot/#request/621666", "url_tik": "https://sdan.complot.co.il/tikbinyan/#building/205003100", "gush": 6875, "helka": 25, "migrash": "31", "x": 188374.7567, "y": 655535.1791, "origin": "היתרי בניה סרוקים בבקשות לה", "num_bakash": 621666, "gush_parce": "6875/25"}, "geometry": {"type": "Point", "coordinates": [34.87527690361553, 31.99216558924313]}}, {"type": "Feature", "properties": {"OBJECTID": 5077, "num_tik": 205003100, "settlement": "יגל", "tochnit": " ", "mevakesh": "בבא אפרים", "url_bkasha": "https://sdan.complot.co.il/iturbakashot/#request/631886", "url_tik": "https://sdan.complot.co.il/tikbinyan/#building/205003100", "gush": 6875, "helka": 25, "migrash": "31", "x": 188381.8464, "y": 655532.635, "origin": "היתרי בניה סרוקים בבקשות לה", "num_bakash": 631886, "gush_parce": "6875/25"}, "geometry": {"type": "Point", "coordinates": [34.875292997173226, 31.992150802616525]}}, {"type": "Feature", "properties": {"OBJECTID": 5078, "num_tik": 205003100, "settlement": "יגל", "tochnit": " ", "mevakesh": "בבא אפרים", "url_bkasha": "https://sdan.complot.co.il/iturbakashot/#request/705341", "url_tik": "https://sdan.complot.co.il/tikbinyan/#building/205003100", "gush": 6875, "helka": 25, "migrash": "31", "x": 188382.845, "y": 655527.5868, "origin": "היתרי בניה סרוקים בבקשות לה", "num_bakash": 705341, "gush_parce": "6875/25"}, "geometry": {"type": "Point", "coordinates": [34.87556658297625, 31.992473829255854]}}, {"type": "Feature", "properties": {"OBJECTID": 5079, "num_tik": 205003100, "settlement": "יגל", "tochnit": " ", "mevakesh": "בבא אפרים", "url_bkasha": "https://sdan.complot.co.il/iturbakashot/#request/748473", "url_tik": "https://sdan.complot.co.il/tikbinyan/#building/205003100", "gush": 6875, "helka": 25, "migrash": "31", "x": 188376.2546, "y": 655527.6068, "origin": "היתרי בניה סרוקים בבקשות לה", "num_bakash": 748473, "gush_parce": "6875/25"}, "geometry": {"type": "Point", "coordinates": [34.87514011149789, 31.992310040682998]}}, {"type": "Feature", "properties": {"OBJECTID": 5080, "num_tik": 205003200, "settlement": "יגל", "tochnit": " ", "mevakesh": "אורי ניסים", "url_bkasha": "https://sdan.complot.co.il/iturbakashot/#request/726763", "url_tik": "https://sdan.complot.co.il/tikbinyan/#building/205003200", "gush": 6875, "helka": 24, "migrash": "32", "x": 188343.4983, "y": 655571.1574, "origin": "היתרי בניה סרוקים בבקשות לה", "num_bakash": 726763, "gush_parce": "6875/24"}, "geometry": {"type": "Point", "coordinates": [34.87521722482452, 31.992828132377745]}}, {"type": "Feature", "properties": {"OBJECTID": 5081, "num_tik": 205003200, "settlement": "יגל", "tochnit": " ", "mevakesh": "אורי ניסים", "url_bkasha": "https://sdan.complot.co.il/iturbakashot/#request/748337", "url_tik": "https://sdan.complot.co.il/tikbinyan/#building/205003200", "gush": 6875, "helka": 24, "migrash": "32", "x": 188346.0269, "y": 655569.1317, "origin": "היתרי בניה סרוקים בבקשות לה", "num_bakash": 748337, "gush_parce": "6875/24"}, "geometry": {"type": "Point", "coordinates": [34.87504958633888, 31.99247553481385]}}, {"type": "Feature", "properties": {"OBJECTID": 5082, "num_tik": 205003200, "settlement": "יגל", "tochnit": " ", "mevakesh": "אורי ניסים", "url_bkasha": "https://sdan.complot.co.il/iturbakashot/#request/7911454", "url_tik": "https://sdan.complot.co.il/tikbinyan/#building/205003200", "gush": 6875, "helka": 24, "migrash": "32", "x": 188351.333, "y": 655563.5659, "origin": "היתרי בניה סרוקים בבקשות לה", "num_bakash": 7911454, "gush_parce": "6875/24"}, "geometry": {"type": "Point", "coordinates": [34.87529366828369, 31.992784910592803]}}, {"type": "Feature", "properties": {"OBJECTID": 5083, "num_tik": 205003300, "settlement": "יגל", "tochnit": " ", "mevakesh": "באבה באבה", "url_bkasha": "https://sdan.complot.co.il/iturbakashot/#request/8112238", "url_tik": "https://sdan.complot.co.il/tikbinyan/#building/205003300", "gush": 6875, "helka": 23, "migrash": "33", "x": 188324.5004, "y": 655596.1884, "origin": "היתרי בניה סרוקים בבקשות לה", "num_bakash": 8112238, "gush_parce": "6875/23"}, "geometry": {"type": "Point", "coordinates": [34.87493492278893, 31.993080637139055]}}, {"type": "Feature", "properties": {"OBJECTID": 5084, "num_tik": 205003400, "settlement": "יגל", "tochnit": " ", "mevakesh": "הסוכנות היהודית לא\"י", "url_bkasha": "https://sdan.complot.co.il/iturbakashot/#request/716489", "url_tik": "https://sdan.complot.co.il/tikbinyan/#building/205003400", "gush": 6875, "helka": 54, "migrash": "34", "x": 188299.7524, "y": 655626.5973, "origin": "היתרי בניה סרוקים בבקשות לה", "num_bakash": 716489, "gush_parce": "6875/54"}, "geometry": {"type": "Point", "coordinates": [34.87467340757626, 31.993210870075277]}}, {"type": "Feature", "properties": {"OBJECTID": 5085, "num_tik": 205003400, "settlement": "יגל", "tochnit": " ", "mevakesh": "בידרי משה", "url_bkasha": "https://sdan.complot.co.il/iturbakashot/#request/737432", "url_tik": "https://sdan.complot.co.il/tikbinyan/#building/205003400", "gush": 6875, "helka": 54, "migrash": "34", "x": 188301.2655, "y": 655624.0702, "origin": "היתרי בניה סרוקים בבקשות לה", "num_bakash": 737432, "gush_parce": "6875/54"}, "geometry": {"type": "Point", "coordinates": [34.8747981293097, 31.993374656868994]}}, {"type": "Feature", "properties": {"OBJECTID": 5086, "num_tik": 205003600, "settlement": "יגל", "tochnit": " ", "mevakesh": "באבי סמי", "url_bkasha": "https://sdan.complot.co.il/iturbakashot/#request/726922", "url_tik": "https://sdan.complot.co.il/tikbinyan/#building/205003600", "gush": 6875, "helka": 20, "migrash": "36", "x": 188359.2511, "y": 655625.0287, "origin": "היתרי בניה סרוקים בבקשות לה", "num_bakash": 726922, "gush_parce": "6875/20"}, "geometry": {"type": "Point", "coordinates": [34.87518503863453, 31.99331209938086]}}, {"type": "Feature", "properties": {"OBJECTID": 5087, "num_tik": 205003700, "settlement": "יגל", "tochnit": " ", "mevakesh": "שינחה תקוה", "url_bkasha": "https://sdan.complot.co.il/iturbakashot/#request/8112239", "url_tik": "https://sdan.complot.co.il/tikbinyan/#building/205003700", "gush": 6875, "helka": 19, "migrash": "37", "x": 188375.8355, "y": 655598.1764, "origin": "היתרי בניה סרוקים בבקשות לה", "num_bakash": 8112239, "gush_parce": "6875/19"}, "geometry": {"type": "Point", "coordinates": [34.87546868298501, 31.99309769877028]}}, {"type": "Feature", "properties": {"OBJECTID": 5088, "num_tik": 205003800, "settlement": "יגל", "tochnit": " ", "mevakesh": "שנחה יחזקאל", "url_bkasha": "https://sdan.complot.co.il/iturbakashot/#request/7710483", "url_tik": "https://sdan.complot.co.il/tikbinyan/#building/205003800", "gush": 6875, "helka": 18, "migrash": "38", "x": 188404.8885, "y": 655566.304, "origin": "היתרי בניה סרוקים בבקשות לה", "num_bakash": 7710483, "gush_parce": "6875/18"}, "geometry": {"type": "Point", "coordinates": [34.875742268450274, 31.99273600235341]}}, {"type": "Feature", "properties": {"OBJECTID": 5089, "num_tik": 205003800, "settlement": "יגל", "tochnit": " ", "mevakesh": "שנחה יחזקאל", "url_bkasha": "https://sdan.complot.co.il/iturbakashot/#request/674073", "url_tik": "https://sdan.complot.co.il/tikbinyan/#building/205003800", "gush": 6875, "helka": 18, "migrash": "38", "x": 188409.1922, "y": 655564.5252, "origin": "היתרי בניה סרוקים בבקשות לה", "num_bakash": 674073, "gush_parce": "6875/18"}, "geometry": {"type": "Point", "coordinates": [34.87592063525421, 31.99287021705205]}}, {"type": "Feature", "properties": {"OBJECTID": 5090, "num_tik": 205003900, "settlement": "יגל", "tochnit": " ", "mevakesh": "הסוכנות היהודית לא\"י", "url_bkasha": "https://sdan.complot.co.il/iturbakashot/#request/716487", "url_tik": "https://sdan.complot.co.il/tikbinyan/#building/205003900", "gush": 6875, "helka": 17, "migrash": "39", "x": 188431.7408, "y": 655540.051, "origin": "היתרי בניה סרוקים בבקשות לה", "num_bakash": 716487, "gush_parce": "6875/17"}, "geometry": {"type": "Point", "coordinates": [34.87655698875764, 31.992642165948936]}}, {"type": "Feature", "properties": {"OBJECTID": 5091, "num_tik": 205003900, "settlement": "יגל", "tochnit": " ", "mevakesh": "מרלין שינחה", "url_bkasha": "https://sdan.complot.co.il/iturbakashot/#request/716191", "url_tik": "https://sdan.complot.co.il/tikbinyan/#building/205003900", "gush": 6875, "helka": 17, "migrash": "39", "x": 188433.5151, "y": 655535.5051, "origin": "היתרי בניה סרוקים בבקשות לה", "num_bakash": 716191, "gush_parce": "6875/17"}, "geometry": {"type": "Point", "coordinates": [34.87610786447179, 31.992537524634653]}}, {"type": "Feature", "properties": {"OBJECTID": 5092, "num_tik": 205004000, "settlement": "יגל", "tochnit": " ", "mevakesh": "רשתי יצחק", "url_bkasha": "https://sdan.complot.co.il/iturbakashot/#request/748691", "url_tik": "https://sdan.complot.co.il/tikbinyan/#building/205004000", "gush": 6875, "helka": 16, "migrash": "40", "x": 188457.6936, "y": 655505.161, "origin": "היתרי בניה סרוקים בבקשות לה", "num_bakash": 748691, "gush_parce": "6875/16"}, "geometry": {"type": "Point", "coordinates": [34.87637809657, 31.992090519172763]}}, {"type": "Feature", "properties": {"OBJECTID": 5093, "num_tik": 205004100, "settlement": "יגל", "tochnit": " ", "mevakesh": "ביטן חמר", "url_bkasha": "https://sdan.complot.co.il/iturbakashot/#request/673854", "url_tik": "https://sdan.complot.co.il/tikbinyan/#building/205004100", "gush": 6875, "helka": 15, "migrash": "41", "x": 188475.4618, "y": 655476.0346, "origin": "היתרי בניה סרוקים בבקשות לה", "num_bakash": 673854, "gush_parce": "6875/15"}, "geometry": {"type": "Point", "coordinates": [34.87661666790931, 31.992021705720042]}}, {"type": "Feature", "properties": {"OBJECTID": 5094, "num_tik": 205004100, "settlement": "יגל", "tochnit": " ", "mevakesh": "ביטן חמר", "url_bkasha": "https://sdan.complot.co.il/iturbakashot/#request/726216", "url_tik": "https://sdan.complot.co.il/tikbinyan/#building/205004100", "gush": 6875, "helka": 15, "migrash": "41", "x": 188476.7238, "y": 655474.265, "origin": "היתרי בניה סרוקים בבקשות לה", "num_bakash": 726216, "gush_parce": "6875/15"}, "geometry": {"type": "Point", "coordinates": [34.876651535604424, 31.991977345849502]}}, {"type": "Feature", "properties": {"OBJECTID": 5095, "num_tik": 205004100, "settlement": "יגל", "tochnit": " ", "mevakesh": "הסוכנות היהודית לא\"י", "url_bkasha": "https://sdan.complot.co.il/iturbakashot/#request/726565", "url_tik": "https://sdan.complot.co.il/tikbinyan/#building/205004100", "gush": 6875, "helka": 15, "migrash": "41", "x": 188476.7368, "y": 655478.5533, "origin": "היתרי בניה סרוקים בבקשות לה", "num_bakash": 726565, "gush_parce": "6875/15"}, "geometry": {"type": "Point", "coordinates": [34.87685672534951, 31.992178669545137]}}, {"type": "Feature", "properties": {"OBJECTID": 5096, "num_tik": 205004100, "settlement": "יגל", "tochnit": " ", "mevakesh": "ביטון גבריאל", "url_bkasha": "https://sdan.complot.co.il/iturbakashot/#request/748336", "url_tik": "https://sdan.complot.co.il/tikbinyan/#building/205004100", "gush": 6875, "helka": 15, "migrash": "41", "x": 188478.5081, "y": 655477.5389, "origin": "היתרי בניה סרוקים בבקשות לה", "num_bakash": 748336, "gush_parce": "6875/15"}, "geometry": {"type": "Point", "coordinates": [34.877158473717785, 31.99203762939966]}}, {"type": "Feature", "properties": {"OBJECTID": 5097, "num_tik": 205004100, "settlement": "יגל", "tochnit": " ", "mevakesh": "ביטון גבריאל", "url_bkasha": "https://sdan.complot.co.il/iturbakashot/#request/8312916", "url_tik": "https://sdan.complot.co.il/tikbinyan/#building/205004100", "gush": 6875, "helka": 15, "migrash": "41", "x": 188479.5197, "y": 655476.7791, "origin": "היתרי בניה סרוקים בבקשות לה", "num_bakash": 8312916, "gush_parce": "6875/15"}, "geometry": {"type": "Point", "coordinates": [34.876596551278254, 31.991855642426806]}}, {"type": "Feature", "properties": {"OBJECTID": 5098, "num_tik": 205004200, "settlement": "יגל", "tochnit": " ", "mevakesh": "ביטון יצחק", "url_bkasha": "https://sdan.complot.co.il/iturbakashot/#request/621667", "url_tik": "https://sdan.complot.co.il/tikbinyan/#building/205004200", "gush": 6875, "helka": 14, "migrash": "42", "x": 188503.827, "y": 655447.0022, "origin": "היתרי בניה סרוקים בבקשות לה", "num_bakash": 621667, "gush_parce": "6875/14"}, "geometry": {"type": "Point", "coordinates": [34.87707063157073, 31.991716308241354]}}, {"type": "Feature", "properties": {"OBJECTID": 5099, "num_tik": 205004200, "settlement": "יגל", "tochnit": " ", "mevakesh": "ביטון יצחק", "url_bkasha": "https://sdan.complot.co.il/iturbakashot/#request/705896", "url_tik": "https://sdan.complot.co.il/tikbinyan/#building/205004200", "gush": 6875, "helka": 14, "migrash": "42", "x": 188506.3496, "y": 655442.9584, "origin": "היתרי בניה סרוקים בבקשות לה", "num_bakash": 705896, "gush_parce": "6875/14"}, "geometry": {"type": "Point", "coordinates": [34.87692713439185, 31.991704933307368]}}, {"type": "Feature", "properties": {"OBJECTID": 5100, "num_tik": 205004200, "settlement": "יגל", "tochnit": " ", "mevakesh": "ביטון יצחק", "url_bkasha": "https://sdan.complot.co.il/iturbakashot/#request/7811083", "url_tik": "https://sdan.complot.co.il/tikbinyan/#building/205004200", "gush": 6875, "helka": 14, "migrash": "42", "x": 188503.304, "y": 655441.7063, "origin": "היתרי בניה סרוקים בבקשות לה", "num_bakash": 7811083, "gush_parce": "6875/14"}, "geometry": {"type": "Point", "coordinates": [34.87708404318874, 31.991700383604716]}}, {"type": "Feature", "properties": {"OBJECTID": 5101, "num_tik": 205004300, "settlement": "יגל", "tochnit": " ", "mevakesh": "יפרח סלומון [שלמה]", "url_bkasha": "https://sdan.complot.co.il/iturbakashot/#request/621668", "url_tik": "https://sdan.complot.co.il/tikbinyan/#building/205004300", "gush": 6875, "helka": 13, "migrash": "43", "x": 188541.1442, "y": 655423.4923, "origin": "היתרי בניה סרוקים בבקשות לה", "num_bakash": 621668, "gush_parce": "6875/13"}, "geometry": {"type": "Point", "coordinates": [34.87732544142428, 31.991318777166015]}}, {"type": "Feature", "properties": {"OBJECTID": 5102, "num_tik": 205004300, "settlement": "יגל", "tochnit": " ", "mevakesh": "יפרח סלומון [שלמה]", "url_bkasha": "https://sdan.complot.co.il/iturbakashot/#request/684365", "url_tik": "https://sdan.complot.co.il/tikbinyan/#building/205004300", "gush": 6875, "helka": 13, "migrash": "43", "x": 188537.339, "y": 655422.4948, "origin": "היתרי בניה סרוקים בבקשות לה", "num_bakash": 684365, "gush_parce": "6875/13"}, "geometry": {"type": "Point", "coordinates": [34.877365675118455, 31.991596309224295]}}, {"type": "Feature", "properties": {"OBJECTID": 5103, "num_tik": 205004300, "settlement": "יגל", "tochnit": " ", "mevakesh": "יפרח סלומון [שלמה]", "url_bkasha": "https://sdan.complot.co.il/iturbakashot/#request/737567", "url_tik": "https://sdan.complot.co.il/tikbinyan/#building/205004300", "gush": 6875, "helka": 13, "migrash": "43", "x": 188535.8082, "y": 655419.2201, "origin": "היתרי בניה סרוקים בבקשות לה", "num_bakash": 737567, "gush_parce": "6875/13"}, "geometry": {"type": "Point", "coordinates": [34.87731739482297, 31.991267593460655]}}, {"type": "Feature", "properties": {"OBJECTID": 5104, "num_tik": 205004300, "settlement": "יגל", "tochnit": " ", "mevakesh": "יפרח סלומון [שלמה]", "url_bkasha": "https://sdan.complot.co.il/iturbakashot/#request/7811046", "url_tik": "https://sdan.complot.co.il/tikbinyan/#building/205004300", "gush": 6875, "helka": 13, "migrash": "43", "x": 188534.5347, "y": 655417.2059, "origin": "היתרי בניה סרוקים בבקשות לה", "num_bakash": 7811046, "gush_parce": "6875/13"}, "geometry": {"type": "Point", "coordinates": [34.877735819490105, 31.991654318825194]}}, {"type": "Feature", "properties": {"OBJECTID": 5105, "num_tik": 205004400, "settlement": "יגל", "tochnit": " ", "mevakesh": "אפריגן שמעון", "url_bkasha": "https://sdan.complot.co.il/iturbakashot/#request/673821", "url_tik": "https://sdan.complot.co.il/tikbinyan/#building/205004400", "gush": 6875, "helka": 12, "migrash": "44", "x": 188563.1438, "y": 655384.8933, "origin": "היתרי בניה סרוקים בבקשות לה", "num_bakash": 673821, "gush_parce": "6875/12"}, "geometry": {"type": "Point", "coordinates": [34.87748838550822, 31.991121433141696]}}, {"type": "Feature", "properties": {"OBJECTID": 5106, "num_tik": 205004400, "settlement": "יגל", "tochnit": " ", "mevakesh": "אפריגן שמעון", "url_bkasha": "https://sdan.complot.co.il/iturbakashot/#request/749082", "url_tik": "https://sdan.complot.co.il/tikbinyan/#building/205004400", "gush": 6875, "helka": 12, "migrash": "44", "x": 188564.402, "y": 655381.8624, "origin": "היתרי בניה סרוקים בבקשות לה", "num_bakash": 749082, "gush_parce": "6875/12"}, "geometry": {"type": "Point", "coordinates": [34.87758092099564, 31.990981528383333]}}, {"type": "Feature", "properties": {"OBJECTID": 5107, "num_tik": 205004400, "settlement": "יגל", "tochnit": " ", "mevakesh": "אפריגן שמעון", "url_bkasha": "https://sdan.complot.co.il/iturbakashot/#request/8312187", "url_tik": "https://sdan.complot.co.il/tikbinyan/#building/205004400", "gush": 6875, "helka": 12, "migrash": "44", "x": 188566.9368, "y": 655381.8548, "origin": "היתרי בניה סרוקים בבקשות לה", "num_bakash": 8312187, "gush_parce": "6875/12"}, "geometry": {"type": "Point", "coordinates": [34.877571534043675, 31.991125983186667]}}, {"type": "Feature", "properties": {"OBJECTID": 5108, "num_tik": 205004400, "settlement": "יגל", "tochnit": " ", "mevakesh": "אפריגן שמעון", "url_bkasha": "https://sdan.complot.co.il/iturbakashot/#request/8929313", "url_tik": "https://sdan.complot.co.il/tikbinyan/#building/205004400", "gush": 6875, "helka": 12, "migrash": "44", "x": 188560.0891, "y": 655380.6142, "origin": "היתרי בניה סרוקים בבקשות לה", "num_bakash": 8929313, "gush_parce": "6875/12"}, "geometry": {"type": "Point", "coordinates": [34.8775956747118, 31.990992903862857]}}, {"type": "Feature", "properties": {"OBJECTID": 5109, "num_tik": 205004400, "settlement": "יגל", "tochnit": " ", "mevakesh": "אפריגן שמעון", "url_bkasha": "https://sdan.complot.co.il/iturbakashot/#request/9121144", "url_tik": "https://sdan.complot.co.il/tikbinyan/#building/205004400", "gush": 6875, "helka": 12, "migrash": "44", "x": 188562.8674, "y": 655377.3264, "origin": "היתרי בניה סרוקים בבקשות לה", "num_bakash": 9121144, "gush_parce": "6875/12"}, "geometry": {"type": "Point", "coordinates": [34.87758360403282, 31.991003139820304]}}, {"type": "Feature", "properties": {"OBJECTID": 5110, "num_tik": 205004400, "settlement": "יגל", "tochnit": " ", "mevakesh": "אפריגן שמעון", "url_bkasha": "https://sdan.complot.co.il/iturbakashot/#request/9121303", "url_tik": "https://sdan.complot.co.il/tikbinyan/#building/205004400", "gush": 6875, "helka": 12, "migrash": "44", "x": 188565.6611, "y": 655379.0838, "origin": "היתרי בניה סרוקים בבקשות לה", "num_bakash": 9121303, "gush_parce": "6875/12"}, "geometry": {"type": "Point", "coordinates": [34.8775715344029, 31.991013377582906]}}, {"type": "Feature", "properties": {"OBJECTID": 5111, "num_tik": 205004700, "settlement": "יגל", "tochnit": " ", "mevakesh": "יפרח משה", "url_bkasha": "https://sdan.complot.co.il/iturbakashot/#request/631826", "url_tik": "https://sdan.complot.co.il/tikbinyan/#building/205004700", "gush": 6875, "helka": 9, "migrash": "47", "x": 188631.6265, "y": 655293.936, "origin": "היתרי בניה סרוקים בבקשות לה", "num_bakash": 631826, "gush_parce": "6875/9"}, "geometry": {"type": "Point", "coordinates": [34.87827494392422, 31.990350819757605]}}, {"type": "Feature", "properties": {"OBJECTID": 5112, "num_tik": 205004700, "settlement": "יגל", "tochnit": " ", "mevakesh": "יפרח משה", "url_bkasha": "https://sdan.complot.co.il/iturbakashot/#request/694911", "url_tik": "https://sdan.complot.co.il/tikbinyan/#building/205004700", "gush": 6875, "helka": 9, "migrash": "47", "x": 188633.9002, "y": 655291.4066, "origin": "היתרי בניה סרוקים בבקשות לה", "num_bakash": 694911, "gush_parce": "6875/9"}, "geometry": {"type": "Point", "coordinates": [34.87825616820578, 31.990339445743007]}}, {"type": "Feature", "properties": {"OBJECTID": 5113, "num_tik": 205004700, "settlement": "יגל", "tochnit": " ", "mevakesh": "יפרח משה", "url_bkasha": "https://sdan.complot.co.il/iturbakashot/#request/705703", "url_tik": "https://sdan.complot.co.il/tikbinyan/#building/205004700", "gush": 6875, "helka": 9, "migrash": "47", "x": 188630.3499, "y": 655290.9127, "origin": "היתרי בניה סרוקים בבקשות לה", "num_bakash": 705703, "gush_parce": "6875/9"}, "geometry": {"type": "Point", "coordinates": [34.878270920314584, 31.990318971210016]}}, {"type": "Feature", "properties": {"OBJECTID": 5114, "num_tik": 205004700, "settlement": "יגל", "tochnit": " ", "mevakesh": "הסוכנות היהודית לא\"י", "url_bkasha": "https://sdan.complot.co.il/iturbakashot/#request/716563", "url_tik": "https://sdan.complot.co.il/tikbinyan/#building/205004700", "gush": 6875, "helka": 9, "migrash": "47", "x": 188632.6199, "y": 655287.122, "origin": "היתרי בניה סרוקים בבקשות לה", "num_bakash": 716563, "gush_parce": "6875/9"}, "geometry": {"type": "Point", "coordinates": [34.87892269755103, 31.99047138926071]}}, {"type": "Feature", "properties": {"OBJECTID": 5115, "num_tik": 205004800, "settlement": "יגל", "tochnit": " ", "mevakesh": "בן שמואל מסעוד", "url_bkasha": "https://sdan.complot.co.il/iturbakashot/#request/631863", "url_tik": "https://sdan.complot.co.il/tikbinyan/#building/205004800", "gush": 6875, "helka": 8, "migrash": "48", "x": 188679.6129, "y": 655277.7098, "origin": "היתרי בניה סרוקים בבקשות לה", "num_bakash": 631863, "gush_parce": "6875/8"}, "geometry": {"type": "Point", "coordinates": [34.87859144461168, 31.98991688538105]}}, {"type": "Feature", "properties": {"OBJECTID": 5116, "num_tik": 205004800, "settlement": "יגל", "tochnit": " ", "mevakesh": "בן שמואל מסעוד", "url_bkasha": "https://sdan.complot.co.il/iturbakashot/#request/7811054", "url_tik": "https://sdan.complot.co.il/tikbinyan/#building/205004800", "gush": 6875, "helka": 8, "migrash": "48", "x": 188683.6534, "y": 655272.6524, "origin": "היתרי בניה סרוקים בבקשות לה", "num_bakash": 7811054, "gush_parce": "6875/8"}, "geometry": {"type": "Point", "coordinates": [34.87894281349212, 31.990223995612453]}}, {"type": "Feature", "properties": {"OBJECTID": 5117, "num_tik": 205004900, "settlement": "יגל", "tochnit": " ", "mevakesh": "סויסה שלום", "url_bkasha": "https://sdan.complot.co.il/iturbakashot/#request/749151", "url_tik": "https://sdan.complot.co.il/tikbinyan/#building/205004900", "gush": 6875, "helka": 7, "migrash": " ", "x": 188703.1736, "y": 655210.0956, "origin": "היתרי בניה סרוקים בבקשות לה", "num_bakash": 749151, "gush_parce": "6875/7"}, "geometry": {"type": "Point", "coordinates": [34.87913526229646, 31.989958401661024]}}, {"type": "Feature", "properties": {"OBJECTID": 5118, "num_tik": 205004900, "settlement": "יגל", "tochnit": " ", "mevakesh": "סויסה שלום", "url_bkasha": "https://sdan.complot.co.il/iturbakashot/#request/759642", "url_tik": "https://sdan.complot.co.il/tikbinyan/#building/205004900", "gush": 6875, "helka": 7, "migrash": " ", "x": 188702.143, "y": 655204.5489, "origin": "היתרי בניה סרוקים בבקשות לה", "num_bakash": 759642, "gush_parce": "6875/7"}, "geometry": {"type": "Point", "coordinates": [34.8790722301761, 31.98949659819631]}}, {"type": "Feature", "properties": {"OBJECTID": 5119, "num_tik": 205005101, "settlement": "יגל", "tochnit": " ", "mevakesh": "אבדלה לוי", "url_bkasha": "https://sdan.complot.co.il/iturbakashot/#request/631708", "url_tik": "https://sdan.complot.co.il/tikbinyan/#building/205005101", "gush": 6875, "helka": 5, "migrash": "51", "x": 188739.8323, "y": 655177.8849, "origin": "היתרי בניה סרוקים בבקשות לה", "num_bakash": 631708, "gush_parce": "6875/5"}, "geometry": {"type": "Point", "coordinates": [34.87954563952939, 31.989034222876565]}}, {"type": "Feature", "properties": {"OBJECTID": 5120, "num_tik": 205005101, "settlement": "יגל", "tochnit": " ", "mevakesh": "אבדלה לוי", "url_bkasha": "https://sdan.complot.co.il/iturbakashot/#request/726762", "url_tik": "https://sdan.complot.co.il/tikbinyan/#building/205005101", "gush": 6875, "helka": 5, "migrash": "51", "x": 188739.0575, "y": 655173.0942, "origin": "היתרי בניה סרוקים בבקשות לה", "num_bakash": 726762, "gush_parce": "6875/5"}, "geometry": {"type": "Point", "coordinates": [34.879396777727656, 31.9891445563013]}}, {"type": "Feature", "properties": {"OBJECTID": 5121, "num_tik": 205005101, "settlement": "יגל", "tochnit": " ", "mevakesh": "אבדלה לוי", "url_bkasha": "https://sdan.complot.co.il/iturbakashot/#request/748474", "url_tik": "https://sdan.complot.co.il/tikbinyan/#building/205005101", "gush": 6875, "helka": 5, "migrash": "51", "x": 188734.2284, "y": 655168.8202, "origin": "היתרי בניה סרוקים בבקשות לה", "num_bakash": 748474, "gush_parce": "6875/5"}, "geometry": {"type": "Point", "coordinates": [34.87988762226866, 31.98931858643933]}}, {"type": "Feature", "properties": {"OBJECTID": 5122, "num_tik": 205005200, "settlement": "יגל", "tochnit": " ", "mevakesh": "אלמליח מאיר", "url_bkasha": "https://sdan.complot.co.il/iturbakashot/#request/716092", "url_tik": "https://sdan.complot.co.il/tikbinyan/#building/205005200", "gush": 6875, "helka": 4, "migrash": "52", "x": 188819.6252, "y": 655159.3563, "origin": "היתרי בניה סרוקים בבקשות לה", "num_bakash": 716092, "gush_parce": "6875/4"}, "geometry": {"type": "Point", "coordinates": [34.880277883492056, 31.989111570788243]}}, {"type": "Feature", "properties": {"OBJECTID": 5123, "num_tik": 205005200, "settlement": "יגל", "tochnit": " ", "mevakesh": "אלמליח מאיר", "url_bkasha": "https://sdan.complot.co.il/iturbakashot/#request/8413577", "url_tik": "https://sdan.complot.co.il/tikbinyan/#building/205005200", "gush": 6875, "helka": 4, "migrash": "52", "x": 188821.1423, "y": 655158.0904, "origin": "היתרי בניה סרוקים בבקשות לה", "num_bakash": 8413577, "gush_parce": "6875/4"}, "geometry": {"type": "Point", "coordinates": [34.88039187688408, 31.989182092626457]}}, {"type": "Feature", "properties": {"OBJECTID": 5124, "num_tik": 205005400, "settlement": "יגל", "tochnit": " ", "mevakesh": "זילקה נעים", "url_bkasha": "https://sdan.complot.co.il/iturbakashot/#request/705797", "url_tik": "https://sdan.complot.co.il/tikbinyan/#building/205005400", "gush": 6875, "helka": 2, "migrash": "54", "x": 188927.7533, "y": 655143.3924, "origin": "היתרי בניה סרוקים בבקשות לה", "num_bakash": 705797, "gush_parce": "6875/2"}, "geometry": {"type": "Point", "coordinates": [34.88138362443128, 31.988666824308027]}}, {"type": "Feature", "properties": {"OBJECTID": 5125, "num_tik": 205005400, "settlement": "יגל", "tochnit": " ", "mevakesh": "זילקה נעים", "url_bkasha": "https://sdan.complot.co.il/iturbakashot/#request/748475", "url_tik": "https://sdan.complot.co.il/tikbinyan/#building/205005400", "gush": 6875, "helka": 2, "migrash": "54", "x": 188930.7823, "y": 655139.0948, "origin": "היתרי בניה סרוקים בבקשות לה", "num_bakash": 748475, "gush_parce": "6875/2"}, "geometry": {"type": "Point", "coordinates": [34.881473477845596, 31.989159342816883]}}, {"type": "Feature", "properties": {"OBJECTID": 5126, "num_tik": 205005500, "settlement": "יגל", "tochnit": " ", "mevakesh": "יעקב יעקב", "url_bkasha": "https://sdan.complot.co.il/iturbakashot/#request/737271", "url_tik": "https://sdan.complot.co.il/tikbinyan/#building/205005500", "gush": 6875, "helka": 37, "migrash": "5000", "x": 188961.6078, "y": 655063.0708, "origin": "היתרי בניה סרוקים בבקשות לה", "num_bakash": 737271, "gush_parce": "6875/37"}, "geometry": {"type": "Point", "coordinates": [34.88150566439168, 31.98846208067965]}}, {"type": "Feature", "properties": {"OBJECTID": 5127, "num_tik": 205005500, "settlement": "יגל", "tochnit": " ", "mevakesh": "יעקב יעקב", "url_bkasha": "https://sdan.complot.co.il/iturbakashot/#request/748339", "url_tik": "https://sdan.complot.co.il/tikbinyan/#building/205005500", "gush": 6875, "helka": 37, "migrash": "5000", "x": 188964.1261, "y": 655057.5134, "origin": "היתרי בניה סרוקים בבקשות לה", "num_bakash": 748339, "gush_parce": "6875/37"}, "geometry": {"type": "Point", "coordinates": [34.881830211972606, 31.98870777218847]}}, {"type": "Feature", "properties": {"OBJECTID": 5144, "num_tik": 205009600, "settlement": "יגל", "tochnit": " ", "mevakesh": "מילר יונתן", "url_bkasha": "https://sdan.complot.co.il/iturbakashot/#request/9121307", "url_tik": "https://sdan.complot.co.il/tikbinyan/#building/205009600", "gush": 6877, "helka": 17, "migrash": "96", "x": 189009.1761, "y": 655033.603, "origin": "היתרי בניה סרוקים בבקשות לה", "num_bakash": 9121307, "gush_parce": "6877/17"}, "geometry": {"type": "Point", "coordinates": [34.882286187074136, 31.98792462788939]}}, {"type": "Feature", "properties": {"OBJECTID": 5804, "num_tik": 201013000, "settlement": "אחיעזר", "tochnit": " ", "mevakesh": "דרייב סעדיה", "url_bkasha": "https://sdan.complot.co.il/iturbakashot/#request/642657", "url_tik": "https://sdan.complot.co.il/tikbinyan/#building/201013000", "gush": 4980, "helka": 23, "migrash": "130", "x": 187404.2245, "y": 655000.3297, "origin": "היתרי בניה סרוקים בבקשות לה", "num_bakash": 642657, "gush_parce": "4980/23"}, "geometry": {"type": "Point", "coordinates": [34.8655545938542, 31.98778734878166]}}, {"type": "Feature", "properties": {"OBJECTID": 5805, "num_tik": 201013000, "settlement": "אחיעזר", "tochnit": " ", "mevakesh": "מנצור סעעד", "url_bkasha": "https://sdan.complot.co.il/iturbakashot/#request/726949", "url_tik": "https://sdan.complot.co.il/tikbinyan/#building/201013000", "gush": 4980, "helka": 23, "migrash": "130", "x": 187404.2245, "y": 655000.3297, "origin": "היתרי בניה סרוקים בבקשות לה", "num_bakash": 726949, "gush_parce": "4980/23"}, "geometry": {"type": "Point", "coordinates": [34.865489550226414, 31.98785559770027]}}, {"type": "Feature", "properties": {"OBJECTID": 5806, "num_tik": 201013100, "settlement": "אחיעזר", "tochnit": " ", "mevakesh": "מנצור עובדיה", "url_bkasha": "https://sdan.complot.co.il/iturbakashot/#request/7811090", "url_tik": "https://sdan.complot.co.il/tikbinyan/#building/201013100", "gush": 4980, "helka": 11, "migrash": "131", "x": 187493.6891, "y": 655013.4861, "origin": "היתרי בניה סרוקים בבקשות לה", "num_bakash": 7811090, "gush_parce": "4980/11"}, "geometry": {"type": "Point", "coordinates": [34.866067610996566, 31.98770377382624]}}, {"type": "Feature", "properties": {"OBJECTID": 5807, "num_tik": 201013100, "settlement": "אחיעזר", "tochnit": " ", "mevakesh": "מנצור עובדיה", "url_bkasha": "https://sdan.complot.co.il/iturbakashot/#request/652310", "url_tik": "https://sdan.complot.co.il/tikbinyan/#building/201013100", "gush": 4980, "helka": 11, "migrash": "131", "x": 187493.6891, "y": 655013.4861, "origin": "היתרי בניה סרוקים בבקשות לה", "num_bakash": 652310, "gush_parce": "4980/11"}, "geometry": {"type": "Point", "coordinates": [34.86611186779281, 31.987725385409025]}}, {"type": "Feature", "properties": {"OBJECTID": 5809, "num_tik": 201013200, "settlement": "אחיעזר", "tochnit": " ", "mevakesh": "אשול יחיא", "url_bkasha": "https://sdan.complot.co.il/iturbakashot/#request/632096", "url_tik": "https://sdan.complot.co.il/tikbinyan/#building/201013200", "gush": 4980, "helka": 10, "migrash": "132", "x": 187461.7819, "y": 655051.5801, "origin": "היתרי בניה סרוקים בבקשות לה", "num_bakash": 632096, "gush_parce": "4980/10"}, "geometry": {"type": "Point", "coordinates": [34.865704597792984, 31.987923557323978]}}, {"type": "Feature", "properties": {"OBJECTID": 5810, "num_tik": 201013200, "settlement": "אחיעזר", "tochnit": " ", "mevakesh": "אשואל יחיא", "url_bkasha": "https://sdan.complot.co.il/iturbakashot/#request/673815", "url_tik": "https://sdan.complot.co.il/tikbinyan/#building/201013200", "gush": 4980, "helka": 10, "migrash": "132", "x": 187461.7819, "y": 655051.5801, "origin": "היתרי בניה סרוקים בבקשות לה", "num_bakash": 673815, "gush_parce": "4980/10"}, "geometry": {"type": "Point", "coordinates": [34.86572337340569, 31.98790877004428]}}, {"type": "Feature", "properties": {"OBJECTID": 5811, "num_tik": 201013200, "settlement": "אחיעזר", "tochnit": " ", "mevakesh": "אשול יחיא", "url_bkasha": "https://sdan.complot.co.il/iturbakashot/#request/694865", "url_tik": "https://sdan.complot.co.il/tikbinyan/#building/201013200", "gush": 4980, "helka": 10, "migrash": "132", "x": 187461.7819, "y": 655051.5801, "origin": "היתרי בניה סרוקים בבקשות לה", "num_bakash": 694865, "gush_parce": "4980/10"}, "geometry": {"type": "Point", "coordinates": [34.865750195566825, 31.98788488338468]}}, {"type": "Feature", "properties": {"OBJECTID": 5812, "num_tik": 201013200, "settlement": "אחיעזר", "tochnit": " ", "mevakesh": "אשואל יחיא", "url_bkasha": "https://sdan.complot.co.il/iturbakashot/#request/737756", "url_tik": "https://sdan.complot.co.il/tikbinyan/#building/201013200", "gush": 4980, "helka": 10, "migrash": "132", "x": 187461.7819, "y": 655051.5801, "origin": "היתרי בניה סרוקים בבקשות לה", "num_bakash": 737756, "gush_parce": "4980/10"}, "geometry": {"type": "Point", "coordinates": [34.86573946673821, 31.987895119993745]}}, {"type": "Feature", "properties": {"OBJECTID": 6039, "num_tik": 205000500, "settlement": "יגל", "tochnit": "גז/1000", "mevakesh": "אלמקייס דוד", "url_bkasha": "https://sdan.complot.co.il/iturbakashot/#request/20210018", "url_tik": "https://sdan.complot.co.il/tikbinyan/#building/205000500", "gush": 6876, "helka": 50, "migrash": "5", "x": 188744.8621, "y": 655097.7938, "origin": "היתרי בניה סרוקים בבקשות לה", "num_bakash": 20210018, "gush_parce": "6876/50"}, "geometry": {"type": "Point", "coordinates": [34.87946997898104, 31.98857371647051]}}, {"type": "Feature", "properties": {"OBJECTID": 6103, "num_tik": 205002400, "settlement": "יגל", "tochnit": " ", "mevakesh": "אייל לחמי", "url_bkasha": "https://sdan.complot.co.il/iturbakashot/#request/20230367", "url_tik": "https://sdan.complot.co.il/tikbinyan/#building/205002400", "gush": 6875, "helka": 32, "migrash": "24", "x": 188561.3064, "y": 655316.1279, "origin": "בקשות להיתר סרוקות", "num_bakash": 20230367, "gush_parce": "6875/32"}, "geometry": {"type": "Point", "coordinates": [34.87752076349391, 31.99053765682082]}}]}