{"type": "FeatureCollection", "name": "מספרי_מגרשים", "features": [{"type": "Feature", "properties": {"OBJECTID": 1, "ID": "265", "TABA": "גז/7/392"}, "geometry": {"type": "Point", "coordinates": [34.89259495426994, 31.974235963932525]}}, {"type": "Feature", "properties": {"OBJECTID": 2, "ID": "266", "TABA": "גז/7/392"}, "geometry": {"type": "Point", "coordinates": [34.89268125151836, 31.97404397819519]}}, {"type": "Feature", "properties": {"OBJECTID": 3, "ID": "267", "TABA": "גז/7/392"}, "geometry": {"type": "Point", "coordinates": [34.89276756310848, 31.973851711063304]}}, {"type": "Feature", "properties": {"OBJECTID": 4, "ID": "268", "TABA": "גז/7/392"}, "geometry": {"type": "Point", "coordinates": [34.89285453386135, 31.973657753692603]}}, {"type": "Feature", "properties": {"OBJECTID": 5, "ID": "269", "TABA": "גז/7/392"}, "geometry": {"type": "Point", "coordinates": [34.89299174823906, 31.973368948377832]}}, {"type": "Feature", "properties": {"OBJECTID": 6, "ID": "270", "TABA": "גז/7/392"}, "geometry": {"type": "Point", "coordinates": [34.893222474655715, 31.97343771336359]}}, {"type": "Feature", "properties": {"OBJECTID": 7, "ID": "271", "TABA": "גז/7/392"}, "geometry": {"type": "Point", "coordinates": [34.89345268682667, 31.973505349411628]}}, {"type": "Feature", "properties": {"OBJECTID": 8, "ID": "272", "TABA": "גז/7/392"}, "geometry": {"type": "Point", "coordinates": [34.89368247944098, 31.97357326628149]}}, {"type": "Feature", "properties": {"OBJECTID": 9, "ID": "273", "TABA": "גז/7/392"}, "geometry": {"type": "Point", "coordinates": [34.893912373852054, 31.9736409007192]}}, {"type": "Feature", "properties": {"OBJECTID": 10, "ID": "78", "TABA": "משמ/61/גז"}, "geometry": {"type": "Point", "coordinates": [34.89453600392982, 31.97227724032138]}}, {"type": "Feature", "properties": {"OBJECTID": 11, "ID": "91", "TABA": "משמ/61/גז"}, "geometry": {"type": "Point", "coordinates": [34.891335074074036, 31.97231139195265]}}, {"type": "Feature", "properties": {"OBJECTID": 12, "ID": "74", "TABA": "משמ/61/גז"}, "geometry": {"type": "Point", "coordinates": [34.895894342362155, 31.971676675683813]}}, {"type": "Feature", "properties": {"OBJECTID": 13, "ID": "92", "TABA": "משמ/61/גז"}, "geometry": {"type": "Point", "coordinates": [34.891469910362936, 31.97196970307779]}}, {"type": "Feature", "properties": {"OBJECTID": 14, "ID": "77", "TABA": "משמ/61/גז"}, "geometry": {"type": "Point", "coordinates": [34.89431939397676, 31.971978562069676]}}, {"type": "Feature", "properties": {"OBJECTID": 15, "ID": "75", "TABA": "משמ/61/גז"}, "geometry": {"type": "Point", "coordinates": [34.89599195878145, 31.971320424643476]}}, {"type": "Feature", "properties": {"OBJECTID": 16, "ID": "76", "TABA": "משמ/61/גז"}, "geometry": {"type": "Point", "coordinates": [34.89408221685646, 31.97138623523041]}}, {"type": "Feature", "properties": {"OBJECTID": 17, "ID": "153", "TABA": "משמ/61/גז"}, "geometry": {"type": "Point", "coordinates": [34.89721723992031, 31.971021356563046]}}, {"type": "Feature", "properties": {"OBJECTID": 18, "ID": "136", "TABA": "משמ/61/גז"}, "geometry": {"type": "Point", "coordinates": [34.891035311038934, 31.97587991524032]}}, {"type": "Feature", "properties": {"OBJECTID": 19, "ID": "67", "TABA": "משמ/61/גז"}, "geometry": {"type": "Point", "coordinates": [34.894346798541264, 31.975218375858116]}}, {"type": "Feature", "properties": {"OBJECTID": 20, "ID": "68", "TABA": "משמ/61/גז"}, "geometry": {"type": "Point", "coordinates": [34.894532813163416, 31.974814172026193]}}, {"type": "Feature", "properties": {"OBJECTID": 21, "ID": "69", "TABA": "משמ/61/גז"}, "geometry": {"type": "Point", "coordinates": [34.89468579176008, 31.974385857732305]}}, {"type": "Feature", "properties": {"OBJECTID": 22, "ID": "85", "TABA": "משמ/61/גז"}, "geometry": {"type": "Point", "coordinates": [34.890075146816535, 31.974600277680405]}}, {"type": "Feature", "properties": {"OBJECTID": 23, "ID": "86", "TABA": "משמ/61/גז"}, "geometry": {"type": "Point", "coordinates": [34.890274556757575, 31.974211302424923]}}, {"type": "Feature", "properties": {"OBJECTID": 24, "ID": "87", "TABA": "משמ/61/גז"}, "geometry": {"type": "Point", "coordinates": [34.890483294958756, 31.97381305226141]}}, {"type": "Feature", "properties": {"OBJECTID": 25, "ID": "80", "TABA": "משמ/61/גז"}, "geometry": {"type": "Point", "coordinates": [34.89638492451188, 31.973272612840404]}}, {"type": "Feature", "properties": {"OBJECTID": 26, "ID": "88", "TABA": "משמ/61/גז"}, "geometry": {"type": "Point", "coordinates": [34.89069344485513, 31.973472011359146]}}, {"type": "Feature", "properties": {"OBJECTID": 27, "ID": "89", "TABA": "משמ/61/גז"}, "geometry": {"type": "Point", "coordinates": [34.89090588287554, 31.973081083241798]}}, {"type": "Feature", "properties": {"OBJECTID": 28, "ID": "72", "TABA": "משמ/61/גז"}, "geometry": {"type": "Point", "coordinates": [34.89563381766875, 31.97245168619397]}}, {"type": "Feature", "properties": {"OBJECTID": 29, "ID": "90", "TABA": "משמ/61/גז"}, "geometry": {"type": "Point", "coordinates": [34.89115154856791, 31.972682841012787]}}, {"type": "Feature", "properties": {"OBJECTID": 30, "ID": "73", "TABA": "משמ/61/גז"}, "geometry": {"type": "Point", "coordinates": [34.8957659761596, 31.9720762657949]}}, {"type": "Feature", "properties": {"OBJECTID": 31, "ID": "93B", "TABA": "גז/מק/24/392"}, "geometry": {"type": "Point", "coordinates": [34.894578742837425, 31.971052228919763]}}, {"type": "Feature", "properties": {"OBJECTID": 32, "ID": "93A", "TABA": "גז/מק/24/392"}, "geometry": {"type": "Point", "coordinates": [34.895206550069304, 31.97134539159144]}}, {"type": "Feature", "properties": {"OBJECTID": 33, "ID": "238", "TABA": "גז/7/392"}, "geometry": {"type": "Point", "coordinates": [34.89333416137571, 31.975272276670037]}}, {"type": "Feature", "properties": {"OBJECTID": 34, "ID": "239", "TABA": "גז/7/392"}, "geometry": {"type": "Point", "coordinates": [34.89342886432907, 31.975597826619197]}}, {"type": "Feature", "properties": {"OBJECTID": 35, "ID": "240", "TABA": "גז/7/392"}, "geometry": {"type": "Point", "coordinates": [34.893507235751585, 31.975441648839073]}}, {"type": "Feature", "properties": {"OBJECTID": 36, "ID": "241", "TABA": "גז/7/392"}, "geometry": {"type": "Point", "coordinates": [34.893590938533954, 31.975247965273866]}}, {"type": "Feature", "properties": {"OBJECTID": 37, "ID": "242", "TABA": "גז/7/392"}, "geometry": {"type": "Point", "coordinates": [34.893332445076055, 31.974887780653496]}}, {"type": "Feature", "properties": {"OBJECTID": 38, "ID": "243", "TABA": "גז/7/392"}, "geometry": {"type": "Point", "coordinates": [34.89342525085031, 31.974691158853773]}}, {"type": "Feature", "properties": {"OBJECTID": 39, "ID": "244", "TABA": "גז/7/392"}, "geometry": {"type": "Point", "coordinates": [34.893515643278846, 31.974493828560252]}}, {"type": "Feature", "properties": {"OBJECTID": 40, "ID": "400", "TABA": "גז/7/392"}, "geometry": {"type": "Point", "coordinates": [34.89047990358558, 31.9748983706313]}}, {"type": "Feature", "properties": {"OBJECTID": 41, "ID": "401", "TABA": "גז/7/392"}, "geometry": {"type": "Point", "coordinates": [34.89377178750353, 31.975093427880473]}}, {"type": "Feature", "properties": {"OBJECTID": 42, "ID": "154", "TABA": "משמ/61/גז"}, "geometry": {"type": "Point", "coordinates": [34.8976371116606, 31.97393456061913]}}, {"type": "Feature", "properties": {"OBJECTID": 43, "ID": "140", "TABA": "משמ/61/גז"}, "geometry": {"type": "Point", "coordinates": [34.89140308074094, 31.970642696988925]}}, {"type": "Feature", "properties": {"OBJECTID": 44, "ID": "139", "TABA": "משמ/61/גז"}, "geometry": {"type": "Point", "coordinates": [34.89195705314373, 31.970784348651726]}}, {"type": "Feature", "properties": {"OBJECTID": 45, "ID": "79", "TABA": "משמ/61/גז"}, "geometry": {"type": "Point", "coordinates": [34.893148913712615, 31.970877600632864]}}, {"type": "Feature", "properties": {"OBJECTID": 46, "ID": "82", "TABA": "משמ/61/גז"}, "geometry": {"type": "Point", "coordinates": [34.89502771966684, 31.971908484742684]}}, {"type": "Feature", "properties": {"OBJECTID": 47, "ID": "79א", "TABA": "משמ/61/גז"}, "geometry": {"type": "Point", "coordinates": [34.89466051119614, 31.972634694261682]}}, {"type": "Feature", "properties": {"OBJECTID": 48, "ID": "80א", "TABA": "משמ/61/גז"}, "geometry": {"type": "Point", "coordinates": [34.89448693459828, 31.9729721535642]}}, {"type": "Feature", "properties": {"OBJECTID": 49, "ID": "400", "TABA": "גז/7/392"}, "geometry": {"type": "Point", "coordinates": [34.89047990358558, 31.9748983706313]}}, {"type": "Feature", "properties": {"OBJECTID": 50, "ID": "224", "TABA": "גז/7/392"}, "geometry": {"type": "Point", "coordinates": [34.89174230516745, 31.974995048780446]}}, {"type": "Feature", "properties": {"OBJECTID": 51, "ID": "243", "TABA": "גז/7/392"}, "geometry": {"type": "Point", "coordinates": [34.89342525085031, 31.974691158853773]}}, {"type": "Feature", "properties": {"OBJECTID": 52, "ID": "244", "TABA": "גז/7/392"}, "geometry": {"type": "Point", "coordinates": [34.893515643278846, 31.974493828560252]}}, {"type": "Feature", "properties": {"OBJECTID": 53, "ID": "245", "TABA": "גז/7/392"}, "geometry": {"type": "Point", "coordinates": [34.89360412310457, 31.974300720282855]}}, {"type": "Feature", "properties": {"OBJECTID": 54, "ID": "246", "TABA": "גז/7/392"}, "geometry": {"type": "Point", "coordinates": [34.893690438559254, 31.974111833409836]}}, {"type": "Feature", "properties": {"OBJECTID": 55, "ID": "247", "TABA": "גז/7/392"}, "geometry": {"type": "Point", "coordinates": [34.89377452228143, 31.97392801457839]}}, {"type": "Feature", "properties": {"OBJECTID": 56, "ID": "248", "TABA": "גז/7/392"}, "geometry": {"type": "Point", "coordinates": [34.892968628984626, 31.974856873737384]}}, {"type": "Feature", "properties": {"OBJECTID": 57, "ID": "249", "TABA": "גז/7/392"}, "geometry": {"type": "Point", "coordinates": [34.8930410625421, 31.974695572019602]}}, {"type": "Feature", "properties": {"OBJECTID": 58, "ID": "263", "TABA": "גז/7/392"}, "geometry": {"type": "Point", "coordinates": [34.8924223229252, 31.974620498748543]}}, {"type": "Feature", "properties": {"OBJECTID": 59, "ID": "264", "TABA": "גז/7/392"}, "geometry": {"type": "Point", "coordinates": [34.89250856260466, 31.974428231637685]}}, {"type": "Feature", "properties": {"OBJECTID": 60, "ID": "120", "TABA": "גז/2/392"}, "geometry": {"type": "Point", "coordinates": [34.89369613516791, 31.974882047594843]}}, {"type": "Feature", "properties": {"OBJECTID": 61, "ID": "119", "TABA": "גז/2/392"}, "geometry": {"type": "Point", "coordinates": [34.89378737857173, 31.974686691447612]}}, {"type": "Feature", "properties": {"OBJECTID": 62, "ID": "116", "TABA": "גז/2/392"}, "geometry": {"type": "Point", "coordinates": [34.89388610062494, 31.974475853257562]}}, {"type": "Feature", "properties": {"OBJECTID": 63, "ID": "115", "TABA": "גז/2/392"}, "geometry": {"type": "Point", "coordinates": [34.893982224798016, 31.97427008219724]}}, {"type": "Feature", "properties": {"OBJECTID": 64, "ID": "5020", "TABA": "משמ/61/גז"}, "geometry": {"type": "Point", "coordinates": [34.8937470591702, 31.97316458451823]}}, {"type": "Feature", "properties": {"OBJECTID": 65, "ID": "80", "TABA": "גז/2/392"}, "geometry": {"type": "Point", "coordinates": [34.894468727798234, 31.97339359320121]}}, {"type": "Feature", "properties": {"OBJECTID": 66, "ID": "120", "TABA": "משמ/61/גז"}, "geometry": {"type": "Point", "coordinates": [34.89369613516791, 31.974882047594843]}}, {"type": "Feature", "properties": {"OBJECTID": 67, "ID": "119", "TABA": "משמ/61/גז"}, "geometry": {"type": "Point", "coordinates": [34.89378737857173, 31.974686691447612]}}, {"type": "Feature", "properties": {"OBJECTID": 68, "ID": "70", "TABA": "גז/2/392"}, "geometry": {"type": "Point", "coordinates": [34.89489953675617, 31.9739068673296]}}, {"type": "Feature", "properties": {"OBJECTID": 69, "ID": "116", "TABA": "משמ/61/גז"}, "geometry": {"type": "Point", "coordinates": [34.89388610062494, 31.974475853257562]}}, {"type": "Feature", "properties": {"OBJECTID": 70, "ID": "115", "TABA": "משמ/61/גז"}, "geometry": {"type": "Point", "coordinates": [34.893982224798016, 31.97427008219724]}}, {"type": "Feature", "properties": {"OBJECTID": 71, "ID": "269", "TABA": "גז/7/392"}, "geometry": {"type": "Point", "coordinates": [34.89299174823906, 31.973368948377832]}}, {"type": "Feature", "properties": {"OBJECTID": 72, "ID": "270", "TABA": "גז/7/392"}, "geometry": {"type": "Point", "coordinates": [34.893222474655715, 31.97343771336359]}}, {"type": "Feature", "properties": {"OBJECTID": 73, "ID": "271", "TABA": "גז/7/392"}, "geometry": {"type": "Point", "coordinates": [34.89345268682667, 31.973505349411628]}}, {"type": "Feature", "properties": {"OBJECTID": 74, "ID": "272", "TABA": "גז/7/392"}, "geometry": {"type": "Point", "coordinates": [34.89368247944098, 31.97357326628149]}}, {"type": "Feature", "properties": {"OBJECTID": 75, "ID": "273", "TABA": "גז/7/392"}, "geometry": {"type": "Point", "coordinates": [34.893912373852054, 31.9736409007192]}}, {"type": "Feature", "properties": {"OBJECTID": 76, "ID": "219", "TABA": "גז/7/392"}, "geometry": {"type": "Point", "coordinates": [34.8908634345763, 31.975025655393335]}}, {"type": "Feature", "properties": {"OBJECTID": 77, "ID": "220", "TABA": "גז/7/392"}, "geometry": {"type": "Point", "coordinates": [34.89108194164836, 31.97507516394496]}}, {"type": "Feature", "properties": {"OBJECTID": 78, "ID": "221", "TABA": "גז/7/392"}, "geometry": {"type": "Point", "coordinates": [34.89128491959096, 31.975113896901043]}}, {"type": "Feature", "properties": {"OBJECTID": 79, "ID": "222", "TABA": "גז/7/392"}, "geometry": {"type": "Point", "coordinates": [34.89146239284766, 31.975166752085173]}}, {"type": "Feature", "properties": {"OBJECTID": 80, "ID": "223", "TABA": "גז/7/392"}, "geometry": {"type": "Point", "coordinates": [34.89166323866082, 31.975236573490026]}}, {"type": "Feature", "properties": {"OBJECTID": 81, "ID": "224", "TABA": "גז/7/392"}, "geometry": {"type": "Point", "coordinates": [34.89174230516745, 31.974995048780446]}}, {"type": "Feature", "properties": {"OBJECTID": 82, "ID": "225", "TABA": "גז/7/392"}, "geometry": {"type": "Point", "coordinates": [34.89200320809656, 31.97532867079344]}}, {"type": "Feature", "properties": {"OBJECTID": 83, "ID": "226", "TABA": "גז/7/392"}, "geometry": {"type": "Point", "coordinates": [34.89210166401338, 31.975146597416746]}}, {"type": "Feature", "properties": {"OBJECTID": 84, "ID": "227", "TABA": "גז/7/392"}, "geometry": {"type": "Point", "coordinates": [34.89224242022483, 31.975368431071757]}}, {"type": "Feature", "properties": {"OBJECTID": 85, "ID": "228", "TABA": "גז/7/392"}, "geometry": {"type": "Point", "coordinates": [34.892345491898695, 31.9751700245034]}}, {"type": "Feature", "properties": {"OBJECTID": 86, "ID": "229", "TABA": "גז/7/392"}, "geometry": {"type": "Point", "coordinates": [34.89246224437387, 31.97540560737532]}}, {"type": "Feature", "properties": {"OBJECTID": 87, "ID": "230", "TABA": "גז/7/392"}, "geometry": {"type": "Point", "coordinates": [34.892571189577325, 31.975193405683804]}}, {"type": "Feature", "properties": {"OBJECTID": 88, "ID": "231", "TABA": "גז/7/392"}, "geometry": {"type": "Point", "coordinates": [34.892669715032774, 31.975440498444]}}, {"type": "Feature", "properties": {"OBJECTID": 89, "ID": "232", "TABA": "גז/7/392"}, "geometry": {"type": "Point", "coordinates": [34.892783978719216, 31.975215628417963]}}, {"type": "Feature", "properties": {"OBJECTID": 90, "ID": "233", "TABA": "גז/7/392"}, "geometry": {"type": "Point", "coordinates": [34.892864724363356, 31.975473386339193]}}, {"type": "Feature", "properties": {"OBJECTID": 91, "ID": "256", "TABA": "גז/7/392"}, "geometry": {"type": "Point", "coordinates": [34.89310903667481, 31.973926102114543]}}, {"type": "Feature", "properties": {"OBJECTID": 92, "ID": "257", "TABA": "גז/7/392"}, "geometry": {"type": "Point", "coordinates": [34.89302967906975, 31.97410288717402]}}, {"type": "Feature", "properties": {"OBJECTID": 93, "ID": "258", "TABA": "גז/7/392"}, "geometry": {"type": "Point", "coordinates": [34.89294947014292, 31.97428136097769]}}, {"type": "Feature", "properties": {"OBJECTID": 94, "ID": "259", "TABA": "גז/7/392"}, "geometry": {"type": "Point", "coordinates": [34.892867032745485, 31.974465184186943]}}, {"type": "Feature", "properties": {"OBJECTID": 95, "ID": "260", "TABA": "גז/7/392"}, "geometry": {"type": "Point", "coordinates": [34.892781647759854, 31.97465519912311]}}, {"type": "Feature", "properties": {"OBJECTID": 96, "ID": "261", "TABA": "גז/7/392"}, "geometry": {"type": "Point", "coordinates": [34.892702433722945, 31.9748317029414]}}, {"type": "Feature", "properties": {"OBJECTID": 97, "ID": "262", "TABA": "גז/7/392"}, "geometry": {"type": "Point", "coordinates": [34.89234112506851, 31.97480122423444]}}, {"type": "Feature", "properties": {"OBJECTID": 98, "ID": "263", "TABA": "גז/7/392"}, "geometry": {"type": "Point", "coordinates": [34.8924223229252, 31.974620498748543]}}, {"type": "Feature", "properties": {"OBJECTID": 99, "ID": "264", "TABA": "גז/7/392"}, "geometry": {"type": "Point", "coordinates": [34.89250856260466, 31.974428231637685]}}, {"type": "Feature", "properties": {"OBJECTID": 100, "ID": "265", "TABA": "גז/7/392"}, "geometry": {"type": "Point", "coordinates": [34.89259495426994, 31.974235963932525]}}, {"type": "Feature", "properties": {"OBJECTID": 101, "ID": "266", "TABA": "גז/7/392"}, "geometry": {"type": "Point", "coordinates": [34.89268125151836, 31.97404397819519]}}, {"type": "Feature", "properties": {"OBJECTID": 102, "ID": "267", "TABA": "גז/7/392"}, "geometry": {"type": "Point", "coordinates": [34.89276756310848, 31.973851711063304]}}, {"type": "Feature", "properties": {"OBJECTID": 103, "ID": "268", "TABA": "גז/7/392"}, "geometry": {"type": "Point", "coordinates": [34.89285453386135, 31.973657753692603]}}, {"type": "Feature", "properties": {"OBJECTID": 104, "ID": "245", "TABA": "גז/7/392"}, "geometry": {"type": "Point", "coordinates": [34.89360412310457, 31.974300720282855]}}, {"type": "Feature", "properties": {"OBJECTID": 105, "ID": "246", "TABA": "גז/7/392"}, "geometry": {"type": "Point", "coordinates": [34.893690438559254, 31.974111833409836]}}, {"type": "Feature", "properties": {"OBJECTID": 106, "ID": "247", "TABA": "גז/7/392"}, "geometry": {"type": "Point", "coordinates": [34.89377452228143, 31.97392801457839]}}, {"type": "Feature", "properties": {"OBJECTID": 107, "ID": "248", "TABA": "גז/7/392"}, "geometry": {"type": "Point", "coordinates": [34.892968628984626, 31.974856873737384]}}, {"type": "Feature", "properties": {"OBJECTID": 108, "ID": "249", "TABA": "גז/7/392"}, "geometry": {"type": "Point", "coordinates": [34.8930410625421, 31.974695572019602]}}, {"type": "Feature", "properties": {"OBJECTID": 109, "ID": "250", "TABA": "גז/7/392"}, "geometry": {"type": "Point", "coordinates": [34.89312046190562, 31.974518787073805]}}, {"type": "Feature", "properties": {"OBJECTID": 110, "ID": "251", "TABA": "גז/7/392"}, "geometry": {"type": "Point", "coordinates": [34.89319915584335, 31.97434340896584]}}, {"type": "Feature", "properties": {"OBJECTID": 111, "ID": "252", "TABA": "גז/7/392"}, "geometry": {"type": "Point", "coordinates": [34.89327726814041, 31.97416943890235]}}, {"type": "Feature", "properties": {"OBJECTID": 112, "ID": "253", "TABA": "גז/7/392"}, "geometry": {"type": "Point", "coordinates": [34.893354643394076, 31.9739971578677]}}, {"type": "Feature", "properties": {"OBJECTID": 113, "ID": "254", "TABA": "גז/7/392"}, "geometry": {"type": "Point", "coordinates": [34.89343512825405, 31.973818120842328]}}, {"type": "Feature", "properties": {"OBJECTID": 114, "ID": "255", "TABA": "גז/7/392"}, "geometry": {"type": "Point", "coordinates": [34.89318761924523, 31.97375128825384]}}, {"type": "Feature", "properties": {"OBJECTID": 115, "ID": "71/1", "TABA": "גז/16/392"}, "geometry": {"type": "Point", "coordinates": [34.895109018408014, 31.97322932870207]}}, {"type": "Feature", "properties": {"OBJECTID": 116, "ID": "71/2", "TABA": "גז/16/392"}, "geometry": {"type": "Point", "coordinates": [34.895335191835926, 31.97303438482395]}}, {"type": "Feature", "properties": {"OBJECTID": 117, "ID": "120", "TABA": "גז/2/392"}, "geometry": {"type": "Point", "coordinates": [34.89369613516791, 31.974882047594843]}}, {"type": "Feature", "properties": {"OBJECTID": 118, "ID": "119", "TABA": "גז/2/392"}, "geometry": {"type": "Point", "coordinates": [34.89378737857173, 31.974686691447612]}}, {"type": "Feature", "properties": {"OBJECTID": 119, "ID": "116", "TABA": "גז/2/392"}, "geometry": {"type": "Point", "coordinates": [34.89388610062494, 31.974475853257562]}}, {"type": "Feature", "properties": {"OBJECTID": 120, "ID": "115", "TABA": "גז/2/392"}, "geometry": {"type": "Point", "coordinates": [34.893982224798016, 31.97427008219724]}}, {"type": "Feature", "properties": {"OBJECTID": 121, "ID": "234", "TABA": "גז/7/392"}, "geometry": {"type": "Point", "coordinates": [34.89295116556121, 31.97523112416052]}}, {"type": "Feature", "properties": {"OBJECTID": 122, "ID": "235", "TABA": "גז/7/392"}, "geometry": {"type": "Point", "coordinates": [34.893053760124026, 31.97550513112284]}}, {"type": "Feature", "properties": {"OBJECTID": 123, "ID": "236", "TABA": "גז/7/392"}, "geometry": {"type": "Point", "coordinates": [34.89313530657781, 31.975251610375352]}}, {"type": "Feature", "properties": {"OBJECTID": 124, "ID": "237", "TABA": "גז/7/392"}, "geometry": {"type": "Point", "coordinates": [34.89323291068401, 31.975534873730584]}}, {"type": "Feature", "properties": {"OBJECTID": 125, "ID": "101", "TABA": "משמ/61/גז"}, "geometry": {"type": "Point", "coordinates": [34.88850903023627, 31.976033072242874]}}, {"type": "Feature", "properties": {"OBJECTID": 126, "ID": "6", "TABA": "משמ/61/גז"}, "geometry": {"type": "Point", "coordinates": [34.88779080793218, 31.976040513746664]}}, {"type": "Feature", "properties": {"OBJECTID": 127, "ID": "7", "TABA": "משמ/61/גז"}, "geometry": {"type": "Point", "coordinates": [34.88737208908188, 31.97605865731377]}}, {"type": "Feature", "properties": {"OBJECTID": 128, "ID": "8", "TABA": "משמ/61/גז"}, "geometry": {"type": "Point", "coordinates": [34.886906394612254, 31.97608139665735]}}, {"type": "Feature", "properties": {"OBJECTID": 129, "ID": "9", "TABA": "משמ/61/גז"}, "geometry": {"type": "Point", "coordinates": [34.886461435190455, 31.976100803551276]}}, {"type": "Feature", "properties": {"OBJECTID": 130, "ID": "30", "TABA": "משמ/61/גז"}, "geometry": {"type": "Point", "coordinates": [34.88528169031152, 31.976846933370226]}}, {"type": "Feature", "properties": {"OBJECTID": 131, "ID": "31", "TABA": "משמ/61/גז"}, "geometry": {"type": "Point", "coordinates": [34.88570059998298, 31.97684176337251]}}, {"type": "Feature", "properties": {"OBJECTID": 132, "ID": "29", "TABA": "משמ/61/גז"}, "geometry": {"type": "Point", "coordinates": [34.88475457207106, 31.97684089152778]}}, {"type": "Feature", "properties": {"OBJECTID": 133, "ID": "32", "TABA": "משמ/61/גז"}, "geometry": {"type": "Point", "coordinates": [34.88619662151464, 31.97679821685464]}}, {"type": "Feature", "properties": {"OBJECTID": 134, "ID": "33", "TABA": "משמ/61/גז"}, "geometry": {"type": "Point", "coordinates": [34.88661004826538, 31.976792477301764]}}, {"type": "Feature", "properties": {"OBJECTID": 135, "ID": "28", "TABA": "משמ/61/גז"}, "geometry": {"type": "Point", "coordinates": [34.88434747359975, 31.97679733832304]}}, {"type": "Feature", "properties": {"OBJECTID": 136, "ID": "34", "TABA": "משמ/61/גז"}, "geometry": {"type": "Point", "coordinates": [34.887090595086974, 31.97674489263845]}}, {"type": "Feature", "properties": {"OBJECTID": 137, "ID": "35", "TABA": "משמ/61/גז"}, "geometry": {"type": "Point", "coordinates": [34.88747845330303, 31.97670645806751]}}, {"type": "Feature", "properties": {"OBJECTID": 138, "ID": "36", "TABA": "משמ/61/גז"}, "geometry": {"type": "Point", "coordinates": [34.88791730392027, 31.976679821543158]}}, {"type": "Feature", "properties": {"OBJECTID": 139, "ID": "27", "TABA": "משמ/61/גז"}, "geometry": {"type": "Point", "coordinates": [34.88388023230423, 31.97670161846307]}}, {"type": "Feature", "properties": {"OBJECTID": 140, "ID": "26", "TABA": "משמ/61/גז"}, "geometry": {"type": "Point", "coordinates": [34.88346657888228, 31.97663211714096]}}, {"type": "Feature", "properties": {"OBJECTID": 141, "ID": "25", "TABA": "משמ/61/גז"}, "geometry": {"type": "Point", "coordinates": [34.883060776304355, 31.976538038474434]}}, {"type": "Feature", "properties": {"OBJECTID": 142, "ID": "24", "TABA": "משמ/61/גז"}, "geometry": {"type": "Point", "coordinates": [34.88264612079479, 31.976458061068932]}}, {"type": "Feature", "properties": {"OBJECTID": 143, "ID": "20", "TABA": "משמ/61/גז"}, "geometry": {"type": "Point", "coordinates": [34.88170214999485, 31.97556081921537]}}, {"type": "Feature", "properties": {"OBJECTID": 144, "ID": "19", "TABA": "משמ/61/גז"}, "geometry": {"type": "Point", "coordinates": [34.882153657828155, 31.975640679528517]}}, {"type": "Feature", "properties": {"OBJECTID": 145, "ID": "13", "TABA": "משמ/61/גז"}, "geometry": {"type": "Point", "coordinates": [34.884650517934155, 31.97608216135242]}}, {"type": "Feature", "properties": {"OBJECTID": 146, "ID": "14", "TABA": "משמ/61/גז"}, "geometry": {"type": "Point", "coordinates": [34.88424582207865, 31.976017966115695]}}, {"type": "Feature", "properties": {"OBJECTID": 147, "ID": "15", "TABA": "משמ/61/גז"}, "geometry": {"type": "Point", "coordinates": [34.883834324905514, 31.9759468057972]}}, {"type": "Feature", "properties": {"OBJECTID": 148, "ID": "16", "TABA": "משמ/61/גז"}, "geometry": {"type": "Point", "coordinates": [34.88338846072351, 31.975867801701874]}}, {"type": "Feature", "properties": {"OBJECTID": 149, "ID": "17", "TABA": "משמ/61/גז"}, "geometry": {"type": "Point", "coordinates": [34.882948917366996, 31.975792531100105]}}, {"type": "Feature", "properties": {"OBJECTID": 150, "ID": "274", "TABA": "גז/7/392"}, "geometry": {"type": "Point", "coordinates": [34.89004467772149, 31.97335574072171]}}, {"type": "Feature", "properties": {"OBJECTID": 151, "ID": "א26", "TABA": "גז/7/392"}, "geometry": {"type": "Point", "coordinates": [34.890131318839124, 31.973229638193985]}}, {"type": "Feature", "properties": {"OBJECTID": 152, "ID": "23", "TABA": "משמ/61/גז"}, "geometry": {"type": "Point", "coordinates": [34.882204398622584, 31.97638712997368]}}, {"type": "Feature", "properties": {"OBJECTID": 153, "ID": "22", "TABA": "משמ/61/גז"}, "geometry": {"type": "Point", "coordinates": [34.88181929901545, 31.97633084861328]}}, {"type": "Feature", "properties": {"OBJECTID": 154, "ID": "21", "TABA": "משמ/61/גז"}, "geometry": {"type": "Point", "coordinates": [34.881396096161964, 31.976254438205206]}}, {"type": "Feature", "properties": {"OBJECTID": 155, "ID": "158", "TABA": "משמ/61/גז"}, "geometry": {"type": "Point", "coordinates": [34.88461601682396, 31.977758853950917]}}, {"type": "Feature", "properties": {"OBJECTID": 156, "ID": "163", "TABA": "משמ/61/גז"}, "geometry": {"type": "Point", "coordinates": [34.88919492640046, 31.974681641151975]}}, {"type": "Feature", "properties": {"OBJECTID": 157, "ID": "95", "TABA": "משמ/61/גז"}, "geometry": {"type": "Point", "coordinates": [34.889766940681625, 31.973632470200673]}}, {"type": "Feature", "properties": {"OBJECTID": 158, "ID": "96", "TABA": "משמ/61/גז"}, "geometry": {"type": "Point", "coordinates": [34.88953390795212, 31.974070400669728]}}, {"type": "Feature", "properties": {"OBJECTID": 159, "ID": "97", "TABA": "משמ/61/גז"}, "geometry": {"type": "Point", "coordinates": [34.88931885659397, 31.97447634311658]}}, {"type": "Feature", "properties": {"OBJECTID": 160, "ID": "98", "TABA": "משמ/61/גז"}, "geometry": {"type": "Point", "coordinates": [34.88909021809859, 31.9749076156419]}}, {"type": "Feature", "properties": {"OBJECTID": 161, "ID": "99", "TABA": "משמ/61/גז"}, "geometry": {"type": "Point", "coordinates": [34.88888052576653, 31.975291575516287]}}, {"type": "Feature", "properties": {"OBJECTID": 162, "ID": "100", "TABA": "משמ/61/גז"}, "geometry": {"type": "Point", "coordinates": [34.888691457358185, 31.975635552395016]}}, {"type": "Feature", "properties": {"OBJECTID": 163, "ID": "7001", "TABA": "מח/1/213"}, "geometry": {"type": "Point", "coordinates": [34.88985854428186, 31.970102022480535]}}, {"type": "Feature", "properties": {"OBJECTID": 164, "ID": "274", "TABA": "גז/7/392"}, "geometry": {"type": "Point", "coordinates": [34.89004467772149, 31.97335574072171]}}, {"type": "Feature", "properties": {"OBJECTID": 165, "ID": "א26", "TABA": "גז/7/392"}, "geometry": {"type": "Point", "coordinates": [34.890131318839124, 31.973229638193985]}}, {"type": "Feature", "properties": {"OBJECTID": 166, "ID": "26", "TABA": "גז/7/392"}, "geometry": {"type": "Point", "coordinates": [34.890209715849984, 31.973107048480486]}}, {"type": "Feature", "properties": {"OBJECTID": 167, "ID": "10", "TABA": "משמ/61/גז"}, "geometry": {"type": "Point", "coordinates": [34.88609971861726, 31.976115358513365]}}, {"type": "Feature", "properties": {"OBJECTID": 168, "ID": "11", "TABA": "משמ/61/גז"}, "geometry": {"type": "Point", "coordinates": [34.88563292775301, 31.976167104261176]}}, {"type": "Feature", "properties": {"OBJECTID": 169, "ID": "12", "TABA": "משמ/61/גז"}, "geometry": {"type": "Point", "coordinates": [34.88512000757583, 31.976146613883785]}}, {"type": "Feature", "properties": {"OBJECTID": 170, "ID": "63B", "TABA": "425-1374461"}, "geometry": {"type": "Point", "coordinates": [34.89375062920036, 31.977952897003544]}}, {"type": "Feature", "properties": {"OBJECTID": 171, "ID": "1063", "TABA": "425-1374461"}, "geometry": {"type": "Point", "coordinates": [34.894820116406706, 31.97825587112166]}}, {"type": "Feature", "properties": {"OBJECTID": 172, "ID": "301", "TABA": "גז/14/392"}, "geometry": {"type": "Point", "coordinates": [34.89256475530513, 31.979882883628623]}}, {"type": "Feature", "properties": {"OBJECTID": 173, "ID": "302", "TABA": "גז/14/392"}, "geometry": {"type": "Point", "coordinates": [34.89229195495226, 31.9798359080635]}}, {"type": "Feature", "properties": {"OBJECTID": 174, "ID": "500", "TABA": "גז/14/392"}, "geometry": {"type": "Point", "coordinates": [34.89151645249327, 31.97928046454254]}}, {"type": "Feature", "properties": {"OBJECTID": 175, "ID": "401", "TABA": "גז/14/392"}, "geometry": {"type": "Point", "coordinates": [34.89171774333339, 31.97963075147781]}}, {"type": "Feature", "properties": {"OBJECTID": 176, "ID": "402", "TABA": "גז/14/392"}, "geometry": {"type": "Point", "coordinates": [34.891446382981904, 31.97982073541114]}}, {"type": "Feature", "properties": {"OBJECTID": 177, "ID": "304", "TABA": "גז/14/392"}, "geometry": {"type": "Point", "coordinates": [34.89109058766046, 31.979448648870534]}}, {"type": "Feature", "properties": {"OBJECTID": 178, "ID": "305", "TABA": "גז/14/392"}, "geometry": {"type": "Point", "coordinates": [34.89087956769845, 31.979462218541325]}}, {"type": "Feature", "properties": {"OBJECTID": 179, "ID": "303", "TABA": "גז/14/392"}, "geometry": {"type": "Point", "coordinates": [34.89130292136694, 31.979437336605464]}}, {"type": "Feature", "properties": {"OBJECTID": 180, "ID": "309", "TABA": "גז/14/392"}, "geometry": {"type": "Point", "coordinates": [34.89071129749268, 31.979136025195796]}}, {"type": "Feature", "properties": {"OBJECTID": 181, "ID": "308", "TABA": "גז/14/392"}, "geometry": {"type": "Point", "coordinates": [34.89091815779357, 31.979122727793474]}}, {"type": "Feature", "properties": {"OBJECTID": 182, "ID": "312", "TABA": "גז/14/392"}, "geometry": {"type": "Point", "coordinates": [34.890899889258456, 31.978945568770573]}}, {"type": "Feature", "properties": {"OBJECTID": 183, "ID": "1107", "TABA": "על/26/392"}, "geometry": {"type": "Point", "coordinates": [34.891919279450974, 31.9767408554109]}}, {"type": "Feature", "properties": {"OBJECTID": 184, "ID": "3107", "TABA": "על/26/392"}, "geometry": {"type": "Point", "coordinates": [34.891963783838065, 31.97704440494299]}}, {"type": "Feature", "properties": {"OBJECTID": 185, "ID": "63A", "TABA": "על/30/392"}, "geometry": {"type": "Point", "coordinates": [34.89351530349601, 31.97781574852794]}}, {"type": "Feature", "properties": {"OBJECTID": 186, "ID": "206", "TABA": "גז/7/392"}, "geometry": {"type": "Point", "coordinates": [34.8927201864696, 31.979412843433227]}}, {"type": "Feature", "properties": {"OBJECTID": 187, "ID": "5", "TABA": "משמ/61/גז"}, "geometry": {"type": "Point", "coordinates": [34.89019960017215, 31.972793863616506]}}, {"type": "Feature", "properties": {"OBJECTID": 188, "ID": "18", "TABA": "משמ/61/גז"}, "geometry": {"type": "Point", "coordinates": [34.882548161720095, 31.975716230073434]}}, {"type": "Feature", "properties": {"OBJECTID": 189, "ID": "305", "TABA": "גז/14/392"}, "geometry": {"type": "Point", "coordinates": [34.89087956769845, 31.979462218541325]}}, {"type": "Feature", "properties": {"OBJECTID": 190, "ID": "303", "TABA": "גז/14/392"}, "geometry": {"type": "Point", "coordinates": [34.89130292136694, 31.979437336605464]}}, {"type": "Feature", "properties": {"OBJECTID": 191, "ID": "309", "TABA": "גז/14/392"}, "geometry": {"type": "Point", "coordinates": [34.89071129749268, 31.979136025195796]}}, {"type": "Feature", "properties": {"OBJECTID": 192, "ID": "308", "TABA": "גז/14/392"}, "geometry": {"type": "Point", "coordinates": [34.89091815779357, 31.979122727793474]}}, {"type": "Feature", "properties": {"OBJECTID": 193, "ID": "307", "TABA": "גז/14/392"}, "geometry": {"type": "Point", "coordinates": [34.891188341556536, 31.97910535865794]}}, {"type": "Feature", "properties": {"OBJECTID": 194, "ID": "306", "TABA": "גז/14/392"}, "geometry": {"type": "Point", "coordinates": [34.89139500019915, 31.979090650456584]}}, {"type": "Feature", "properties": {"OBJECTID": 195, "ID": "57", "TABA": "משמ/61/גז"}, "geometry": {"type": "Point", "coordinates": [34.89311394274173, 31.980081134816604]}}, {"type": "Feature", "properties": {"OBJECTID": 196, "ID": "58", "TABA": "משמ/61/גז"}, "geometry": {"type": "Point", "coordinates": [34.89326420573924, 31.979734773070536]}}, {"type": "Feature", "properties": {"OBJECTID": 197, "ID": "62", "TABA": "משמ/61/גז"}, "geometry": {"type": "Point", "coordinates": [34.89357381110376, 31.978319237972894]}}, {"type": "Feature", "properties": {"OBJECTID": 198, "ID": "64", "TABA": "משמ/61/גז"}, "geometry": {"type": "Point", "coordinates": [34.8937439399101, 31.977591884652835]}}, {"type": "Feature", "properties": {"OBJECTID": 199, "ID": "65", "TABA": "משמ/61/גז"}, "geometry": {"type": "Point", "coordinates": [34.89383404190603, 31.977165086950095]}}, {"type": "Feature", "properties": {"OBJECTID": 200, "ID": "66", "TABA": "משמ/61/גז"}, "geometry": {"type": "Point", "coordinates": [34.893904441064116, 31.97675465294299]}}, {"type": "Feature", "properties": {"OBJECTID": 201, "ID": "161", "TABA": "משמ/61/גז"}, "geometry": {"type": "Point", "coordinates": [34.892872781413494, 31.978666315653793]}}, {"type": "Feature", "properties": {"OBJECTID": 202, "ID": "105", "TABA": "משמ/61/גז"}, "geometry": {"type": "Point", "coordinates": [34.891164110560005, 31.97679234412065]}}, {"type": "Feature", "properties": {"OBJECTID": 203, "ID": "42", "TABA": "משמ/61/גז"}, "geometry": {"type": "Point", "coordinates": [34.89290658308307, 31.977404243394297]}}, {"type": "Feature", "properties": {"OBJECTID": 204, "ID": "43", "TABA": "משמ/61/גז"}, "geometry": {"type": "Point", "coordinates": [34.89287056111917, 31.977832151605533]}}, {"type": "Feature", "properties": {"OBJECTID": 205, "ID": "44", "TABA": "משמ/61/גז"}, "geometry": {"type": "Point", "coordinates": [34.89281378276289, 31.978277291050112]}}, {"type": "Feature", "properties": {"OBJECTID": 206, "ID": "159", "TABA": "משמ/61/גז"}, "geometry": {"type": "Point", "coordinates": [34.88790980977431, 31.977526502857092]}}, {"type": "Feature", "properties": {"OBJECTID": 207, "ID": "207", "TABA": "גז/7/392"}, "geometry": {"type": "Point", "coordinates": [34.892164145201896, 31.979098834020412]}}, {"type": "Feature", "properties": {"OBJECTID": 208, "ID": "208", "TABA": "גז/7/392"}, "geometry": {"type": "Point", "coordinates": [34.89237541257805, 31.979130353146683]}}, {"type": "Feature", "properties": {"OBJECTID": 209, "ID": "209", "TABA": "גז/7/392"}, "geometry": {"type": "Point", "coordinates": [34.892581814202764, 31.97916439584855]}}, {"type": "Feature", "properties": {"OBJECTID": 210, "ID": "210", "TABA": "גז/7/392"}, "geometry": {"type": "Point", "coordinates": [34.89279293079301, 31.979199295684904]}}, {"type": "Feature", "properties": {"OBJECTID": 211, "ID": "211", "TABA": "גז/7/392"}, "geometry": {"type": "Point", "coordinates": [34.89173225358649, 31.979300776539816]}}, {"type": "Feature", "properties": {"OBJECTID": 212, "ID": "212", "TABA": "גז/7/392"}, "geometry": {"type": "Point", "coordinates": [34.89178452264632, 31.9791298443059]}}, {"type": "Feature", "properties": {"OBJECTID": 213, "ID": "213", "TABA": "גז/7/392"}, "geometry": {"type": "Point", "coordinates": [34.89183679257083, 31.978958911145398]}}, {"type": "Feature", "properties": {"OBJECTID": 214, "ID": "214", "TABA": "גז/7/392"}, "geometry": {"type": "Point", "coordinates": [34.892043431492844, 31.978758738093433]}}, {"type": "Feature", "properties": {"OBJECTID": 215, "ID": "215", "TABA": "גז/7/392"}, "geometry": {"type": "Point", "coordinates": [34.89225116827846, 31.978780949306675]}}, {"type": "Feature", "properties": {"OBJECTID": 216, "ID": "216", "TABA": "גז/7/392"}, "geometry": {"type": "Point", "coordinates": [34.89245881571829, 31.978815841165556]}}, {"type": "Feature", "properties": {"OBJECTID": 217, "ID": "217", "TABA": "גז/7/392"}, "geometry": {"type": "Point", "coordinates": [34.892666500244516, 31.978850450510752]}}, {"type": "Feature", "properties": {"OBJECTID": 218, "ID": "218", "TABA": "גז/7/392"}, "geometry": {"type": "Point", "coordinates": [34.89287761995641, 31.97888140480893]}}, {"type": "Feature", "properties": {"OBJECTID": 219, "ID": "113", "TABA": "משמ/61/גז"}, "geometry": {"type": "Point", "coordinates": [34.89388256867155, 31.976303271182044]}}, {"type": "Feature", "properties": {"OBJECTID": 220, "ID": "114", "TABA": "משמ/61/גז"}, "geometry": {"type": "Point", "coordinates": [34.894391246389176, 31.976424095941372]}}, {"type": "Feature", "properties": {"OBJECTID": 221, "ID": "165/4", "TABA": "גז/13/392/א"}, "geometry": {"type": "Point", "coordinates": [34.895375729846776, 31.976800255833826]}}, {"type": "Feature", "properties": {"OBJECTID": 222, "ID": "165/3", "TABA": "גז/13/392/א"}, "geometry": {"type": "Point", "coordinates": [34.89555191803306, 31.976834135373505]}}, {"type": "Feature", "properties": {"OBJECTID": 223, "ID": "165/2", "TABA": "גז/13/392/א"}, "geometry": {"type": "Point", "coordinates": [34.89557075230152, 31.976617116242114]}}, {"type": "Feature", "properties": {"OBJECTID": 224, "ID": "165/1", "TABA": "גז/13/392/א"}, "geometry": {"type": "Point", "coordinates": [34.89559149895218, 31.976465295190778]}}, {"type": "Feature", "properties": {"OBJECTID": 225, "ID": "165/6", "TABA": "גז/13/392/א"}, "geometry": {"type": "Point", "coordinates": [34.89528196084353, 31.97645311677331]}}, {"type": "Feature", "properties": {"OBJECTID": 226, "ID": "304", "TABA": "גז/14/392"}, "geometry": {"type": "Point", "coordinates": [34.89109058766046, 31.979448648870534]}}, {"type": "Feature", "properties": {"OBJECTID": 227, "ID": "201", "TABA": "גז/7/392"}, "geometry": {"type": "Point", "coordinates": [34.892297336816505, 31.979647503258796]}}, {"type": "Feature", "properties": {"OBJECTID": 228, "ID": "202", "TABA": "גז/7/392"}, "geometry": {"type": "Point", "coordinates": [34.892588144239525, 31.979694154210218]}}, {"type": "Feature", "properties": {"OBJECTID": 229, "ID": "203", "TABA": "גז/7/392"}, "geometry": {"type": "Point", "coordinates": [34.89209373188401, 31.97931379576363]}}, {"type": "Feature", "properties": {"OBJECTID": 230, "ID": "204", "TABA": "גז/7/392"}, "geometry": {"type": "Point", "coordinates": [34.89230395978802, 31.979348412862905]}}, {"type": "Feature", "properties": {"OBJECTID": 231, "ID": "205", "TABA": "גז/7/392"}, "geometry": {"type": "Point", "coordinates": [34.89251042006342, 31.979382455825704]}}, {"type": "Feature", "properties": {"OBJECTID": 232, "ID": "164", "TABA": "משמ/61/גז"}, "geometry": {"type": "Point", "coordinates": [34.894898244189974, 31.976570490718462]}}, {"type": "Feature", "properties": {"OBJECTID": 233, "ID": "117", "TABA": "משמ/61/גז"}, "geometry": {"type": "Point", "coordinates": [34.89405833493018, 31.975649344390963]}}, {"type": "Feature", "properties": {"OBJECTID": 234, "ID": "118", "TABA": "משמ/61/גז"}, "geometry": {"type": "Point", "coordinates": [34.89457112879058, 31.975793868063878]}}, {"type": "Feature", "properties": {"OBJECTID": 235, "ID": "166", "TABA": "משמ/61/גז"}, "geometry": {"type": "Point", "coordinates": [34.89506418374666, 31.97591020969325]}}, {"type": "Feature", "properties": {"OBJECTID": 236, "ID": "106", "TABA": "גז/8/392"}, "geometry": {"type": "Point", "coordinates": [34.891583218374805, 31.97673111420848]}}, {"type": "Feature", "properties": {"OBJECTID": 237, "ID": "106/1", "TABA": "גז/8/392"}, "geometry": {"type": "Point", "coordinates": [34.891500032973106, 31.97700640396446]}}, {"type": "Feature", "properties": {"OBJECTID": 238, "ID": "165/5", "TABA": "גז/13/392/א"}, "geometry": {"type": "Point", "coordinates": [34.895212339996995, 31.97671913450023]}}, {"type": "Feature", "properties": {"OBJECTID": 239, "ID": "165/4", "TABA": "גז/13/392/א"}, "geometry": {"type": "Point", "coordinates": [34.895375729846776, 31.976800255833826]}}, {"type": "Feature", "properties": {"OBJECTID": 240, "ID": "165/3", "TABA": "גז/13/392/א"}, "geometry": {"type": "Point", "coordinates": [34.89555191803306, 31.976834135373505]}}, {"type": "Feature", "properties": {"OBJECTID": 241, "ID": "165/2", "TABA": "גז/13/392/א"}, "geometry": {"type": "Point", "coordinates": [34.89557075230152, 31.976617116242114]}}, {"type": "Feature", "properties": {"OBJECTID": 242, "ID": "165/1", "TABA": "גז/13/392/א"}, "geometry": {"type": "Point", "coordinates": [34.89559149895218, 31.976465295190778]}}, {"type": "Feature", "properties": {"OBJECTID": 243, "ID": "165/6", "TABA": "גז/13/392/א"}, "geometry": {"type": "Point", "coordinates": [34.89528196084353, 31.97645311677331]}}, {"type": "Feature", "properties": {"OBJECTID": 244, "ID": "304", "TABA": "גז/14/392"}, "geometry": {"type": "Point", "coordinates": [34.89109058766046, 31.979448648870534]}}, {"type": "Feature", "properties": {"OBJECTID": 245, "ID": "305", "TABA": "גז/14/392"}, "geometry": {"type": "Point", "coordinates": [34.89087956769845, 31.979462218541325]}}, {"type": "Feature", "properties": {"OBJECTID": 246, "ID": "303", "TABA": "גז/14/392"}, "geometry": {"type": "Point", "coordinates": [34.89130292136694, 31.979437336605464]}}, {"type": "Feature", "properties": {"OBJECTID": 247, "ID": "309", "TABA": "גז/14/392"}, "geometry": {"type": "Point", "coordinates": [34.89071129749268, 31.979136025195796]}}, {"type": "Feature", "properties": {"OBJECTID": 248, "ID": "308", "TABA": "גז/14/392"}, "geometry": {"type": "Point", "coordinates": [34.89091815779357, 31.979122727793474]}}, {"type": "Feature", "properties": {"OBJECTID": 249, "ID": "307", "TABA": "גז/14/392"}, "geometry": {"type": "Point", "coordinates": [34.891188341556536, 31.97910535865794]}}, {"type": "Feature", "properties": {"OBJECTID": 250, "ID": "306", "TABA": "גז/14/392"}, "geometry": {"type": "Point", "coordinates": [34.89139500019915, 31.979090650456584]}}, {"type": "Feature", "properties": {"OBJECTID": 251, "ID": "148", "TABA": "גז/7/392"}, "geometry": {"type": "Point", "coordinates": [34.891921870886186, 31.979310471674594]}}, {"type": "Feature", "properties": {"OBJECTID": 252, "ID": "200", "TABA": "גז/7/392"}, "geometry": {"type": "Point", "coordinates": [34.89201661796831, 31.97960115873672]}}, {"type": "Feature", "properties": {"OBJECTID": 253, "ID": "37", "TABA": "משמ/61/גז"}, "geometry": {"type": "Point", "coordinates": [34.88858060008626, 31.97665793733568]}}, {"type": "Feature", "properties": {"OBJECTID": 254, "ID": "160", "TABA": "משמ/61/גז"}, "geometry": {"type": "Point", "coordinates": [34.890586842908355, 31.97756030106269]}}, {"type": "Feature", "properties": {"OBJECTID": 255, "ID": "59", "TABA": "משמ/61/גז"}, "geometry": {"type": "Point", "coordinates": [34.8933748395705, 31.979384597677548]}}, {"type": "Feature", "properties": {"OBJECTID": 256, "ID": "60", "TABA": "משמ/61/גז"}, "geometry": {"type": "Point", "coordinates": [34.89344670923591, 31.97902114730258]}}, {"type": "Feature", "properties": {"OBJECTID": 257, "ID": "61", "TABA": "משמ/61/גז"}, "geometry": {"type": "Point", "coordinates": [34.89350139679564, 31.978678857156996]}}, {"type": "Feature", "properties": {"OBJECTID": 258, "ID": "38", "TABA": "משמ/61/גז"}, "geometry": {"type": "Point", "coordinates": [34.88912925390978, 31.976667428311096]}}, {"type": "Feature", "properties": {"OBJECTID": 259, "ID": "39", "TABA": "משמ/61/גז"}, "geometry": {"type": "Point", "coordinates": [34.889622440542645, 31.976676318554237]}}, {"type": "Feature", "properties": {"OBJECTID": 260, "ID": "40", "TABA": "משמ/61/גז"}, "geometry": {"type": "Point", "coordinates": [34.89010375394377, 31.976683823871078]}}, {"type": "Feature", "properties": {"OBJECTID": 261, "ID": "41", "TABA": "משמ/61/גז"}, "geometry": {"type": "Point", "coordinates": [34.89060837791755, 31.976746430379585]}}, {"type": "Feature", "properties": {"OBJECTID": 262, "ID": "110", "TABA": "משמ/61/גז"}, "geometry": {"type": "Point", "coordinates": [34.89310152095083, 31.976928603655576]}}, {"type": "Feature", "properties": {"OBJECTID": 263, "ID": "109", "TABA": "משמ/61/גז"}, "geometry": {"type": "Point", "coordinates": [34.892695370054376, 31.976913578435543]}}, {"type": "Feature", "properties": {"OBJECTID": 264, "ID": "108", "TABA": "משמ/61/גז"}, "geometry": {"type": "Point", "coordinates": [34.89229937013358, 31.97690435926142]}}, {"type": "Feature", "properties": {"OBJECTID": 265, "ID": "307", "TABA": "גז/14/392"}, "geometry": {"type": "Point", "coordinates": [34.891188341556536, 31.97910535865794]}}, {"type": "Feature", "properties": {"OBJECTID": 266, "ID": "311", "TABA": "גז/14/392"}, "geometry": {"type": "Point", "coordinates": [34.8911643679318, 31.978928749221694]}}, {"type": "Feature", "properties": {"OBJECTID": 267, "ID": "306", "TABA": "גז/14/392"}, "geometry": {"type": "Point", "coordinates": [34.89139500019915, 31.979090650456584]}}, {"type": "Feature", "properties": {"OBJECTID": 268, "ID": "310", "TABA": "גז/14/392"}, "geometry": {"type": "Point", "coordinates": [34.891427364797345, 31.978910515943873]}}, {"type": "Feature", "properties": {"OBJECTID": 269, "ID": "501", "TABA": "גז/14/392"}, "geometry": {"type": "Point", "coordinates": [34.891138511244286, 31.979292162143647]}}, {"type": "Feature", "properties": {"OBJECTID": 270, "ID": "2107", "TABA": "גז/23/392"}, "geometry": {"type": "Point", "coordinates": [34.891776994250286, 31.97703024298609]}}, {"type": "Feature", "properties": {"OBJECTID": 271, "ID": "165/5", "TABA": "גז/13/392/א"}, "geometry": {"type": "Point", "coordinates": [34.895212339996995, 31.97671913450023]}}, {"type": "Feature", "properties": {"OBJECTID": 272, "ID": "100", "TABA": "על/גז/מק/18/487א"}, "geometry": {"type": "Point", "coordinates": [34.85837303526931, 32.00265671913512]}}, {"type": "Feature", "properties": {"OBJECTID": 273, "ID": "א", "TABA": "על/גז/מק/18/487א"}, "geometry": {"type": "Point", "coordinates": [34.862234272940725, 32.000691621007604]}}, {"type": "Feature", "properties": {"OBJECTID": 274, "ID": "צ", "TABA": "על/גז/מק/18/487א"}, "geometry": {"type": "Point", "coordinates": [34.86127693807007, 32.00030406173084]}}, {"type": "Feature", "properties": {"OBJECTID": 275, "ID": "19", "TABA": "משמ/63/גז"}, "geometry": {"type": "Point", "coordinates": [34.85948212138275, 32.00262102197962]}}, {"type": "Feature", "properties": {"OBJECTID": 276, "ID": "83", "TABA": "משמ/63/גז"}, "geometry": {"type": "Point", "coordinates": [34.856701287482615, 32.001781393305045]}}, {"type": "Feature", "properties": {"OBJECTID": 277, "ID": "20", "TABA": "משמ/63/גז"}, "geometry": {"type": "Point", "coordinates": [34.85977276712974, 32.002368653412056]}}, {"type": "Feature", "properties": {"OBJECTID": 278, "ID": "84", "TABA": "משמ/63/גז"}, "geometry": {"type": "Point", "coordinates": [34.856364928773644, 32.00153828588283]}}, {"type": "Feature", "properties": {"OBJECTID": 279, "ID": "191", "TABA": "משמ/63/גז"}, "geometry": {"type": "Point", "coordinates": [34.854749513385606, 32.00298870055375]}}, {"type": "Feature", "properties": {"OBJECTID": 280, "ID": "21", "TABA": "משמ/63/גז"}, "geometry": {"type": "Point", "coordinates": [34.86005926624041, 32.002128678096895]}}, {"type": "Feature", "properties": {"OBJECTID": 281, "ID": "22", "TABA": "משמ/63/גז"}, "geometry": {"type": "Point", "coordinates": [34.86033305449339, 32.001877784703616]}}, {"type": "Feature", "properties": {"OBJECTID": 282, "ID": "190", "TABA": "משמ/63/גז"}, "geometry": {"type": "Point", "coordinates": [34.85508848900282, 32.00253349753291]}}, {"type": "Feature", "properties": {"OBJECTID": 283, "ID": "23", "TABA": "משמ/63/גז"}, "geometry": {"type": "Point", "coordinates": [34.860630389020805, 32.00160020705083]}}, {"type": "Feature", "properties": {"OBJECTID": 284, "ID": "189", "TABA": "משמ/63/גז"}, "geometry": {"type": "Point", "coordinates": [34.85541509356772, 32.00207901794812]}}, {"type": "Feature", "properties": {"OBJECTID": 285, "ID": "24", "TABA": "משמ/63/גז"}, "geometry": {"type": "Point", "coordinates": [34.86091004734426, 32.00127897147983]}}, {"type": "Feature", "properties": {"OBJECTID": 286, "ID": "27", "TABA": "משמ/63/גז"}, "geometry": {"type": "Point", "coordinates": [34.858828177958124, 32.001794225408474]}}, {"type": "Feature", "properties": {"OBJECTID": 287, "ID": "74", "TABA": "על/גז/מק/18/487א"}, "geometry": {"type": "Point", "coordinates": [34.856958163142835, 32.00406083466779]}}, {"type": "Feature", "properties": {"OBJECTID": 288, "ID": "73", "TABA": "על/גז/מק/18/487א"}, "geometry": {"type": "Point", "coordinates": [34.856787538366234, 32.00394272186974]}}, {"type": "Feature", "properties": {"OBJECTID": 289, "ID": "72", "TABA": "על/גז/מק/18/487א"}, "geometry": {"type": "Point", "coordinates": [34.85704195420887, 32.00371196946475]}}, {"type": "Feature", "properties": {"OBJECTID": 290, "ID": "71", "TABA": "על/גז/מק/18/487א"}, "geometry": {"type": "Point", "coordinates": [34.85723997298262, 32.00380761815465]}}, {"type": "Feature", "properties": {"OBJECTID": 291, "ID": "9", "TABA": "על/גז/מק/18/487א"}, "geometry": {"type": "Point", "coordinates": [34.857456012473335, 32.003641198137]}}, {"type": "Feature", "properties": {"OBJECTID": 292, "ID": "22", "TABA": "על/גז/מק/18/487א"}, "geometry": {"type": "Point", "coordinates": [34.85722807654381, 32.003542816626116]}}, {"type": "Feature", "properties": {"OBJECTID": 293, "ID": "15", "TABA": "על/גז/מק/18/487א"}, "geometry": {"type": "Point", "coordinates": [34.85737886160619, 32.00336414122842]}}, {"type": "Feature", "properties": {"OBJECTID": 294, "ID": "16", "TABA": "על/גז/מק/18/487א"}, "geometry": {"type": "Point", "coordinates": [34.85755476765869, 32.003234425503315]}}, {"type": "Feature", "properties": {"OBJECTID": 295, "ID": "8", "TABA": "על/גז/מק/18/487א"}, "geometry": {"type": "Point", "coordinates": [34.85776023216174, 32.003377031620424]}}, {"type": "Feature", "properties": {"OBJECTID": 296, "ID": "7", "TABA": "על/גז/מק/18/487א"}, "geometry": {"type": "Point", "coordinates": [34.857949448969414, 32.00321353324313]}}, {"type": "Feature", "properties": {"OBJECTID": 297, "ID": "17", "TABA": "על/גז/מק/18/487א"}, "geometry": {"type": "Point", "coordinates": [34.85771339812569, 32.00310486613291]}}, {"type": "Feature", "properties": {"OBJECTID": 298, "ID": "18", "TABA": "על/גז/מק/18/487א"}, "geometry": {"type": "Point", "coordinates": [34.857807925337944, 32.00293987011089]}}, {"type": "Feature", "properties": {"OBJECTID": 299, "ID": "19", "TABA": "על/גז/מק/18/487א"}, "geometry": {"type": "Point", "coordinates": [34.857988060264894, 32.00281795238118]}}, {"type": "Feature", "properties": {"OBJECTID": 300, "ID": "6", "TABA": "על/גז/מק/18/487א"}, "geometry": {"type": "Point", "coordinates": [34.85820526178472, 32.00299610639409]}}, {"type": "Feature", "properties": {"OBJECTID": 301, "ID": "5", "TABA": "על/גז/מק/18/487א"}, "geometry": {"type": "Point", "coordinates": [34.858399266700985, 32.0028419423198]}}, {"type": "Feature", "properties": {"OBJECTID": 302, "ID": "20", "TABA": "על/גז/מק/18/487א"}, "geometry": {"type": "Point", "coordinates": [34.858093036535045, 32.0027119940696]}}, {"type": "Feature", "properties": {"OBJECTID": 303, "ID": "21", "TABA": "על/גז/מק/18/487א"}, "geometry": {"type": "Point", "coordinates": [34.85822154740443, 32.00258050945118]}}, {"type": "Feature", "properties": {"OBJECTID": 304, "ID": "4", "TABA": "על/גז/מק/18/487א"}, "geometry": {"type": "Point", "coordinates": [34.858384628133166, 32.00247204999916]}}, {"type": "Feature", "properties": {"OBJECTID": 305, "ID": "2", "TABA": "על/גז/מק/18/487א"}, "geometry": {"type": "Point", "coordinates": [34.85848277823928, 32.00234676065119]}}, {"type": "Feature", "properties": {"OBJECTID": 306, "ID": "48", "TABA": "משמ/63/גז"}, "geometry": {"type": "Point", "coordinates": [34.85491506708086, 32.00152737835951]}}, {"type": "Feature", "properties": {"OBJECTID": 307, "ID": "47", "TABA": "משמ/63/גז"}, "geometry": {"type": "Point", "coordinates": [34.85504662288691, 32.00119254899553]}}, {"type": "Feature", "properties": {"OBJECTID": 308, "ID": "46", "TABA": "משמ/63/גז"}, "geometry": {"type": "Point", "coordinates": [34.855152620684976, 32.00085965112671]}}, {"type": "Feature", "properties": {"OBJECTID": 309, "ID": "45", "TABA": "משמ/63/גז"}, "geometry": {"type": "Point", "coordinates": [34.85520719580784, 32.000535096693966]}}, {"type": "Feature", "properties": {"OBJECTID": 310, "ID": "44", "TABA": "משמ/63/גז"}, "geometry": {"type": "Point", "coordinates": [34.85524749567925, 32.00015441084732]}}, {"type": "Feature", "properties": {"OBJECTID": 311, "ID": "43", "TABA": "משמ/63/גז"}, "geometry": {"type": "Point", "coordinates": [34.85524827880038, 31.999777116123962]}}, {"type": "Feature", "properties": {"OBJECTID": 312, "ID": "42", "TABA": "משמ/63/גז"}, "geometry": {"type": "Point", "coordinates": [34.85519603161828, 31.999437050635066]}}, {"type": "Feature", "properties": {"OBJECTID": 313, "ID": "41", "TABA": "משמ/63/גז"}, "geometry": {"type": "Point", "coordinates": [34.85514855494768, 31.99897872055997]}}, {"type": "Feature", "properties": {"OBJECTID": 314, "ID": "40", "TABA": "משמ/63/גז"}, "geometry": {"type": "Point", "coordinates": [34.85511249511107, 31.998542698185574]}}, {"type": "Feature", "properties": {"OBJECTID": 315, "ID": "104", "TABA": "משמ/63/גז"}, "geometry": {"type": "Point", "coordinates": [34.85506673167264, 31.998004208814713]}}, {"type": "Feature", "properties": {"OBJECTID": 316, "ID": "183", "TABA": "משמ/63/גז"}, "geometry": {"type": "Point", "coordinates": [34.85467173054104, 31.99692226808779]}}, {"type": "Feature", "properties": {"OBJECTID": 317, "ID": "164", "TABA": "משמ/63/גז"}, "geometry": {"type": "Point", "coordinates": [34.85267438798942, 32.00167798571153]}}, {"type": "Feature", "properties": {"OBJECTID": 318, "ID": "158", "TABA": "משמ/63/גז"}, "geometry": {"type": "Point", "coordinates": [34.84703128130162, 32.004329502648424]}}, {"type": "Feature", "properties": {"OBJECTID": 319, "ID": "157", "TABA": "משמ/63/גז"}, "geometry": {"type": "Point", "coordinates": [34.84881324254885, 32.00414773106209]}}, {"type": "Feature", "properties": {"OBJECTID": 320, "ID": "61", "TABA": "משמ/63/גז"}, "geometry": {"type": "Point", "coordinates": [34.85011070559331, 32.003887201535754]}}, {"type": "Feature", "properties": {"OBJECTID": 321, "ID": "59", "TABA": "משמ/63/גז"}, "geometry": {"type": "Point", "coordinates": [34.85136734695087, 32.003929381759136]}}, {"type": "Feature", "properties": {"OBJECTID": 322, "ID": "58", "TABA": "משמ/63/גז"}, "geometry": {"type": "Point", "coordinates": [34.85183961770516, 32.003916213860066]}}, {"type": "Feature", "properties": {"OBJECTID": 323, "ID": "162", "TABA": "משמ/63/גז"}, "geometry": {"type": "Point", "coordinates": [34.84862471707005, 32.00352300815176]}}, {"type": "Feature", "properties": {"OBJECTID": 324, "ID": "57", "TABA": "משמ/63/גז"}, "geometry": {"type": "Point", "coordinates": [34.852254598712705, 32.00379107715575]}}, {"type": "Feature", "properties": {"OBJECTID": 325, "ID": "60", "TABA": "משמ/63/גז"}, "geometry": {"type": "Point", "coordinates": [34.850725237743504, 32.0038441398446]}}, {"type": "Feature", "properties": {"OBJECTID": 326, "ID": "56", "TABA": "משמ/63/גז"}, "geometry": {"type": "Point", "coordinates": [34.8525955008266, 32.0036371366723]}}, {"type": "Feature", "properties": {"OBJECTID": 327, "ID": "55", "TABA": "משמ/63/גז"}, "geometry": {"type": "Point", "coordinates": [34.852962621628, 32.00345170664056]}}, {"type": "Feature", "properties": {"OBJECTID": 328, "ID": "54", "TABA": "משמ/63/גז"}, "geometry": {"type": "Point", "coordinates": [34.85326402345026, 32.00324423129543]}}, {"type": "Feature", "properties": {"OBJECTID": 329, "ID": "53", "TABA": "משמ/63/גז"}, "geometry": {"type": "Point", "coordinates": [34.853555526519024, 32.003019038108796]}}, {"type": "Feature", "properties": {"OBJECTID": 330, "ID": "52", "TABA": "משמ/63/גז"}, "geometry": {"type": "Point", "coordinates": [34.85383982796441, 32.00279429688444]}}, {"type": "Feature", "properties": {"OBJECTID": 331, "ID": "51", "TABA": "משמ/63/גז"}, "geometry": {"type": "Point", "coordinates": [34.85421083430343, 32.002502767935496]}}, {"type": "Feature", "properties": {"OBJECTID": 332, "ID": "50", "TABA": "משמ/63/גז"}, "geometry": {"type": "Point", "coordinates": [34.85445618684293, 32.002190224782815]}}, {"type": "Feature", "properties": {"OBJECTID": 333, "ID": "49", "TABA": "משמ/63/גז"}, "geometry": {"type": "Point", "coordinates": [34.85468700627165, 32.00186101275262]}}, {"type": "Feature", "properties": {"OBJECTID": 334, "ID": "1", "TABA": "425-0789453"}, "geometry": {"type": "Point", "coordinates": [34.85516947202036, 32.00510446459501]}}, {"type": "Feature", "properties": {"OBJECTID": 335, "ID": "77", "TABA": "משמ/63/גז"}, "geometry": {"type": "Point", "coordinates": [34.85656011356747, 32.0077693263771]}}, {"type": "Feature", "properties": {"OBJECTID": 336, "ID": "76", "TABA": "משמ/63/גז"}, "geometry": {"type": "Point", "coordinates": [34.85639297447629, 32.00749476556606]}}, {"type": "Feature", "properties": {"OBJECTID": 337, "ID": "75", "TABA": "משמ/63/גז"}, "geometry": {"type": "Point", "coordinates": [34.856232849848055, 32.00721492208857]}}, {"type": "Feature", "properties": {"OBJECTID": 338, "ID": "74", "TABA": "משמ/63/גז"}, "geometry": {"type": "Point", "coordinates": [34.85599339685751, 32.006935542335334]}}, {"type": "Feature", "properties": {"OBJECTID": 339, "ID": "73", "TABA": "משמ/63/גז"}, "geometry": {"type": "Point", "coordinates": [34.85583883213181, 32.00668411494101]}}, {"type": "Feature", "properties": {"OBJECTID": 340, "ID": "72", "TABA": "משמ/63/גז"}, "geometry": {"type": "Point", "coordinates": [34.85557116304992, 32.0064467637577]}}, {"type": "Feature", "properties": {"OBJECTID": 341, "ID": "3", "TABA": "משמ/63/גז"}, "geometry": {"type": "Point", "coordinates": [34.85726519005799, 32.00748926166104]}}, {"type": "Feature", "properties": {"OBJECTID": 342, "ID": "3א", "TABA": "משמ/63/גז"}, "geometry": {"type": "Point", "coordinates": [34.85428215434906, 32.006365022394064]}}, {"type": "Feature", "properties": {"OBJECTID": 343, "ID": "195", "TABA": "גז/13/487"}, "geometry": {"type": "Point", "coordinates": [34.85323447453293, 32.00623493949068]}}, {"type": "Feature", "properties": {"OBJECTID": 344, "ID": "2", "TABA": "425-0789453"}, "geometry": {"type": "Point", "coordinates": [34.85535343845, 32.004737007007165]}}, {"type": "Feature", "properties": {"OBJECTID": 345, "ID": "9", "TABA": "משמ/63/גז"}, "geometry": {"type": "Point", "coordinates": [34.85649105023905, 32.00526362739905]}}, {"type": "Feature", "properties": {"OBJECTID": 346, "ID": "193", "TABA": "משמ/63/גז"}, "geometry": {"type": "Point", "coordinates": [34.85274986456339, 32.00647435375385]}}, {"type": "Feature", "properties": {"OBJECTID": 347, "ID": "184", "TABA": "משמ/63/גז"}, "geometry": {"type": "Point", "coordinates": [34.85391283938497, 32.006532008225335]}}, {"type": "Feature", "properties": {"OBJECTID": 348, "ID": "66", "TABA": "משמ/63/גז"}, "geometry": {"type": "Point", "coordinates": [34.852314342029636, 32.00482694021661]}}, {"type": "Feature", "properties": {"OBJECTID": 349, "ID": "59א", "TABA": "משמ/63/גז"}, "geometry": {"type": "Point", "coordinates": [34.85403524658913, 32.00646506745164]}}, {"type": "Feature", "properties": {"OBJECTID": 350, "ID": "6א", "TABA": "משמ/63/גז"}, "geometry": {"type": "Point", "coordinates": [34.85299289410244, 32.006351782488174]}}, {"type": "Feature", "properties": {"OBJECTID": 351, "ID": "65", "TABA": "משמ/63/גז"}, "geometry": {"type": "Point", "coordinates": [34.85186045071278, 32.004683551412214]}}, {"type": "Feature", "properties": {"OBJECTID": 352, "ID": "64א", "TABA": "משמ/63/גז"}, "geometry": {"type": "Point", "coordinates": [34.85451541435202, 32.00621540147037]}}, {"type": "Feature", "properties": {"OBJECTID": 353, "ID": "10", "TABA": "משמ/63/גז"}, "geometry": {"type": "Point", "coordinates": [34.85680643027982, 32.00494933838213]}}, {"type": "Feature", "properties": {"OBJECTID": 354, "ID": "9א", "TABA": "משמ/63/גז"}, "geometry": {"type": "Point", "coordinates": [34.85345626170375, 32.00610749471353]}}, {"type": "Feature", "properties": {"OBJECTID": 355, "ID": "62א", "TABA": "משמ/63/גז"}, "geometry": {"type": "Point", "coordinates": [34.85475258470107, 32.006093507749036]}}, {"type": "Feature", "properties": {"OBJECTID": 356, "ID": "64", "TABA": "משמ/63/גז"}, "geometry": {"type": "Point", "coordinates": [34.85136327101069, 32.00456797834519]}}, {"type": "Feature", "properties": {"OBJECTID": 357, "ID": "49א", "TABA": "משמ/63/גז"}, "geometry": {"type": "Point", "coordinates": [34.85368688313969, 32.00599284166625]}}, {"type": "Feature", "properties": {"OBJECTID": 358, "ID": "69א", "TABA": "משמ/63/גז"}, "geometry": {"type": "Point", "coordinates": [34.85499552959552, 32.005963271588406]}}, {"type": "Feature", "properties": {"OBJECTID": 359, "ID": "11א", "TABA": "משמ/63/גז"}, "geometry": {"type": "Point", "coordinates": [34.853916215496675, 32.005876657884514]}}, {"type": "Feature", "properties": {"OBJECTID": 360, "ID": "185", "TABA": "משמ/63/גז"}, "geometry": {"type": "Point", "coordinates": [34.85523937439393, 32.00587883811783]}}, {"type": "Feature", "properties": {"OBJECTID": 361, "ID": "63", "TABA": "משמ/63/גז"}, "geometry": {"type": "Point", "coordinates": [34.85077592795696, 32.004497071685066]}}, {"type": "Feature", "properties": {"OBJECTID": 362, "ID": "170", "TABA": "משמ/63/גז"}, "geometry": {"type": "Point", "coordinates": [34.85564697038926, 32.00557873952675]}}, {"type": "Feature", "properties": {"OBJECTID": 363, "ID": "169", "TABA": "משמ/63/גז"}, "geometry": {"type": "Point", "coordinates": [34.8558069367126, 32.004122979907955]}}, {"type": "Feature", "properties": {"OBJECTID": 364, "ID": "178", "TABA": "משמ/63/גז"}, "geometry": {"type": "Point", "coordinates": [34.859185807453166, 32.00828082425624]}}, {"type": "Feature", "properties": {"OBJECTID": 365, "ID": "71", "TABA": "משמ/63/גז"}, "geometry": {"type": "Point", "coordinates": [34.85537407951317, 32.00618816678798]}}, {"type": "Feature", "properties": {"OBJECTID": 366, "ID": "180", "TABA": "משמ/63/גז"}, "geometry": {"type": "Point", "coordinates": [34.85183962443741, 32.00726372153966]}}, {"type": "Feature", "properties": {"OBJECTID": 367, "ID": "4", "TABA": "משמ/63/גז"}, "geometry": {"type": "Point", "coordinates": [34.85694477117408, 32.007008188926854]}}, {"type": "Feature", "properties": {"OBJECTID": 368, "ID": "5", "TABA": "משמ/63/גז"}, "geometry": {"type": "Point", "coordinates": [34.8566765917752, 32.0066667112925]}}, {"type": "Feature", "properties": {"OBJECTID": 369, "ID": "70", "TABA": "משמ/63/גז"}, "geometry": {"type": "Point", "coordinates": [34.85401028742666, 32.005412649688225]}}, {"type": "Feature", "properties": {"OBJECTID": 370, "ID": "6", "TABA": "משמ/63/גז"}, "geometry": {"type": "Point", "coordinates": [34.856459604108515, 32.00630773064493]}}, {"type": "Feature", "properties": {"OBJECTID": 371, "ID": "69", "TABA": "משמ/63/גז"}, "geometry": {"type": "Point", "coordinates": [34.85360205322878, 32.00524382892618]}}, {"type": "Feature", "properties": {"OBJECTID": 372, "ID": "7", "TABA": "משמ/63/גז"}, "geometry": {"type": "Point", "coordinates": [34.8563567098322, 32.005946208455256]}}, {"type": "Feature", "properties": {"OBJECTID": 373, "ID": "192", "TABA": "משמ/63/גז"}, "geometry": {"type": "Point", "coordinates": [34.853270453254304, 32.00686413102088]}}, {"type": "Feature", "properties": {"OBJECTID": 374, "ID": "68", "TABA": "משמ/63/גז"}, "geometry": {"type": "Point", "coordinates": [34.853178191505364, 32.00509745000758]}}, {"type": "Feature", "properties": {"OBJECTID": 375, "ID": "8", "TABA": "משמ/63/גז"}, "geometry": {"type": "Point", "coordinates": [34.856383779775555, 32.00560273336976]}}, {"type": "Feature", "properties": {"OBJECTID": 376, "ID": "65א", "TABA": "משמ/63/גז"}, "geometry": {"type": "Point", "coordinates": [34.8535203196097, 32.0067369324981]}}, {"type": "Feature", "properties": {"OBJECTID": 377, "ID": "67", "TABA": "משמ/63/גז"}, "geometry": {"type": "Point", "coordinates": [34.852763193478594, 32.00496991663915]}}, {"type": "Feature", "properties": {"OBJECTID": 378, "ID": "10א", "TABA": "משמ/63/גז"}, "geometry": {"type": "Point", "coordinates": [34.853760155511296, 32.00661055525258]}}, {"type": "Feature", "properties": {"OBJECTID": 379, "ID": "171", "TABA": "משמ/63/גז"}, "geometry": {"type": "Point", "coordinates": [34.8590459230629, 32.00539246539431]}}, {"type": "Feature", "properties": {"OBJECTID": 380, "ID": "160", "TABA": "משמ/63/גז"}, "geometry": {"type": "Point", "coordinates": [34.84772842309357, 32.00466683703063]}}, {"type": "Feature", "properties": {"OBJECTID": 381, "ID": "62", "TABA": "משמ/63/גז"}, "geometry": {"type": "Point", "coordinates": [34.85008349364137, 32.00442153751537]}}, {"type": "Feature", "properties": {"OBJECTID": 382, "ID": "165", "TABA": "משמ/63/גז"}, "geometry": {"type": "Point", "coordinates": [34.853993599215414, 32.00384025150177]}}, {"type": "Feature", "properties": {"OBJECTID": 383, "ID": "2", "TABA": "על/מק/26/487"}, "geometry": {"type": "Point", "coordinates": [34.85403160268777, 32.0044900268707]}}, {"type": "Feature", "properties": {"OBJECTID": 384, "ID": "1", "TABA": "על/מק/26/487"}, "geometry": {"type": "Point", "coordinates": [34.85426274847823, 32.0048434469939]}}, {"type": "Feature", "properties": {"OBJECTID": 385, "ID": "1", "TABA": "גז/מק/17/487"}, "geometry": {"type": "Point", "coordinates": [34.85684451153738, 32.008861712498344]}}, {"type": "Feature", "properties": {"OBJECTID": 386, "ID": "3", "TABA": "גז/מק/18/487"}, "geometry": {"type": "Point", "coordinates": [34.858636955945165, 32.00263168047057]}}, {"type": "Feature", "properties": {"OBJECTID": 387, "ID": "1(40)", "TABA": "425-0139691"}, "geometry": {"type": "Point", "coordinates": [34.86204616873084, 32.00129535629669]}}, {"type": "Feature", "properties": {"OBJECTID": 388, "ID": "28", "TABA": "משמ/63/גז"}, "geometry": {"type": "Point", "coordinates": [34.85836399372689, 32.00175720024002]}}, {"type": "Feature", "properties": {"OBJECTID": 389, "ID": "26", "TABA": "משמ/63/גז"}, "geometry": {"type": "Point", "coordinates": [34.859360595072566, 32.00174080875759]}}, {"type": "Feature", "properties": {"OBJECTID": 390, "ID": "188", "TABA": "משמ/63/גז"}, "geometry": {"type": "Point", "coordinates": [34.855714863833605, 32.00169348945619]}}, {"type": "Feature", "properties": {"OBJECTID": 391, "ID": "29", "TABA": "משמ/63/גז"}, "geometry": {"type": "Point", "coordinates": [34.85798386660734, 32.00166192104137]}}, {"type": "Feature", "properties": {"OBJECTID": 392, "ID": "30", "TABA": "משמ/63/גז"}, "geometry": {"type": "Point", "coordinates": [34.85756761605909, 32.001526166486315]}}, {"type": "Feature", "properties": {"OBJECTID": 393, "ID": "25", "TABA": "משמ/63/גז"}, "geometry": {"type": "Point", "coordinates": [34.85989044835372, 32.001435244450626]}}, {"type": "Feature", "properties": {"OBJECTID": 394, "ID": "51", "TABA": "על/גז/מק/18/487א"}, "geometry": {"type": "Point", "coordinates": [34.86291802283303, 32.00041269139079]}}, {"type": "Feature", "properties": {"OBJECTID": 395, "ID": "48", "TABA": "על/גז/מק/18/487א"}, "geometry": {"type": "Point", "coordinates": [34.862323915785744, 32.0002072196995]}}, {"type": "Feature", "properties": {"OBJECTID": 396, "ID": "204", "TABA": "על/גז/מק/18/487א"}, "geometry": {"type": "Point", "coordinates": [34.862823583144944, 32.00136737279986]}}, {"type": "Feature", "properties": {"OBJECTID": 397, "ID": "75", "TABA": "על/גז/מק/18/487א"}, "geometry": {"type": "Point", "coordinates": [34.86322821084203, 32.00081567738324]}}, {"type": "Feature", "properties": {"OBJECTID": 398, "ID": "58", "TABA": "על/גז/מק/18/487א"}, "geometry": {"type": "Point", "coordinates": [34.863041291745105, 32.00074446792473]}}, {"type": "Feature", "properties": {"OBJECTID": 399, "ID": "59", "TABA": "על/גז/מק/18/487א"}, "geometry": {"type": "Point", "coordinates": [34.862961036250326, 32.000891206986076]}}, {"type": "Feature", "properties": {"OBJECTID": 400, "ID": "60", "TABA": "על/גז/מק/18/487א"}, "geometry": {"type": "Point", "coordinates": [34.862882758432995, 32.001075624106434]}}, {"type": "Feature", "properties": {"OBJECTID": 401, "ID": "61", "TABA": "על/גז/מק/18/487א"}, "geometry": {"type": "Point", "coordinates": [34.86282859833297, 32.00127715918151]}}, {"type": "Feature", "properties": {"OBJECTID": 402, "ID": "57", "TABA": "על/גז/מק/18/487א"}, "geometry": {"type": "Point", "coordinates": [34.8624584388501, 32.001085678964]}}, {"type": "Feature", "properties": {"OBJECTID": 403, "ID": "31", "TABA": "על/גז/מק/18/487א"}, "geometry": {"type": "Point", "coordinates": [34.86194859528741, 32.000413777837956]}}, {"type": "Feature", "properties": {"OBJECTID": 404, "ID": "30", "TABA": "על/גז/מק/18/487א"}, "geometry": {"type": "Point", "coordinates": [34.86183073866494, 32.000548739061124]}}, {"type": "Feature", "properties": {"OBJECTID": 405, "ID": "29", "TABA": "על/גז/מק/18/487א"}, "geometry": {"type": "Point", "coordinates": [34.861707907856356, 32.000683130323914]}}, {"type": "Feature", "properties": {"OBJECTID": 406, "ID": "80", "TABA": "משמ/63/גז"}, "geometry": {"type": "Point", "coordinates": [34.857937780847074, 32.002301866282714]}}, {"type": "Feature", "properties": {"OBJECTID": 407, "ID": "18", "TABA": "משמ/63/גז"}, "geometry": {"type": "Point", "coordinates": [34.85921326879327, 32.00287245266653]}}, {"type": "Feature", "properties": {"OBJECTID": 408, "ID": "81", "TABA": "משמ/63/גז"}, "geometry": {"type": "Point", "coordinates": [34.857504298272744, 32.00216818369995]}}, {"type": "Feature", "properties": {"OBJECTID": 409, "ID": "82", "TABA": "משמ/63/גז"}, "geometry": {"type": "Point", "coordinates": [34.85709782360264, 32.00201951618291]}}, {"type": "Feature", "properties": {"OBJECTID": 410, "ID": "36", "TABA": "על/גז/מק/18/487א"}, "geometry": {"type": "Point", "coordinates": [34.861236795218396, 32.00106977629253]}}, {"type": "Feature", "properties": {"OBJECTID": 411, "ID": "37", "TABA": "על/גז/מק/18/487א"}, "geometry": {"type": "Point", "coordinates": [34.86144616706551, 32.00112302206708]}}, {"type": "Feature", "properties": {"OBJECTID": 412, "ID": "43", "TABA": "על/גז/מק/18/487א"}, "geometry": {"type": "Point", "coordinates": [34.86261973952471, 32.00147271077981]}}, {"type": "Feature", "properties": {"OBJECTID": 413, "ID": "38", "TABA": "על/גז/מק/18/487א"}, "geometry": {"type": "Point", "coordinates": [34.861639430707974, 32.00118067437641]}}, {"type": "Feature", "properties": {"OBJECTID": 414, "ID": "41", "TABA": "על/גז/מק/18/487א"}, "geometry": {"type": "Point", "coordinates": [34.86223916819106, 32.00135110958932]}}, {"type": "Feature", "properties": {"OBJECTID": 415, "ID": "39", "TABA": "על/גז/מק/18/487א"}, "geometry": {"type": "Point", "coordinates": [34.86184830626363, 32.00123916483313]}}, {"type": "Feature", "properties": {"OBJECTID": 416, "ID": "44", "TABA": "על/גז/מק/18/487א"}, "geometry": {"type": "Point", "coordinates": [34.86282168309656, 32.001536479953614]}}, {"type": "Feature", "properties": {"OBJECTID": 417, "ID": "35", "TABA": "על/גז/מק/18/487א"}, "geometry": {"type": "Point", "coordinates": [34.86104849324835, 32.00102006905013]}}, {"type": "Feature", "properties": {"OBJECTID": 418, "ID": "42", "TABA": "על/גז/מק/18/487א"}, "geometry": {"type": "Point", "coordinates": [34.86244598986006, 32.00141459582192]}}, {"type": "Feature", "properties": {"OBJECTID": 419, "ID": "53", "TABA": "על/גז/מק/18/487א"}, "geometry": {"type": "Point", "coordinates": [34.863309567829425, 32.000551930447614]}}, {"type": "Feature", "properties": {"OBJECTID": 420, "ID": "49", "TABA": "על/גז/מק/18/487א"}, "geometry": {"type": "Point", "coordinates": [34.86253044123358, 32.00026772544144]}}, {"type": "Feature", "properties": {"OBJECTID": 421, "ID": "45", "TABA": "על/גז/מק/18/487א"}, "geometry": {"type": "Point", "coordinates": [34.861754289036945, 32.00002475499837]}}, {"type": "Feature", "properties": {"OBJECTID": 422, "ID": "52", "TABA": "על/גז/מק/18/487א"}, "geometry": {"type": "Point", "coordinates": [34.863115072326075, 32.000474930997754]}}, {"type": "Feature", "properties": {"OBJECTID": 423, "ID": "46", "TABA": "על/גז/מק/18/487א"}, "geometry": {"type": "Point", "coordinates": [34.86193109623169, 32.00007145331937]}}, {"type": "Feature", "properties": {"OBJECTID": 424, "ID": "50", "TABA": "על/גז/מק/18/487א"}, "geometry": {"type": "Point", "coordinates": [34.86273281426037, 32.000340238888626]}}, {"type": "Feature", "properties": {"OBJECTID": 425, "ID": "47", "TABA": "על/גז/מק/18/487א"}, "geometry": {"type": "Point", "coordinates": [34.86213735106251, 32.00013713982446]}}, {"type": "Feature", "properties": {"OBJECTID": 426, "ID": "31", "TABA": "משמ/63/גז"}, "geometry": {"type": "Point", "coordinates": [34.8572011273805, 32.00133378732848]}}, {"type": "Feature", "properties": {"OBJECTID": 427, "ID": "187", "TABA": "משמ/63/גז"}, "geometry": {"type": "Point", "coordinates": [34.85598547821012, 32.001235229191714]}}, {"type": "Feature", "properties": {"OBJECTID": 428, "ID": "32", "TABA": "משמ/63/גז"}, "geometry": {"type": "Point", "coordinates": [34.85685152780559, 32.00106601853719]}}, {"type": "Feature", "properties": {"OBJECTID": 429, "ID": "33", "TABA": "משמ/63/גז"}, "geometry": {"type": "Point", "coordinates": [34.85656824479463, 32.000731696341475]}}, {"type": "Feature", "properties": {"OBJECTID": 430, "ID": "34", "TABA": "משמ/63/גז"}, "geometry": {"type": "Point", "coordinates": [34.85631778975696, 32.00041985531376]}}, {"type": "Feature", "properties": {"OBJECTID": 431, "ID": "182", "TABA": "משמ/63/גז"}, "geometry": {"type": "Point", "coordinates": [34.86119780476801, 32.0002880950265]}}, {"type": "Feature", "properties": {"OBJECTID": 432, "ID": "35", "TABA": "משמ/63/גז"}, "geometry": {"type": "Point", "coordinates": [34.85613032357517, 32.00010361996556]}}, {"type": "Feature", "properties": {"OBJECTID": 433, "ID": "11", "TABA": "משמ/63/גז"}, "geometry": {"type": "Point", "coordinates": [34.85723156536334, 32.00461344958175]}}, {"type": "Feature", "properties": {"OBJECTID": 434, "ID": "12", "TABA": "משמ/63/גז"}, "geometry": {"type": "Point", "coordinates": [34.85751307630782, 32.0043547054299]}}, {"type": "Feature", "properties": {"OBJECTID": 435, "ID": "13", "TABA": "משמ/63/גז"}, "geometry": {"type": "Point", "coordinates": [34.8577761402614, 32.00410418066274]}}, {"type": "Feature", "properties": {"OBJECTID": 436, "ID": "14", "TABA": "משמ/63/גז"}, "geometry": {"type": "Point", "coordinates": [34.85809541961201, 32.003857624309084]}}, {"type": "Feature", "properties": {"OBJECTID": 437, "ID": "36", "TABA": "משמ/63/גז"}, "geometry": {"type": "Point", "coordinates": [34.85599373769014, 31.999702788011287]}}, {"type": "Feature", "properties": {"OBJECTID": 438, "ID": "37", "TABA": "משמ/63/גז"}, "geometry": {"type": "Point", "coordinates": [34.85594065858264, 31.99932370585816]}}, {"type": "Feature", "properties": {"OBJECTID": 439, "ID": "38", "TABA": "משמ/63/גז"}, "geometry": {"type": "Point", "coordinates": [34.855858534567766, 31.99892775863584]}}, {"type": "Feature", "properties": {"OBJECTID": 440, "ID": "39", "TABA": "משמ/63/גז"}, "geometry": {"type": "Point", "coordinates": [34.8558580582213, 31.998504786781133]}}, {"type": "Feature", "properties": {"OBJECTID": 441, "ID": "105", "TABA": "משמ/63/גז"}, "geometry": {"type": "Point", "coordinates": [34.855713916631764, 31.997991032531015]}}, {"type": "Feature", "properties": {"OBJECTID": 442, "ID": "196", "TABA": "משמ/63/גז"}, "geometry": {"type": "Point", "coordinates": [34.85510433021857, 32.00226531733906]}}, {"type": "Feature", "properties": {"OBJECTID": 443, "ID": "15", "TABA": "משמ/63/גז"}, "geometry": {"type": "Point", "coordinates": [34.85835242692078, 32.00361418888236]}}, {"type": "Feature", "properties": {"OBJECTID": 444, "ID": "16", "TABA": "משמ/63/גז"}, "geometry": {"type": "Point", "coordinates": [34.85863116783702, 32.00336180946384]}}, {"type": "Feature", "properties": {"OBJECTID": 445, "ID": "17", "TABA": "משמ/63/גז"}, "geometry": {"type": "Point", "coordinates": [34.858934164070845, 32.003118532418405]}}, {"type": "Feature", "properties": {"OBJECTID": 446, "ID": "28", "TABA": "על/גז/מק/18/487א"}, "geometry": {"type": "Point", "coordinates": [34.86158724431813, 32.00082682670412]}}, {"type": "Feature", "properties": {"OBJECTID": 447, "ID": "34", "TABA": "על/גז/מק/18/487א"}, "geometry": {"type": "Point", "coordinates": [34.86223006672592, 32.00100411843074]}}, {"type": "Feature", "properties": {"OBJECTID": 448, "ID": "33", "TABA": "על/גז/מק/18/487א"}, "geometry": {"type": "Point", "coordinates": [34.86201447323526, 32.00092863224214]}}, {"type": "Feature", "properties": {"OBJECTID": 449, "ID": "32", "TABA": "על/גז/מק/18/487א"}, "geometry": {"type": "Point", "coordinates": [34.86184007162835, 32.00089026506797]}}, {"type": "Feature", "properties": {"OBJECTID": 450, "ID": "23", "TABA": "על/גז/מק/18/487א"}, "geometry": {"type": "Point", "coordinates": [34.86116650825777, 32.000729429972985]}}, {"type": "Feature", "properties": {"OBJECTID": 451, "ID": "24", "TABA": "על/גז/מק/18/487א"}, "geometry": {"type": "Point", "coordinates": [34.86127437926697, 32.00059531712047]}}, {"type": "Feature", "properties": {"OBJECTID": 452, "ID": "25", "TABA": "על/גז/מק/18/487א"}, "geometry": {"type": "Point", "coordinates": [34.86137018380888, 32.00046457495262]}}, {"type": "Feature", "properties": {"OBJECTID": 453, "ID": "27", "TABA": "על/גז/מק/18/487א"}, "geometry": {"type": "Point", "coordinates": [34.86160403108281, 32.00021399006533]}}, {"type": "Feature", "properties": {"OBJECTID": 454, "ID": "26", "TABA": "על/גז/מק/18/487א"}, "geometry": {"type": "Point", "coordinates": [34.86148106996615, 32.00033053860469]}}, {"type": "Feature", "properties": {"OBJECTID": 455, "ID": "1", "TABA": "על/גז/מק/18/487א"}, "geometry": {"type": "Point", "coordinates": [34.85876914295977, 32.00248707327041]}}, {"type": "Feature", "properties": {"OBJECTID": 456, "ID": "54", "TABA": "על/גז/מק/18/487א"}, "geometry": {"type": "Point", "coordinates": [34.862644519843606, 32.00063739748625]}}, {"type": "Feature", "properties": {"OBJECTID": 457, "ID": "55", "TABA": "על/גז/מק/18/487א"}, "geometry": {"type": "Point", "coordinates": [34.862568664310764, 32.00078436007432]}}, {"type": "Feature", "properties": {"OBJECTID": 458, "ID": "56", "TABA": "על/גז/מק/18/487א"}, "geometry": {"type": "Point", "coordinates": [34.86249499374162, 32.000930497940494]}}, {"type": "Feature", "properties": {"OBJECTID": 459, "ID": "81", "TABA": "על/גז/מק/18/487א"}, "geometry": {"type": "Point", "coordinates": [34.856712587299874, 32.00415387985728]}}, {"type": "Feature", "properties": {"OBJECTID": 460, "ID": "82", "TABA": "על/גז/מק/18/487א"}, "geometry": {"type": "Point", "coordinates": [34.86339998181218, 32.001192085201524]}}, {"type": "Feature", "properties": {"OBJECTID": 461, "ID": "203", "TABA": "על/גז/מק/18/487א"}, "geometry": {"type": "Point", "coordinates": [34.863195872260654, 32.00064023946421]}}, {"type": "Feature", "properties": {"OBJECTID": 462, "ID": "205", "TABA": "על/גז/מק/18/487א"}, "geometry": {"type": "Point", "coordinates": [34.86177456489169, 32.000146367302776]}}, {"type": "Feature", "properties": {"OBJECTID": 463, "ID": "104", "TABA": "על/גז/מק/18/487א"}, "geometry": {"type": "Point", "coordinates": [34.85700703087787, 32.00385888916202]}}, {"type": "Feature", "properties": {"OBJECTID": 464, "ID": "102", "TABA": "על/גז/מק/18/487א"}, "geometry": {"type": "Point", "coordinates": [34.857532925933135, 32.003460029055034]}}, {"type": "Feature", "properties": {"OBJECTID": 465, "ID": "101", "TABA": "על/גז/מק/18/487א"}, "geometry": {"type": "Point", "coordinates": [34.857976773285145, 32.003031093989364]}}, {"type": "Feature", "properties": {"OBJECTID": 466, "ID": "19", "TABA": "משמ/53/גז"}, "geometry": {"type": "Point", "coordinates": [34.87873251842303, 31.98910211303849]}}, {"type": "Feature", "properties": {"OBJECTID": 467, "ID": "17", "TABA": "משמ/53/גז"}, "geometry": {"type": "Point", "coordinates": [34.87890906982913, 31.988258874469338]}}, {"type": "Feature", "properties": {"OBJECTID": 468, "ID": "16", "TABA": "משמ/53/גז"}, "geometry": {"type": "Point", "coordinates": [34.878806094213786, 31.987647487864873]}}, {"type": "Feature", "properties": {"OBJECTID": 469, "ID": "15", "TABA": "משמ/53/גז"}, "geometry": {"type": "Point", "coordinates": [34.8791744062384, 31.987282790046148]}}, {"type": "Feature", "properties": {"OBJECTID": 470, "ID": "204", "TABA": "משמ/53/גז"}, "geometry": {"type": "Point", "coordinates": [34.880046677911, 31.986312155998007]}}, {"type": "Feature", "properties": {"OBJECTID": 471, "ID": "7", "TABA": "משמ/53/גז"}, "geometry": {"type": "Point", "coordinates": [34.8795284179881, 31.98609454870344]}}, {"type": "Feature", "properties": {"OBJECTID": 472, "ID": "79", "TABA": "משמ/53/גז"}, "geometry": {"type": "Point", "coordinates": [34.88189617333984, 31.98596809342607]}}, {"type": "Feature", "properties": {"OBJECTID": 473, "ID": "54", "TABA": "משמ/53/גז"}, "geometry": {"type": "Point", "coordinates": [34.88132257153699, 31.98889737266668]}}, {"type": "Feature", "properties": {"OBJECTID": 474, "ID": "53", "TABA": "משמ/53/גז"}, "geometry": {"type": "Point", "coordinates": [34.88099285648924, 31.989192523212743]}}, {"type": "Feature", "properties": {"OBJECTID": 475, "ID": "52", "TABA": "משמ/53/גז"}, "geometry": {"type": "Point", "coordinates": [34.88018897563231, 31.989161532262845]}}, {"type": "Feature", "properties": {"OBJECTID": 476, "ID": "51", "TABA": "משמ/53/גז"}, "geometry": {"type": "Point", "coordinates": [34.87948426087293, 31.98922465629375]}}, {"type": "Feature", "properties": {"OBJECTID": 477, "ID": "50", "TABA": "משמ/53/גז"}, "geometry": {"type": "Point", "coordinates": [34.88001266950051, 31.990051241345718]}}, {"type": "Feature", "properties": {"OBJECTID": 478, "ID": "49", "TABA": "משמ/53/גז"}, "geometry": {"type": "Point", "coordinates": [34.87900659588188, 31.9896764242282]}}, {"type": "Feature", "properties": {"OBJECTID": 479, "ID": "48", "TABA": "משמ/53/גז"}, "geometry": {"type": "Point", "coordinates": [34.87872493613603, 31.990059798312316]}}, {"type": "Feature", "properties": {"OBJECTID": 480, "ID": "47", "TABA": "משמ/53/גז"}, "geometry": {"type": "Point", "coordinates": [34.878425566715364, 31.99033374097776]}}, {"type": "Feature", "properties": {"OBJECTID": 481, "ID": "46", "TABA": "משמ/53/גז"}, "geometry": {"type": "Point", "coordinates": [34.87816450189611, 31.990609089912464]}}, {"type": "Feature", "properties": {"OBJECTID": 482, "ID": "45", "TABA": "משמ/53/גז"}, "geometry": {"type": "Point", "coordinates": [34.87789247466853, 31.990897125528697]}}, {"type": "Feature", "properties": {"OBJECTID": 483, "ID": "44", "TABA": "משמ/53/גז"}, "geometry": {"type": "Point", "coordinates": [34.87762196387423, 31.991193607138484]}}, {"type": "Feature", "properties": {"OBJECTID": 484, "ID": "43", "TABA": "משמ/53/גז"}, "geometry": {"type": "Point", "coordinates": [34.87734277692401, 31.991428550115366]}}, {"type": "Feature", "properties": {"OBJECTID": 485, "ID": "42", "TABA": "משמ/53/גז"}, "geometry": {"type": "Point", "coordinates": [34.8770654838114, 31.991702200079683]}}, {"type": "Feature", "properties": {"OBJECTID": 486, "ID": "41", "TABA": "משמ/53/גז"}, "geometry": {"type": "Point", "coordinates": [34.87676981519752, 31.991966883136367]}}, {"type": "Feature", "properties": {"OBJECTID": 487, "ID": "40", "TABA": "משמ/53/גז"}, "geometry": {"type": "Point", "coordinates": [34.87648343059081, 31.99226628458607]}}, {"type": "Feature", "properties": {"OBJECTID": 488, "ID": "39", "TABA": "משמ/53/גז"}, "geometry": {"type": "Point", "coordinates": [34.87621457239654, 31.99255062547749]}}, {"type": "Feature", "properties": {"OBJECTID": 489, "ID": "38", "TABA": "משמ/53/גז"}, "geometry": {"type": "Point", "coordinates": [34.87595321991612, 31.992802408438887]}}, {"type": "Feature", "properties": {"OBJECTID": 490, "ID": "37", "TABA": "משמ/53/גז"}, "geometry": {"type": "Point", "coordinates": [34.875678907732336, 31.99305651729673]}}, {"type": "Feature", "properties": {"OBJECTID": 491, "ID": "36", "TABA": "משמ/53/גז"}, "geometry": {"type": "Point", "coordinates": [34.8754300716048, 31.993349825372228]}}, {"type": "Feature", "properties": {"OBJECTID": 492, "ID": "35", "TABA": "משמ/53/גז"}, "geometry": {"type": "Point", "coordinates": [34.87514228825122, 31.99361091053882]}}, {"type": "Feature", "properties": {"OBJECTID": 493, "ID": "34", "TABA": "משמ/53/גז"}, "geometry": {"type": "Point", "coordinates": [34.87463453097645, 31.993278621925572]}}, {"type": "Feature", "properties": {"OBJECTID": 494, "ID": "704", "TABA": "גז/10/391"}, "geometry": {"type": "Point", "coordinates": [34.88043891538191, 31.988736935341443]}}, {"type": "Feature", "properties": {"OBJECTID": 495, "ID": "412", "TABA": "גז/13/391"}, "geometry": {"type": "Point", "coordinates": [34.87264906449482, 31.992952366800708]}}, {"type": "Feature", "properties": {"OBJECTID": 496, "ID": "413", "TABA": "גז/13/391"}, "geometry": {"type": "Point", "coordinates": [34.872497493555144, 31.99282951271057]}}, {"type": "Feature", "properties": {"OBJECTID": 497, "ID": "414", "TABA": "גז/13/391"}, "geometry": {"type": "Point", "coordinates": [34.87234201147175, 31.992725899011692]}}, {"type": "Feature", "properties": {"OBJECTID": 498, "ID": "415", "TABA": "גז/13/391"}, "geometry": {"type": "Point", "coordinates": [34.872191486030154, 31.9925976770485]}}, {"type": "Feature", "properties": {"OBJECTID": 499, "ID": "416", "TABA": "גז/13/391"}, "geometry": {"type": "Point", "coordinates": [34.8720295164649, 31.992473681446878]}}, {"type": "Feature", "properties": {"OBJECTID": 500, "ID": "417", "TABA": "גז/13/391"}, "geometry": {"type": "Point", "coordinates": [34.87177671605005, 31.992784263147126]}}, {"type": "Feature", "properties": {"OBJECTID": 501, "ID": "98", "TABA": "גז/10/391"}, "geometry": {"type": "Point", "coordinates": [34.87972265354202, 31.988790434231397]}}, {"type": "Feature", "properties": {"OBJECTID": 502, "ID": "67", "TABA": "גז/37/391"}, "geometry": {"type": "Point", "coordinates": [34.88529888161898, 31.98329441551733]}}, {"type": "Feature", "properties": {"OBJECTID": 503, "ID": "112", "TABA": "משמ/53/גז"}, "geometry": {"type": "Point", "coordinates": [34.8838141423052, 31.99476608923694]}}, {"type": "Feature", "properties": {"OBJECTID": 504, "ID": "93", "TABA": "משמ/53/גז"}, "geometry": {"type": "Point", "coordinates": [34.88419473936585, 31.9976750122893]}}, {"type": "Feature", "properties": {"OBJECTID": 505, "ID": "100", "TABA": "425-0659375"}, "geometry": {"type": "Point", "coordinates": [34.88379859573235, 31.98406950791818]}}, {"type": "Feature", "properties": {"OBJECTID": 506, "ID": "402", "TABA": "גז/13/391"}, "geometry": {"type": "Point", "coordinates": [34.87425805743712, 31.993821741872022]}}, {"type": "Feature", "properties": {"OBJECTID": 507, "ID": "401", "TABA": "גז/13/391"}, "geometry": {"type": "Point", "coordinates": [34.87440201743179, 31.99366980977717]}}, {"type": "Feature", "properties": {"OBJECTID": 508, "ID": "403", "TABA": "גז/13/391"}, "geometry": {"type": "Point", "coordinates": [34.87407883850183, 31.993974459476448]}}, {"type": "Feature", "properties": {"OBJECTID": 509, "ID": "418", "TABA": "גז/13/391"}, "geometry": {"type": "Point", "coordinates": [34.87197417829395, 31.992892651643505]}}, {"type": "Feature", "properties": {"OBJECTID": 510, "ID": "404", "TABA": "גז/13/391"}, "geometry": {"type": "Point", "coordinates": [34.87390775052964, 31.99386738112282]}}, {"type": "Feature", "properties": {"OBJECTID": 511, "ID": "426", "TABA": "גז/13/391"}, "geometry": {"type": "Point", "coordinates": [34.87326186865686, 31.99383458059677]}}, {"type": "Feature", "properties": {"OBJECTID": 512, "ID": "405", "TABA": "גז/13/391"}, "geometry": {"type": "Point", "coordinates": [34.87377039123134, 31.99375508511099]}}, {"type": "Feature", "properties": {"OBJECTID": 513, "ID": "425", "TABA": "גז/13/391"}, "geometry": {"type": "Point", "coordinates": [34.873101880324484, 31.993720975813467]}}, {"type": "Feature", "properties": {"OBJECTID": 514, "ID": "406", "TABA": "גז/13/391"}, "geometry": {"type": "Point", "coordinates": [34.873616792636064, 31.99365124972787]}}, {"type": "Feature", "properties": {"OBJECTID": 515, "ID": "424", "TABA": "גז/13/391"}, "geometry": {"type": "Point", "coordinates": [34.872948246925624, 31.993606447747545]}}, {"type": "Feature", "properties": {"OBJECTID": 516, "ID": "423", "TABA": "גז/13/391"}, "geometry": {"type": "Point", "coordinates": [34.87279676183678, 31.993489617393116]}}, {"type": "Feature", "properties": {"OBJECTID": 517, "ID": "407", "TABA": "גז/13/391"}, "geometry": {"type": "Point", "coordinates": [34.873460582096506, 31.993533167864886]}}, {"type": "Feature", "properties": {"OBJECTID": 518, "ID": "422", "TABA": "גז/13/391"}, "geometry": {"type": "Point", "coordinates": [34.87262562089708, 31.993373226049908]}}, {"type": "Feature", "properties": {"OBJECTID": 519, "ID": "408", "TABA": "גז/13/391"}, "geometry": {"type": "Point", "coordinates": [34.87329537491432, 31.993422556324763]}}, {"type": "Feature", "properties": {"OBJECTID": 520, "ID": "409", "TABA": "גז/13/391"}, "geometry": {"type": "Point", "coordinates": [34.87314600114793, 31.993305910449372]}}, {"type": "Feature", "properties": {"OBJECTID": 521, "ID": "421", "TABA": "גז/13/391"}, "geometry": {"type": "Point", "coordinates": [34.8724646223564, 31.993249385954318]}}, {"type": "Feature", "properties": {"OBJECTID": 522, "ID": "410", "TABA": "גז/13/391"}, "geometry": {"type": "Point", "coordinates": [34.872985425451716, 31.993186734440478]}}, {"type": "Feature", "properties": {"OBJECTID": 523, "ID": "420", "TABA": "גז/13/391"}, "geometry": {"type": "Point", "coordinates": [34.8722944630458, 31.99313157278311]}}, {"type": "Feature", "properties": {"OBJECTID": 524, "ID": "419", "TABA": "גז/13/391"}, "geometry": {"type": "Point", "coordinates": [34.87214278891979, 31.993009507081766]}}, {"type": "Feature", "properties": {"OBJECTID": 525, "ID": "411", "TABA": "גז/13/391"}, "geometry": {"type": "Point", "coordinates": [34.872808801732994, 31.9930678851325]}}, {"type": "Feature", "properties": {"OBJECTID": 526, "ID": "28", "TABA": "משמ/53/גז"}, "geometry": {"type": "Point", "coordinates": [34.87627437753003, 31.991580634586796]}}, {"type": "Feature", "properties": {"OBJECTID": 527, "ID": "160", "TABA": "משמ/53/גז"}, "geometry": {"type": "Point", "coordinates": [34.8713370795019, 31.99156408757802]}}, {"type": "Feature", "properties": {"OBJECTID": 528, "ID": "27", "TABA": "משמ/53/גז"}, "geometry": {"type": "Point", "coordinates": [34.876564394016036, 31.99134291644338]}}, {"type": "Feature", "properties": {"OBJECTID": 529, "ID": "26", "TABA": "משמ/53/גז"}, "geometry": {"type": "Point", "coordinates": [34.876859365706856, 31.991056576106708]}}, {"type": "Feature", "properties": {"OBJECTID": 530, "ID": "25", "TABA": "משמ/53/גז"}, "geometry": {"type": "Point", "coordinates": [34.87709453637902, 31.990736229811912]}}, {"type": "Feature", "properties": {"OBJECTID": 531, "ID": "24", "TABA": "משמ/53/גז"}, "geometry": {"type": "Point", "coordinates": [34.87736119750196, 31.990511156882746]}}, {"type": "Feature", "properties": {"OBJECTID": 532, "ID": "23", "TABA": "משמ/53/גז"}, "geometry": {"type": "Point", "coordinates": [34.87762190077641, 31.990233322399323]}}, {"type": "Feature", "properties": {"OBJECTID": 533, "ID": "22", "TABA": "משמ/53/גז"}, "geometry": {"type": "Point", "coordinates": [34.87790998395494, 31.989963869736965]}}, {"type": "Feature", "properties": {"OBJECTID": 534, "ID": "21", "TABA": "משמ/53/גז"}, "geometry": {"type": "Point", "coordinates": [34.878201443832275, 31.989708840427266]}}, {"type": "Feature", "properties": {"OBJECTID": 535, "ID": "20", "TABA": "משמ/53/גז"}, "geometry": {"type": "Point", "coordinates": [34.87848297517886, 31.989443489030744]}}, {"type": "Feature", "properties": {"OBJECTID": 536, "ID": "108", "TABA": "משמ/53/גז"}, "geometry": {"type": "Point", "coordinates": [34.878087595267075, 31.990408321863512]}}, {"type": "Feature", "properties": {"OBJECTID": 537, "ID": "106", "TABA": "משמ/53/גז"}, "geometry": {"type": "Point", "coordinates": [34.8792059156831, 31.98944749169991]}}, {"type": "Feature", "properties": {"OBJECTID": 538, "ID": "105", "TABA": "משמ/53/גז"}, "geometry": {"type": "Point", "coordinates": [34.87918337283814, 31.989297922842955]}}, {"type": "Feature", "properties": {"OBJECTID": 539, "ID": "99", "TABA": "גז/10/391"}, "geometry": {"type": "Point", "coordinates": [34.87987350037288, 31.988906449464576]}}, {"type": "Feature", "properties": {"OBJECTID": 540, "ID": "33", "TABA": "משמ/53/גז"}, "geometry": {"type": "Point", "coordinates": [34.874912379725586, 31.99298639175221]}}, {"type": "Feature", "properties": {"OBJECTID": 541, "ID": "32", "TABA": "משמ/53/גז"}, "geometry": {"type": "Point", "coordinates": [34.87517867041568, 31.992715188989568]}}, {"type": "Feature", "properties": {"OBJECTID": 542, "ID": "31", "TABA": "משמ/53/גז"}, "geometry": {"type": "Point", "coordinates": [34.87544869588914, 31.99243629031782]}}, {"type": "Feature", "properties": {"OBJECTID": 543, "ID": "30", "TABA": "משמ/53/גז"}, "geometry": {"type": "Point", "coordinates": [34.87571422341901, 31.99214081777038]}}, {"type": "Feature", "properties": {"OBJECTID": 544, "ID": "111", "TABA": "משמ/53/גז"}, "geometry": {"type": "Point", "coordinates": [34.870667879085026, 31.991232633518095]}}, {"type": "Feature", "properties": {"OBJECTID": 545, "ID": "118", "TABA": "משמ/53/גז"}, "geometry": {"type": "Point", "coordinates": [34.87598808493206, 31.992103858446665]}}, {"type": "Feature", "properties": {"OBJECTID": 546, "ID": "29", "TABA": "משמ/53/גז"}, "geometry": {"type": "Point", "coordinates": [34.87600850961569, 31.991844004139985]}}, {"type": "Feature", "properties": {"OBJECTID": 547, "ID": "4", "TABA": "גז/38/391"}, "geometry": {"type": "Point", "coordinates": [34.8793030945132, 31.98873564415443]}}, {"type": "Feature", "properties": {"OBJECTID": 548, "ID": "5", "TABA": "גז/38/391"}, "geometry": {"type": "Point", "coordinates": [34.879469978698296, 31.988573716033773]}}, {"type": "Feature", "properties": {"OBJECTID": 549, "ID": "6", "TABA": "גז/38/391"}, "geometry": {"type": "Point", "coordinates": [34.87933126179761, 31.988465617672333]}}, {"type": "Feature", "properties": {"OBJECTID": 550, "ID": "3", "TABA": "גז/38/391"}, "geometry": {"type": "Point", "coordinates": [34.87916185947645, 31.988630473632277]}}, {"type": "Feature", "properties": {"OBJECTID": 551, "ID": "2", "TABA": "גז/38/391"}, "geometry": {"type": "Point", "coordinates": [34.87900508076377, 31.988785228147854]}}, {"type": "Feature", "properties": {"OBJECTID": 552, "ID": "1", "TABA": "גז/38/391"}, "geometry": {"type": "Point", "coordinates": [34.87914158888118, 31.988901581730765]}}, {"type": "Feature", "properties": {"OBJECTID": 553, "ID": "115", "TABA": "גז/10/391"}, "geometry": {"type": "Point", "coordinates": [34.88079085160799, 31.98779874509097]}}, {"type": "Feature", "properties": {"OBJECTID": 554, "ID": "116", "TABA": "גז/10/391"}, "geometry": {"type": "Point", "coordinates": [34.880940431006806, 31.98766946580647]}}, {"type": "Feature", "properties": {"OBJECTID": 555, "ID": "117", "TABA": "גז/10/391"}, "geometry": {"type": "Point", "coordinates": [34.88106814992938, 31.987529761695686]}}, {"type": "Feature", "properties": {"OBJECTID": 556, "ID": "327", "TABA": "גז/17/391"}, "geometry": {"type": "Point", "coordinates": [34.881258816298384, 31.987333106434356]}}, {"type": "Feature", "properties": {"OBJECTID": 557, "ID": "326", "TABA": "גז/17/391"}, "geometry": {"type": "Point", "coordinates": [34.88154158346234, 31.987536905369257]}}, {"type": "Feature", "properties": {"OBJECTID": 558, "ID": "325", "TABA": "גז/17/391"}, "geometry": {"type": "Point", "coordinates": [34.88166692375942, 31.9873983967034]}}, {"type": "Feature", "properties": {"OBJECTID": 559, "ID": "323", "TABA": "גז/17/391"}, "geometry": {"type": "Point", "coordinates": [34.881935708117815, 31.987123918477952]}}, {"type": "Feature", "properties": {"OBJECTID": 560, "ID": "324", "TABA": "גז/17/391"}, "geometry": {"type": "Point", "coordinates": [34.88180383963152, 31.987258616930834]}}, {"type": "Feature", "properties": {"OBJECTID": 561, "ID": "322", "TABA": "גז/17/391"}, "geometry": {"type": "Point", "coordinates": [34.88208887357776, 31.986978696700437]}}, {"type": "Feature", "properties": {"OBJECTID": 562, "ID": "328", "TABA": "גז/17/391"}, "geometry": {"type": "Point", "coordinates": [34.88139408364682, 31.9871964909481]}}, {"type": "Feature", "properties": {"OBJECTID": 563, "ID": "329", "TABA": "גז/17/391"}, "geometry": {"type": "Point", "coordinates": [34.88152916883767, 31.98706131773777]}}, {"type": "Feature", "properties": {"OBJECTID": 564, "ID": "330", "TABA": "גז/17/391"}, "geometry": {"type": "Point", "coordinates": [34.88166037349181, 31.986913769861683]}}, {"type": "Feature", "properties": {"OBJECTID": 565, "ID": "331", "TABA": "גז/17/391"}, "geometry": {"type": "Point", "coordinates": [34.881793852007895, 31.986773057896727]}}, {"type": "Feature", "properties": {"OBJECTID": 566, "ID": "332", "TABA": "גז/17/391"}, "geometry": {"type": "Point", "coordinates": [34.88192692266258, 31.986640536747938]}}, {"type": "Feature", "properties": {"OBJECTID": 567, "ID": "302", "TABA": "גז/13/391"}, "geometry": {"type": "Point", "coordinates": [34.87738236649553, 31.985351711397236]}}, {"type": "Feature", "properties": {"OBJECTID": 568, "ID": "301", "TABA": "גז/13/391"}, "geometry": {"type": "Point", "coordinates": [34.87722822985208, 31.985238571371937]}}, {"type": "Feature", "properties": {"OBJECTID": 569, "ID": "315", "TABA": "גז/13/391"}, "geometry": {"type": "Point", "coordinates": [34.881697049848846, 31.987715615575027]}}, {"type": "Feature", "properties": {"OBJECTID": 570, "ID": "316", "TABA": "גז/13/391"}, "geometry": {"type": "Point", "coordinates": [34.88182461184529, 31.987589606012715]}}, {"type": "Feature", "properties": {"OBJECTID": 571, "ID": "317", "TABA": "גז/13/391"}, "geometry": {"type": "Point", "coordinates": [34.88197851215602, 31.987450559105874]}}, {"type": "Feature", "properties": {"OBJECTID": 572, "ID": "318", "TABA": "גז/13/391"}, "geometry": {"type": "Point", "coordinates": [34.88210361859302, 31.987316071460015]}}, {"type": "Feature", "properties": {"OBJECTID": 573, "ID": "319", "TABA": "גז/13/391"}, "geometry": {"type": "Point", "coordinates": [34.88223173270632, 31.987172548020506]}}, {"type": "Feature", "properties": {"OBJECTID": 574, "ID": "320", "TABA": "גז/13/391"}, "geometry": {"type": "Point", "coordinates": [34.882379105816206, 31.987035167713955]}}, {"type": "Feature", "properties": {"OBJECTID": 575, "ID": "321", "TABA": "גז/13/391"}, "geometry": {"type": "Point", "coordinates": [34.882215472179766, 31.98685087435487]}}, {"type": "Feature", "properties": {"OBJECTID": 576, "ID": "314", "TABA": "גז/13/391"}, "geometry": {"type": "Point", "coordinates": [34.879299141327195, 31.98674732476278]}}, {"type": "Feature", "properties": {"OBJECTID": 577, "ID": "313", "TABA": "גז/13/391"}, "geometry": {"type": "Point", "coordinates": [34.87912978863773, 31.986626704575894]}}, {"type": "Feature", "properties": {"OBJECTID": 578, "ID": "312", "TABA": "גז/13/391"}, "geometry": {"type": "Point", "coordinates": [34.87896619915479, 31.986516479618338]}}, {"type": "Feature", "properties": {"OBJECTID": 579, "ID": "311", "TABA": "גז/13/391"}, "geometry": {"type": "Point", "coordinates": [34.87881595771486, 31.986401844598305]}}, {"type": "Feature", "properties": {"OBJECTID": 580, "ID": "310", "TABA": "גז/13/391"}, "geometry": {"type": "Point", "coordinates": [34.87865368621653, 31.986278179410622]}}, {"type": "Feature", "properties": {"OBJECTID": 581, "ID": "2", "TABA": "משמ/53/גז"}, "geometry": {"type": "Point", "coordinates": [34.884924221910715, 31.98286741938707]}}, {"type": "Feature", "properties": {"OBJECTID": 582, "ID": "1", "TABA": "משמ/53/גז"}, "geometry": {"type": "Point", "coordinates": [34.88526390401448, 31.98250943730768]}}, {"type": "Feature", "properties": {"OBJECTID": 583, "ID": "101", "TABA": "משמ/53/גז"}, "geometry": {"type": "Point", "coordinates": [34.87896899556766, 31.98627133469786]}}, {"type": "Feature", "properties": {"OBJECTID": 584, "ID": "84", "TABA": "משמ/53/גז"}, "geometry": {"type": "Point", "coordinates": [34.88344857669787, 31.984537725362056]}}, {"type": "Feature", "properties": {"OBJECTID": 585, "ID": "107", "TABA": "משמ/53/גז"}, "geometry": {"type": "Point", "coordinates": [34.87903579027868, 31.988942770098333]}}, {"type": "Feature", "properties": {"OBJECTID": 586, "ID": "100", "TABA": "גז/10/391"}, "geometry": {"type": "Point", "coordinates": [34.880629971778355, 31.98882679086105]}}, {"type": "Feature", "properties": {"OBJECTID": 587, "ID": "109", "TABA": "גז/10/391"}, "geometry": {"type": "Point", "coordinates": [34.88085857547978, 31.988213844500073]}}, {"type": "Feature", "properties": {"OBJECTID": 588, "ID": "309", "TABA": "גז/13/391"}, "geometry": {"type": "Point", "coordinates": [34.878492022958845, 31.98616605777954]}}, {"type": "Feature", "properties": {"OBJECTID": 589, "ID": "308", "TABA": "גז/13/391"}, "geometry": {"type": "Point", "coordinates": [34.87832346124117, 31.986046773216845]}}, {"type": "Feature", "properties": {"OBJECTID": 590, "ID": "307", "TABA": "גז/13/391"}, "geometry": {"type": "Point", "coordinates": [34.87816121144175, 31.98593079443989]}}, {"type": "Feature", "properties": {"OBJECTID": 591, "ID": "306", "TABA": "גז/13/391"}, "geometry": {"type": "Point", "coordinates": [34.87799886327821, 31.985815517708247]}}, {"type": "Feature", "properties": {"OBJECTID": 592, "ID": "305", "TABA": "גז/13/391"}, "geometry": {"type": "Point", "coordinates": [34.877847186338116, 31.985705035167765]}}, {"type": "Feature", "properties": {"OBJECTID": 593, "ID": "304", "TABA": "גז/13/391"}, "geometry": {"type": "Point", "coordinates": [34.87770361975828, 31.985579403157658]}}, {"type": "Feature", "properties": {"OBJECTID": 594, "ID": "303", "TABA": "גז/13/391"}, "geometry": {"type": "Point", "coordinates": [34.877546749691845, 31.98546346449528]}}, {"type": "Feature", "properties": {"OBJECTID": 595, "ID": "83", "TABA": "גז/10/391"}, "geometry": {"type": "Point", "coordinates": [34.880096105597566, 31.987606520378833]}}, {"type": "Feature", "properties": {"OBJECTID": 596, "ID": "101", "TABA": "גז/10/391"}, "geometry": {"type": "Point", "coordinates": [34.880801352553924, 31.988640565208545]}}, {"type": "Feature", "properties": {"OBJECTID": 597, "ID": "102", "TABA": "גז/10/391"}, "geometry": {"type": "Point", "coordinates": [34.88093187769666, 31.988500383246958]}}, {"type": "Feature", "properties": {"OBJECTID": 598, "ID": "107", "TABA": "גז/10/391"}, "geometry": {"type": "Point", "coordinates": [34.8806013124697, 31.988492388049615]}}, {"type": "Feature", "properties": {"OBJECTID": 599, "ID": "103", "TABA": "גז/10/391"}, "geometry": {"type": "Point", "coordinates": [34.88107388991851, 31.988360364781496]}}, {"type": "Feature", "properties": {"OBJECTID": 600, "ID": "108", "TABA": "גז/10/391"}, "geometry": {"type": "Point", "coordinates": [34.880745800090324, 31.988355093406827]}}, {"type": "Feature", "properties": {"OBJECTID": 601, "ID": "104", "TABA": "גז/10/391"}, "geometry": {"type": "Point", "coordinates": [34.881203761329765, 31.98822110431345]}}, {"type": "Feature", "properties": {"OBJECTID": 602, "ID": "105", "TABA": "גז/10/391"}, "geometry": {"type": "Point", "coordinates": [34.88134764932466, 31.988083338508634]}}, {"type": "Feature", "properties": {"OBJECTID": 603, "ID": "110", "TABA": "גז/10/391"}, "geometry": {"type": "Point", "coordinates": [34.88098750471653, 31.98800567854505]}}, {"type": "Feature", "properties": {"OBJECTID": 604, "ID": "113", "TABA": "גז/10/391"}, "geometry": {"type": "Point", "coordinates": [34.880528849249544, 31.988075462901048]}}, {"type": "Feature", "properties": {"OBJECTID": 605, "ID": "106", "TABA": "גז/10/391"}, "geometry": {"type": "Point", "coordinates": [34.881475888404985, 31.987943446843243]}}, {"type": "Feature", "properties": {"OBJECTID": 606, "ID": "111", "TABA": "גז/10/391"}, "geometry": {"type": "Point", "coordinates": [34.88114758672691, 31.987948612561937]}}, {"type": "Feature", "properties": {"OBJECTID": 607, "ID": "114", "TABA": "גז/10/391"}, "geometry": {"type": "Point", "coordinates": [34.8806463788749, 31.987938397156825]}}, {"type": "Feature", "properties": {"OBJECTID": 608, "ID": "112", "TABA": "גז/10/391"}, "geometry": {"type": "Point", "coordinates": [34.88129296567229, 31.987820088699042]}}, {"type": "Feature", "properties": {"OBJECTID": 609, "ID": "8", "TABA": "משמ/53/גז"}, "geometry": {"type": "Point", "coordinates": [34.87919293067326, 31.985877221993725]}}, {"type": "Feature", "properties": {"OBJECTID": 610, "ID": "6", "TABA": "משמ/53/גז"}, "geometry": {"type": "Point", "coordinates": [34.88072245451337, 31.985796007051583]}}, {"type": "Feature", "properties": {"OBJECTID": 611, "ID": "5", "TABA": "משמ/53/גז"}, "geometry": {"type": "Point", "coordinates": [34.88142808709902, 31.985699662145084]}}, {"type": "Feature", "properties": {"OBJECTID": 612, "ID": "98", "TABA": "משמ/53/גז"}, "geometry": {"type": "Point", "coordinates": [34.87891766194713, 31.98582985604466]}}, {"type": "Feature", "properties": {"OBJECTID": 613, "ID": "78", "TABA": "משמ/53/גז"}, "geometry": {"type": "Point", "coordinates": [34.88219023397046, 31.98567662206271]}}, {"type": "Feature", "properties": {"OBJECTID": 614, "ID": "9", "TABA": "משמ/53/גז"}, "geometry": {"type": "Point", "coordinates": [34.87881201195673, 31.98562740755894]}}, {"type": "Feature", "properties": {"OBJECTID": 615, "ID": "10", "TABA": "משמ/53/גז"}, "geometry": {"type": "Point", "coordinates": [34.87846276243791, 31.985378312694277]}}, {"type": "Feature", "properties": {"OBJECTID": 616, "ID": "77", "TABA": "משמ/53/גז"}, "geometry": {"type": "Point", "coordinates": [34.882514166235076, 31.985341988705695]}}, {"type": "Feature", "properties": {"OBJECTID": 617, "ID": "11", "TABA": "משמ/53/גז"}, "geometry": {"type": "Point", "coordinates": [34.8781205507921, 31.985137371947882]}}, {"type": "Feature", "properties": {"OBJECTID": 618, "ID": "76", "TABA": "משמ/53/גז"}, "geometry": {"type": "Point", "coordinates": [34.88282403611918, 31.985019844941533]}}, {"type": "Feature", "properties": {"OBJECTID": 619, "ID": "12", "TABA": "משמ/53/גז"}, "geometry": {"type": "Point", "coordinates": [34.877778029749315, 31.984885112727163]}}, {"type": "Feature", "properties": {"OBJECTID": 620, "ID": "75", "TABA": "משמ/53/גז"}, "geometry": {"type": "Point", "coordinates": [34.88314621755587, 31.98469078405042]}}, {"type": "Feature", "properties": {"OBJECTID": 621, "ID": "13", "TABA": "משמ/53/גז"}, "geometry": {"type": "Point", "coordinates": [34.87742539859871, 31.984669223392093]}}, {"type": "Feature", "properties": {"OBJECTID": 622, "ID": "14", "TABA": "משמ/53/גז"}, "geometry": {"type": "Point", "coordinates": [34.877129193049754, 31.98435264774479]}}, {"type": "Feature", "properties": {"OBJECTID": 623, "ID": "74", "TABA": "משמ/53/גז"}, "geometry": {"type": "Point", "coordinates": [34.88350104121532, 31.984328385743623]}}, {"type": "Feature", "properties": {"OBJECTID": 624, "ID": "203", "TABA": "משמ/53/גז"}, "geometry": {"type": "Point", "coordinates": [34.88185152022947, 31.981695004497404]}}, {"type": "Feature", "properties": {"OBJECTID": 625, "ID": "81", "TABA": "משמ/53/גז"}, "geometry": {"type": "Point", "coordinates": [34.8840175774058, 31.98386355823133]}}, {"type": "Feature", "properties": {"OBJECTID": 626, "ID": "4", "TABA": "משמ/53/גז"}, "geometry": {"type": "Point", "coordinates": [34.884214187090116, 31.98361441204305]}}, {"type": "Feature", "properties": {"OBJECTID": 627, "ID": "3", "TABA": "משמ/53/גז"}, "geometry": {"type": "Point", "coordinates": [34.884551145665625, 31.983259262145364]}}, {"type": "Feature", "properties": {"OBJECTID": 628, "ID": "210", "TABA": "משמ/53/גז"}, "geometry": {"type": "Point", "coordinates": [34.88475678684247, 31.983096344157197]}}, {"type": "Feature", "properties": {"OBJECTID": 629, "ID": "95", "TABA": "משמ/53/גז"}, "geometry": {"type": "Point", "coordinates": [34.88273274327771, 31.988364995030167]}}, {"type": "Feature", "properties": {"OBJECTID": 630, "ID": "96", "TABA": "משמ/53/גז"}, "geometry": {"type": "Point", "coordinates": [34.88225415628033, 31.988023049433924]}}, {"type": "Feature", "properties": {"OBJECTID": 631, "ID": "97", "TABA": "משמ/53/גז"}, "geometry": {"type": "Point", "coordinates": [34.882397999609566, 31.986355636051425]}}, {"type": "Feature", "properties": {"OBJECTID": 632, "ID": "202", "TABA": "משמ/53/גז"}, "geometry": {"type": "Point", "coordinates": [34.88957545015385, 31.9843280869482]}}, {"type": "Feature", "properties": {"OBJECTID": 633, "ID": "60", "TABA": "משמ/53/גז"}, "geometry": {"type": "Point", "coordinates": [34.883268984577, 31.98546997233153]}}, {"type": "Feature", "properties": {"OBJECTID": 634, "ID": "64", "TABA": "משמ/53/גז"}, "geometry": {"type": "Point", "coordinates": [34.88436822771607, 31.98421231981033]}}, {"type": "Feature", "properties": {"OBJECTID": 635, "ID": "62", "TABA": "משמ/53/גז"}, "geometry": {"type": "Point", "coordinates": [34.88379191122159, 31.98483370987016]}}, {"type": "Feature", "properties": {"OBJECTID": 636, "ID": "63", "TABA": "משמ/53/גז"}, "geometry": {"type": "Point", "coordinates": [34.88411868005708, 31.984503290033423]}}, {"type": "Feature", "properties": {"OBJECTID": 637, "ID": "66", "TABA": "משמ/53/גז"}, "geometry": {"type": "Point", "coordinates": [34.88499511151372, 31.983591413227774]}}, {"type": "Feature", "properties": {"OBJECTID": 638, "ID": "65", "TABA": "משמ/53/גז"}, "geometry": {"type": "Point", "coordinates": [34.884705602041464, 31.983903427807864]}}, {"type": "Feature", "properties": {"OBJECTID": 639, "ID": "68", "TABA": "משמ/53/גז"}, "geometry": {"type": "Point", "coordinates": [34.88562191888051, 31.982970579014065]}}, {"type": "Feature", "properties": {"OBJECTID": 640, "ID": "116", "TABA": "משמ/53/גז"}, "geometry": {"type": "Point", "coordinates": [34.88602391249706, 31.984962570212307]}}, {"type": "Feature", "properties": {"OBJECTID": 641, "ID": "82", "TABA": "משמ/53/גז"}, "geometry": {"type": "Point", "coordinates": [34.88343551493572, 31.98531023476345]}}, {"type": "Feature", "properties": {"OBJECTID": 642, "ID": "837", "TABA": "תמל/1087"}, "geometry": {"type": "Point", "coordinates": [34.875283010230945, 31.964185822724986]}}, {"type": "Feature", "properties": {"OBJECTID": 643, "ID": "864", "TABA": "תמל/1087"}, "geometry": {"type": "Point", "coordinates": [34.87142942373897, 31.96722463673173]}}, {"type": "Feature", "properties": {"OBJECTID": 644, "ID": "617", "TABA": "תמל/1087"}, "geometry": {"type": "Point", "coordinates": [34.869964587412404, 31.966105839413785]}}, {"type": "Feature", "properties": {"OBJECTID": 645, "ID": "305", "TABA": "תמל/1087"}, "geometry": {"type": "Point", "coordinates": [34.87210455094053, 31.96757142273248]}}, {"type": "Feature", "properties": {"OBJECTID": 646, "ID": "228", "TABA": "תמל/1087"}, "geometry": {"type": "Point", "coordinates": [34.87237673788042, 31.962524167445366]}}, {"type": "Feature", "properties": {"OBJECTID": 647, "ID": "229", "TABA": "תמל/1087"}, "geometry": {"type": "Point", "coordinates": [34.872364151787416, 31.96181393351693]}}, {"type": "Feature", "properties": {"OBJECTID": 648, "ID": "230", "TABA": "תמל/1087"}, "geometry": {"type": "Point", "coordinates": [34.86919217582013, 31.965313214698345]}}, {"type": "Feature", "properties": {"OBJECTID": 649, "ID": "231", "TABA": "תמל/1087"}, "geometry": {"type": "Point", "coordinates": [34.87340901425136, 31.962239571891917]}}, {"type": "Feature", "properties": {"OBJECTID": 650, "ID": "232", "TABA": "תמל/1087"}, "geometry": {"type": "Point", "coordinates": [34.87320822000411, 31.961580622722835]}}, {"type": "Feature", "properties": {"OBJECTID": 651, "ID": "233", "TABA": "תמל/1087"}, "geometry": {"type": "Point", "coordinates": [34.87421533121772, 31.959634051630363]}}, {"type": "Feature", "properties": {"OBJECTID": 652, "ID": "234", "TABA": "תמל/1087"}, "geometry": {"type": "Point", "coordinates": [34.874583650084965, 31.961441763339575]}}, {"type": "Feature", "properties": {"OBJECTID": 653, "ID": "236", "TABA": "תמל/1087"}, "geometry": {"type": "Point", "coordinates": [34.8718267813422, 31.960412567035785]}}, {"type": "Feature", "properties": {"OBJECTID": 654, "ID": "237", "TABA": "תמל/1087"}, "geometry": {"type": "Point", "coordinates": [34.871410700817194, 31.95984447255618]}}, {"type": "Feature", "properties": {"OBJECTID": 655, "ID": "238", "TABA": "תמל/1087"}, "geometry": {"type": "Point", "coordinates": [34.872611364081415, 31.959508498712026]}}, {"type": "Feature", "properties": {"OBJECTID": 656, "ID": "239", "TABA": "תמל/1087"}, "geometry": {"type": "Point", "coordinates": [34.87301260622884, 31.960083130179353]}}, {"type": "Feature", "properties": {"OBJECTID": 657, "ID": "240", "TABA": "תמל/1087"}, "geometry": {"type": "Point", "coordinates": [34.87059417117554, 31.96491786233084]}}, {"type": "Feature", "properties": {"OBJECTID": 658, "ID": "241", "TABA": "תמל/1087"}, "geometry": {"type": "Point", "coordinates": [34.87038201523456, 31.9643293617496]}}, {"type": "Feature", "properties": {"OBJECTID": 659, "ID": "308", "TABA": "תמל/1087"}, "geometry": {"type": "Point", "coordinates": [34.87456804628945, 31.96684093755747]}}, {"type": "Feature", "properties": {"OBJECTID": 660, "ID": "309", "TABA": "תמל/1087"}, "geometry": {"type": "Point", "coordinates": [34.87301362027229, 31.96729098127583]}}, {"type": "Feature", "properties": {"OBJECTID": 661, "ID": "322", "TABA": "תמל/1087"}, "geometry": {"type": "Point", "coordinates": [34.873138842831274, 31.96119409351177]}}, {"type": "Feature", "properties": {"OBJECTID": 662, "ID": "325", "TABA": "תמל/1087"}, "geometry": {"type": "Point", "coordinates": [34.87199930123437, 31.961477202270018]}}, {"type": "Feature", "properties": {"OBJECTID": 663, "ID": "326", "TABA": "תמל/1087"}, "geometry": {"type": "Point", "coordinates": [34.87243620435098, 31.95643859033841]}}, {"type": "Feature", "properties": {"OBJECTID": 664, "ID": "327", "TABA": "תמל/1087"}, "geometry": {"type": "Point", "coordinates": [34.87295021110633, 31.960562244257723]}}, {"type": "Feature", "properties": {"OBJECTID": 665, "ID": "328", "TABA": "תמל/1087"}, "geometry": {"type": "Point", "coordinates": [34.87595676428627, 31.96642346220666]}}, {"type": "Feature", "properties": {"OBJECTID": 666, "ID": "875", "TABA": "תמל/1087"}, "geometry": {"type": "Point", "coordinates": [34.8678515142563, 31.96613423016946]}}, {"type": "Feature", "properties": {"OBJECTID": 667, "ID": "235", "TABA": "תמל/1087"}, "geometry": {"type": "Point", "coordinates": [34.86660128272565, 31.965679317987107]}}, {"type": "Feature", "properties": {"OBJECTID": 668, "ID": "261", "TABA": "משמ/96/גז"}, "geometry": {"type": "Point", "coordinates": [34.86816457569765, 31.954737358268297]}}, {"type": "Feature", "properties": {"OBJECTID": 669, "ID": "5096", "TABA": "תמל/1087"}, "geometry": {"type": "Point", "coordinates": [34.86165603461957, 31.95441296004978]}}, {"type": "Feature", "properties": {"OBJECTID": 670, "ID": "5095", "TABA": "תמל/1087"}, "geometry": {"type": "Point", "coordinates": [34.86152431230502, 31.95440288113935]}}, {"type": "Feature", "properties": {"OBJECTID": 671, "ID": "5094", "TABA": "תמל/1087"}, "geometry": {"type": "Point", "coordinates": [34.8613837347352, 31.95438994017957]}}, {"type": "Feature", "properties": {"OBJECTID": 672, "ID": "5093", "TABA": "תמל/1087"}, "geometry": {"type": "Point", "coordinates": [34.86122726283071, 31.95438178710035]}}, {"type": "Feature", "properties": {"OBJECTID": 673, "ID": "5092", "TABA": "תמל/1087"}, "geometry": {"type": "Point", "coordinates": [34.861064871375326, 31.954370641854062]}}, {"type": "Feature", "properties": {"OBJECTID": 674, "ID": "5091", "TABA": "תמל/1087"}, "geometry": {"type": "Point", "coordinates": [34.86084883540663, 31.954352261254698]}}, {"type": "Feature", "properties": {"OBJECTID": 675, "ID": "5090", "TABA": "תמל/1087"}, "geometry": {"type": "Point", "coordinates": [34.86069407496824, 31.954358043292]}}, {"type": "Feature", "properties": {"OBJECTID": 676, "ID": "5089", "TABA": "תמל/1087"}, "geometry": {"type": "Point", "coordinates": [34.86054981215237, 31.954341206442187]}}, {"type": "Feature", "properties": {"OBJECTID": 677, "ID": "5088", "TABA": "תמל/1087"}, "geometry": {"type": "Point", "coordinates": [34.860401644603634, 31.954333638463446]}}, {"type": "Feature", "properties": {"OBJECTID": 678, "ID": "5087", "TABA": "תמל/1087"}, "geometry": {"type": "Point", "coordinates": [34.86025203167613, 31.95431912336856]}}, {"type": "Feature", "properties": {"OBJECTID": 679, "ID": "5086", "TABA": "תמל/1087"}, "geometry": {"type": "Point", "coordinates": [34.86011119297896, 31.954311619102242]}}, {"type": "Feature", "properties": {"OBJECTID": 680, "ID": "5085", "TABA": "תמל/1087"}, "geometry": {"type": "Point", "coordinates": [34.86223420570455, 31.953075516941404]}}, {"type": "Feature", "properties": {"OBJECTID": 681, "ID": "5084", "TABA": "תמל/1087"}, "geometry": {"type": "Point", "coordinates": [34.862220285253684, 31.953202728297715]}}, {"type": "Feature", "properties": {"OBJECTID": 682, "ID": "5083", "TABA": "תמל/1087"}, "geometry": {"type": "Point", "coordinates": [34.86220056985163, 31.953362087954623]}}, {"type": "Feature", "properties": {"OBJECTID": 683, "ID": "5082", "TABA": "תמל/1087"}, "geometry": {"type": "Point", "coordinates": [34.862208581613366, 31.95348918615958]}}, {"type": "Feature", "properties": {"OBJECTID": 684, "ID": "5081", "TABA": "תמל/1087"}, "geometry": {"type": "Point", "coordinates": [34.8621893522945, 31.953712272547346]}}, {"type": "Feature", "properties": {"OBJECTID": 685, "ID": "5080", "TABA": "תמל/1087"}, "geometry": {"type": "Point", "coordinates": [34.86216265607998, 31.953848712835175]}}, {"type": "Feature", "properties": {"OBJECTID": 686, "ID": "5079", "TABA": "תמל/1087"}, "geometry": {"type": "Point", "coordinates": [34.86216571110658, 31.953989559278327]}}, {"type": "Feature", "properties": {"OBJECTID": 687, "ID": "5078", "TABA": "תמל/1087"}, "geometry": {"type": "Point", "coordinates": [34.862143967579556, 31.9541270021882]}}, {"type": "Feature", "properties": {"OBJECTID": 688, "ID": "5077", "TABA": "תמל/1087"}, "geometry": {"type": "Point", "coordinates": [34.8621192782805, 31.95428581723619]}}, {"type": "Feature", "properties": {"OBJECTID": 689, "ID": "5076", "TABA": "תמל/1087"}, "geometry": {"type": "Point", "coordinates": [34.862115209132504, 31.954428735762]}}, {"type": "Feature", "properties": {"OBJECTID": 690, "ID": "5075", "TABA": "תמל/1087"}, "geometry": {"type": "Point", "coordinates": [34.86188739955962, 31.95302916688022]}}, {"type": "Feature", "properties": {"OBJECTID": 691, "ID": "5074", "TABA": "תמל/1087"}, "geometry": {"type": "Point", "coordinates": [34.86188127203235, 31.953168318427863]}}, {"type": "Feature", "properties": {"OBJECTID": 692, "ID": "5073", "TABA": "תמל/1087"}, "geometry": {"type": "Point", "coordinates": [34.86187226213572, 31.953302640224347]}}, {"type": "Feature", "properties": {"OBJECTID": 693, "ID": "5144", "TABA": "תמל/1087"}, "geometry": {"type": "Point", "coordinates": [34.86537814725758, 31.952539075451195]}}, {"type": "Feature", "properties": {"OBJECTID": 694, "ID": "5143", "TABA": "תמל/1087"}, "geometry": {"type": "Point", "coordinates": [34.86535711171677, 31.952771985480478]}}, {"type": "Feature", "properties": {"OBJECTID": 695, "ID": "5142", "TABA": "תמל/1087"}, "geometry": {"type": "Point", "coordinates": [34.86536266796685, 31.952922004558236]}}, {"type": "Feature", "properties": {"OBJECTID": 696, "ID": "5141", "TABA": "תמל/1087"}, "geometry": {"type": "Point", "coordinates": [34.865690256745104, 31.952676357479376]}}, {"type": "Feature", "properties": {"OBJECTID": 697, "ID": "5140", "TABA": "תמל/1087"}, "geometry": {"type": "Point", "coordinates": [34.865682615186664, 31.952807686518074]}}, {"type": "Feature", "properties": {"OBJECTID": 698, "ID": "5139", "TABA": "תמל/1087"}, "geometry": {"type": "Point", "coordinates": [34.865680248371994, 31.95295459935991]}}, {"type": "Feature", "properties": {"OBJECTID": 699, "ID": "5138", "TABA": "תמל/1087"}, "geometry": {"type": "Point", "coordinates": [34.865672519226116, 31.953089320764732]}}, {"type": "Feature", "properties": {"OBJECTID": 700, "ID": "5137", "TABA": "תמל/1087"}, "geometry": {"type": "Point", "coordinates": [34.86536678821118, 31.95318567932053]}}, {"type": "Feature", "properties": {"OBJECTID": 701, "ID": "5136", "TABA": "תמל/1087"}, "geometry": {"type": "Point", "coordinates": [34.86519207136521, 31.953178069497703]}}, {"type": "Feature", "properties": {"OBJECTID": 702, "ID": "5135", "TABA": "תמל/1087"}, "geometry": {"type": "Point", "coordinates": [34.86502507999999, 31.953164741869838]}}, {"type": "Feature", "properties": {"OBJECTID": 703, "ID": "5134", "TABA": "תמל/1087"}, "geometry": {"type": "Point", "coordinates": [34.86485823747872, 31.95315668369153]}}, {"type": "Feature", "properties": {"OBJECTID": 704, "ID": "5133", "TABA": "תמל/1087"}, "geometry": {"type": "Point", "coordinates": [34.86469059839312, 31.953152972588747]}}, {"type": "Feature", "properties": {"OBJECTID": 705, "ID": "5132", "TABA": "תמל/1087"}, "geometry": {"type": "Point", "coordinates": [34.864519144694185, 31.953149969796655]}}, {"type": "Feature", "properties": {"OBJECTID": 706, "ID": "5131", "TABA": "תמל/1087"}, "geometry": {"type": "Point", "coordinates": [34.86429974314915, 31.95314276669623]}}, {"type": "Feature", "properties": {"OBJECTID": 707, "ID": "5130", "TABA": "תמל/1087"}, "geometry": {"type": "Point", "coordinates": [34.864103338837324, 31.953133482148896]}}, {"type": "Feature", "properties": {"OBJECTID": 708, "ID": "5129", "TABA": "תמל/1087"}, "geometry": {"type": "Point", "coordinates": [34.863939883626294, 31.95312819678859]}}, {"type": "Feature", "properties": {"OBJECTID": 709, "ID": "5128", "TABA": "תמל/1087"}, "geometry": {"type": "Point", "coordinates": [34.86379487955969, 31.953117103459594]}}, {"type": "Feature", "properties": {"OBJECTID": 710, "ID": "5127", "TABA": "תמל/1087"}, "geometry": {"type": "Point", "coordinates": [34.863618870233815, 31.95310783408832]}}, {"type": "Feature", "properties": {"OBJECTID": 711, "ID": "5126", "TABA": "תמל/1087"}, "geometry": {"type": "Point", "coordinates": [34.863448754762004, 31.95309278076376]}}, {"type": "Feature", "properties": {"OBJECTID": 712, "ID": "5125", "TABA": "תמל/1087"}, "geometry": {"type": "Point", "coordinates": [34.863897772240946, 31.953371753602184]}}, {"type": "Feature", "properties": {"OBJECTID": 713, "ID": "5124", "TABA": "תמל/1087"}, "geometry": {"type": "Point", "coordinates": [34.86388808427102, 31.95352265439341]}}, {"type": "Feature", "properties": {"OBJECTID": 714, "ID": "5123", "TABA": "תמל/1087"}, "geometry": {"type": "Point", "coordinates": [34.86388074005655, 31.953658680713943]}}, {"type": "Feature", "properties": {"OBJECTID": 715, "ID": "5122", "TABA": "תמל/1087"}, "geometry": {"type": "Point", "coordinates": [34.86385395782182, 31.95380650377227]}}, {"type": "Feature", "properties": {"OBJECTID": 716, "ID": "5121", "TABA": "תמל/1087"}, "geometry": {"type": "Point", "coordinates": [34.863841453304566, 31.954027559540357]}}, {"type": "Feature", "properties": {"OBJECTID": 717, "ID": "5120", "TABA": "תמל/1087"}, "geometry": {"type": "Point", "coordinates": [34.86383380875029, 31.954180453378477]}}, {"type": "Feature", "properties": {"OBJECTID": 718, "ID": "5119", "TABA": "תמל/1087"}, "geometry": {"type": "Point", "coordinates": [34.86382634622175, 31.9543092333289]}}, {"type": "Feature", "properties": {"OBJECTID": 719, "ID": "5118", "TABA": "תמל/1087"}, "geometry": {"type": "Point", "coordinates": [34.86378648553751, 31.954462020907574]}}, {"type": "Feature", "properties": {"OBJECTID": 720, "ID": "5117", "TABA": "תמל/1087"}, "geometry": {"type": "Point", "coordinates": [34.863606802302975, 31.953366366605877]}}, {"type": "Feature", "properties": {"OBJECTID": 721, "ID": "5116", "TABA": "תמל/1087"}, "geometry": {"type": "Point", "coordinates": [34.863577766801335, 31.953508164890316]}}, {"type": "Feature", "properties": {"OBJECTID": 722, "ID": "5115", "TABA": "תמל/1087"}, "geometry": {"type": "Point", "coordinates": [34.86355896214408, 31.953649222284582]}}, {"type": "Feature", "properties": {"OBJECTID": 723, "ID": "5114", "TABA": "תמל/1087"}, "geometry": {"type": "Point", "coordinates": [34.86353340560269, 31.953775481800378]}}, {"type": "Feature", "properties": {"OBJECTID": 724, "ID": "5113", "TABA": "תמל/1087"}, "geometry": {"type": "Point", "coordinates": [34.86337304558181, 31.953333505685485]}}, {"type": "Feature", "properties": {"OBJECTID": 725, "ID": "5112", "TABA": "תמל/1087"}, "geometry": {"type": "Point", "coordinates": [34.86336457572753, 31.953463952166754]}}, {"type": "Feature", "properties": {"OBJECTID": 726, "ID": "5111", "TABA": "תמל/1087"}, "geometry": {"type": "Point", "coordinates": [34.86335259955572, 31.953618428751348]}}, {"type": "Feature", "properties": {"OBJECTID": 727, "ID": "5110", "TABA": "תמל/1087"}, "geometry": {"type": "Point", "coordinates": [34.8633486969787, 31.953766317656832]}}, {"type": "Feature", "properties": {"OBJECTID": 728, "ID": "5109", "TABA": "תמל/1087"}, "geometry": {"type": "Point", "coordinates": [34.86351101006986, 31.95403333004003]}}, {"type": "Feature", "properties": {"OBJECTID": 729, "ID": "5108", "TABA": "תמל/1087"}, "geometry": {"type": "Point", "coordinates": [34.86350905000777, 31.954176844070368]}}, {"type": "Feature", "properties": {"OBJECTID": 730, "ID": "5107", "TABA": "תמל/1087"}, "geometry": {"type": "Point", "coordinates": [34.8634843041295, 31.954313520732757]}}, {"type": "Feature", "properties": {"OBJECTID": 731, "ID": "5106", "TABA": "תמל/1087"}, "geometry": {"type": "Point", "coordinates": [34.86347469853581, 31.95440353064695]}}, {"type": "Feature", "properties": {"OBJECTID": 732, "ID": "5105", "TABA": "תמל/1087"}, "geometry": {"type": "Point", "coordinates": [34.86331353133826, 31.95401919956779]}}, {"type": "Feature", "properties": {"OBJECTID": 733, "ID": "5104", "TABA": "תמל/1087"}, "geometry": {"type": "Point", "coordinates": [34.86331751308115, 31.954173650460856]}}, {"type": "Feature", "properties": {"OBJECTID": 734, "ID": "5103", "TABA": "תמל/1087"}, "geometry": {"type": "Point", "coordinates": [34.863294268894315, 31.954299738470848]}}, {"type": "Feature", "properties": {"OBJECTID": 735, "ID": "5102", "TABA": "תמל/1087"}, "geometry": {"type": "Point", "coordinates": [34.863268711506194, 31.954435522821736]}}, {"type": "Feature", "properties": {"OBJECTID": 736, "ID": "5101", "TABA": "תמל/1087"}, "geometry": {"type": "Point", "coordinates": [34.86292709522781, 31.953102547954533]}}, {"type": "Feature", "properties": {"OBJECTID": 737, "ID": "5100", "TABA": "תמל/1087"}, "geometry": {"type": "Point", "coordinates": [34.86278509615593, 31.953059771080177]}}, {"type": "Feature", "properties": {"OBJECTID": 738, "ID": "5099", "TABA": "תמל/1087"}, "geometry": {"type": "Point", "coordinates": [34.86260793384941, 31.95310713983556]}}, {"type": "Feature", "properties": {"OBJECTID": 739, "ID": "5098", "TABA": "תמל/1087"}, "geometry": {"type": "Point", "coordinates": [34.86244243550939, 31.95307580731158]}}, {"type": "Feature", "properties": {"OBJECTID": 740, "ID": "5097", "TABA": "תמל/1087"}, "geometry": {"type": "Point", "coordinates": [34.861812510207905, 31.954420145871783]}}, {"type": "Feature", "properties": {"OBJECTID": 741, "ID": "5072", "TABA": "תמל/1087"}, "geometry": {"type": "Point", "coordinates": [34.861872388189454, 31.953439981568664]}}, {"type": "Feature", "properties": {"OBJECTID": 742, "ID": "5071", "TABA": "תמל/1087"}, "geometry": {"type": "Point", "coordinates": [34.86185727003679, 31.95370138783905]}}, {"type": "Feature", "properties": {"OBJECTID": 743, "ID": "5070", "TABA": "תמל/1087"}, "geometry": {"type": "Point", "coordinates": [34.861823486824, 31.953840608151012]}}, {"type": "Feature", "properties": {"OBJECTID": 744, "ID": "5069", "TABA": "תמל/1087"}, "geometry": {"type": "Point", "coordinates": [34.86182432224647, 31.95398914194419]}}, {"type": "Feature", "properties": {"OBJECTID": 745, "ID": "5068", "TABA": "תמל/1087"}, "geometry": {"type": "Point", "coordinates": [34.86181383859343, 31.954104128566794]}}, {"type": "Feature", "properties": {"OBJECTID": 746, "ID": "5067", "TABA": "תמל/1087"}, "geometry": {"type": "Point", "coordinates": [34.86171076647957, 31.95301706871697]}}, {"type": "Feature", "properties": {"OBJECTID": 747, "ID": "5066", "TABA": "תמל/1087"}, "geometry": {"type": "Point", "coordinates": [34.861701955878154, 31.953154057690725]}}, {"type": "Feature", "properties": {"OBJECTID": 748, "ID": "5065", "TABA": "תמל/1087"}, "geometry": {"type": "Point", "coordinates": [34.861675363877964, 31.953301024983617]}}, {"type": "Feature", "properties": {"OBJECTID": 749, "ID": "5064", "TABA": "תמל/1087"}, "geometry": {"type": "Point", "coordinates": [34.86166849882144, 31.95342392663027]}}, {"type": "Feature", "properties": {"OBJECTID": 750, "ID": "5063", "TABA": "תמל/1087"}, "geometry": {"type": "Point", "coordinates": [34.861654176292596, 31.953687684234424]}}, {"type": "Feature", "properties": {"OBJECTID": 751, "ID": "5062", "TABA": "תמל/1087"}, "geometry": {"type": "Point", "coordinates": [34.86163666254577, 31.95383578523408]}}, {"type": "Feature", "properties": {"OBJECTID": 752, "ID": "5061", "TABA": "תמל/1087"}, "geometry": {"type": "Point", "coordinates": [34.86162974654364, 31.95395870747203]}}, {"type": "Feature", "properties": {"OBJECTID": 753, "ID": "5060", "TABA": "תמל/1087"}, "geometry": {"type": "Point", "coordinates": [34.86162078843711, 31.954105165014308]}}, {"type": "Feature", "properties": {"OBJECTID": 754, "ID": "5059", "TABA": "תמל/1087"}, "geometry": {"type": "Point", "coordinates": [34.861373162494246, 31.953016955290757]}}, {"type": "Feature", "properties": {"OBJECTID": 755, "ID": "5058", "TABA": "תמל/1087"}, "geometry": {"type": "Point", "coordinates": [34.861395920572456, 31.953184553044604]}}, {"type": "Feature", "properties": {"OBJECTID": 756, "ID": "5057", "TABA": "תמל/1087"}, "geometry": {"type": "Point", "coordinates": [34.861362906866425, 31.953295600102958]}}, {"type": "Feature", "properties": {"OBJECTID": 757, "ID": "5056", "TABA": "תמל/1087"}, "geometry": {"type": "Point", "coordinates": [34.86134893879651, 31.953440699508473]}}, {"type": "Feature", "properties": {"OBJECTID": 758, "ID": "5055", "TABA": "תמל/1087"}, "geometry": {"type": "Point", "coordinates": [34.86133037038463, 31.95368006699965]}}, {"type": "Feature", "properties": {"OBJECTID": 759, "ID": "5054", "TABA": "תמל/1087"}, "geometry": {"type": "Point", "coordinates": [34.86132273849174, 31.953827875410976]}}, {"type": "Feature", "properties": {"OBJECTID": 760, "ID": "5053", "TABA": "תמל/1087"}, "geometry": {"type": "Point", "coordinates": [34.86130530582685, 31.953954296190307]}}, {"type": "Feature", "properties": {"OBJECTID": 761, "ID": "5052", "TABA": "תמל/1087"}, "geometry": {"type": "Point", "coordinates": [34.86128495181104, 31.95410600210487]}}, {"type": "Feature", "properties": {"OBJECTID": 762, "ID": "5051", "TABA": "תמל/1087"}, "geometry": {"type": "Point", "coordinates": [34.86070605565339, 31.95406523584128]}}, {"type": "Feature", "properties": {"OBJECTID": 763, "ID": "5050", "TABA": "תמל/1087"}, "geometry": {"type": "Point", "coordinates": [34.860700893435435, 31.95393952774749]}}, {"type": "Feature", "properties": {"OBJECTID": 764, "ID": "5049", "TABA": "תמל/1087"}, "geometry": {"type": "Point", "coordinates": [34.86073866711715, 31.953776144653812]}}, {"type": "Feature", "properties": {"OBJECTID": 765, "ID": "5024", "TABA": "תמל/1087"}, "geometry": {"type": "Point", "coordinates": [34.85984597405764, 31.95385822596806]}}, {"type": "Feature", "properties": {"OBJECTID": 766, "ID": "5023", "TABA": "תמל/1087"}, "geometry": {"type": "Point", "coordinates": [34.85986544284884, 31.953708246654042]}}, {"type": "Feature", "properties": {"OBJECTID": 767, "ID": "5022", "TABA": "תמל/1087"}, "geometry": {"type": "Point", "coordinates": [34.85987794369337, 31.953581681031128]}}, {"type": "Feature", "properties": {"OBJECTID": 768, "ID": "5021", "TABA": "תמל/1087"}, "geometry": {"type": "Point", "coordinates": [34.859907544747664, 31.953348821389046]}}, {"type": "Feature", "properties": {"OBJECTID": 769, "ID": "5020", "TABA": "תמל/1087"}, "geometry": {"type": "Point", "coordinates": [34.859910878587456, 31.95320770364556]}}, {"type": "Feature", "properties": {"OBJECTID": 770, "ID": "5019", "TABA": "תמל/1087"}, "geometry": {"type": "Point", "coordinates": [34.859902036342575, 31.95305373094677]}}, {"type": "Feature", "properties": {"OBJECTID": 771, "ID": "5018", "TABA": "תמל/1087"}, "geometry": {"type": "Point", "coordinates": [34.85992043810724, 31.952914392761116]}}, {"type": "Feature", "properties": {"OBJECTID": 772, "ID": "5017", "TABA": "תמל/1087"}, "geometry": {"type": "Point", "coordinates": [34.85992830617726, 31.95277785046117]}}, {"type": "Feature", "properties": {"OBJECTID": 773, "ID": "5016", "TABA": "תמל/1087"}, "geometry": {"type": "Point", "coordinates": [34.85993344333961, 31.952641555961755]}}, {"type": "Feature", "properties": {"OBJECTID": 774, "ID": "5015", "TABA": "תמל/1087"}, "geometry": {"type": "Point", "coordinates": [34.86024267636433, 31.95266992665339]}}, {"type": "Feature", "properties": {"OBJECTID": 775, "ID": "5014", "TABA": "תמל/1087"}, "geometry": {"type": "Point", "coordinates": [34.86041838516431, 31.952685154531355]}}, {"type": "Feature", "properties": {"OBJECTID": 776, "ID": "5013", "TABA": "תמל/1087"}, "geometry": {"type": "Point", "coordinates": [34.86059059733202, 31.952693821056624]}}, {"type": "Feature", "properties": {"OBJECTID": 777, "ID": "5012", "TABA": "תמל/1087"}, "geometry": {"type": "Point", "coordinates": [34.86074585400749, 31.952708837995573]}}, {"type": "Feature", "properties": {"OBJECTID": 778, "ID": "5011", "TABA": "תמל/1087"}, "geometry": {"type": "Point", "coordinates": [34.86092047551094, 31.95271187699268]}}, {"type": "Feature", "properties": {"OBJECTID": 779, "ID": "5010", "TABA": "תמל/1087"}, "geometry": {"type": "Point", "coordinates": [34.861084089618096, 31.952718553648307]}}, {"type": "Feature", "properties": {"OBJECTID": 780, "ID": "5009", "TABA": "תמל/1087"}, "geometry": {"type": "Point", "coordinates": [34.861378027353375, 31.95273932216225]}}, {"type": "Feature", "properties": {"OBJECTID": 781, "ID": "5008", "TABA": "תמל/1087"}, "geometry": {"type": "Point", "coordinates": [34.86153238007528, 31.952752296708063]}}, {"type": "Feature", "properties": {"OBJECTID": 782, "ID": "5007", "TABA": "תמל/1087"}, "geometry": {"type": "Point", "coordinates": [34.86172896730574, 31.95276956763405]}}, {"type": "Feature", "properties": {"OBJECTID": 783, "ID": "5006", "TABA": "תמל/1087"}, "geometry": {"type": "Point", "coordinates": [34.86187278508724, 31.95278430703571]}}, {"type": "Feature", "properties": {"OBJECTID": 784, "ID": "5005", "TABA": "תמל/1087"}, "geometry": {"type": "Point", "coordinates": [34.86204773840711, 31.952787764719577]}}, {"type": "Feature", "properties": {"OBJECTID": 785, "ID": "5004", "TABA": "תמל/1087"}, "geometry": {"type": "Point", "coordinates": [34.862214034459704, 31.952797183239376]}}, {"type": "Feature", "properties": {"OBJECTID": 786, "ID": "5003", "TABA": "תמל/1087"}, "geometry": {"type": "Point", "coordinates": [34.862449373110174, 31.952807403416106]}}, {"type": "Feature", "properties": {"OBJECTID": 787, "ID": "5002", "TABA": "תמל/1087"}, "geometry": {"type": "Point", "coordinates": [34.86261569908739, 31.95280904699427]}}, {"type": "Feature", "properties": {"OBJECTID": 788, "ID": "5001", "TABA": "תמל/1087"}, "geometry": {"type": "Point", "coordinates": [34.862770198396, 31.952813646231398]}}, {"type": "Feature", "properties": {"OBJECTID": 789, "ID": "5000", "TABA": "תמל/1087"}, "geometry": {"type": "Point", "coordinates": [34.862955433357605, 31.95282610512989]}}, {"type": "Feature", "properties": {"OBJECTID": 790, "ID": "5048", "TABA": "תמל/1087"}, "geometry": {"type": "Point", "coordinates": [34.86072227553402, 31.95364177134352]}}, {"type": "Feature", "properties": {"OBJECTID": 791, "ID": "5047", "TABA": "תמל/1087"}, "geometry": {"type": "Point", "coordinates": [34.86074677576546, 31.953410180967747]}}, {"type": "Feature", "properties": {"OBJECTID": 792, "ID": "5046", "TABA": "תמל/1087"}, "geometry": {"type": "Point", "coordinates": [34.86073379219188, 31.9532681406763]}}, {"type": "Feature", "properties": {"OBJECTID": 793, "ID": "5045", "TABA": "תמל/1087"}, "geometry": {"type": "Point", "coordinates": [34.86077145773505, 31.95313087274858]}}, {"type": "Feature", "properties": {"OBJECTID": 794, "ID": "5044", "TABA": "תמל/1087"}, "geometry": {"type": "Point", "coordinates": [34.860783335994505, 31.952964912512726]}}, {"type": "Feature", "properties": {"OBJECTID": 795, "ID": "5043", "TABA": "תמל/1087"}, "geometry": {"type": "Point", "coordinates": [34.86035088693119, 31.954029215316275]}}, {"type": "Feature", "properties": {"OBJECTID": 796, "ID": "5042", "TABA": "תמל/1087"}, "geometry": {"type": "Point", "coordinates": [34.860366850357074, 31.953900326050867]}}, {"type": "Feature", "properties": {"OBJECTID": 797, "ID": "5041", "TABA": "תמל/1087"}, "geometry": {"type": "Point", "coordinates": [34.860386437292696, 31.953743680803015]}}, {"type": "Feature", "properties": {"OBJECTID": 798, "ID": "5040", "TABA": "תמל/1087"}, "geometry": {"type": "Point", "coordinates": [34.86039606661715, 31.953614600318627]}}, {"type": "Feature", "properties": {"OBJECTID": 799, "ID": "5039", "TABA": "תמל/1087"}, "geometry": {"type": "Point", "coordinates": [34.86042234175817, 31.95336078973449]}}, {"type": "Feature", "properties": {"OBJECTID": 800, "ID": "5038", "TABA": "תמל/1087"}, "geometry": {"type": "Point", "coordinates": [34.860436225174965, 31.953220912581823]}}, {"type": "Feature", "properties": {"OBJECTID": 801, "ID": "5037", "TABA": "תמל/1087"}, "geometry": {"type": "Point", "coordinates": [34.860430404204365, 31.95308220039563]}}, {"type": "Feature", "properties": {"OBJECTID": 802, "ID": "5036", "TABA": "תמל/1087"}, "geometry": {"type": "Point", "coordinates": [34.86046113393373, 31.95295080799382]}}, {"type": "Feature", "properties": {"OBJECTID": 803, "ID": "5035", "TABA": "תמל/1087"}, "geometry": {"type": "Point", "coordinates": [34.860264009062725, 31.95296706471033]}}, {"type": "Feature", "properties": {"OBJECTID": 804, "ID": "5034", "TABA": "תמל/1087"}, "geometry": {"type": "Point", "coordinates": [34.860246656441966, 31.953090114610823]}}, {"type": "Feature", "properties": {"OBJECTID": 805, "ID": "5033", "TABA": "תמל/1087"}, "geometry": {"type": "Point", "coordinates": [34.86023134812233, 31.95322939449228]}}, {"type": "Feature", "properties": {"OBJECTID": 806, "ID": "5032", "TABA": "תמל/1087"}, "geometry": {"type": "Point", "coordinates": [34.860246290070364, 31.953374771422506]}}, {"type": "Feature", "properties": {"OBJECTID": 807, "ID": "5031", "TABA": "תמל/1087"}, "geometry": {"type": "Point", "coordinates": [34.860205997005295, 31.953609986548376]}}, {"type": "Feature", "properties": {"OBJECTID": 808, "ID": "5030", "TABA": "תמל/1087"}, "geometry": {"type": "Point", "coordinates": [34.860194188131466, 31.953756468726418]}}, {"type": "Feature", "properties": {"OBJECTID": 809, "ID": "5029", "TABA": "תמל/1087"}, "geometry": {"type": "Point", "coordinates": [34.8601563377456, 31.953905845453008]}}, {"type": "Feature", "properties": {"OBJECTID": 810, "ID": "5028", "TABA": "תמל/1087"}, "geometry": {"type": "Point", "coordinates": [34.86018541920206, 31.954034257099735]}}, {"type": "Feature", "properties": {"OBJECTID": 811, "ID": "5027", "TABA": "תמל/1087"}, "geometry": {"type": "Point", "coordinates": [34.85980328321516, 31.954287727342262]}}, {"type": "Feature", "properties": {"OBJECTID": 812, "ID": "5026", "TABA": "תמל/1087"}, "geometry": {"type": "Point", "coordinates": [34.85981176600892, 31.95413875260842]}}, {"type": "Feature", "properties": {"OBJECTID": 813, "ID": "5025", "TABA": "תמל/1087"}, "geometry": {"type": "Point", "coordinates": [34.859847239035226, 31.953988307211336]}}, {"type": "Feature", "properties": {"OBJECTID": 814, "ID": "329", "TABA": "תמל/1087"}, "geometry": {"type": "Point", "coordinates": [34.8696384274983, 31.96088058928394]}}, {"type": "Feature", "properties": {"OBJECTID": 815, "ID": "330", "TABA": "תמל/1087"}, "geometry": {"type": "Point", "coordinates": [34.86967252106456, 31.960088704779825]}}, {"type": "Feature", "properties": {"OBJECTID": 816, "ID": "331", "TABA": "תמל/1087"}, "geometry": {"type": "Point", "coordinates": [34.87001853447552, 31.958628730002353]}}, {"type": "Feature", "properties": {"OBJECTID": 817, "ID": "332", "TABA": "תמל/1087"}, "geometry": {"type": "Point", "coordinates": [34.87055766916799, 31.960204243707995]}}, {"type": "Feature", "properties": {"OBJECTID": 818, "ID": "333", "TABA": "תמל/1087"}, "geometry": {"type": "Point", "coordinates": [34.87139515893046, 31.95802011353365]}}, {"type": "Feature", "properties": {"OBJECTID": 819, "ID": "334", "TABA": "תמל/1087"}, "geometry": {"type": "Point", "coordinates": [34.87379066114579, 31.958348917064708]}}, {"type": "Feature", "properties": {"OBJECTID": 820, "ID": "335", "TABA": "תמל/1087"}, "geometry": {"type": "Point", "coordinates": [34.87090819684867, 31.961965406289043]}}, {"type": "Feature", "properties": {"OBJECTID": 821, "ID": "336", "TABA": "תמל/1087"}, "geometry": {"type": "Point", "coordinates": [34.87035166545247, 31.96254115276386]}}, {"type": "Feature", "properties": {"OBJECTID": 822, "ID": "337", "TABA": "תמל/1087"}, "geometry": {"type": "Point", "coordinates": [34.87121488771218, 31.962816138584458]}}, {"type": "Feature", "properties": {"OBJECTID": 823, "ID": "338", "TABA": "תמל/1087"}, "geometry": {"type": "Point", "coordinates": [34.87077173957412, 31.961021395657244]}}, {"type": "Feature", "properties": {"OBJECTID": 824, "ID": "343", "TABA": "תמל/1087"}, "geometry": {"type": "Point", "coordinates": [34.870982988958204, 31.96429163070958]}}, {"type": "Feature", "properties": {"OBJECTID": 825, "ID": "344", "TABA": "תמל/1087"}, "geometry": {"type": "Point", "coordinates": [34.87178201480647, 31.96089131634003]}}, {"type": "Feature", "properties": {"OBJECTID": 826, "ID": "4004", "TABA": "תמל/1087"}, "geometry": {"type": "Point", "coordinates": [34.87381651792768, 31.957521352009298]}}, {"type": "Feature", "properties": {"OBJECTID": 827, "ID": "4005", "TABA": "תמל/1087"}, "geometry": {"type": "Point", "coordinates": [34.869337982666174, 31.962675989367487]}}, {"type": "Feature", "properties": {"OBJECTID": 828, "ID": "4015", "TABA": "תמל/1087"}, "geometry": {"type": "Point", "coordinates": [34.87558403736867, 31.9655381864756]}}, {"type": "Feature", "properties": {"OBJECTID": 829, "ID": "4017", "TABA": "תמל/1087"}, "geometry": {"type": "Point", "coordinates": [34.87194172473145, 31.95868063991135]}}, {"type": "Feature", "properties": {"OBJECTID": 830, "ID": "4018", "TABA": "תמל/1087"}, "geometry": {"type": "Point", "coordinates": [34.87492158472976, 31.962812012300287]}}, {"type": "Feature", "properties": {"OBJECTID": 831, "ID": "4026", "TABA": "תמל/1087"}, "geometry": {"type": "Point", "coordinates": [34.87092756284575, 31.960730293666497]}}, {"type": "Feature", "properties": {"OBJECTID": 832, "ID": "4029", "TABA": "תמל/1087"}, "geometry": {"type": "Point", "coordinates": [34.871404708705334, 31.96051569721646]}}, {"type": "Feature", "properties": {"OBJECTID": 833, "ID": "4032", "TABA": "תמל/1087"}, "geometry": {"type": "Point", "coordinates": [34.87108362486899, 31.9663297558185]}}, {"type": "Feature", "properties": {"OBJECTID": 834, "ID": "4033", "TABA": "תמל/1087"}, "geometry": {"type": "Point", "coordinates": [34.869587316068596, 31.96462776618358]}}, {"type": "Feature", "properties": {"OBJECTID": 835, "ID": "4034", "TABA": "תמל/1087"}, "geometry": {"type": "Point", "coordinates": [34.8724461632491, 31.960242817222582]}}, {"type": "Feature", "properties": {"OBJECTID": 836, "ID": "4035", "TABA": "תמל/1087"}, "geometry": {"type": "Point", "coordinates": [34.87020274146189, 31.9638320723109]}}, {"type": "Feature", "properties": {"OBJECTID": 837, "ID": "4036", "TABA": "תמל/1087"}, "geometry": {"type": "Point", "coordinates": [34.87194209022829, 31.961917067269844]}}, {"type": "Feature", "properties": {"OBJECTID": 838, "ID": "4037", "TABA": "תמל/1087"}, "geometry": {"type": "Point", "coordinates": [34.87135910811717, 31.961965286751067]}}, {"type": "Feature", "properties": {"OBJECTID": 839, "ID": "501", "TABA": "תמל/1087"}, "geometry": {"type": "Point", "coordinates": [34.87123940810132, 31.96578159876274]}}, {"type": "Feature", "properties": {"OBJECTID": 840, "ID": "502", "TABA": "תמל/1087"}, "geometry": {"type": "Point", "coordinates": [34.87079056869572, 31.959032498495787]}}, {"type": "Feature", "properties": {"OBJECTID": 841, "ID": "603", "TABA": "תמל/1087"}, "geometry": {"type": "Point", "coordinates": [34.87177934066099, 31.957756895047808]}}, {"type": "Feature", "properties": {"OBJECTID": 842, "ID": "618", "TABA": "תמל/1087"}, "geometry": {"type": "Point", "coordinates": [34.87330650255552, 31.965609174402026]}}, {"type": "Feature", "properties": {"OBJECTID": 843, "ID": "619", "TABA": "תמל/1087"}, "geometry": {"type": "Point", "coordinates": [34.87512766188572, 31.964790066849616]}}, {"type": "Feature", "properties": {"OBJECTID": 844, "ID": "620", "TABA": "תמל/1087"}, "geometry": {"type": "Point", "coordinates": [34.87286161699982, 31.964058703920475]}}, {"type": "Feature", "properties": {"OBJECTID": 845, "ID": "621", "TABA": "תמל/1087"}, "geometry": {"type": "Point", "coordinates": [34.874884078728144, 31.963654927030724]}}, {"type": "Feature", "properties": {"OBJECTID": 846, "ID": "628", "TABA": "תמל/1087"}, "geometry": {"type": "Point", "coordinates": [34.874279774177836, 31.961461753080417]}}, {"type": "Feature", "properties": {"OBJECTID": 847, "ID": "629", "TABA": "תמל/1087"}, "geometry": {"type": "Point", "coordinates": [34.87376784622186, 31.96168775156411]}}, {"type": "Feature", "properties": {"OBJECTID": 848, "ID": "630", "TABA": "תמל/1087"}, "geometry": {"type": "Point", "coordinates": [34.873980418697485, 31.959709611794377]}}, {"type": "Feature", "properties": {"OBJECTID": 849, "ID": "631", "TABA": "תמל/1087"}, "geometry": {"type": "Point", "coordinates": [34.873290649628046, 31.959665412777273]}}, {"type": "Feature", "properties": {"OBJECTID": 850, "ID": "633", "TABA": "תמל/1087"}, "geometry": {"type": "Point", "coordinates": [34.87336018530675, 31.95635592681615]}}, {"type": "Feature", "properties": {"OBJECTID": 851, "ID": "634", "TABA": "תמל/1087"}, "geometry": {"type": "Point", "coordinates": [34.871825050050155, 31.955965712916473]}}, {"type": "Feature", "properties": {"OBJECTID": 852, "ID": "635", "TABA": "תמל/1087"}, "geometry": {"type": "Point", "coordinates": [34.86957461578934, 31.959006657948635]}}, {"type": "Feature", "properties": {"OBJECTID": 853, "ID": "636", "TABA": "תמל/1087"}, "geometry": {"type": "Point", "coordinates": [34.87136504914665, 31.95911265332672]}}, {"type": "Feature", "properties": {"OBJECTID": 854, "ID": "2001", "TABA": "משמ/96/גז"}, "geometry": {"type": "Point", "coordinates": [34.86332735326947, 31.95926398605728]}}, {"type": "Feature", "properties": {"OBJECTID": 855, "ID": "223", "TABA": "משמ/96/גז"}, "geometry": {"type": "Point", "coordinates": [34.86696957406682, 31.953705090726007]}}, {"type": "Feature", "properties": {"OBJECTID": 856, "ID": "224", "TABA": "משמ/96/גז"}, "geometry": {"type": "Point", "coordinates": [34.86695225130149, 31.953979194678645]}}, {"type": "Feature", "properties": {"OBJECTID": 857, "ID": "225", "TABA": "משמ/96/גז"}, "geometry": {"type": "Point", "coordinates": [34.86697186904404, 31.95435272744826]}}, {"type": "Feature", "properties": {"OBJECTID": 858, "ID": "2015", "TABA": "משמ/96/גז"}, "geometry": {"type": "Point", "coordinates": [34.86730408825985, 31.952202442131796]}}, {"type": "Feature", "properties": {"OBJECTID": 859, "ID": "2014", "TABA": "משמ/96/גז"}, "geometry": {"type": "Point", "coordinates": [34.86658537581687, 31.952185837239277]}}, {"type": "Feature", "properties": {"OBJECTID": 860, "ID": "52", "TABA": "משמ/96/גז"}, "geometry": {"type": "Point", "coordinates": [34.862707044161446, 31.95691532135825]}}, {"type": "Feature", "properties": {"OBJECTID": 861, "ID": "51", "TABA": "משמ/96/גז"}, "geometry": {"type": "Point", "coordinates": [34.86332456957742, 31.956810683631726]}}, {"type": "Feature", "properties": {"OBJECTID": 862, "ID": "50", "TABA": "משמ/96/גז"}, "geometry": {"type": "Point", "coordinates": [34.86385513637305, 31.956756746562473]}}, {"type": "Feature", "properties": {"OBJECTID": 863, "ID": "49", "TABA": "משמ/96/גז"}, "geometry": {"type": "Point", "coordinates": [34.86430816120544, 31.956706294320362]}}, {"type": "Feature", "properties": {"OBJECTID": 864, "ID": "236", "TABA": "משמ/96/גז"}, "geometry": {"type": "Point", "coordinates": [34.85966455059704, 31.957522544822588]}}, {"type": "Feature", "properties": {"OBJECTID": 865, "ID": "48", "TABA": "משמ/96/גז"}, "geometry": {"type": "Point", "coordinates": [34.86473528738968, 31.956659573208295]}}, {"type": "Feature", "properties": {"OBJECTID": 866, "ID": "235", "TABA": "משמ/96/גז"}, "geometry": {"type": "Point", "coordinates": [34.86016003458563, 31.95740667654442]}}, {"type": "Feature", "properties": {"OBJECTID": 867, "ID": "47", "TABA": "משמ/96/גז"}, "geometry": {"type": "Point", "coordinates": [34.8651735243671, 31.956591126911324]}}, {"type": "Feature", "properties": {"OBJECTID": 868, "ID": "46", "TABA": "משמ/96/גז"}, "geometry": {"type": "Point", "coordinates": [34.86561715010725, 31.95654685202981]}}, {"type": "Feature", "properties": {"OBJECTID": 869, "ID": "55", "TABA": "משמ/96/גז"}, "geometry": {"type": "Point", "coordinates": [34.860713878073696, 31.957297753114428]}}, {"type": "Feature", "properties": {"OBJECTID": 870, "ID": "103", "TABA": "תמל/1087"}, "geometry": {"type": "Point", "coordinates": [34.8754909356487, 31.96464418332737]}}, {"type": "Feature", "properties": {"OBJECTID": 871, "ID": "1660", "TABA": "תמל/1087"}, "geometry": {"type": "Point", "coordinates": [34.86549338285505, 31.960565697970452]}}, {"type": "Feature", "properties": {"OBJECTID": 872, "ID": "1661", "TABA": "תמל/1087"}, "geometry": {"type": "Point", "coordinates": [34.86579030593883, 31.963030853643815]}}, {"type": "Feature", "properties": {"OBJECTID": 873, "ID": "1671", "TABA": "תמל/1087"}, "geometry": {"type": "Point", "coordinates": [34.87367126110096, 31.963107378121126]}}, {"type": "Feature", "properties": {"OBJECTID": 874, "ID": "1672", "TABA": "תמל/1087"}, "geometry": {"type": "Point", "coordinates": [34.87195269328733, 31.96353148304976]}}, {"type": "Feature", "properties": {"OBJECTID": 875, "ID": "1673", "TABA": "תמל/1087"}, "geometry": {"type": "Point", "coordinates": [34.872443065537276, 31.96629957202882]}}, {"type": "Feature", "properties": {"OBJECTID": 876, "ID": "1870", "TABA": "תמל/1087"}, "geometry": {"type": "Point", "coordinates": [34.86727322817069, 31.965834673765663]}}, {"type": "Feature", "properties": {"OBJECTID": 877, "ID": "200", "TABA": "תמל/1087"}, "geometry": {"type": "Point", "coordinates": [34.870357138889325, 31.96610644362327]}}, {"type": "Feature", "properties": {"OBJECTID": 878, "ID": "201", "TABA": "תמל/1087"}, "geometry": {"type": "Point", "coordinates": [34.86887802095952, 31.966249711891287]}}, {"type": "Feature", "properties": {"OBJECTID": 879, "ID": "220", "TABA": "תמל/1087"}, "geometry": {"type": "Point", "coordinates": [34.86900086331758, 31.96478148520313]}}, {"type": "Feature", "properties": {"OBJECTID": 880, "ID": "221", "TABA": "תמל/1087"}, "geometry": {"type": "Point", "coordinates": [34.869783089587756, 31.965170835086337]}}, {"type": "Feature", "properties": {"OBJECTID": 881, "ID": "224", "TABA": "תמל/1087"}, "geometry": {"type": "Point", "coordinates": [34.86923264160793, 31.964175589202604]}}, {"type": "Feature", "properties": {"OBJECTID": 882, "ID": "226", "TABA": "תמל/1087"}, "geometry": {"type": "Point", "coordinates": [34.8699307287925, 31.963062296016513]}}, {"type": "Feature", "properties": {"OBJECTID": 883, "ID": "227", "TABA": "תמל/1087"}, "geometry": {"type": "Point", "coordinates": [34.87163102052713, 31.962719541577474]}}, {"type": "Feature", "properties": {"OBJECTID": 884, "ID": "54", "TABA": "משמ/96/גז"}, "geometry": {"type": "Point", "coordinates": [34.861295691626715, 31.95715302890225]}}, {"type": "Feature", "properties": {"OBJECTID": 885, "ID": "53", "TABA": "משמ/96/גז"}, "geometry": {"type": "Point", "coordinates": [34.86197748183132, 31.957057129542356]}}, {"type": "Feature", "properties": {"OBJECTID": 886, "ID": "2002", "TABA": "משמ/96/גז"}, "geometry": {"type": "Point", "coordinates": [34.86606515517446, 31.957187708468478]}}, {"type": "Feature", "properties": {"OBJECTID": 887, "ID": "234", "TABA": "משמ/96/גז"}, "geometry": {"type": "Point", "coordinates": [34.866168274459696, 31.95647626494153]}}, {"type": "Feature", "properties": {"OBJECTID": 888, "ID": "233", "TABA": "משמ/96/גז"}, "geometry": {"type": "Point", "coordinates": [34.86671390405706, 31.956395831128162]}}, {"type": "Feature", "properties": {"OBJECTID": 889, "ID": "232", "TABA": "משמ/96/גז"}, "geometry": {"type": "Point", "coordinates": [34.86715447666828, 31.956345437501515]}}, {"type": "Feature", "properties": {"OBJECTID": 890, "ID": "231", "TABA": "משמ/96/גז"}, "geometry": {"type": "Point", "coordinates": [34.867642651569696, 31.956287633083527]}}, {"type": "Feature", "properties": {"OBJECTID": 891, "ID": "230", "TABA": "משמ/96/גז"}, "geometry": {"type": "Point", "coordinates": [34.86812834371498, 31.95622130082206]}}, {"type": "Feature", "properties": {"OBJECTID": 892, "ID": "229", "TABA": "משמ/96/גז"}, "geometry": {"type": "Point", "coordinates": [34.868580543339505, 31.95618670386369]}}, {"type": "Feature", "properties": {"OBJECTID": 893, "ID": "5", "TABA": "משמ/96/גז"}, "geometry": {"type": "Point", "coordinates": [34.858737752432255, 31.95659587633646]}}, {"type": "Feature", "properties": {"OBJECTID": 894, "ID": "69/1", "TABA": "משמ/96/גז"}, "geometry": {"type": "Point", "coordinates": [34.85951571098542, 31.956893820082083]}}, {"type": "Feature", "properties": {"OBJECTID": 895, "ID": "259", "TABA": "משמ/96/גז"}, "geometry": {"type": "Point", "coordinates": [34.86038656416598, 31.956554151737517]}}, {"type": "Feature", "properties": {"OBJECTID": 896, "ID": "4", "TABA": "משמ/96/גז"}, "geometry": {"type": "Point", "coordinates": [34.85862243192388, 31.956178430853896]}}, {"type": "Feature", "properties": {"OBJECTID": 897, "ID": "258", "TABA": "משמ/96/גז"}, "geometry": {"type": "Point", "coordinates": [34.860848227549106, 31.95647554651551]}}, {"type": "Feature", "properties": {"OBJECTID": 898, "ID": "68", "TABA": "משמ/96/גז"}, "geometry": {"type": "Point", "coordinates": [34.859610394616595, 31.956605808739663]}}, {"type": "Feature", "properties": {"OBJECTID": 899, "ID": "257", "TABA": "משמ/96/גז"}, "geometry": {"type": "Point", "coordinates": [34.86136402184416, 31.956378170424532]}}, {"type": "Feature", "properties": {"OBJECTID": 900, "ID": "256", "TABA": "משמ/96/גז"}, "geometry": {"type": "Point", "coordinates": [34.86194405805763, 31.956272460549993]}}, {"type": "Feature", "properties": {"OBJECTID": 901, "ID": "402", "TABA": "משמ/96/גז"}, "geometry": {"type": "Point", "coordinates": [34.85961301352365, 31.95637478514356]}}, {"type": "Feature", "properties": {"OBJECTID": 902, "ID": "255", "TABA": "משמ/96/גז"}, "geometry": {"type": "Point", "coordinates": [34.86255691791054, 31.95616398036026]}}, {"type": "Feature", "properties": {"OBJECTID": 903, "ID": "3", "TABA": "משמ/96/גז"}, "geometry": {"type": "Point", "coordinates": [34.85850575069379, 31.9558375883682]}}, {"type": "Feature", "properties": {"OBJECTID": 904, "ID": "129", "TABA": "משמ/96/גז"}, "geometry": {"type": "Point", "coordinates": [34.86299879688059, 31.956174778864913]}}, {"type": "Feature", "properties": {"OBJECTID": 905, "ID": "500", "TABA": "משמ/96/גז"}, "geometry": {"type": "Point", "coordinates": [34.855185964166196, 31.955467747737394]}}, {"type": "Feature", "properties": {"OBJECTID": 906, "ID": "404", "TABA": "משמ/96/גז"}, "geometry": {"type": "Point", "coordinates": [34.86335749520087, 31.956113452145004]}}, {"type": "Feature", "properties": {"OBJECTID": 907, "ID": "405", "TABA": "משמ/96/גז"}, "geometry": {"type": "Point", "coordinates": [34.86356154234731, 31.956083603653557]}}, {"type": "Feature", "properties": {"OBJECTID": 908, "ID": "406", "TABA": "משמ/96/גז"}, "geometry": {"type": "Point", "coordinates": [34.86377447688512, 31.956058836919695]}}, {"type": "Feature", "properties": {"OBJECTID": 909, "ID": "21", "TABA": "משמ/96/גז"}, "geometry": {"type": "Point", "coordinates": [34.86377874172763, 31.955457225584844]}}, {"type": "Feature", "properties": {"OBJECTID": 910, "ID": "407", "TABA": "משמ/96/גז"}, "geometry": {"type": "Point", "coordinates": [34.86517567373443, 31.955881419989637]}}, {"type": "Feature", "properties": {"OBJECTID": 911, "ID": "408", "TABA": "משמ/96/גז"}, "geometry": {"type": "Point", "coordinates": [34.86539305193813, 31.955855821020293]}}, {"type": "Feature", "properties": {"OBJECTID": 912, "ID": "20", "TABA": "משמ/96/גז"}, "geometry": {"type": "Point", "coordinates": [34.86091050587893, 31.955376811604427]}}, {"type": "Feature", "properties": {"OBJECTID": 913, "ID": "2", "TABA": "משמ/96/גז"}, "geometry": {"type": "Point", "coordinates": [34.85841671694158, 31.955456589611284]}}, {"type": "Feature", "properties": {"OBJECTID": 914, "ID": "61", "TABA": "משמ/96/גז"}, "geometry": {"type": "Point", "coordinates": [34.859471179916696, 31.95588687413324]}}, {"type": "Feature", "properties": {"OBJECTID": 915, "ID": "226", "TABA": "משמ/96/גז"}, "geometry": {"type": "Point", "coordinates": [34.86613839709356, 31.955673607074164]}}, {"type": "Feature", "properties": {"OBJECTID": 916, "ID": "227", "TABA": "משמ/96/גז"}, "geometry": {"type": "Point", "coordinates": [34.867025408064116, 31.955576607391905]}}, {"type": "Feature", "properties": {"OBJECTID": 917, "ID": "29", "TABA": "משמ/96/גז"}, "geometry": {"type": "Point", "coordinates": [34.86814941699702, 31.952187156638423]}}, {"type": "Feature", "properties": {"OBJECTID": 918, "ID": "360", "TABA": "משמ/96/גז"}, "geometry": {"type": "Point", "coordinates": [34.86742609869173, 31.952784968678767]}}, {"type": "Feature", "properties": {"OBJECTID": 919, "ID": "301", "TABA": "משמ/96/גז"}, "geometry": {"type": "Point", "coordinates": [34.86743012627044, 31.952657243484236]}}, {"type": "Feature", "properties": {"OBJECTID": 920, "ID": "359", "TABA": "משמ/96/גז"}, "geometry": {"type": "Point", "coordinates": [34.867530548266764, 31.952541160284213]}}, {"type": "Feature", "properties": {"OBJECTID": 921, "ID": "356", "TABA": "משמ/96/גז"}, "geometry": {"type": "Point", "coordinates": [34.867117618910086, 31.952552312566375]}}, {"type": "Feature", "properties": {"OBJECTID": 922, "ID": "353", "TABA": "משמ/96/גז"}, "geometry": {"type": "Point", "coordinates": [34.866731174887846, 31.952528972994195]}}, {"type": "Feature", "properties": {"OBJECTID": 923, "ID": "350", "TABA": "משמ/96/גז"}, "geometry": {"type": "Point", "coordinates": [34.866379313526984, 31.952518476791543]}}, {"type": "Feature", "properties": {"OBJECTID": 924, "ID": "237", "TABA": "משמ/96/גז"}, "geometry": {"type": "Point", "coordinates": [34.8592772025884, 31.954512808618073]}}, {"type": "Feature", "properties": {"OBJECTID": 925, "ID": "23", "TABA": "משמ/96/גז"}, "geometry": {"type": "Point", "coordinates": [34.865902609115075, 31.95317697062558]}}, {"type": "Feature", "properties": {"OBJECTID": 926, "ID": "253", "TABA": "משמ/96/גז"}, "geometry": {"type": "Point", "coordinates": [34.86830999633317, 31.954403953932967]}}, {"type": "Feature", "properties": {"OBJECTID": 927, "ID": "238", "TABA": "משמ/96/גז"}, "geometry": {"type": "Point", "coordinates": [34.85931157789909, 31.95414840806989]}}, {"type": "Feature", "properties": {"OBJECTID": 928, "ID": "2007", "TABA": "משמ/96/גז"}, "geometry": {"type": "Point", "coordinates": [34.868313256017984, 31.954526903493697]}}, {"type": "Feature", "properties": {"OBJECTID": 929, "ID": "2006", "TABA": "משמ/96/גז"}, "geometry": {"type": "Point", "coordinates": [34.863727212288154, 31.95460845004019]}}, {"type": "Feature", "properties": {"OBJECTID": 930, "ID": "347", "TABA": "משמ/96/גז"}, "geometry": {"type": "Point", "coordinates": [34.8659894176223, 31.95249971327859]}}, {"type": "Feature", "properties": {"OBJECTID": 931, "ID": "346", "TABA": "משמ/96/גז"}, "geometry": {"type": "Point", "coordinates": [34.866026271821156, 31.952309463887353]}}, {"type": "Feature", "properties": {"OBJECTID": 932, "ID": "302", "TABA": "משמ/96/גז"}, "geometry": {"type": "Point", "coordinates": [34.86621141838993, 31.952164880324585]}}, {"type": "Feature", "properties": {"OBJECTID": 933, "ID": "357", "TABA": "משמ/96/גז"}, "geometry": {"type": "Point", "coordinates": [34.86751977733872, 31.952172271827923]}}, {"type": "Feature", "properties": {"OBJECTID": 934, "ID": "354", "TABA": "משמ/96/גז"}, "geometry": {"type": "Point", "coordinates": [34.8670961643793, 31.95215079168799]}}, {"type": "Feature", "properties": {"OBJECTID": 935, "ID": "351", "TABA": "משמ/96/גז"}, "geometry": {"type": "Point", "coordinates": [34.86678124818143, 31.952133602304727]}}, {"type": "Feature", "properties": {"OBJECTID": 936, "ID": "348", "TABA": "משמ/96/גז"}, "geometry": {"type": "Point", "coordinates": [34.866392689162424, 31.952115273752906]}}, {"type": "Feature", "properties": {"OBJECTID": 937, "ID": "345", "TABA": "משמ/96/גז"}, "geometry": {"type": "Point", "coordinates": [34.86604275310558, 31.952102835643803]}}, {"type": "Feature", "properties": {"OBJECTID": 938, "ID": "410", "TABA": "משמ/96/גז"}, "geometry": {"type": "Point", "coordinates": [34.867551653741764, 31.955671799838033]}}, {"type": "Feature", "properties": {"OBJECTID": 939, "ID": "62/1", "TABA": "משמ/96/גז"}, "geometry": {"type": "Point", "coordinates": [34.859428265172006, 31.95556558203216]}}, {"type": "Feature", "properties": {"OBJECTID": 940, "ID": "228", "TABA": "משמ/96/גז"}, "geometry": {"type": "Point", "coordinates": [34.86816788241816, 31.95545304988824]}}, {"type": "Feature", "properties": {"OBJECTID": 941, "ID": "1", "TABA": "משמ/96/גז"}, "geometry": {"type": "Point", "coordinates": [34.8583779167714, 31.955097118569544]}}, {"type": "Feature", "properties": {"OBJECTID": 942, "ID": "62/2", "TABA": "משמ/96/גז"}, "geometry": {"type": "Point", "coordinates": [34.85940730392519, 31.95528029564172]}}, {"type": "Feature", "properties": {"OBJECTID": 943, "ID": "63", "TABA": "משמ/96/גז"}, "geometry": {"type": "Point", "coordinates": [34.85941561036583, 31.954925135454207]}}, {"type": "Feature", "properties": {"OBJECTID": 944, "ID": "412", "TABA": "משמ/96/גז"}, "geometry": {"type": "Point", "coordinates": [34.867412140360926, 31.95508240051333]}}, {"type": "Feature", "properties": {"OBJECTID": 945, "ID": "201", "TABA": "משמ/96/גז"}, "geometry": {"type": "Point", "coordinates": [34.858426645800286, 31.95468202707791]}}, {"type": "Feature", "properties": {"OBJECTID": 946, "ID": "413", "TABA": "משמ/96/גז"}, "geometry": {"type": "Point", "coordinates": [34.867414143417996, 31.95487852214058]}}, {"type": "Feature", "properties": {"OBJECTID": 947, "ID": "414", "TABA": "משמ/96/גז"}, "geometry": {"type": "Point", "coordinates": [34.867418075853315, 31.954678678164264]}}, {"type": "Feature", "properties": {"OBJECTID": 948, "ID": "202", "TABA": "משמ/96/גז"}, "geometry": {"type": "Point", "coordinates": [34.858449091813135, 31.954296014903434]}}, {"type": "Feature", "properties": {"OBJECTID": 949, "ID": "208", "TABA": "משמ/96/גז"}, "geometry": {"type": "Point", "coordinates": [34.858643183427176, 31.951944070369567]}}, {"type": "Feature", "properties": {"OBJECTID": 950, "ID": "203", "TABA": "משמ/96/גז"}, "geometry": {"type": "Point", "coordinates": [34.858484679606, 31.953922779255766]}}, {"type": "Feature", "properties": {"OBJECTID": 951, "ID": "415", "TABA": "משמ/96/גז"}, "geometry": {"type": "Point", "coordinates": [34.868111523788755, 31.954176748821762]}}, {"type": "Feature", "properties": {"OBJECTID": 952, "ID": "252", "TABA": "משמ/96/גז"}, "geometry": {"type": "Point", "coordinates": [34.868118407672185, 31.953880562415037]}}, {"type": "Feature", "properties": {"OBJECTID": 953, "ID": "239", "TABA": "משמ/96/גז"}, "geometry": {"type": "Point", "coordinates": [34.859346122523654, 31.95377061157994]}}, {"type": "Feature", "properties": {"OBJECTID": 954, "ID": "204", "TABA": "משמ/96/גז"}, "geometry": {"type": "Point", "coordinates": [34.85853257649506, 31.95356517298429]}}, {"type": "Feature", "properties": {"OBJECTID": 955, "ID": "251", "TABA": "משמ/96/גז"}, "geometry": {"type": "Point", "coordinates": [34.86813294111801, 31.95347196859309]}}, {"type": "Feature", "properties": {"OBJECTID": 956, "ID": "240", "TABA": "משמ/96/גז"}, "geometry": {"type": "Point", "coordinates": [34.85938021412502, 31.953382350137257]}}, {"type": "Feature", "properties": {"OBJECTID": 957, "ID": "205", "TABA": "גז/מק/23/475"}, "geometry": {"type": "Point", "coordinates": [34.858588987610226, 31.95318357649226]}}, {"type": "Feature", "properties": {"OBJECTID": 958, "ID": "363", "TABA": "משמ/96/גז"}, "geometry": {"type": "Point", "coordinates": [34.86741838145148, 31.95332682015293]}}, {"type": "Feature", "properties": {"OBJECTID": 959, "ID": "320", "TABA": "משמ/96/גז"}, "geometry": {"type": "Point", "coordinates": [34.85936561809669, 31.953076596348765]}}, {"type": "Feature", "properties": {"OBJECTID": 960, "ID": "362", "TABA": "משמ/96/גז"}, "geometry": {"type": "Point", "coordinates": [34.867418114505554, 31.953144685535936]}}, {"type": "Feature", "properties": {"OBJECTID": 961, "ID": "250", "TABA": "משמ/96/גז"}, "geometry": {"type": "Point", "coordinates": [34.868139032578604, 31.952941475562785]}}, {"type": "Feature", "properties": {"OBJECTID": 962, "ID": "206", "TABA": "משמ/96/גז"}, "geometry": {"type": "Point", "coordinates": [34.8585955827217, 31.952803759744114]}}, {"type": "Feature", "properties": {"OBJECTID": 963, "ID": "361", "TABA": "משמ/96/גז"}, "geometry": {"type": "Point", "coordinates": [34.867420155534674, 31.952966017280705]}}, {"type": "Feature", "properties": {"OBJECTID": 964, "ID": "321", "TABA": "משמ/96/גז"}, "geometry": {"type": "Point", "coordinates": [34.85938092562103, 31.952895139867646]}}, {"type": "Feature", "properties": {"OBJECTID": 965, "ID": "322", "TABA": "משמ/96/גז"}, "geometry": {"type": "Point", "coordinates": [34.859395000749224, 31.95272927411231]}}, {"type": "Feature", "properties": {"OBJECTID": 966, "ID": "207", "TABA": "משמ/96/גז"}, "geometry": {"type": "Point", "coordinates": [34.858621087086306, 31.95235967654233]}}, {"type": "Feature", "properties": {"OBJECTID": 967, "ID": "358", "TABA": "משמ/96/גז"}, "geometry": {"type": "Point", "coordinates": [34.867514646809354, 31.952367792140215]}}, {"type": "Feature", "properties": {"OBJECTID": 968, "ID": "27", "TABA": "משמ/96/גז"}, "geometry": {"type": "Point", "coordinates": [34.86094797122637, 31.95210509605244]}}, {"type": "Feature", "properties": {"OBJECTID": 969, "ID": "2009", "TABA": "משמ/96/גז"}, "geometry": {"type": "Point", "coordinates": [34.8629189471607, 31.95216827429329]}}, {"type": "Feature", "properties": {"OBJECTID": 970, "ID": "355", "TABA": "משמ/96/גז"}, "geometry": {"type": "Point", "coordinates": [34.86708526961665, 31.952358724503686]}}, {"type": "Feature", "properties": {"OBJECTID": 971, "ID": "352", "TABA": "משמ/96/גז"}, "geometry": {"type": "Point", "coordinates": [34.866767900509046, 31.95234599072192]}}, {"type": "Feature", "properties": {"OBJECTID": 972, "ID": "349", "TABA": "משמ/96/גז"}, "geometry": {"type": "Point", "coordinates": [34.866378204397826, 31.9523245451516]}}, {"type": "Feature", "properties": {"OBJECTID": 973, "ID": "2013", "TABA": "משמ/96/גז"}, "geometry": {"type": "Point", "coordinates": [34.86582594666456, 31.95221839909872]}}, {"type": "Feature", "properties": {"OBJECTID": 974, "ID": "155", "TABA": "משמ/96/גז"}, "geometry": {"type": "Point", "coordinates": [34.861493122010316, 31.958830251201533]}}, {"type": "Feature", "properties": {"OBJECTID": 975, "ID": "69/2", "TABA": "משמ/96/גז"}, "geometry": {"type": "Point", "coordinates": [34.85977964387252, 31.95683854249547]}}, {"type": "Feature", "properties": {"OBJECTID": 976, "ID": "69/3", "TABA": "משמ/96/גז"}, "geometry": {"type": "Point", "coordinates": [34.86005706520123, 31.95677045557811]}}, {"type": "Feature", "properties": {"OBJECTID": 977, "ID": "401", "TABA": "משמ/96/גז"}, "geometry": {"type": "Point", "coordinates": [34.85953721088353, 31.956173122485033]}}, {"type": "Feature", "properties": {"OBJECTID": 978, "ID": "124", "TABA": "משמ/96/גז"}, "geometry": {"type": "Point", "coordinates": [34.857099758068436, 31.954964456792315]}}, {"type": "Feature", "properties": {"OBJECTID": 979, "ID": "123", "TABA": "משמ/96/גז"}, "geometry": {"type": "Point", "coordinates": [34.855536431175395, 31.955448154370732]}}, {"type": "Feature", "properties": {"OBJECTID": 980, "ID": "2008", "TABA": "משמ/96/גז"}, "geometry": {"type": "Point", "coordinates": [34.85941286319299, 31.95255358260897]}}, {"type": "Feature", "properties": {"OBJECTID": 981, "ID": "403", "TABA": "משמ/96/גז"}, "geometry": {"type": "Point", "coordinates": [34.863145692415294, 31.956136450969478]}}, {"type": "Feature", "properties": {"OBJECTID": 982, "ID": "409", "TABA": "משמ/96/גז"}, "geometry": {"type": "Point", "coordinates": [34.865614853788834, 31.955834187010584]}}, {"type": "Feature", "properties": {"OBJECTID": 983, "ID": "132", "TABA": "משמ/96/גז"}, "geometry": {"type": "Point", "coordinates": [34.86573254366523, 31.95535007087955]}}, {"type": "Feature", "properties": {"OBJECTID": 984, "ID": "411", "TABA": "משמ/96/גז"}, "geometry": {"type": "Point", "coordinates": [34.86752816846191, 31.95535448114639]}}, {"type": "Feature", "properties": {"OBJECTID": 985, "ID": "364", "TABA": "משמ/96/גז"}, "geometry": {"type": "Point", "coordinates": [34.86741362524365, 31.953502007423392]}}, {"type": "Feature", "properties": {"OBJECTID": 986, "ID": "416", "TABA": "משמ/96/גז"}, "geometry": {"type": "Point", "coordinates": [34.86813927813382, 31.952537246476943]}}, {"type": "Feature", "properties": {"OBJECTID": 987, "ID": "417", "TABA": "משמ/96/גז"}, "geometry": {"type": "Point", "coordinates": [34.868144592755186, 31.952327124528345]}}, {"type": "Feature", "properties": {"OBJECTID": 988, "ID": "323/3", "TABA": "גז/25/475"}, "geometry": {"type": "Point", "coordinates": [34.86836266059126, 31.95513038419884]}}, {"type": "Feature", "properties": {"OBJECTID": 989, "ID": "323/2", "TABA": "גז/25/475"}, "geometry": {"type": "Point", "coordinates": [34.86835841527628, 31.9549315330864]}}, {"type": "Feature", "properties": {"OBJECTID": 990, "ID": "323/1", "TABA": "גז/25/475"}, "geometry": {"type": "Point", "coordinates": [34.86803912383466, 31.95506301466422]}}, {"type": "Feature", "properties": {"OBJECTID": 991, "ID": "219", "TABA": "משמ/96/גז"}, "geometry": {"type": "Point", "coordinates": [34.868907580904455, 31.949971286486264]}}, {"type": "Feature", "properties": {"OBJECTID": 992, "ID": "(1115)600", "TABA": "425-0220525"}, "geometry": {"type": "Point", "coordinates": [34.857845533851034, 31.951140613406533]}}, {"type": "Feature", "properties": {"OBJECTID": 993, "ID": "(115 )500", "TABA": "425-0220525"}, "geometry": {"type": "Point", "coordinates": [34.85893249054509, 31.95127496326327]}}, {"type": "Feature", "properties": {"OBJECTID": 994, "ID": "136", "TABA": "משמ/96/גז"}, "geometry": {"type": "Point", "coordinates": [34.868351087231034, 31.949810631242144]}}, {"type": "Feature", "properties": {"OBJECTID": 995, "ID": "119", "TABA": "משמ/96/גז"}, "geometry": {"type": "Point", "coordinates": [34.85972221225502, 31.949567487915342]}}, {"type": "Feature", "properties": {"OBJECTID": 996, "ID": "16", "TABA": "משמ/96/גז"}, "geometry": {"type": "Point", "coordinates": [34.86796532633118, 31.9496475898001]}}, {"type": "Feature", "properties": {"OBJECTID": 997, "ID": "155", "TABA": "משמ/96/גז"}, "geometry": {"type": "Point", "coordinates": [34.863393548242094, 31.949603815248445]}}, {"type": "Feature", "properties": {"OBJECTID": 998, "ID": "135", "TABA": "משמ/96/גז"}, "geometry": {"type": "Point", "coordinates": [34.86489908309052, 31.949095236974568]}}, {"type": "Feature", "properties": {"OBJECTID": 999, "ID": "434", "TABA": "משמ/96/גז"}, "geometry": {"type": "Point", "coordinates": [34.86770683454843, 31.949531655239372]}}, {"type": "Feature", "properties": {"OBJECTID": 1000, "ID": "156", "TABA": "משמ/96/גז"}, "geometry": {"type": "Point", "coordinates": [34.86367991473878, 31.949435867031593]}}, {"type": "Feature", "properties": {"OBJECTID": 1001, "ID": "433", "TABA": "משמ/96/גז"}, "geometry": {"type": "Point", "coordinates": [34.8675171907249, 31.94946123678855]}}, {"type": "Feature", "properties": {"OBJECTID": 1002, "ID": "א135", "TABA": "משמ/96/גז"}, "geometry": {"type": "Point", "coordinates": [34.86088144213873, 31.949460888661925]}}, {"type": "Feature", "properties": {"OBJECTID": 1003, "ID": "108", "TABA": "משמ/96/גז"}, "geometry": {"type": "Point", "coordinates": [34.86327397411301, 31.948510447557837]}}, {"type": "Feature", "properties": {"OBJECTID": 1004, "ID": "432", "TABA": "משמ/96/גז"}, "geometry": {"type": "Point", "coordinates": [34.86732754170335, 31.949384499961617]}}, {"type": "Feature", "properties": {"OBJECTID": 1005, "ID": "431", "TABA": "משמ/96/גז"}, "geometry": {"type": "Point", "coordinates": [34.86713883114514, 31.949308345207893]}}, {"type": "Feature", "properties": {"OBJECTID": 1006, "ID": "109", "TABA": "משמ/96/גז"}, "geometry": {"type": "Point", "coordinates": [34.86270807607196, 31.94827844618535]}}, {"type": "Feature", "properties": {"OBJECTID": 1007, "ID": "א136", "TABA": "משמ/96/גז"}, "geometry": {"type": "Point", "coordinates": [34.860888485420794, 31.94926668228709]}}, {"type": "Feature", "properties": {"OBJECTID": 1008, "ID": "120", "TABA": "משמ/96/גז"}, "geometry": {"type": "Point", "coordinates": [34.859909414911876, 31.949193046932333]}}, {"type": "Feature", "properties": {"OBJECTID": 1009, "ID": "430", "TABA": "משמ/96/גז"}, "geometry": {"type": "Point", "coordinates": [34.866947435452715, 31.94924029572017]}}, {"type": "Feature", "properties": {"OBJECTID": 1010, "ID": "419", "TABA": "משמ/96/גז"}, "geometry": {"type": "Point", "coordinates": [34.86394255282842, 31.949295314653376]}}, {"type": "Feature", "properties": {"OBJECTID": 1011, "ID": "264/1", "TABA": "משמ/96/גז"}, "geometry": {"type": "Point", "coordinates": [34.86385107111112, 31.948531798350608]}}, {"type": "Feature", "properties": {"OBJECTID": 1012, "ID": "420/1", "TABA": "משמ/96/גז"}, "geometry": {"type": "Point", "coordinates": [34.865025944754066, 31.948460461177337]}}, {"type": "Feature", "properties": {"OBJECTID": 1013, "ID": "122", "TABA": "משמ/96/גז"}, "geometry": {"type": "Point", "coordinates": [34.86039690982541, 31.94833568153295]}}, {"type": "Feature", "properties": {"OBJECTID": 1014, "ID": "36", "TABA": "משמ/96/גז"}, "geometry": {"type": "Point", "coordinates": [34.86764504372569, 31.95168606795763]}}, {"type": "Feature", "properties": {"OBJECTID": 1015, "ID": "26", "TABA": "משמ/96/גז"}, "geometry": {"type": "Point", "coordinates": [34.86726968894484, 31.94497821307437]}}, {"type": "Feature", "properties": {"OBJECTID": 1016, "ID": "17", "TABA": "משמ/96/גז"}, "geometry": {"type": "Point", "coordinates": [34.86854252948109, 31.94901434269691]}}, {"type": "Feature", "properties": {"OBJECTID": 1017, "ID": "107", "TABA": "משמ/96/גז"}, "geometry": {"type": "Point", "coordinates": [34.863396972210076, 31.95000119421169]}}, {"type": "Feature", "properties": {"OBJECTID": 1018, "ID": "139", "TABA": "משמ/96/גז"}, "geometry": {"type": "Point", "coordinates": [34.861226782786176, 31.948457397620302]}}, {"type": "Feature", "properties": {"OBJECTID": 1019, "ID": "420", "TABA": "משמ/96/גז"}, "geometry": {"type": "Point", "coordinates": [34.8648149091198, 31.948359430014857]}}, {"type": "Feature", "properties": {"OBJECTID": 1020, "ID": "218", "TABA": "משמ/96/גז"}, "geometry": {"type": "Point", "coordinates": [34.8644728361197, 31.94810233321624]}}, {"type": "Feature", "properties": {"OBJECTID": 1021, "ID": "א140", "TABA": "משמ/96/גז"}, "geometry": {"type": "Point", "coordinates": [34.861381321570676, 31.948186349665473]}}, {"type": "Feature", "properties": {"OBJECTID": 1022, "ID": "18", "TABA": "משמ/96/גז"}, "geometry": {"type": "Point", "coordinates": [34.867596020934315, 31.948177895342727]}}, {"type": "Feature", "properties": {"OBJECTID": 1023, "ID": "217", "TABA": "משמ/96/גז"}, "geometry": {"type": "Point", "coordinates": [34.86388273843869, 31.947923345599563]}}, {"type": "Feature", "properties": {"OBJECTID": 1024, "ID": "123", "TABA": "משמ/96/גז"}, "geometry": {"type": "Point", "coordinates": [34.86059378149046, 31.94792520316737]}}, {"type": "Feature", "properties": {"OBJECTID": 1025, "ID": "141/1", "TABA": "משמ/96/גז"}, "geometry": {"type": "Point", "coordinates": [34.86181028755314, 31.94789921163373]}}, {"type": "Feature", "properties": {"OBJECTID": 1026, "ID": "141", "TABA": "משמ/96/גז"}, "geometry": {"type": "Point", "coordinates": [34.86147266695319, 31.947860201648098]}}, {"type": "Feature", "properties": {"OBJECTID": 1027, "ID": "216", "TABA": "משמ/96/גז"}, "geometry": {"type": "Point", "coordinates": [34.863301976966696, 31.947675627238386]}}, {"type": "Feature", "properties": {"OBJECTID": 1028, "ID": "215", "TABA": "משמ/96/גז"}, "geometry": {"type": "Point", "coordinates": [34.86278213058608, 31.947472614998695]}}, {"type": "Feature", "properties": {"OBJECTID": 1029, "ID": "124", "TABA": "משמ/96/גז"}, "geometry": {"type": "Point", "coordinates": [34.86086303600699, 31.947538655016974]}}, {"type": "Feature", "properties": {"OBJECTID": 1030, "ID": "210", "TABA": "משמ/96/גז"}, "geometry": {"type": "Point", "coordinates": [34.862120793861976, 31.94733350669443]}}, {"type": "Feature", "properties": {"OBJECTID": 1031, "ID": "211", "TABA": "משמ/96/גז"}, "geometry": {"type": "Point", "coordinates": [34.86127431507237, 31.947072355241822]}}, {"type": "Feature", "properties": {"OBJECTID": 1032, "ID": "214", "TABA": "משמ/96/גז"}, "geometry": {"type": "Point", "coordinates": [34.86248503628606, 31.946868363055227]}}, {"type": "Feature", "properties": {"OBJECTID": 1033, "ID": "221", "TABA": "משמ/96/גז"}, "geometry": {"type": "Point", "coordinates": [34.868243292029845, 31.951439738365405]}}, {"type": "Feature", "properties": {"OBJECTID": 1034, "ID": "104", "TABA": "משמ/96/גז"}, "geometry": {"type": "Point", "coordinates": [34.862985307949344, 31.951373752227784]}}, {"type": "Feature", "properties": {"OBJECTID": 1035, "ID": "114", "TABA": "משמ/96/גז"}, "geometry": {"type": "Point", "coordinates": [34.859742975270215, 31.951301958106775]}}, {"type": "Feature", "properties": {"OBJECTID": 1036, "ID": "102", "TABA": "משמ/96/גז"}, "geometry": {"type": "Point", "coordinates": [34.86377885572905, 31.95096046834166]}}, {"type": "Feature", "properties": {"OBJECTID": 1037, "ID": "113", "TABA": "משמ/96/גז"}, "geometry": {"type": "Point", "coordinates": [34.85995291186139, 31.95084770021614]}}, {"type": "Feature", "properties": {"OBJECTID": 1038, "ID": "220", "TABA": "משמ/96/גז"}, "geometry": {"type": "Point", "coordinates": [34.868587398161935, 31.950687128239466]}}, {"type": "Feature", "properties": {"OBJECTID": 1039, "ID": "105", "TABA": "משמ/96/גז"}, "geometry": {"type": "Point", "coordinates": [34.863025669861116, 31.95086659566288]}}, {"type": "Feature", "properties": {"OBJECTID": 1040, "ID": "116", "TABA": "משמ/96/גז"}, "geometry": {"type": "Point", "coordinates": [34.85904774079993, 31.950858120538683]}}, {"type": "Feature", "properties": {"OBJECTID": 1041, "ID": "101", "TABA": "משמ/96/גז"}, "geometry": {"type": "Point", "coordinates": [34.86398080550509, 31.95048174502167]}}, {"type": "Feature", "properties": {"OBJECTID": 1042, "ID": "112", "TABA": "משמ/96/גז"}, "geometry": {"type": "Point", "coordinates": [34.860152612618386, 31.950421973590892]}}, {"type": "Feature", "properties": {"OBJECTID": 1043, "ID": "106", "TABA": "משמ/96/גז"}, "geometry": {"type": "Point", "coordinates": [34.86319637953711, 31.950383784680227]}}, {"type": "Feature", "properties": {"OBJECTID": 1044, "ID": "117", "TABA": "משמ/96/גז"}, "geometry": {"type": "Point", "coordinates": [34.859267935615435, 31.950418722812433]}}, {"type": "Feature", "properties": {"OBJECTID": 1045, "ID": "100", "TABA": "משמ/96/גז"}, "geometry": {"type": "Point", "coordinates": [34.86418841115504, 31.94998625471311]}}, {"type": "Feature", "properties": {"OBJECTID": 1046, "ID": "111", "TABA": "משמ/96/גז"}, "geometry": {"type": "Point", "coordinates": [34.86042743687751, 31.94989965981339]}}, {"type": "Feature", "properties": {"OBJECTID": 1047, "ID": "118", "TABA": "משמ/96/גז"}, "geometry": {"type": "Point", "coordinates": [34.85947902269595, 31.94998952464274]}}, {"type": "Feature", "properties": {"OBJECTID": 1048, "ID": "99", "TABA": "משמ/96/גז"}, "geometry": {"type": "Point", "coordinates": [34.86452972835034, 31.949564282150984]}}, {"type": "Feature", "properties": {"OBJECTID": 1049, "ID": "222", "TABA": "משמ/96/גז"}, "geometry": {"type": "Point", "coordinates": [34.86821808351081, 31.951972791658864]}}, {"type": "Feature", "properties": {"OBJECTID": 1050, "ID": "94", "TABA": "משמ/96/גז"}, "geometry": {"type": "Point", "coordinates": [34.867997106902536, 31.950339151045785]}}, {"type": "Feature", "properties": {"OBJECTID": 1051, "ID": "95", "TABA": "משמ/96/גז"}, "geometry": {"type": "Point", "coordinates": [34.86753158789788, 31.95018935018397]}}, {"type": "Feature", "properties": {"OBJECTID": 1052, "ID": "96", "TABA": "משמ/96/גז"}, "geometry": {"type": "Point", "coordinates": [34.86706653319092, 31.950027814503805]}}, {"type": "Feature", "properties": {"OBJECTID": 1053, "ID": "97", "TABA": "משמ/96/גז"}, "geometry": {"type": "Point", "coordinates": [34.866721040797046, 31.949886717182853]}}, {"type": "Feature", "properties": {"OBJECTID": 1054, "ID": "98", "TABA": "משמ/96/גז"}, "geometry": {"type": "Point", "coordinates": [34.866387952429264, 31.94981305229556]}}, {"type": "Feature", "properties": {"OBJECTID": 1055, "ID": "103", "TABA": "משמ/96/גז"}, "geometry": {"type": "Point", "coordinates": [34.86366219959837, 31.951482257934103]}}, {"type": "Feature", "properties": {"OBJECTID": 1056, "ID": "429", "TABA": "משמ/96/גז"}, "geometry": {"type": "Point", "coordinates": [34.866747738162736, 31.949148008475063]}}, {"type": "Feature", "properties": {"OBJECTID": 1057, "ID": "110", "TABA": "משמ/96/גז"}, "geometry": {"type": "Point", "coordinates": [34.86213941414554, 31.948126018656914]}}, {"type": "Feature", "properties": {"OBJECTID": 1058, "ID": "13", "TABA": "משמ/96/גז"}, "geometry": {"type": "Point", "coordinates": [34.861480167874376, 31.95020599284222]}}, {"type": "Feature", "properties": {"OBJECTID": 1059, "ID": "264/4", "TABA": "משמ/96/גז"}, "geometry": {"type": "Point", "coordinates": [34.86354685258589, 31.949148267346725]}}, {"type": "Feature", "properties": {"OBJECTID": 1060, "ID": "428", "TABA": "משמ/96/גז"}, "geometry": {"type": "Point", "coordinates": [34.86655220520361, 31.949072519184764]}}, {"type": "Feature", "properties": {"OBJECTID": 1061, "ID": "418", "TABA": "משמ/96/גז"}, "geometry": {"type": "Point", "coordinates": [34.86409492881169, 31.94911054907207]}}, {"type": "Feature", "properties": {"OBJECTID": 1062, "ID": "137", "TABA": "משמ/96/גז"}, "geometry": {"type": "Point", "coordinates": [34.8609348299403, 31.949024637498727]}}, {"type": "Feature", "properties": {"OBJECTID": 1063, "ID": "427", "TABA": "משמ/96/גז"}, "geometry": {"type": "Point", "coordinates": [34.86637139493973, 31.94899454371562]}}, {"type": "Feature", "properties": {"OBJECTID": 1064, "ID": "426", "TABA": "משמ/96/גז"}, "geometry": {"type": "Point", "coordinates": [34.86617759936234, 31.94891904043766]}}, {"type": "Feature", "properties": {"OBJECTID": 1065, "ID": "264/3", "TABA": "משמ/96/גז"}, "geometry": {"type": "Point", "coordinates": [34.8636333289856, 31.948924478167598]}}, {"type": "Feature", "properties": {"OBJECTID": 1066, "ID": "15", "TABA": "משמ/96/גז"}, "geometry": {"type": "Point", "coordinates": [34.864284649951195, 31.948847277076144]}}, {"type": "Feature", "properties": {"OBJECTID": 1067, "ID": "425", "TABA": "משמ/96/גז"}, "geometry": {"type": "Point", "coordinates": [34.865990378950706, 31.948839973298973]}}, {"type": "Feature", "properties": {"OBJECTID": 1068, "ID": "121", "TABA": "משמ/96/גז"}, "geometry": {"type": "Point", "coordinates": [34.86011099205262, 31.94877034369396]}}, {"type": "Feature", "properties": {"OBJECTID": 1069, "ID": "424", "TABA": "משמ/96/גז"}, "geometry": {"type": "Point", "coordinates": [34.86578836317259, 31.948764643215394]}}, {"type": "Feature", "properties": {"OBJECTID": 1070, "ID": "423", "TABA": "משמ/96/גז"}, "geometry": {"type": "Point", "coordinates": [34.86560146528643, 31.94868634650972]}}, {"type": "Feature", "properties": {"OBJECTID": 1071, "ID": "138", "TABA": "משמ/96/גז"}, "geometry": {"type": "Point", "coordinates": [34.861095837746966, 31.94871786960473]}}, {"type": "Feature", "properties": {"OBJECTID": 1072, "ID": "264/2", "TABA": "משמ/96/גז"}, "geometry": {"type": "Point", "coordinates": [34.863747071332355, 31.948729152836474]}}, {"type": "Feature", "properties": {"OBJECTID": 1073, "ID": "422", "TABA": "משמ/96/גז"}, "geometry": {"type": "Point", "coordinates": [34.86541644098041, 31.948613774710225]}}, {"type": "Feature", "properties": {"OBJECTID": 1074, "ID": "421", "TABA": "משמ/96/גז"}, "geometry": {"type": "Point", "coordinates": [34.86522305760341, 31.948535902925293]}}, {"type": "Feature", "properties": {"OBJECTID": 1075, "ID": "212", "TABA": "משמ/96/גז"}, "geometry": {"type": "Point", "coordinates": [34.86150422775447, 31.946589122725253]}}, {"type": "Feature", "properties": {"OBJECTID": 1076, "ID": "213", "TABA": "משמ/96/גז"}, "geometry": {"type": "Point", "coordinates": [34.86190358378762, 31.946134559944568]}}, {"type": "Feature", "properties": {"OBJECTID": 1077, "ID": "302", "TABA": "גז/17/475"}, "geometry": {"type": "Point", "coordinates": [34.86101811988823, 31.960448658124992]}}, {"type": "Feature", "properties": {"OBJECTID": 1078, "ID": "301ב", "TABA": "גז/17/475"}, "geometry": {"type": "Point", "coordinates": [34.860560422424356, 31.96025389869993]}}, {"type": "Feature", "properties": {"OBJECTID": 1079, "ID": "301א", "TABA": "גז/17/475"}, "geometry": {"type": "Point", "coordinates": [34.86067877974327, 31.960679319712458]}}, {"type": "Feature", "properties": {"OBJECTID": 1080, "ID": "303", "TABA": "גז/17/475"}, "geometry": {"type": "Point", "coordinates": [34.86141328483548, 31.960365411677845]}}, {"type": "Feature", "properties": {"OBJECTID": 1081, "ID": "304", "TABA": "גז/17/475"}, "geometry": {"type": "Point", "coordinates": [34.86180118516396, 31.960326327577523]}}, {"type": "Feature", "properties": {"OBJECTID": 1082, "ID": "305", "TABA": "גז/17/475"}, "geometry": {"type": "Point", "coordinates": [34.862170730051254, 31.96026560804125]}}, {"type": "Feature", "properties": {"OBJECTID": 1083, "ID": "306", "TABA": "גז/17/475"}, "geometry": {"type": "Point", "coordinates": [34.86256862681557, 31.960180576163836]}}, {"type": "Feature", "properties": {"OBJECTID": 1084, "ID": "308", "TABA": "גז/17/475"}, "geometry": {"type": "Point", "coordinates": [34.862011200834296, 31.959226152510844]}}, {"type": "Feature", "properties": {"OBJECTID": 1085, "ID": "307", "TABA": "גז/17/475"}, "geometry": {"type": "Point", "coordinates": [34.862440271111986, 31.959067871819602]}}, {"type": "Feature", "properties": {"OBJECTID": 1086, "ID": "309", "TABA": "גז/17/475"}, "geometry": {"type": "Point", "coordinates": [34.861611391929806, 31.959283873461324]}}, {"type": "Feature", "properties": {"OBJECTID": 1087, "ID": "311", "TABA": "גז/17/475"}, "geometry": {"type": "Point", "coordinates": [34.86081210096527, 31.95945176703245]}}, {"type": "Feature", "properties": {"OBJECTID": 1088, "ID": "2001", "TABA": "גז/6/307"}, "geometry": {"type": "Point", "coordinates": [34.85505253511612, 31.960518050623353]}}, {"type": "Feature", "properties": {"OBJECTID": 1089, "ID": "310", "TABA": "גז/17/475"}, "geometry": {"type": "Point", "coordinates": [34.86121115599081, 31.959356737863622]}}, {"type": "Feature", "properties": {"OBJECTID": 1090, "ID": "312", "TABA": "גז/17/475"}, "geometry": {"type": "Point", "coordinates": [34.860396360626936, 31.95951868637168]}}, {"type": "Feature", "properties": {"OBJECTID": 1091, "ID": "101", "TABA": "גז/מק/10/307"}, "geometry": {"type": "Point", "coordinates": [34.85803450052528, 31.95977684502317]}}, {"type": "Feature", "properties": {"OBJECTID": 1092, "ID": "102", "TABA": "גז/מק/10/307"}, "geometry": {"type": "Point", "coordinates": [34.85862863139741, 31.961042664661846]}}, {"type": "Feature", "properties": {"OBJECTID": 1093, "ID": "858", "TABA": "תמל/1087"}, "geometry": {"type": "Point", "coordinates": [34.87326695395768, 31.96187901023444]}}, {"type": "Feature", "properties": {"OBJECTID": 1094, "ID": "881", "TABA": "תמל/1087"}, "geometry": {"type": "Point", "coordinates": [34.87455696384983, 31.96237594309481]}}, {"type": "Feature", "properties": {"OBJECTID": 1095, "ID": "883", "TABA": "תמל/1087"}, "geometry": {"type": "Point", "coordinates": [34.87394632371089, 31.961137914703933]}}, {"type": "Feature", "properties": {"OBJECTID": 1096, "ID": "904", "TABA": "תמל/1087"}, "geometry": {"type": "Point", "coordinates": [34.87310910907951, 31.957051023958496]}}, {"type": "Feature", "properties": {"OBJECTID": 1097, "ID": "905", "TABA": "תמל/1087"}, "geometry": {"type": "Point", "coordinates": [34.872721410351446, 31.958549631551023]}}, {"type": "Feature", "properties": {"OBJECTID": 1098, "ID": "906", "TABA": "תמל/1087"}, "geometry": {"type": "Point", "coordinates": [34.872178718259484, 31.957828659565575]}}, {"type": "Feature", "properties": {"OBJECTID": 1099, "ID": "637", "TABA": "תמל/1087"}, "geometry": {"type": "Point", "coordinates": [34.869785177175764, 31.95940707492077]}}, {"type": "Feature", "properties": {"OBJECTID": 1100, "ID": "639", "TABA": "תמל/1087"}, "geometry": {"type": "Point", "coordinates": [34.868786297908066, 31.962956253459215]}}, {"type": "Feature", "properties": {"OBJECTID": 1101, "ID": "640", "TABA": "תמל/1087"}, "geometry": {"type": "Point", "coordinates": [34.87148182691875, 31.96230569849021]}}, {"type": "Feature", "properties": {"OBJECTID": 1102, "ID": "641", "TABA": "תמל/1087"}, "geometry": {"type": "Point", "coordinates": [34.869155828798824, 31.96361060489836]}}, {"type": "Feature", "properties": {"OBJECTID": 1103, "ID": "642", "TABA": "תמל/1087"}, "geometry": {"type": "Point", "coordinates": [34.86850240135093, 31.96538548773634]}}, {"type": "Feature", "properties": {"OBJECTID": 1104, "ID": "651", "TABA": "תמל/1087"}, "geometry": {"type": "Point", "coordinates": [34.87083777667736, 31.960481715126342]}}, {"type": "Feature", "properties": {"OBJECTID": 1105, "ID": "654", "TABA": "תמל/1087"}, "geometry": {"type": "Point", "coordinates": [34.87358513695009, 31.961734921781904]}}, {"type": "Feature", "properties": {"OBJECTID": 1106, "ID": "690", "TABA": "תמל/1087"}, "geometry": {"type": "Point", "coordinates": [34.8710304339584, 31.956152001794102]}}, {"type": "Feature", "properties": {"OBJECTID": 1107, "ID": "701", "TABA": "תמל/1087"}, "geometry": {"type": "Point", "coordinates": [34.87184202347292, 31.966476342314582]}}, {"type": "Feature", "properties": {"OBJECTID": 1108, "ID": "830", "TABA": "תמל/1087"}, "geometry": {"type": "Point", "coordinates": [34.87065337987979, 31.965732744420926]}}, {"type": "Feature", "properties": {"OBJECTID": 1109, "ID": "831", "TABA": "תמל/1087"}, "geometry": {"type": "Point", "coordinates": [34.87463025428386, 31.960422884108286]}}, {"type": "Feature", "properties": {"OBJECTID": 1110, "ID": "832", "TABA": "תמל/1087"}, "geometry": {"type": "Point", "coordinates": [34.872961365677654, 31.956301724797765]}}, {"type": "Feature", "properties": {"OBJECTID": 1111, "ID": "833", "TABA": "תמל/1087"}, "geometry": {"type": "Point", "coordinates": [34.87114885536045, 31.963692031172453]}}, {"type": "Feature", "properties": {"OBJECTID": 1112, "ID": "845", "TABA": "תמל/1087"}, "geometry": {"type": "Point", "coordinates": [34.87205006994673, 31.960037147173395]}}, {"type": "Feature", "properties": {"OBJECTID": 1113, "ID": "848", "TABA": "תמל/1087"}, "geometry": {"type": "Point", "coordinates": [34.87038968526649, 31.961547114826445]}}, {"type": "Feature", "properties": {"OBJECTID": 1114, "ID": "850", "TABA": "תמל/1087"}, "geometry": {"type": "Point", "coordinates": [34.868846717961326, 31.96389410668083]}}, {"type": "Feature", "properties": {"OBJECTID": 1115, "ID": "853", "TABA": "תמל/1087"}, "geometry": {"type": "Point", "coordinates": [34.87152016741481, 31.960148128866606]}}, {"type": "Feature", "properties": {"OBJECTID": 1116, "ID": "854", "TABA": "תמל/1087"}, "geometry": {"type": "Point", "coordinates": [34.87224257482443, 31.96215239691035]}}, {"type": "Feature", "properties": {"OBJECTID": 1117, "ID": "856", "TABA": "תמל/1087"}, "geometry": {"type": "Point", "coordinates": [34.872301827480804, 31.958475285413318]}}, {"type": "Feature", "properties": {"OBJECTID": 1118, "ID": "857", "TABA": "תמל/1087"}, "geometry": {"type": "Point", "coordinates": [34.87253227382533, 31.95987270113256]}}, {"type": "Feature", "properties": {"OBJECTID": 1119, "ID": "5221", "TABA": "תמל/1087"}, "geometry": {"type": "Point", "coordinates": [34.86414488257112, 31.95277659517715]}}, {"type": "Feature", "properties": {"OBJECTID": 1120, "ID": "5179", "TABA": "תמל/1087"}, "geometry": {"type": "Point", "coordinates": [34.865412854216515, 31.952147000094286]}}, {"type": "Feature", "properties": {"OBJECTID": 1121, "ID": "5178", "TABA": "תמל/1087"}, "geometry": {"type": "Point", "coordinates": [34.865258942573256, 31.95214536899128]}}, {"type": "Feature", "properties": {"OBJECTID": 1122, "ID": "5177", "TABA": "תמל/1087"}, "geometry": {"type": "Point", "coordinates": [34.86509517537254, 31.952118660007088]}}, {"type": "Feature", "properties": {"OBJECTID": 1123, "ID": "5176", "TABA": "תמל/1087"}, "geometry": {"type": "Point", "coordinates": [34.8649550580596, 31.952113670982882]}}, {"type": "Feature", "properties": {"OBJECTID": 1124, "ID": "5175", "TABA": "תמל/1087"}, "geometry": {"type": "Point", "coordinates": [34.86479901590205, 31.95210437456107]}}, {"type": "Feature", "properties": {"OBJECTID": 1125, "ID": "5174", "TABA": "תמל/1087"}, "geometry": {"type": "Point", "coordinates": [34.864636663140715, 31.95209776108039]}}, {"type": "Feature", "properties": {"OBJECTID": 1126, "ID": "5168", "TABA": "תמל/1087"}, "geometry": {"type": "Point", "coordinates": [34.86347185141247, 31.952560019654285]}}, {"type": "Feature", "properties": {"OBJECTID": 1127, "ID": "5167", "TABA": "תמל/1087"}, "geometry": {"type": "Point", "coordinates": [34.86346651825416, 31.952692088818825]}}, {"type": "Feature", "properties": {"OBJECTID": 1128, "ID": "5166", "TABA": "תמל/1087"}, "geometry": {"type": "Point", "coordinates": [34.863442258471906, 31.952832420942123]}}, {"type": "Feature", "properties": {"OBJECTID": 1129, "ID": "5165", "TABA": "תמל/1087"}, "geometry": {"type": "Point", "coordinates": [34.86380937813717, 31.95232061757625]}}, {"type": "Feature", "properties": {"OBJECTID": 1130, "ID": "5164", "TABA": "תמל/1087"}, "geometry": {"type": "Point", "coordinates": [34.86381296333571, 31.95247898128668]}}, {"type": "Feature", "properties": {"OBJECTID": 1131, "ID": "5163", "TABA": "תמל/1087"}, "geometry": {"type": "Point", "coordinates": [34.863798821973965, 31.952695919555104]}}, {"type": "Feature", "properties": {"OBJECTID": 1132, "ID": "5162", "TABA": "תמל/1087"}, "geometry": {"type": "Point", "coordinates": [34.86379494088681, 31.952819559809733]}}, {"type": "Feature", "properties": {"OBJECTID": 1133, "ID": "5161", "TABA": "תמל/1087"}, "geometry": {"type": "Point", "coordinates": [34.86400838385768, 31.952338180939638]}}, {"type": "Feature", "properties": {"OBJECTID": 1134, "ID": "5160", "TABA": "תמל/1087"}, "geometry": {"type": "Point", "coordinates": [34.86400474361059, 31.952490385760115]}}, {"type": "Feature", "properties": {"OBJECTID": 1135, "ID": "5159", "TABA": "תמל/1087"}, "geometry": {"type": "Point", "coordinates": [34.863987551328016, 31.952700403505304]}}, {"type": "Feature", "properties": {"OBJECTID": 1136, "ID": "5158", "TABA": "תמל/1087"}, "geometry": {"type": "Point", "coordinates": [34.86397712719363, 31.95283731077727]}}, {"type": "Feature", "properties": {"OBJECTID": 1137, "ID": "5157", "TABA": "תמל/1087"}, "geometry": {"type": "Point", "coordinates": [34.864333914763854, 31.95234950689211]}}, {"type": "Feature", "properties": {"OBJECTID": 1138, "ID": "5156", "TABA": "תמל/1087"}, "geometry": {"type": "Point", "coordinates": [34.8643261898268, 31.952479697541293]}}, {"type": "Feature", "properties": {"OBJECTID": 1139, "ID": "5155", "TABA": "תמל/1087"}, "geometry": {"type": "Point", "coordinates": [34.864305101206845, 31.95284658813652]}}, {"type": "Feature", "properties": {"OBJECTID": 1140, "ID": "5154", "TABA": "תמל/1087"}, "geometry": {"type": "Point", "coordinates": [34.864310961847046, 31.952709976130937]}}, {"type": "Feature", "properties": {"OBJECTID": 1141, "ID": "5153", "TABA": "תמל/1087"}, "geometry": {"type": "Point", "coordinates": [34.86485604594893, 31.952385159296448]}}, {"type": "Feature", "properties": {"OBJECTID": 1142, "ID": "5152", "TABA": "תמל/1087"}, "geometry": {"type": "Point", "coordinates": [34.864860288160166, 31.952508019607652]}}, {"type": "Feature", "properties": {"OBJECTID": 1143, "ID": "5151", "TABA": "תמל/1087"}, "geometry": {"type": "Point", "coordinates": [34.86483176622892, 31.952749171904046]}}, {"type": "Feature", "properties": {"OBJECTID": 1144, "ID": "5150", "TABA": "תמל/1087"}, "geometry": {"type": "Point", "coordinates": [34.864826234807346, 31.95288476937927]}}, {"type": "Feature", "properties": {"OBJECTID": 1145, "ID": "5149", "TABA": "תמל/1087"}, "geometry": {"type": "Point", "coordinates": [34.86516011678554, 31.952902585132055]}}, {"type": "Feature", "properties": {"OBJECTID": 1146, "ID": "5148", "TABA": "תמל/1087"}, "geometry": {"type": "Point", "coordinates": [34.86517288931134, 31.952760525681526]}}, {"type": "Feature", "properties": {"OBJECTID": 1147, "ID": "5147", "TABA": "תמל/1087"}, "geometry": {"type": "Point", "coordinates": [34.86519048439243, 31.95253140762017]}}, {"type": "Feature", "properties": {"OBJECTID": 1148, "ID": "5146", "TABA": "תמל/1087"}, "geometry": {"type": "Point", "coordinates": [34.86518536811738, 31.95239414308929]}}, {"type": "Feature", "properties": {"OBJECTID": 1149, "ID": "5145", "TABA": "תמל/1087"}, "geometry": {"type": "Point", "coordinates": [34.86539567515949, 31.952420551457887]}}, {"type": "Feature", "properties": {"OBJECTID": 1150, "ID": "5220", "TABA": "תמל/1087"}, "geometry": {"type": "Point", "coordinates": [34.86526898867972, 31.952646039761166]}}, {"type": "Feature", "properties": {"OBJECTID": 1151, "ID": "5219", "TABA": "תמל/1087"}, "geometry": {"type": "Point", "coordinates": [34.86390290546232, 31.95257629052598]}}, {"type": "Feature", "properties": {"OBJECTID": 1152, "ID": "5173", "TABA": "תמל/1087"}, "geometry": {"type": "Point", "coordinates": [34.86448361494376, 31.952075953364925]}}, {"type": "Feature", "properties": {"OBJECTID": 1153, "ID": "5172", "TABA": "תמל/1087"}, "geometry": {"type": "Point", "coordinates": [34.864327329440506, 31.952065272337016]}}, {"type": "Feature", "properties": {"OBJECTID": 1154, "ID": "5216", "TABA": "תמל/1087"}, "geometry": {"type": "Point", "coordinates": [34.86381676255161, 31.952004261046493]}}, {"type": "Feature", "properties": {"OBJECTID": 1155, "ID": "5222", "TABA": "תמל/1087"}, "geometry": {"type": "Point", "coordinates": [34.86500125871741, 31.952830280137587]}}, {"type": "Feature", "properties": {"OBJECTID": 1156, "ID": "5218", "TABA": "תמל/1087"}, "geometry": {"type": "Point", "coordinates": [34.86460024548016, 31.952618352981457]}}, {"type": "Feature", "properties": {"OBJECTID": 1157, "ID": "5215", "TABA": "תמל/1087"}, "geometry": {"type": "Point", "coordinates": [34.864857116705984, 31.95338172446425]}}, {"type": "Feature", "properties": {"OBJECTID": 1158, "ID": "5214", "TABA": "תמל/1087"}, "geometry": {"type": "Point", "coordinates": [34.860396897870224, 31.95347300594302]}}, {"type": "Feature", "properties": {"OBJECTID": 1159, "ID": "5213", "TABA": "תמל/1087"}, "geometry": {"type": "Point", "coordinates": [34.86104324062464, 31.953568802210082]}}, {"type": "Feature", "properties": {"OBJECTID": 1160, "ID": "5212", "TABA": "תמל/1087"}, "geometry": {"type": "Point", "coordinates": [34.86184644113846, 31.953547451397597]}}, {"type": "Feature", "properties": {"OBJECTID": 1161, "ID": "5211", "TABA": "תמל/1087"}, "geometry": {"type": "Point", "coordinates": [34.86264069449879, 31.953839081212365]}}, {"type": "Feature", "properties": {"OBJECTID": 1162, "ID": "5210", "TABA": "תמל/1087"}, "geometry": {"type": "Point", "coordinates": [34.86168007579192, 31.95250909963227]}}, {"type": "Feature", "properties": {"OBJECTID": 1163, "ID": "5209", "TABA": "תמל/1087"}, "geometry": {"type": "Point", "coordinates": [34.86314087582017, 31.953815285770858]}}, {"type": "Feature", "properties": {"OBJECTID": 1164, "ID": "5208", "TABA": "תמל/1087"}, "geometry": {"type": "Point", "coordinates": [34.86447810211845, 31.95221757767856]}}, {"type": "Feature", "properties": {"OBJECTID": 1165, "ID": "5207", "TABA": "תמל/1087"}, "geometry": {"type": "Point", "coordinates": [34.86460506825395, 31.953007520909715]}}, {"type": "Feature", "properties": {"OBJECTID": 1166, "ID": "5206", "TABA": "תמל/1087"}, "geometry": {"type": "Point", "coordinates": [34.86155666860171, 31.952853619213684]}}, {"type": "Feature", "properties": {"OBJECTID": 1167, "ID": "5205", "TABA": "תמל/1087"}, "geometry": {"type": "Point", "coordinates": [34.86199822840553, 31.95379874853786]}}, {"type": "Feature", "properties": {"OBJECTID": 1168, "ID": "5204", "TABA": "תמל/1087"}, "geometry": {"type": "Point", "coordinates": [34.8614742386731, 31.95375645375094]}}, {"type": "Feature", "properties": {"OBJECTID": 1169, "ID": "5203", "TABA": "תמל/1087"}, "geometry": {"type": "Point", "coordinates": [34.86054653450708, 31.953694036074474]}}, {"type": "Feature", "properties": {"OBJECTID": 1170, "ID": "5202", "TABA": "תמל/1087"}, "geometry": {"type": "Point", "coordinates": [34.863676172763846, 31.953947836329295]}}, {"type": "Feature", "properties": {"OBJECTID": 1171, "ID": "5201", "TABA": "תמל/1087"}, "geometry": {"type": "Point", "coordinates": [34.86002638224662, 31.953632796899896]}}, {"type": "Feature", "properties": {"OBJECTID": 1172, "ID": "5200", "TABA": "תמל/1087"}, "geometry": {"type": "Point", "coordinates": [34.86078466005836, 31.954166309578312]}}, {"type": "Feature", "properties": {"OBJECTID": 1173, "ID": "5171", "TABA": "תמל/1087"}, "geometry": {"type": "Point", "coordinates": [34.863495073247, 31.9521379180426]}}, {"type": "Feature", "properties": {"OBJECTID": 1174, "ID": "5170", "TABA": "תמל/1087"}, "geometry": {"type": "Point", "coordinates": [34.86349443448142, 31.95229112289749]}}, {"type": "Feature", "properties": {"OBJECTID": 1175, "ID": "5169", "TABA": "תמל/1087"}, "geometry": {"type": "Point", "coordinates": [34.86348724232175, 31.952431102257545]}}, {"type": "Feature", "properties": {"OBJECTID": 1470, "ID": "305", "TABA": "תמל/1087"}, "geometry": {"type": "Point", "coordinates": [34.87132425509845, 31.967656380715997]}}, {"type": "Feature", "properties": {"OBJECTID": 1471, "ID": "834", "TABA": "תמל/1087"}, "geometry": {"type": "Point", "coordinates": [34.86673771514802, 31.96850992730187]}}, {"type": "Feature", "properties": {"OBJECTID": 1472, "ID": "691", "TABA": "תמל/1087"}, "geometry": {"type": "Point", "coordinates": [34.86249869798995, 31.965612816103988]}}, {"type": "Feature", "properties": {"OBJECTID": 1473, "ID": "602", "TABA": "תמל/1087"}, "geometry": {"type": "Point", "coordinates": [34.86462919188963, 31.969251340426514]}}, {"type": "Feature", "properties": {"OBJECTID": 1474, "ID": "607", "TABA": "תמל/1087"}, "geometry": {"type": "Point", "coordinates": [34.870858627089845, 31.96821249771035]}}, {"type": "Feature", "properties": {"OBJECTID": 1475, "ID": "608", "TABA": "תמל/1087"}, "geometry": {"type": "Point", "coordinates": [34.86345907692259, 31.96635569511827]}}, {"type": "Feature", "properties": {"OBJECTID": 1476, "ID": "610", "TABA": "תמל/1087"}, "geometry": {"type": "Point", "coordinates": [34.86872491046264, 31.96897073788983]}}, {"type": "Feature", "properties": {"OBJECTID": 1477, "ID": "611", "TABA": "תמל/1087"}, "geometry": {"type": "Point", "coordinates": [34.86776540881201, 31.966601375303]}}, {"type": "Feature", "properties": {"OBJECTID": 1478, "ID": "612", "TABA": "תמל/1087"}, "geometry": {"type": "Point", "coordinates": [34.863153306619466, 31.965804039802943]}}, {"type": "Feature", "properties": {"OBJECTID": 1479, "ID": "613", "TABA": "תמל/1087"}, "geometry": {"type": "Point", "coordinates": [34.86251710956572, 31.967462264793078]}}, {"type": "Feature", "properties": {"OBJECTID": 1480, "ID": "614", "TABA": "תמל/1087"}, "geometry": {"type": "Point", "coordinates": [34.86421398143905, 31.96673479554126]}}, {"type": "Feature", "properties": {"OBJECTID": 1481, "ID": "615", "TABA": "תמל/1087"}, "geometry": {"type": "Point", "coordinates": [34.865350908600284, 31.966883807059077]}}, {"type": "Feature", "properties": {"OBJECTID": 1482, "ID": "616", "TABA": "תמל/1087"}, "geometry": {"type": "Point", "coordinates": [34.86670597202778, 31.966538283984413]}}, {"type": "Feature", "properties": {"OBJECTID": 1483, "ID": "632", "TABA": "תמל/1087"}, "geometry": {"type": "Point", "coordinates": [34.86274675639702, 31.965594153651207]}}, {"type": "Feature", "properties": {"OBJECTID": 1484, "ID": "638", "TABA": "תמל/1087"}, "geometry": {"type": "Point", "coordinates": [34.86808748293379, 31.967494826081698]}}, {"type": "Feature", "properties": {"OBJECTID": 1485, "ID": "644", "TABA": "תמל/1087"}, "geometry": {"type": "Point", "coordinates": [34.86564558249167, 31.96558002924511]}}, {"type": "Feature", "properties": {"OBJECTID": 1486, "ID": "645", "TABA": "תמל/1087"}, "geometry": {"type": "Point", "coordinates": [34.86327641882117, 31.96485924766153]}}, {"type": "Feature", "properties": {"OBJECTID": 1487, "ID": "647", "TABA": "תמל/1087"}, "geometry": {"type": "Point", "coordinates": [34.86729383046588, 31.96936835728003]}}, {"type": "Feature", "properties": {"OBJECTID": 1488, "ID": "650", "TABA": "תמל/1087"}, "geometry": {"type": "Point", "coordinates": [34.86695126835516, 31.967372418092214]}}, {"type": "Feature", "properties": {"OBJECTID": 1489, "ID": "652", "TABA": "תמל/1087"}, "geometry": {"type": "Point", "coordinates": [34.865731976272805, 31.967917400622092]}}, {"type": "Feature", "properties": {"OBJECTID": 1490, "ID": "653", "TABA": "תמל/1087"}, "geometry": {"type": "Point", "coordinates": [34.864745648821966, 31.968083417945447]}}, {"type": "Feature", "properties": {"OBJECTID": 1491, "ID": "691", "TABA": "תמל/1087"}, "geometry": {"type": "Point", "coordinates": [34.863495638602934, 31.968861965641064]}}, {"type": "Feature", "properties": {"OBJECTID": 1492, "ID": "695", "TABA": "תמל/1087"}, "geometry": {"type": "Point", "coordinates": [34.869264280836674, 31.968875321455112]}}, {"type": "Feature", "properties": {"OBJECTID": 1493, "ID": "318", "TABA": "תמל/1087"}, "geometry": {"type": "Point", "coordinates": [34.86660267398085, 31.966815349198605]}}, {"type": "Feature", "properties": {"OBJECTID": 1494, "ID": "319", "TABA": "תמל/1087"}, "geometry": {"type": "Point", "coordinates": [34.865451682686384, 31.967118852644223]}}, {"type": "Feature", "properties": {"OBJECTID": 1495, "ID": "320", "TABA": "תמל/1087"}, "geometry": {"type": "Point", "coordinates": [34.86428503529829, 31.967419586520077]}}, {"type": "Feature", "properties": {"OBJECTID": 1496, "ID": "321", "TABA": "תמל/1087"}, "geometry": {"type": "Point", "coordinates": [34.86482414214746, 31.96645898894132]}}, {"type": "Feature", "properties": {"OBJECTID": 1497, "ID": "324", "TABA": "תמל/1087"}, "geometry": {"type": "Point", "coordinates": [34.86302763846053, 31.967740508701645]}}, {"type": "Feature", "properties": {"OBJECTID": 1498, "ID": "339", "TABA": "תמל/1087"}, "geometry": {"type": "Point", "coordinates": [34.86546113135711, 31.96644454968332]}}, {"type": "Feature", "properties": {"OBJECTID": 1499, "ID": "340", "TABA": "תמל/1087"}, "geometry": {"type": "Point", "coordinates": [34.866582119541725, 31.966080621810015]}}, {"type": "Feature", "properties": {"OBJECTID": 1500, "ID": "341", "TABA": "תמל/1087"}, "geometry": {"type": "Point", "coordinates": [34.86333180819057, 31.966707533339655]}}, {"type": "Feature", "properties": {"OBJECTID": 1501, "ID": "342", "TABA": "תמל/1087"}, "geometry": {"type": "Point", "coordinates": [34.863819364639774, 31.96597935410852]}}, {"type": "Feature", "properties": {"OBJECTID": 1502, "ID": "4012", "TABA": "תמל/1087"}, "geometry": {"type": "Point", "coordinates": [34.86342374016187, 31.968331720199217]}}, {"type": "Feature", "properties": {"OBJECTID": 1503, "ID": "4013", "TABA": "תמל/1087"}, "geometry": {"type": "Point", "coordinates": [34.86486416780746, 31.965523034389662]}}, {"type": "Feature", "properties": {"OBJECTID": 1504, "ID": "4019", "TABA": "תמל/1087"}, "geometry": {"type": "Point", "coordinates": [34.86221638817401, 31.966634299099965]}}, {"type": "Feature", "properties": {"OBJECTID": 1505, "ID": "4020", "TABA": "תמל/1087"}, "geometry": {"type": "Point", "coordinates": [34.86717595867315, 31.9690361242409]}}, {"type": "Feature", "properties": {"OBJECTID": 1506, "ID": "4022", "TABA": "תמל/1087"}, "geometry": {"type": "Point", "coordinates": [34.86437139815731, 31.967821863306526]}}, {"type": "Feature", "properties": {"OBJECTID": 1507, "ID": "4024", "TABA": "תמל/1087"}, "geometry": {"type": "Point", "coordinates": [34.86609404442161, 31.967999773014633]}}, {"type": "Feature", "properties": {"OBJECTID": 1508, "ID": "4025", "TABA": "תמל/1087"}, "geometry": {"type": "Point", "coordinates": [34.86665249068193, 31.967218386687602]}}, {"type": "Feature", "properties": {"OBJECTID": 1509, "ID": "4027", "TABA": "תמל/1087"}, "geometry": {"type": "Point", "coordinates": [34.86538256967214, 31.96783845631454]}}, {"type": "Feature", "properties": {"OBJECTID": 1510, "ID": "4028", "TABA": "תמל/1087"}, "geometry": {"type": "Point", "coordinates": [34.87140165898637, 31.96798977092851]}}, {"type": "Feature", "properties": {"OBJECTID": 1511, "ID": "4030", "TABA": "תמל/1087"}, "geometry": {"type": "Point", "coordinates": [34.868965329159735, 31.967240699790555]}}, {"type": "Feature", "properties": {"OBJECTID": 1512, "ID": "4031", "TABA": "תמל/1087"}, "geometry": {"type": "Point", "coordinates": [34.87006043690177, 31.967071416357854]}}, {"type": "Feature", "properties": {"OBJECTID": 1513, "ID": "104", "TABA": "תמל/1087"}, "geometry": {"type": "Point", "coordinates": [34.86621211517414, 31.968327394877317]}}, {"type": "Feature", "properties": {"OBJECTID": 1514, "ID": "105", "TABA": "תמל/1087"}, "geometry": {"type": "Point", "coordinates": [34.86527981444902, 31.967553384869547]}}, {"type": "Feature", "properties": {"OBJECTID": 1515, "ID": "106", "TABA": "תמל/1087"}, "geometry": {"type": "Point", "coordinates": [34.86469181638059, 31.968548134683907]}}, {"type": "Feature", "properties": {"OBJECTID": 1516, "ID": "107", "TABA": "תמל/1087"}, "geometry": {"type": "Point", "coordinates": [34.86528547679882, 31.969370919900665]}}, {"type": "Feature", "properties": {"OBJECTID": 1517, "ID": "108", "TABA": "תמל/1087"}, "geometry": {"type": "Point", "coordinates": [34.86588663911923, 31.969236791569244]}}, {"type": "Feature", "properties": {"OBJECTID": 1518, "ID": "109", "TABA": "תמל/1087"}, "geometry": {"type": "Point", "coordinates": [34.86648258652248, 31.969088179711996]}}, {"type": "Feature", "properties": {"OBJECTID": 1519, "ID": "110", "TABA": "תמל/1087"}, "geometry": {"type": "Point", "coordinates": [34.86556511323247, 31.96834488177421]}}, {"type": "Feature", "properties": {"OBJECTID": 1520, "ID": "111", "TABA": "תמל/1087"}, "geometry": {"type": "Point", "coordinates": [34.865920458290326, 31.967518308933208]}}, {"type": "Feature", "properties": {"OBJECTID": 1521, "ID": "112", "TABA": "תמל/1087"}, "geometry": {"type": "Point", "coordinates": [34.862817016037546, 31.966396298265874]}}, {"type": "Feature", "properties": {"OBJECTID": 1522, "ID": "113", "TABA": "תמל/1087"}, "geometry": {"type": "Point", "coordinates": [34.86306615035627, 31.96604219736186]}}, {"type": "Feature", "properties": {"OBJECTID": 1523, "ID": "114", "TABA": "תמל/1087"}, "geometry": {"type": "Point", "coordinates": [34.86336901181105, 31.965631375007877]}}, {"type": "Feature", "properties": {"OBJECTID": 1524, "ID": "115", "TABA": "תמל/1087"}, "geometry": {"type": "Point", "coordinates": [34.863807695165136, 31.965281037130858]}}, {"type": "Feature", "properties": {"OBJECTID": 1525, "ID": "116", "TABA": "תמל/1087"}, "geometry": {"type": "Point", "coordinates": [34.86352278020411, 31.965251513829877]}}, {"type": "Feature", "properties": {"OBJECTID": 1526, "ID": "117", "TABA": "תמל/1087"}, "geometry": {"type": "Point", "coordinates": [34.86318693737884, 31.965539396536357]}}, {"type": "Feature", "properties": {"OBJECTID": 1527, "ID": "118", "TABA": "תמל/1087"}, "geometry": {"type": "Point", "coordinates": [34.86288701837451, 31.96594622595783]}}, {"type": "Feature", "properties": {"OBJECTID": 1528, "ID": "119", "TABA": "תמל/1087"}, "geometry": {"type": "Point", "coordinates": [34.862628086766755, 31.966297453134075]}}, {"type": "Feature", "properties": {"OBJECTID": 1529, "ID": "120", "TABA": "תמל/1087"}, "geometry": {"type": "Point", "coordinates": [34.862348992025815, 31.966133699837126]}}, {"type": "Feature", "properties": {"OBJECTID": 1530, "ID": "121", "TABA": "תמל/1087"}, "geometry": {"type": "Point", "coordinates": [34.86260040416631, 31.965792673161726]}}, {"type": "Feature", "properties": {"OBJECTID": 1531, "ID": "122", "TABA": "תמל/1087"}, "geometry": {"type": "Point", "coordinates": [34.86289802741973, 31.965388958489015]}}, {"type": "Feature", "properties": {"OBJECTID": 1532, "ID": "123", "TABA": "תמל/1087"}, "geometry": {"type": "Point", "coordinates": [34.86323354558901, 31.965057941318673]}}, {"type": "Feature", "properties": {"OBJECTID": 1533, "ID": "1841", "TABA": "תמל/1087"}, "geometry": {"type": "Point", "coordinates": [34.863195724482836, 31.966154550129314]}}, {"type": "Feature", "properties": {"OBJECTID": 1534, "ID": "1842", "TABA": "תמל/1087"}, "geometry": {"type": "Point", "coordinates": [34.863005605790434, 31.967206796105206]}}, {"type": "Feature", "properties": {"OBJECTID": 1535, "ID": "1843", "TABA": "תמל/1087"}, "geometry": {"type": "Point", "coordinates": [34.86276431544806, 31.965839667440402]}}, {"type": "Feature", "properties": {"OBJECTID": 1536, "ID": "1844", "TABA": "תמל/1087"}, "geometry": {"type": "Point", "coordinates": [34.86620638194288, 31.969663612262163]}}, {"type": "Feature", "properties": {"OBJECTID": 1537, "ID": "1851", "TABA": "תמל/1087"}, "geometry": {"type": "Point", "coordinates": [34.8695451466225, 31.968665837823778]}}, {"type": "Feature", "properties": {"OBJECTID": 1538, "ID": "202", "TABA": "תמל/1087"}, "geometry": {"type": "Point", "coordinates": [34.86827826157646, 31.96716733319059]}}, {"type": "Feature", "properties": {"OBJECTID": 1539, "ID": "203", "TABA": "תמל/1087"}, "geometry": {"type": "Point", "coordinates": [34.869372462592914, 31.967456706204654]}}, {"type": "Feature", "properties": {"OBJECTID": 1540, "ID": "204", "TABA": "תמל/1087"}, "geometry": {"type": "Point", "coordinates": [34.87050908019399, 31.967274291722127]}}, {"type": "Feature", "properties": {"OBJECTID": 1541, "ID": "212", "TABA": "תמל/1087"}, "geometry": {"type": "Point", "coordinates": [34.86915975064758, 31.96857610361081]}}, {"type": "Feature", "properties": {"OBJECTID": 1542, "ID": "218", "TABA": "תמל/1087"}, "geometry": {"type": "Point", "coordinates": [34.86731305512461, 31.968786028570985]}}, {"type": "Feature", "properties": {"OBJECTID": 1543, "ID": "219", "TABA": "תמל/1087"}, "geometry": {"type": "Point", "coordinates": [34.867012283373334, 31.967951664031414]}}, {"type": "Feature", "properties": {"OBJECTID": 1544, "ID": "223", "TABA": "תמל/1087"}, "geometry": {"type": "Point", "coordinates": [34.865334635412964, 31.966093627995985]}}, {"type": "Feature", "properties": {"OBJECTID": 1545, "ID": "310", "TABA": "תמל/1087"}, "geometry": {"type": "Point", "coordinates": [34.87034223580985, 31.967901132870537]}}, {"type": "Feature", "properties": {"OBJECTID": 1546, "ID": "311", "TABA": "תמל/1087"}, "geometry": {"type": "Point", "coordinates": [34.86903945685625, 31.9682424229494]}}, {"type": "Feature", "properties": {"OBJECTID": 1547, "ID": "312", "TABA": "תמל/1087"}, "geometry": {"type": "Point", "coordinates": [34.86791848347246, 31.96868383399121]}}, {"type": "Feature", "properties": {"OBJECTID": 1548, "ID": "315", "TABA": "תמל/1087"}, "geometry": {"type": "Point", "coordinates": [34.862412458546444, 31.966951123646073]}}, {"type": "Feature", "properties": {"OBJECTID": 1549, "ID": "316", "TABA": "תמל/1087"}, "geometry": {"type": "Point", "coordinates": [34.86754552277827, 31.96764922962875]}}, {"type": "Feature", "properties": {"OBJECTID": 1550, "ID": "317", "TABA": "תמל/1087"}, "geometry": {"type": "Point", "coordinates": [34.86722680252931, 31.966765066923287]}}, {"type": "Feature", "properties": {"OBJECTID": 1551, "ID": "702", "TABA": "תמל/1087"}, "geometry": {"type": "Point", "coordinates": [34.86970511371081, 31.967115336005012]}}, {"type": "Feature", "properties": {"OBJECTID": 1552, "ID": "703", "TABA": "תמל/1087"}, "geometry": {"type": "Point", "coordinates": [34.867952916664926, 31.966492948453368]}}, {"type": "Feature", "properties": {"OBJECTID": 1553, "ID": "835", "TABA": "תמל/1087"}, "geometry": {"type": "Point", "coordinates": [34.86791113226755, 31.96700561981388]}}, {"type": "Feature", "properties": {"OBJECTID": 1554, "ID": "847", "TABA": "תמל/1087"}, "geometry": {"type": "Point", "coordinates": [34.86774875403644, 31.96715383693856]}}, {"type": "Feature", "properties": {"OBJECTID": 1555, "ID": "849", "TABA": "תמל/1087"}, "geometry": {"type": "Point", "coordinates": [34.863791331363856, 31.96750829301366]}}, {"type": "Feature", "properties": {"OBJECTID": 1556, "ID": "851", "TABA": "תמל/1087"}, "geometry": {"type": "Point", "coordinates": [34.864095713314384, 31.96830550681589]}}, {"type": "Feature", "properties": {"OBJECTID": 1557, "ID": "865", "TABA": "תמל/1087"}, "geometry": {"type": "Point", "coordinates": [34.87116595314334, 31.96820081023499]}}, {"type": "Feature", "properties": {"OBJECTID": 1558, "ID": "868", "TABA": "תמל/1087"}, "geometry": {"type": "Point", "coordinates": [34.86990667028219, 31.96867811037073]}}, {"type": "Feature", "properties": {"OBJECTID": 1559, "ID": "869", "TABA": "תמל/1087"}, "geometry": {"type": "Point", "coordinates": [34.86805883789412, 31.968313298058334]}}, {"type": "Feature", "properties": {"OBJECTID": 1560, "ID": "870", "TABA": "תמל/1087"}, "geometry": {"type": "Point", "coordinates": [34.86646996692113, 31.967845156579152]}}, {"type": "Feature", "properties": {"OBJECTID": 1561, "ID": "871", "TABA": "תמל/1087"}, "geometry": {"type": "Point", "coordinates": [34.8647753077145, 31.96732136116837]}}, {"type": "Feature", "properties": {"OBJECTID": 1562, "ID": "872", "TABA": "תמל/1087"}, "geometry": {"type": "Point", "coordinates": [34.86397246970708, 31.968010833798786]}}, {"type": "Feature", "properties": {"OBJECTID": 1563, "ID": "873", "TABA": "תמל/1087"}, "geometry": {"type": "Point", "coordinates": [34.864144813624954, 31.96848898750658]}}, {"type": "Feature", "properties": {"OBJECTID": 1564, "ID": "874", "TABA": "תמל/1087"}, "geometry": {"type": "Point", "coordinates": [34.86363705941623, 31.966971195561317]}}, {"type": "Feature", "properties": {"OBJECTID": 1565, "ID": "875", "TABA": "תמל/1087"}, "geometry": {"type": "Point", "coordinates": [34.867796345643704, 31.966154452134585]}}, {"type": "Feature", "properties": {"OBJECTID": 1566, "ID": "877", "TABA": "תמל/1087"}, "geometry": {"type": "Point", "coordinates": [34.865085884399456, 31.968849921343157]}}, {"type": "Feature", "properties": {"OBJECTID": 1567, "ID": "א", "TABA": "גז/7/624"}, "geometry": {"type": "Point", "coordinates": [34.85268991211936, 31.96468198104886]}}, {"type": "Feature", "properties": {"OBJECTID": 1568, "ID": "102", "TABA": "גז/5/342"}, "geometry": {"type": "Point", "coordinates": [34.84919305727305, 31.964586121350386]}}, {"type": "Feature", "properties": {"OBJECTID": 1569, "ID": "III", "TABA": "גז/6/307"}, "geometry": {"type": "Point", "coordinates": [34.855207865484694, 31.9629870895011]}}, {"type": "Feature", "properties": {"OBJECTID": 1570, "ID": "2000", "TABA": "גז/6/307"}, "geometry": {"type": "Point", "coordinates": [34.85292877726551, 31.961248232166486]}}, {"type": "Feature", "properties": {"OBJECTID": 1571, "ID": "103", "TABA": "גז/5/342"}, "geometry": {"type": "Point", "coordinates": [34.85182968571119, 31.965472920959314]}}, {"type": "Feature", "properties": {"OBJECTID": 1572, "ID": "301ג", "TABA": "גז/1/624"}, "geometry": {"type": "Point", "coordinates": [34.853546837968835, 31.96339699168746]}}, {"type": "Feature", "properties": {"OBJECTID": 1573, "ID": "301א", "TABA": "גז/1/624"}, "geometry": {"type": "Point", "coordinates": [34.85416955334184, 31.964857599623986]}}, {"type": "Feature", "properties": {"OBJECTID": 1574, "ID": "423", "TABA": "גז/1/624"}, "geometry": {"type": "Point", "coordinates": [34.85798629082214, 31.966904887192108]}}, {"type": "Feature", "properties": {"OBJECTID": 1575, "ID": "300", "TABA": "גז/1/624"}, "geometry": {"type": "Point", "coordinates": [34.85700201873595, 31.96639369397653]}}, {"type": "Feature", "properties": {"OBJECTID": 1576, "ID": "302", "TABA": "גז/624"}, "geometry": {"type": "Point", "coordinates": [34.85423325951898, 31.968381704523228]}}, {"type": "Feature", "properties": {"OBJECTID": 1577, "ID": "303", "TABA": "גז/624"}, "geometry": {"type": "Point", "coordinates": [34.855996533255, 31.968378537901884]}}, {"type": "Feature", "properties": {"OBJECTID": 1578, "ID": "307", "TABA": "גז/624"}, "geometry": {"type": "Point", "coordinates": [34.854740959332396, 31.97187548781587]}}, {"type": "Feature", "properties": {"OBJECTID": 1579, "ID": "304", "TABA": "גז/624"}, "geometry": {"type": "Point", "coordinates": [34.857996844996, 31.96927324363128]}}, {"type": "Feature", "properties": {"OBJECTID": 1580, "ID": "403", "TABA": "גז/624"}, "geometry": {"type": "Point", "coordinates": [34.855486309005904, 31.967752867275337]}}, {"type": "Feature", "properties": {"OBJECTID": 1581, "ID": "402", "TABA": "גז/624"}, "geometry": {"type": "Point", "coordinates": [34.85491642341967, 31.967730018003156]}}, {"type": "Feature", "properties": {"OBJECTID": 1582, "ID": "401", "TABA": "גז/624"}, "geometry": {"type": "Point", "coordinates": [34.854464298564025, 31.967230310629404]}}, {"type": "Feature", "properties": {"OBJECTID": 1583, "ID": "400", "TABA": "גז/624"}, "geometry": {"type": "Point", "coordinates": [34.85378954871035, 31.96701849031548]}}, {"type": "Feature", "properties": {"OBJECTID": 1584, "ID": "405", "TABA": "גז/624"}, "geometry": {"type": "Point", "coordinates": [34.85381345864315, 31.967809984598553]}}, {"type": "Feature", "properties": {"OBJECTID": 1585, "ID": "404", "TABA": "גז/624"}, "geometry": {"type": "Point", "coordinates": [34.85442654059844, 31.96817095503536]}}, {"type": "Feature", "properties": {"OBJECTID": 1586, "ID": "1", "TABA": "גז/6/342"}, "geometry": {"type": "Point", "coordinates": [34.842878401148845, 31.971258562474716]}}, {"type": "Feature", "properties": {"OBJECTID": 1587, "ID": "107", "TABA": "גז/5/342"}, "geometry": {"type": "Point", "coordinates": [34.85171893273021, 31.96778871719605]}}, {"type": "Feature", "properties": {"OBJECTID": 1588, "ID": "106", "TABA": "גז/5/342"}, "geometry": {"type": "Point", "coordinates": [34.85241973103423, 31.967761166726838]}}, {"type": "Feature", "properties": {"OBJECTID": 1589, "ID": "105", "TABA": "גז/5/342"}, "geometry": {"type": "Point", "coordinates": [34.853065299106234, 31.967657988258654]}}, {"type": "Feature", "properties": {"OBJECTID": 1590, "ID": "104", "TABA": "גז/5/342"}, "geometry": {"type": "Point", "coordinates": [34.85153338265975, 31.966161004217994]}}, {"type": "Feature", "properties": {"OBJECTID": 1591, "ID": "101", "TABA": "גז/5/342"}, "geometry": {"type": "Point", "coordinates": [34.848858044754266, 31.965566435086288]}}, {"type": "Feature", "properties": {"OBJECTID": 1592, "ID": "102", "TABA": "גז/5/342"}, "geometry": {"type": "Point", "coordinates": [34.84875318221309, 31.964961296869603]}}, {"type": "Feature", "properties": {"OBJECTID": 1593, "ID": "247", "TABA": "תמל/1087"}, "geometry": {"type": "Point", "coordinates": [34.87130104163816, 31.969768007858654]}}, {"type": "Feature", "properties": {"OBJECTID": 1594, "ID": "209", "TABA": "תמל/1087"}, "geometry": {"type": "Point", "coordinates": [34.86997367951978, 31.96979376368023]}}, {"type": "Feature", "properties": {"OBJECTID": 1595, "ID": "606", "TABA": "תמל/1087"}, "geometry": {"type": "Point", "coordinates": [34.871412271424376, 31.96814490150879]}}, {"type": "Feature", "properties": {"OBJECTID": 1596, "ID": "4009", "TABA": "תמל/1087"}, "geometry": {"type": "Point", "coordinates": [34.87167530114413, 31.969159533624723]}}, {"type": "Feature", "properties": {"OBJECTID": 1597, "ID": "834", "TABA": "תמל/1087"}, "geometry": {"type": "Point", "coordinates": [34.86897530789997, 31.970590510303662]}}, {"type": "Feature", "properties": {"OBJECTID": 1598, "ID": "607", "TABA": "תמל/1087"}, "geometry": {"type": "Point", "coordinates": [34.87095826176834, 31.96837632744151]}}, {"type": "Feature", "properties": {"OBJECTID": 1599, "ID": "4002", "TABA": "תמל/1087"}, "geometry": {"type": "Point", "coordinates": [34.87141550678564, 31.971865121106372]}}, {"type": "Feature", "properties": {"OBJECTID": 1600, "ID": "695", "TABA": "תמל/1087"}, "geometry": {"type": "Point", "coordinates": [34.86927307015456, 31.968979496165396]}}, {"type": "Feature", "properties": {"OBJECTID": 1601, "ID": "610", "TABA": "תמל/1087"}, "geometry": {"type": "Point", "coordinates": [34.868753137091495, 31.96931914361768]}}, {"type": "Feature", "properties": {"OBJECTID": 1602, "ID": "2002", "TABA": "תמל/1087"}, "geometry": {"type": "Point", "coordinates": [34.86764322895775, 31.974979311586985]}}, {"type": "Feature", "properties": {"OBJECTID": 1603, "ID": "205", "TABA": "תמל/1087"}, "geometry": {"type": "Point", "coordinates": [34.86977649919553, 31.970271943073588]}}, {"type": "Feature", "properties": {"OBJECTID": 1604, "ID": "206", "TABA": "תמל/1087"}, "geometry": {"type": "Point", "coordinates": [34.869412671048046, 31.969923612902818]}}, {"type": "Feature", "properties": {"OBJECTID": 1605, "ID": "207", "TABA": "תמל/1087"}, "geometry": {"type": "Point", "coordinates": [34.870757405468176, 31.96944142830295]}}, {"type": "Feature", "properties": {"OBJECTID": 1606, "ID": "211", "TABA": "תמל/1087"}, "geometry": {"type": "Point", "coordinates": [34.869721002344406, 31.969079805376918]}}, {"type": "Feature", "properties": {"OBJECTID": 1607, "ID": "214", "TABA": "תמל/1087"}, "geometry": {"type": "Point", "coordinates": [34.87158896553761, 31.968495971288075]}}, {"type": "Feature", "properties": {"OBJECTID": 1608, "ID": "215", "TABA": "תמל/1087"}, "geometry": {"type": "Point", "coordinates": [34.87104321556755, 31.968729211286895]}}, {"type": "Feature", "properties": {"OBJECTID": 1609, "ID": "216", "TABA": "תמל/1087"}, "geometry": {"type": "Point", "coordinates": [34.86788112357985, 31.97036185165659]}}, {"type": "Feature", "properties": {"OBJECTID": 1610, "ID": "217", "TABA": "תמל/1087"}, "geometry": {"type": "Point", "coordinates": [34.86770246159719, 31.969705051882695]}}, {"type": "Feature", "properties": {"OBJECTID": 1611, "ID": "246", "TABA": "תמל/1087"}, "geometry": {"type": "Point", "coordinates": [34.871490130450475, 31.97066587400051]}}, {"type": "Feature", "properties": {"OBJECTID": 1612, "ID": "301", "TABA": "תמל/1087"}, "geometry": {"type": "Point", "coordinates": [34.87104214541698, 31.970891337811796]}}, {"type": "Feature", "properties": {"OBJECTID": 1613, "ID": "313", "TABA": "תמל/1087"}, "geometry": {"type": "Point", "coordinates": [34.86823571673604, 31.969552311093494]}}, {"type": "Feature", "properties": {"OBJECTID": 1614, "ID": "314", "TABA": "תמל/1087"}, "geometry": {"type": "Point", "coordinates": [34.86847888048481, 31.97024939682222]}}, {"type": "Feature", "properties": {"OBJECTID": 1615, "ID": "4001", "TABA": "תמל/1087"}, "geometry": {"type": "Point", "coordinates": [34.866834523173374, 31.97039690015084]}}, {"type": "Feature", "properties": {"OBJECTID": 1616, "ID": "4010", "TABA": "תמל/1087"}, "geometry": {"type": "Point", "coordinates": [34.870719152304055, 31.96999545213191]}}, {"type": "Feature", "properties": {"OBJECTID": 1617, "ID": "4011", "TABA": "תמל/1087"}, "geometry": {"type": "Point", "coordinates": [34.870475346173315, 31.968835957373912]}}, {"type": "Feature", "properties": {"OBJECTID": 1618, "ID": "4016", "TABA": "תמל/1087"}, "geometry": {"type": "Point", "coordinates": [34.86831275107197, 31.971115752195146]}}, {"type": "Feature", "properties": {"OBJECTID": 1619, "ID": "4023", "TABA": "תמל/1087"}, "geometry": {"type": "Point", "coordinates": [34.869177961478364, 31.96927009858702]}}, {"type": "Feature", "properties": {"OBJECTID": 1620, "ID": "601", "TABA": "תמל/1087"}, "geometry": {"type": "Point", "coordinates": [34.87056816600615, 31.971422868037724]}}, {"type": "Feature", "properties": {"OBJECTID": 1621, "ID": "609", "TABA": "תמל/1087"}, "geometry": {"type": "Point", "coordinates": [34.8690610354633, 31.970188875398964]}}, {"type": "Feature", "properties": {"OBJECTID": 1622, "ID": "308", "TABA": "תמל/1087"}, "geometry": {"type": "Point", "coordinates": [34.875097400844716, 31.96689326385706]}}, {"type": "Feature", "properties": {"OBJECTID": 1623, "ID": "879", "TABA": "תמל/1087"}, "geometry": {"type": "Point", "coordinates": [34.87700850618744, 31.96809396473431]}}, {"type": "Feature", "properties": {"OBJECTID": 1624, "ID": "309", "TABA": "תמל/1087"}, "geometry": {"type": "Point", "coordinates": [34.872887321071374, 31.96766656637402]}}, {"type": "Feature", "properties": {"OBJECTID": 1625, "ID": "692", "TABA": "תמל/1087"}, "geometry": {"type": "Point", "coordinates": [34.86985043944555, 31.97210017974028]}}, {"type": "Feature", "properties": {"OBJECTID": 1626, "ID": "704", "TABA": "תמל/1087"}, "geometry": {"type": "Point", "coordinates": [34.86922748942512, 31.97102579226896]}}, {"type": "Feature", "properties": {"OBJECTID": 1627, "ID": "846", "TABA": "תמל/1087"}, "geometry": {"type": "Point", "coordinates": [34.87038440928237, 31.969249645823385]}}, {"type": "Feature", "properties": {"OBJECTID": 1628, "ID": "852", "TABA": "תמל/1087"}, "geometry": {"type": "Point", "coordinates": [34.8708070604558, 31.97116447366731]}}, {"type": "Feature", "properties": {"OBJECTID": 1629, "ID": "866", "TABA": "תמל/1087"}, "geometry": {"type": "Point", "coordinates": [34.871693282840525, 31.968958166622897]}}, {"type": "Feature", "properties": {"OBJECTID": 1630, "ID": "867", "TABA": "תמל/1087"}, "geometry": {"type": "Point", "coordinates": [34.87169336384562, 31.969727687901916]}}, {"type": "Feature", "properties": {"OBJECTID": 1631, "ID": "876", "TABA": "תמל/1087"}, "geometry": {"type": "Point", "coordinates": [34.87169501201607, 31.97119664293869]}}, {"type": "Feature", "properties": {"OBJECTID": 1632, "ID": "997", "TABA": "תמל/1087"}, "geometry": {"type": "Point", "coordinates": [34.87107507283668, 31.973773950223283]}}, {"type": "Feature", "properties": {"OBJECTID": 1633, "ID": "601", "TABA": "תמל/1087"}, "geometry": {"type": "Point", "coordinates": [34.87178037556799, 31.97242929295822]}}, {"type": "Feature", "properties": {"OBJECTID": 1634, "ID": "305", "TABA": "תמל/1087"}, "geometry": {"type": "Point", "coordinates": [34.87209762252862, 31.96788106902767]}}, {"type": "Feature", "properties": {"OBJECTID": 1635, "ID": "4028", "TABA": "תמל/1087"}, "geometry": {"type": "Point", "coordinates": [34.87182470878425, 31.967983688875247]}}, {"type": "Feature", "properties": {"OBJECTID": 1636, "ID": "246", "TABA": "תמל/1087"}, "geometry": {"type": "Point", "coordinates": [34.871846688423055, 31.970576172437806]}}, {"type": "Feature", "properties": {"OBJECTID": 1637, "ID": "301", "TABA": "תמל/1087"}, "geometry": {"type": "Point", "coordinates": [34.87191818032992, 31.97112772897997]}}, {"type": "Feature", "properties": {"OBJECTID": 1638, "ID": "302", "TABA": "תמל/1087"}, "geometry": {"type": "Point", "coordinates": [34.87429984384332, 31.969985783455762]}}, {"type": "Feature", "properties": {"OBJECTID": 1639, "ID": "303", "TABA": "תמל/1087"}, "geometry": {"type": "Point", "coordinates": [34.873468062015625, 31.969065726037297]}}, {"type": "Feature", "properties": {"OBJECTID": 1640, "ID": "304", "TABA": "תמל/1087"}, "geometry": {"type": "Point", "coordinates": [34.87268344467697, 31.96927105607416]}}, {"type": "Feature", "properties": {"OBJECTID": 1641, "ID": "306", "TABA": "תמל/1087"}, "geometry": {"type": "Point", "coordinates": [34.87311511822616, 31.968086836037294]}}, {"type": "Feature", "properties": {"OBJECTID": 1642, "ID": "307", "TABA": "תמל/1087"}, "geometry": {"type": "Point", "coordinates": [34.87526166820326, 31.96927069203202]}}, {"type": "Feature", "properties": {"OBJECTID": 1643, "ID": "323", "TABA": "תמל/1087"}, "geometry": {"type": "Point", "coordinates": [34.87233894868366, 31.96829765280817]}}, {"type": "Feature", "properties": {"OBJECTID": 1644, "ID": "4002", "TABA": "תמל/1087"}, "geometry": {"type": "Point", "coordinates": [34.87241273868338, 31.971784317672828]}}, {"type": "Feature", "properties": {"OBJECTID": 1645, "ID": "4003", "TABA": "תמל/1087"}, "geometry": {"type": "Point", "coordinates": [34.875265056588425, 31.967926904070072]}}, {"type": "Feature", "properties": {"OBJECTID": 1646, "ID": "4006", "TABA": "תמל/1087"}, "geometry": {"type": "Point", "coordinates": [34.8754274042234, 31.96892792260337]}}, {"type": "Feature", "properties": {"OBJECTID": 1647, "ID": "4007", "TABA": "תמל/1087"}, "geometry": {"type": "Point", "coordinates": [34.87438363396791, 31.9695382937054]}}, {"type": "Feature", "properties": {"OBJECTID": 1648, "ID": "4008", "TABA": "תמל/1087"}, "geometry": {"type": "Point", "coordinates": [34.873490716877484, 31.967487593313656]}}, {"type": "Feature", "properties": {"OBJECTID": 1649, "ID": "4009", "TABA": "תמל/1087"}, "geometry": {"type": "Point", "coordinates": [34.87198274146491, 31.96911052680204]}}, {"type": "Feature", "properties": {"OBJECTID": 1650, "ID": "4014", "TABA": "תמל/1087"}, "geometry": {"type": "Point", "coordinates": [34.87288586007708, 31.97040288383535]}}, {"type": "Feature", "properties": {"OBJECTID": 1651, "ID": "600", "TABA": "תמל/1087"}, "geometry": {"type": "Point", "coordinates": [34.87353713659932, 31.970391584277007]}}, {"type": "Feature", "properties": {"OBJECTID": 1652, "ID": "604", "TABA": "תמל/1087"}, "geometry": {"type": "Point", "coordinates": [34.87398498023122, 31.969459519157436]}}, {"type": "Feature", "properties": {"OBJECTID": 1653, "ID": "605", "TABA": "תמל/1087"}, "geometry": {"type": "Point", "coordinates": [34.872990464601955, 31.969485381534092]}}, {"type": "Feature", "properties": {"OBJECTID": 1654, "ID": "606", "TABA": "תמל/1087"}, "geometry": {"type": "Point", "coordinates": [34.87235442133028, 31.967893833279746]}}, {"type": "Feature", "properties": {"OBJECTID": 1655, "ID": "648", "TABA": "תמל/1087"}, "geometry": {"type": "Point", "coordinates": [34.87392224182543, 31.97083628638788]}}, {"type": "Feature", "properties": {"OBJECTID": 1656, "ID": "649", "TABA": "תמל/1087"}, "geometry": {"type": "Point", "coordinates": [34.87332223303968, 31.96763850619614]}}, {"type": "Feature", "properties": {"OBJECTID": 1657, "ID": "693", "TABA": "תמל/1087"}, "geometry": {"type": "Point", "coordinates": [34.87435939423142, 31.97079169302918]}}, {"type": "Feature", "properties": {"OBJECTID": 1658, "ID": "2001", "TABA": "תמל/1087"}, "geometry": {"type": "Point", "coordinates": [34.87403078397082, 31.971064521374334]}}, {"type": "Feature", "properties": {"OBJECTID": 1659, "ID": "208", "TABA": "תמל/1087"}, "geometry": {"type": "Point", "coordinates": [34.87404281527807, 31.968906702192488]}}, {"type": "Feature", "properties": {"OBJECTID": 1660, "ID": "210", "TABA": "תמל/1087"}, "geometry": {"type": "Point", "coordinates": [34.87371426334098, 31.967904699928233]}}, {"type": "Feature", "properties": {"OBJECTID": 1661, "ID": "213", "TABA": "תמל/1087"}, "geometry": {"type": "Point", "coordinates": [34.87205057505331, 31.969559849468176]}}, {"type": "Feature", "properties": {"OBJECTID": 1662, "ID": "214", "TABA": "תמל/1087"}, "geometry": {"type": "Point", "coordinates": [34.87192995071528, 31.968456617984348]}}, {"type": "Feature", "properties": {"OBJECTID": 1663, "ID": "243", "TABA": "תמל/1087"}, "geometry": {"type": "Point", "coordinates": [34.87224389781614, 31.970422565977234]}}, {"type": "Feature", "properties": {"OBJECTID": 1664, "ID": "244", "TABA": "תמל/1087"}, "geometry": {"type": "Point", "coordinates": [34.87433700688563, 31.967561304299164]}}, {"type": "Feature", "properties": {"OBJECTID": 1665, "ID": "245", "TABA": "תמל/1087"}, "geometry": {"type": "Point", "coordinates": [34.8748258481945, 31.96884971503099]}}, {"type": "Feature", "properties": {"OBJECTID": 1666, "ID": "300", "TABA": "תמל/1087"}, "geometry": {"type": "Point", "coordinates": [34.872627235518436, 31.970887844796472]}}, {"type": "Feature", "properties": {"OBJECTID": 1667, "ID": "843", "TABA": "תמל/1087"}, "geometry": {"type": "Point", "coordinates": [34.87456224571981, 31.968986796827156]}}, {"type": "Feature", "properties": {"OBJECTID": 1668, "ID": "844", "TABA": "תמל/1087"}, "geometry": {"type": "Point", "coordinates": [34.87303807062138, 31.96887861568598]}}, {"type": "Feature", "properties": {"OBJECTID": 1669, "ID": "855", "TABA": "תמל/1087"}, "geometry": {"type": "Point", "coordinates": [34.87262413353974, 31.971199963800238]}}, {"type": "Feature", "properties": {"OBJECTID": 1670, "ID": "859", "TABA": "תמל/1087"}, "geometry": {"type": "Point", "coordinates": [34.87198285963181, 31.9704804514652]}}, {"type": "Feature", "properties": {"OBJECTID": 1671, "ID": "862", "TABA": "תמל/1087"}, "geometry": {"type": "Point", "coordinates": [34.87390467775706, 31.967323030339923]}}, {"type": "Feature", "properties": {"OBJECTID": 1672, "ID": "863", "TABA": "תמל/1087"}, "geometry": {"type": "Point", "coordinates": [34.87254405584471, 31.967748393241298]}}, {"type": "Feature", "properties": {"OBJECTID": 1673, "ID": "866", "TABA": "תמל/1087"}, "geometry": {"type": "Point", "coordinates": [34.87171086927465, 31.968912728260797]}}, {"type": "Feature", "properties": {"OBJECTID": 1674, "ID": "867", "TABA": "תמל/1087"}, "geometry": {"type": "Point", "coordinates": [34.871702482975984, 31.96973738187849]}}, {"type": "Feature", "properties": {"OBJECTID": 1675, "ID": "876", "TABA": "תמל/1087"}, "geometry": {"type": "Point", "coordinates": [34.871682808972764, 31.971430658698804]}}, {"type": "Feature", "properties": {"OBJECTID": 1676, "ID": "878", "TABA": "תמל/1087"}, "geometry": {"type": "Point", "coordinates": [34.8759757325316, 31.96755789333568]}}, {"type": "Feature", "properties": {"OBJECTID": 1677, "ID": "880", "TABA": "תמל/1087"}, "geometry": {"type": "Point", "coordinates": [34.87602605189943, 31.968981210081907]}}, {"type": "Feature", "properties": {"OBJECTID": 1679, "ID": "203", "TABA": "גז/1/624"}, "geometry": {"type": "Point", "coordinates": [34.86060090790861, 31.96287926733749]}}, {"type": "Feature", "properties": {"OBJECTID": 1680, "ID": "204", "TABA": "גז/1/624"}, "geometry": {"type": "Point", "coordinates": [34.86116959551269, 31.962935005528745]}}, {"type": "Feature", "properties": {"OBJECTID": 1681, "ID": "205", "TABA": "גז/1/624"}, "geometry": {"type": "Point", "coordinates": [34.86178810771255, 31.96291894655651]}}, {"type": "Feature", "properties": {"OBJECTID": 1690, "ID": "113", "TABA": "גז/624"}, "geometry": {"type": "Point", "coordinates": [34.840941743356844, 31.979869931272095]}}, {"type": "Feature", "properties": {"OBJECTID": 1691, "ID": "107", "TABA": "גז/624"}, "geometry": {"type": "Point", "coordinates": [34.844050283236776, 31.981783132185274]}}, {"type": "Feature", "properties": {"OBJECTID": 1692, "ID": "106", "TABA": "גז/624"}, "geometry": {"type": "Point", "coordinates": [34.843372041581816, 31.98219385410732]}}, {"type": "Feature", "properties": {"OBJECTID": 1693, "ID": "א109", "TABA": "גז/624"}, "geometry": {"type": "Point", "coordinates": [34.845211599683736, 31.98125696116738]}}, {"type": "Feature", "properties": {"OBJECTID": 1694, "ID": "ב109", "TABA": "גז/624"}, "geometry": {"type": "Point", "coordinates": [34.845979260624524, 31.981546949373143]}}, {"type": "Feature", "properties": {"OBJECTID": 1695, "ID": "א108", "TABA": "גז/624"}, "geometry": {"type": "Point", "coordinates": [34.84610050357014, 31.982542226205165]}}, {"type": "Feature", "properties": {"OBJECTID": 1696, "ID": "ב108", "TABA": "גז/624"}, "geometry": {"type": "Point", "coordinates": [34.8468828635915, 31.982628451707292]}}, {"type": "Feature", "properties": {"OBJECTID": 1697, "ID": "104", "TABA": "גז/624"}, "geometry": {"type": "Point", "coordinates": [34.84483048770409, 31.983090614442638]}}, {"type": "Feature", "properties": {"OBJECTID": 1698, "ID": "ב103", "TABA": "גז/624"}, "geometry": {"type": "Point", "coordinates": [34.84245412875005, 31.98364052537889]}}, {"type": "Feature", "properties": {"OBJECTID": 1699, "ID": "105", "TABA": "גז/624"}, "geometry": {"type": "Point", "coordinates": [34.841851045260015, 31.982465116150248]}}, {"type": "Feature", "properties": {"OBJECTID": 1700, "ID": "א113", "TABA": "גז/624"}, "geometry": {"type": "Point", "coordinates": [34.840725797745584, 31.981492287999828]}}, {"type": "Feature", "properties": {"OBJECTID": 1701, "ID": "158", "TABA": "גז/2/624"}, "geometry": {"type": "Point", "coordinates": [34.8443311020818, 31.97889221114524]}}, {"type": "Feature", "properties": {"OBJECTID": 1702, "ID": "114", "TABA": "גז/2/624"}, "geometry": {"type": "Point", "coordinates": [34.84469632988628, 31.980290818317055]}}, {"type": "Feature", "properties": {"OBJECTID": 1703, "ID": "ב28", "TABA": "גמ/548"}, "geometry": {"type": "Point", "coordinates": [34.843399804664166, 31.992342020754155]}}, {"type": "Feature", "properties": {"OBJECTID": 1704, "ID": "53", "TABA": "גמ/548"}, "geometry": {"type": "Point", "coordinates": [34.84122970915788, 31.99836846330433]}}, {"type": "Feature", "properties": {"OBJECTID": 1705, "ID": "40", "TABA": "גמ/548"}, "geometry": {"type": "Point", "coordinates": [34.84187357044971, 31.99556794133509]}}, {"type": "Feature", "properties": {"OBJECTID": 1707, "ID": "ב27", "TABA": "גמ/548"}, "geometry": {"type": "Point", "coordinates": [34.84123094111678, 31.990660264797178]}}, {"type": "Feature", "properties": {"OBJECTID": 1709, "ID": "38", "TABA": "גמ/548"}, "geometry": {"type": "Point", "coordinates": [34.84104050964894, 31.994208232588907]}}, {"type": "Feature", "properties": {"OBJECTID": 1711, "ID": "34", "TABA": "גמ/548"}, "geometry": {"type": "Point", "coordinates": [34.840206944227646, 31.99206682979177]}}, {"type": "Feature", "properties": {"OBJECTID": 1712, "ID": "א27", "TABA": "גמ/548"}, "geometry": {"type": "Point", "coordinates": [34.84230239495352, 31.99140574204089]}}, {"type": "Feature", "properties": {"OBJECTID": 1715, "ID": "52", "TABA": "גמ/548"}, "geometry": {"type": "Point", "coordinates": [34.84177609073376, 31.996963105018423]}}, {"type": "Feature", "properties": {"OBJECTID": 1717, "ID": "39", "TABA": "גמ/548"}, "geometry": {"type": "Point", "coordinates": [34.84183730523539, 31.993027285537398]}}, {"type": "Feature", "properties": {"OBJECTID": 1720, "ID": "313", "TABA": "גז/624"}, "geometry": {"type": "Point", "coordinates": [34.85907398504203, 31.973701029863225]}}, {"type": "Feature", "properties": {"OBJECTID": 1721, "ID": "314", "TABA": "גז/624"}, "geometry": {"type": "Point", "coordinates": [34.85992274453477, 31.974185255704185]}}, {"type": "Feature", "properties": {"OBJECTID": 1722, "ID": "א321", "TABA": "גז/624"}, "geometry": {"type": "Point", "coordinates": [34.86239296894535, 31.975350326624593]}}, {"type": "Feature", "properties": {"OBJECTID": 1723, "ID": "321", "TABA": "גז/624"}, "geometry": {"type": "Point", "coordinates": [34.86191208213797, 31.9764855533887]}}, {"type": "Feature", "properties": {"OBJECTID": 1724, "ID": "318", "TABA": "גז/624"}, "geometry": {"type": "Point", "coordinates": [34.86138946569322, 31.975826352460867]}}, {"type": "Feature", "properties": {"OBJECTID": 1725, "ID": "317", "TABA": "גז/624"}, "geometry": {"type": "Point", "coordinates": [34.860632810500476, 31.975072529534412]}}, {"type": "Feature", "properties": {"OBJECTID": 1726, "ID": "316", "TABA": "גז/624"}, "geometry": {"type": "Point", "coordinates": [34.859346561160436, 31.9760799810355]}}, {"type": "Feature", "properties": {"OBJECTID": 1727, "ID": "315", "TABA": "גז/624"}, "geometry": {"type": "Point", "coordinates": [34.85888811146272, 31.97499122839087]}}, {"type": "Feature", "properties": {"OBJECTID": 1728, "ID": "155", "TABA": "גז/624"}, "geometry": {"type": "Point", "coordinates": [34.851268643816375, 31.97587735653565]}}, {"type": "Feature", "properties": {"OBJECTID": 1729, "ID": "154", "TABA": "גז/624"}, "geometry": {"type": "Point", "coordinates": [34.85171304050757, 31.976463602212423]}}, {"type": "Feature", "properties": {"OBJECTID": 1730, "ID": "151א", "TABA": "גז/624"}, "geometry": {"type": "Point", "coordinates": [34.851180825146436, 31.977463228030704]}}, {"type": "Feature", "properties": {"OBJECTID": 1731, "ID": "151", "TABA": "גז/624"}, "geometry": {"type": "Point", "coordinates": [34.85220135049435, 31.977206945395558]}}, {"type": "Feature", "properties": {"OBJECTID": 1732, "ID": "152א", "TABA": "גז/624"}, "geometry": {"type": "Point", "coordinates": [34.8539879850486, 31.976801456935704]}}, {"type": "Feature", "properties": {"OBJECTID": 1733, "ID": "152", "TABA": "גז/624"}, "geometry": {"type": "Point", "coordinates": [34.853532498080035, 31.976375177828604]}}, {"type": "Feature", "properties": {"OBJECTID": 1734, "ID": "162", "TABA": "גז/624"}, "geometry": {"type": "Point", "coordinates": [34.85350003407268, 31.973368297723766]}}, {"type": "Feature", "properties": {"OBJECTID": 1735, "ID": "157", "TABA": "גז/624"}, "geometry": {"type": "Point", "coordinates": [34.85302695533346, 31.974546410326077]}}, {"type": "Feature", "properties": {"OBJECTID": 1736, "ID": "156", "TABA": "גז/624"}, "geometry": {"type": "Point", "coordinates": [34.851415983689314, 31.97433173084868]}}, {"type": "Feature", "properties": {"OBJECTID": 1737, "ID": "127", "TABA": "גז/624"}, "geometry": {"type": "Point", "coordinates": [34.84928992615652, 31.97615032555047]}}, {"type": "Feature", "properties": {"OBJECTID": 1738, "ID": "126", "TABA": "גז/624"}, "geometry": {"type": "Point", "coordinates": [34.848346070242556, 31.976751114535702]}}, {"type": "Feature", "properties": {"OBJECTID": 1739, "ID": "125", "TABA": "גז/624"}, "geometry": {"type": "Point", "coordinates": [34.84754045010218, 31.97700965781069]}}, {"type": "Feature", "properties": {"OBJECTID": 1740, "ID": "122", "TABA": "גז/624"}, "geometry": {"type": "Point", "coordinates": [34.845457601829956, 31.97740725882744]}}, {"type": "Feature", "properties": {"OBJECTID": 1741, "ID": "124", "TABA": "גז/624"}, "geometry": {"type": "Point", "coordinates": [34.84666426716904, 31.975512408905782]}}, {"type": "Feature", "properties": {"OBJECTID": 1742, "ID": "123", "TABA": "גז/624"}, "geometry": {"type": "Point", "coordinates": [34.845149758448066, 31.97590404662292]}}, {"type": "Feature", "properties": {"OBJECTID": 1743, "ID": "132", "TABA": "גז/624"}, "geometry": {"type": "Point", "coordinates": [34.849003623964066, 31.973729725140867]}}, {"type": "Feature", "properties": {"OBJECTID": 1744, "ID": "131", "TABA": "גז/624"}, "geometry": {"type": "Point", "coordinates": [34.84685934856769, 31.973346755258014]}}, {"type": "Feature", "properties": {"OBJECTID": 1745, "ID": "130", "TABA": "גז/624"}, "geometry": {"type": "Point", "coordinates": [34.84681888493118, 31.97418566577311]}}, {"type": "Feature", "properties": {"OBJECTID": 1746, "ID": "129", "TABA": "גז/624"}, "geometry": {"type": "Point", "coordinates": [34.844766897192834, 31.97382078526187]}}, {"type": "Feature", "properties": {"OBJECTID": 1747, "ID": "128", "TABA": "גז/624"}, "geometry": {"type": "Point", "coordinates": [34.84360347839077, 31.973814903776763]}}, {"type": "Feature", "properties": {"OBJECTID": 1748, "ID": "118", "TABA": "גז/624"}, "geometry": {"type": "Point", "coordinates": [34.842166866208245, 31.97782768899902]}}, {"type": "Feature", "properties": {"OBJECTID": 1749, "ID": "121", "TABA": "גז/624"}, "geometry": {"type": "Point", "coordinates": [34.84288245081317, 31.97492004283737]}}, {"type": "Feature", "properties": {"OBJECTID": 1750, "ID": "120", "TABA": "גז/624"}, "geometry": {"type": "Point", "coordinates": [34.84350847788704, 31.976047204836124]}}, {"type": "Feature", "properties": {"OBJECTID": 1751, "ID": "119", "TABA": "גז/624"}, "geometry": {"type": "Point", "coordinates": [34.84362942681509, 31.977469629178586]}}, {"type": "Feature", "properties": {"OBJECTID": 1752, "ID": "1", "TABA": "על/37/525"}, "geometry": {"type": "Point", "coordinates": [34.84323162629946, 31.987427479460717]}}, {"type": "Feature", "properties": {"OBJECTID": 1753, "ID": "61", "TABA": "גמ/548"}, "geometry": {"type": "Point", "coordinates": [34.84204899142763, 31.986896306268108]}}, {"type": "Feature", "properties": {"OBJECTID": 1758, "ID": "19", "TABA": "גמ/548"}, "geometry": {"type": "Point", "coordinates": [34.840140730071695, 31.989112289565504]}}, {"type": "Feature", "properties": {"OBJECTID": 1759, "ID": "18", "TABA": "גמ/548"}, "geometry": {"type": "Point", "coordinates": [34.84158870688417, 31.98835650235937]}}, {"type": "Feature", "properties": {"OBJECTID": 1770, "ID": "309", "TABA": "תמל/1087"}, "geometry": {"type": "Point", "coordinates": [34.87280977512286, 31.967609685257287]}}, {"type": "Feature", "properties": {"OBJECTID": 1771, "ID": "4003", "TABA": "תמל/1087"}, "geometry": {"type": "Point", "coordinates": [34.87448953467067, 31.96703329744023]}}, {"type": "Feature", "properties": {"OBJECTID": 1772, "ID": "308", "TABA": "תמל/1087"}, "geometry": {"type": "Point", "coordinates": [34.874933418796005, 31.96689192036654]}}, {"type": "Feature", "properties": {"OBJECTID": 1773, "ID": "244", "TABA": "תמל/1087"}, "geometry": {"type": "Point", "coordinates": [34.87416752051375, 31.96715892161069]}}, {"type": "Feature", "properties": {"OBJECTID": 1774, "ID": "4003", "TABA": "תמל/1087"}, "geometry": {"type": "Point", "coordinates": [34.87634969496379, 31.968171910790314]}}, {"type": "Feature", "properties": {"OBJECTID": 1775, "ID": "837", "TABA": "תמל/1087"}, "geometry": {"type": "Point", "coordinates": [34.87572524482414, 31.96411399854539]}}, {"type": "Feature", "properties": {"OBJECTID": 1776, "ID": "883", "TABA": "תמל/1087"}, "geometry": {"type": "Point", "coordinates": [34.875637330549516, 31.96659885224702]}}, {"type": "Feature", "properties": {"OBJECTID": 1777, "ID": "878", "TABA": "תמל/1087"}, "geometry": {"type": "Point", "coordinates": [34.875532917481834, 31.96665905614042]}}, {"type": "Feature", "properties": {"OBJECTID": 1778, "ID": "101", "TABA": "תמל/1087"}, "geometry": {"type": "Point", "coordinates": [34.8771481651308, 31.96389457407966]}}, {"type": "Feature", "properties": {"OBJECTID": 1779, "ID": "102", "TABA": "תמל/1087"}, "geometry": {"type": "Point", "coordinates": [34.876101484951946, 31.964217330813796]}}, {"type": "Feature", "properties": {"OBJECTID": 1780, "ID": "103", "TABA": "תמל/1087"}, "geometry": {"type": "Point", "coordinates": [34.87561220985999, 31.96439749043326]}}, {"type": "Feature", "properties": {"OBJECTID": 1781, "ID": "1501", "TABA": "תמל/1087"}, "geometry": {"type": "Point", "coordinates": [34.87873202827646, 31.96644616331521]}}, {"type": "Feature", "properties": {"OBJECTID": 1782, "ID": "1590", "TABA": "תמל/1087"}, "geometry": {"type": "Point", "coordinates": [34.87648441337461, 31.96745430908924]}}, {"type": "Feature", "properties": {"OBJECTID": 1783, "ID": "1591", "TABA": "תמל/1087"}, "geometry": {"type": "Point", "coordinates": [34.87696672435204, 31.967437746862725]}}, {"type": "Feature", "properties": {"OBJECTID": 1784, "ID": "1850", "TABA": "תמל/1087"}, "geometry": {"type": "Point", "coordinates": [34.879755580615964, 31.964953319303188]}}, {"type": "Feature", "properties": {"OBJECTID": 1785, "ID": "222", "TABA": "תמל/1087"}, "geometry": {"type": "Point", "coordinates": [34.877261292913076, 31.96543113981924]}}, {"type": "Feature", "properties": {"OBJECTID": 1786, "ID": "225", "TABA": "תמל/1087"}, "geometry": {"type": "Point", "coordinates": [34.8765395321509, 31.965669424010184]}}, {"type": "Feature", "properties": {"OBJECTID": 1787, "ID": "242", "TABA": "תמל/1087"}, "geometry": {"type": "Point", "coordinates": [34.87683806117746, 31.966196818811486]}}, {"type": "Feature", "properties": {"OBJECTID": 1788, "ID": "305", "TABA": "תמל/1087"}, "geometry": {"type": "Point", "coordinates": [34.87169091025364, 31.967579714563158]}}, {"type": "Feature", "properties": {"OBJECTID": 1789, "ID": "328", "TABA": "תמל/1087"}, "geometry": {"type": "Point", "coordinates": [34.87621359071226, 31.966508670848075]}}, {"type": "Feature", "properties": {"OBJECTID": 1790, "ID": "4000", "TABA": "תמל/1087"}, "geometry": {"type": "Point", "coordinates": [34.880216715137806, 31.9636864966537]}}, {"type": "Feature", "properties": {"OBJECTID": 1791, "ID": "4008", "TABA": "תמל/1087"}, "geometry": {"type": "Point", "coordinates": [34.87350428479386, 31.96741901104723]}}, {"type": "Feature", "properties": {"OBJECTID": 1792, "ID": "4021", "TABA": "תמל/1087"}, "geometry": {"type": "Point", "coordinates": [34.8779310039518, 31.96475948187627]}}, {"type": "Feature", "properties": {"OBJECTID": 1793, "ID": "4028", "TABA": "תמל/1087"}, "geometry": {"type": "Point", "coordinates": [34.87166418191216, 31.96798033105876]}}, {"type": "Feature", "properties": {"OBJECTID": 1794, "ID": "622", "TABA": "תמל/1087"}, "geometry": {"type": "Point", "coordinates": [34.87670623875607, 31.96652957846653]}}, {"type": "Feature", "properties": {"OBJECTID": 1795, "ID": "623", "TABA": "תמל/1087"}, "geometry": {"type": "Point", "coordinates": [34.87577187107853, 31.964193412519148]}}, {"type": "Feature", "properties": {"OBJECTID": 1796, "ID": "882", "TABA": "תמל/1087"}, "geometry": {"type": "Point", "coordinates": [34.875926389037744, 31.964970323182342]}}, {"type": "Feature", "properties": {"OBJECTID": 1797, "ID": "901", "TABA": "תמל/1087"}, "geometry": {"type": "Point", "coordinates": [34.87877654203075, 31.965416397510207]}}, {"type": "Feature", "properties": {"OBJECTID": 1798, "ID": "902", "TABA": "תמל/1087"}, "geometry": {"type": "Point", "coordinates": [34.87785040340102, 31.96625291114449]}}, {"type": "Feature", "properties": {"OBJECTID": 1799, "ID": "903", "TABA": "תמל/1087"}, "geometry": {"type": "Point", "coordinates": [34.87729460081106, 31.96681528243908]}}, {"type": "Feature", "properties": {"OBJECTID": 1800, "ID": "930", "TABA": "תמל/1087"}, "geometry": {"type": "Point", "coordinates": [34.88028992107342, 31.96500066230948]}}, {"type": "Feature", "properties": {"OBJECTID": 1801, "ID": "624", "TABA": "תמל/1087"}, "geometry": {"type": "Point", "coordinates": [34.8787365357982, 31.96396042311053]}}, {"type": "Feature", "properties": {"OBJECTID": 1802, "ID": "625", "TABA": "תמל/1087"}, "geometry": {"type": "Point", "coordinates": [34.87940093687737, 31.964744262023185]}}, {"type": "Feature", "properties": {"OBJECTID": 1803, "ID": "626", "TABA": "תמל/1087"}, "geometry": {"type": "Point", "coordinates": [34.88118455429945, 31.963964775989652]}}, {"type": "Feature", "properties": {"OBJECTID": 1804, "ID": "627", "TABA": "תמל/1087"}, "geometry": {"type": "Point", "coordinates": [34.876183701459546, 31.965778666744264]}}, {"type": "Feature", "properties": {"OBJECTID": 1805, "ID": "643", "TABA": "תמל/1087"}, "geometry": {"type": "Point", "coordinates": [34.877820251235526, 31.965321577138578]}}, {"type": "Feature", "properties": {"OBJECTID": 1806, "ID": "646", "TABA": "תמל/1087"}, "geometry": {"type": "Point", "coordinates": [34.877554784159656, 31.964839424112142]}}, {"type": "Feature", "properties": {"OBJECTID": 1807, "ID": "694", "TABA": "תמל/1087"}, "geometry": {"type": "Point", "coordinates": [34.87719507734968, 31.968030016094215]}}, {"type": "Feature", "properties": {"OBJECTID": 1808, "ID": "836", "TABA": "תמל/1087"}, "geometry": {"type": "Point", "coordinates": [34.87746205321192, 31.967320360863404]}}, {"type": "Feature", "properties": {"OBJECTID": 1809, "ID": "837", "TABA": "תמל/1087"}, "geometry": {"type": "Point", "coordinates": [34.87638045423216, 31.96374679671415]}}, {"type": "Feature", "properties": {"OBJECTID": 1810, "ID": "838", "TABA": "תמל/1087"}, "geometry": {"type": "Point", "coordinates": [34.87864414954191, 31.96340445128187]}}, {"type": "Feature", "properties": {"OBJECTID": 1811, "ID": "839", "TABA": "תמל/1087"}, "geometry": {"type": "Point", "coordinates": [34.87741873370215, 31.965742044185458]}}, {"type": "Feature", "properties": {"OBJECTID": 1812, "ID": "840", "TABA": "תמל/1087"}, "geometry": {"type": "Point", "coordinates": [34.87859464237735, 31.96608638988048]}}, {"type": "Feature", "properties": {"OBJECTID": 1813, "ID": "841", "TABA": "תמל/1087"}, "geometry": {"type": "Point", "coordinates": [34.87766675023338, 31.965031305932012]}}, {"type": "Feature", "properties": {"OBJECTID": 1814, "ID": "842", "TABA": "תמל/1087"}, "geometry": {"type": "Point", "coordinates": [34.87637676409092, 31.96597140949895]}}, {"type": "Feature", "properties": {"OBJECTID": 1815, "ID": "861", "TABA": "תמל/1087"}, "geometry": {"type": "Point", "coordinates": [34.87886309257738, 31.964879535962847]}}, {"type": "Feature", "properties": {"OBJECTID": 1816, "ID": "862", "TABA": "תמל/1087"}, "geometry": {"type": "Point", "coordinates": [34.873896461881785, 31.96727293067718]}}, {"type": "Feature", "properties": {"OBJECTID": 1817, "ID": "863", "TABA": "תמל/1087"}, "geometry": {"type": "Point", "coordinates": [34.87253572400007, 31.96769661402818]}}, {"type": "Feature", "properties": {"OBJECTID": 1818, "ID": "864", "TABA": "תמל/1087"}, "geometry": {"type": "Point", "coordinates": [34.87157192741723, 31.96731063431593]}}, {"type": "Feature", "properties": {"OBJECTID": 1819, "ID": "878", "TABA": "תמל/1087"}, "geometry": {"type": "Point", "coordinates": [34.87631921258873, 31.96775492909817]}}, {"type": "Feature", "properties": {"OBJECTID": 1820, "ID": "879", "TABA": "תמל/1087"}, "geometry": {"type": "Point", "coordinates": [34.877126322215204, 31.96793926582461]}}, {"type": "Feature", "properties": {"OBJECTID": 1821, "ID": "ח1", "TABA": "גז/12/525"}, "geometry": {"type": "Point", "coordinates": [34.86123094149026, 31.995954921931567]}}, {"type": "Feature", "properties": {"OBJECTID": 1822, "ID": "ח3", "TABA": "גז/12/525"}, "geometry": {"type": "Point", "coordinates": [34.85331450765641, 31.99484477716923]}}, {"type": "Feature", "properties": {"OBJECTID": 1823, "ID": "ח4", "TABA": "גז/12/525"}, "geometry": {"type": "Point", "coordinates": [34.85476687896383, 31.993887737658092]}}, {"type": "Feature", "properties": {"OBJECTID": 1824, "ID": "ח2", "TABA": "גז/12/525"}, "geometry": {"type": "Point", "coordinates": [34.85898240585511, 31.993112438480793]}}, {"type": "Feature", "properties": {"OBJECTID": 1825, "ID": "233", "TABA": "גז/12/525"}, "geometry": {"type": "Point", "coordinates": [34.856571250901034, 31.984347520530235]}}, {"type": "Feature", "properties": {"OBJECTID": 1826, "ID": "235", "TABA": "גז/12/525"}, "geometry": {"type": "Point", "coordinates": [34.85705249711509, 31.984465151450365]}}, {"type": "Feature", "properties": {"OBJECTID": 1827, "ID": "236", "TABA": "גז/12/525"}, "geometry": {"type": "Point", "coordinates": [34.85706495566317, 31.984255439364755]}}, {"type": "Feature", "properties": {"OBJECTID": 1828, "ID": "237", "TABA": "גז/12/525"}, "geometry": {"type": "Point", "coordinates": [34.85706915353927, 31.984042138027725]}}, {"type": "Feature", "properties": {"OBJECTID": 1829, "ID": "238", "TABA": "גז/12/525"}, "geometry": {"type": "Point", "coordinates": [34.85709801049881, 31.983833126412062]}}, {"type": "Feature", "properties": {"OBJECTID": 1830, "ID": "217", "TABA": "גז/12/525"}, "geometry": {"type": "Point", "coordinates": [34.85747436587577, 31.98433064958891]}}, {"type": "Feature", "properties": {"OBJECTID": 1831, "ID": "218", "TABA": "גז/12/525"}, "geometry": {"type": "Point", "coordinates": [34.85746996512454, 31.98463747290699]}}, {"type": "Feature", "properties": {"OBJECTID": 1832, "ID": "219", "TABA": "גז/12/525"}, "geometry": {"type": "Point", "coordinates": [34.85746167145405, 31.984877428498365]}}, {"type": "Feature", "properties": {"OBJECTID": 1833, "ID": "220", "TABA": "גז/12/525"}, "geometry": {"type": "Point", "coordinates": [34.857440339040856, 31.985112298331252]}}, {"type": "Feature", "properties": {"OBJECTID": 1834, "ID": "223", "TABA": "גז/12/525"}, "geometry": {"type": "Point", "coordinates": [34.857917867678324, 31.985256483872035]}}, {"type": "Feature", "properties": {"OBJECTID": 1835, "ID": "224", "TABA": "גז/12/525"}, "geometry": {"type": "Point", "coordinates": [34.85817409043745, 31.985179967915435]}}, {"type": "Feature", "properties": {"OBJECTID": 1836, "ID": "226", "TABA": "גז/12/525"}, "geometry": {"type": "Point", "coordinates": [34.85794055277513, 31.984622773916783]}}, {"type": "Feature", "properties": {"OBJECTID": 1837, "ID": "227", "TABA": "גז/12/525"}, "geometry": {"type": "Point", "coordinates": [34.85783846920829, 31.984368886154957]}}, {"type": "Feature", "properties": {"OBJECTID": 1838, "ID": "228", "TABA": "גז/12/525"}, "geometry": {"type": "Point", "coordinates": [34.857753964496276, 31.984110358737414]}}, {"type": "Feature", "properties": {"OBJECTID": 1839, "ID": "928", "TABA": "גז/27/525/א"}, "geometry": {"type": "Point", "coordinates": [34.844607129037705, 31.98978592452652]}}, {"type": "Feature", "properties": {"OBJECTID": 1840, "ID": "927", "TABA": "גז/27/525/א"}, "geometry": {"type": "Point", "coordinates": [34.845054785427, 31.989623255912267]}}, {"type": "Feature", "properties": {"OBJECTID": 1841, "ID": "926", "TABA": "גז/27/525/א"}, "geometry": {"type": "Point", "coordinates": [34.84557998547527, 31.98947666950416]}}, {"type": "Feature", "properties": {"OBJECTID": 1842, "ID": "925", "TABA": "גז/27/525/א"}, "geometry": {"type": "Point", "coordinates": [34.84473656012246, 31.990029551900804]}}, {"type": "Feature", "properties": {"OBJECTID": 1843, "ID": "924", "TABA": "גז/27/525/א"}, "geometry": {"type": "Point", "coordinates": [34.845193478535, 31.989880130392784]}}, {"type": "Feature", "properties": {"OBJECTID": 1844, "ID": "923", "TABA": "גז/27/525/א"}, "geometry": {"type": "Point", "coordinates": [34.84566576278017, 31.989770411969584]}}, {"type": "Feature", "properties": {"OBJECTID": 1845, "ID": "922", "TABA": "גז/27/525/א"}, "geometry": {"type": "Point", "coordinates": [34.844850428883824, 31.990283712293998]}}, {"type": "Feature", "properties": {"OBJECTID": 1846, "ID": "921", "TABA": "גז/27/525/א"}, "geometry": {"type": "Point", "coordinates": [34.84535076778951, 31.99014498959011]}}, {"type": "Feature", "properties": {"OBJECTID": 1847, "ID": "920", "TABA": "גז/27/525/א"}, "geometry": {"type": "Point", "coordinates": [34.84578876228962, 31.990072191815525]}}, {"type": "Feature", "properties": {"OBJECTID": 1848, "ID": "919", "TABA": "גז/27/525/א"}, "geometry": {"type": "Point", "coordinates": [34.84536784812807, 31.99054165902105]}}, {"type": "Feature", "properties": {"OBJECTID": 1849, "ID": "918", "TABA": "גז/27/525/א"}, "geometry": {"type": "Point", "coordinates": [34.84498868936484, 31.99065164008416]}}, {"type": "Feature", "properties": {"OBJECTID": 1850, "ID": "917", "TABA": "גז/27/525/א"}, "geometry": {"type": "Point", "coordinates": [34.845395777770214, 31.990804679449383]}}, {"type": "Feature", "properties": {"OBJECTID": 1851, "ID": "916", "TABA": "גז/27/525/א"}, "geometry": {"type": "Point", "coordinates": [34.84587135968761, 31.990503668339972]}}, {"type": "Feature", "properties": {"OBJECTID": 1852, "ID": "915", "TABA": "גז/27/525/א"}, "geometry": {"type": "Point", "coordinates": [34.84515297089956, 31.990975860642266]}}, {"type": "Feature", "properties": {"OBJECTID": 1853, "ID": "914", "TABA": "גז/27/525/א"}, "geometry": {"type": "Point", "coordinates": [34.84551581622714, 31.991069433026055]}}, {"type": "Feature", "properties": {"OBJECTID": 1854, "ID": "913", "TABA": "גז/27/525/א"}, "geometry": {"type": "Point", "coordinates": [34.84596387831559, 31.99080364032789]}}, {"type": "Feature", "properties": {"OBJECTID": 1855, "ID": "615", "TABA": "גז/27/525/א"}, "geometry": {"type": "Point", "coordinates": [34.84761242919489, 31.991735684850006]}}, {"type": "Feature", "properties": {"OBJECTID": 1856, "ID": "614", "TABA": "גז/27/525/א"}, "geometry": {"type": "Point", "coordinates": [34.84787340449387, 31.99171161333239]}}, {"type": "Feature", "properties": {"OBJECTID": 1857, "ID": "613", "TABA": "גז/27/525/א"}, "geometry": {"type": "Point", "coordinates": [34.847308071990184, 31.99199527306751]}}, {"type": "Feature", "properties": {"OBJECTID": 1858, "ID": "612", "TABA": "גז/27/525/א"}, "geometry": {"type": "Point", "coordinates": [34.84781173483036, 31.991969818330322]}}, {"type": "Feature", "properties": {"OBJECTID": 1859, "ID": "611", "TABA": "גז/27/525/א"}, "geometry": {"type": "Point", "coordinates": [34.84807879017418, 31.991942663079993]}}, {"type": "Feature", "properties": {"OBJECTID": 1860, "ID": "610", "TABA": "גז/27/525/א"}, "geometry": {"type": "Point", "coordinates": [34.84743851046964, 31.992152733214688]}}, {"type": "Feature", "properties": {"OBJECTID": 1861, "ID": "609", "TABA": "גז/27/525/א"}, "geometry": {"type": "Point", "coordinates": [34.847936139718634, 31.992118993286493]}}, {"type": "Feature", "properties": {"OBJECTID": 1862, "ID": "608", "TABA": "גז/27/525/א"}, "geometry": {"type": "Point", "coordinates": [34.84819589832635, 31.992095952061764]}}, {"type": "Feature", "properties": {"OBJECTID": 1863, "ID": "912", "TABA": "גז/27/525/א"}, "geometry": {"type": "Point", "coordinates": [34.84563572262917, 31.991368560130535]}}, {"type": "Feature", "properties": {"OBJECTID": 1864, "ID": "911", "TABA": "גז/27/525/א"}, "geometry": {"type": "Point", "coordinates": [34.846145317348025, 31.991245725023184]}}, {"type": "Feature", "properties": {"OBJECTID": 1865, "ID": "910", "TABA": "גז/27/525/א"}, "geometry": {"type": "Point", "coordinates": [34.84533406538182, 31.99150520214039]}}, {"type": "Feature", "properties": {"OBJECTID": 1866, "ID": "909", "TABA": "גז/27/525/א"}, "geometry": {"type": "Point", "coordinates": [34.84577455368589, 31.991591060292954]}}, {"type": "Feature", "properties": {"OBJECTID": 1867, "ID": "908", "TABA": "גז/27/525/א"}, "geometry": {"type": "Point", "coordinates": [34.84637409331867, 31.99148963111972]}}, {"type": "Feature", "properties": {"OBJECTID": 1868, "ID": "907", "TABA": "גז/27/525/א"}, "geometry": {"type": "Point", "coordinates": [34.845457075298924, 31.991804338174482]}}, {"type": "Feature", "properties": {"OBJECTID": 1869, "ID": "906", "TABA": "גז/27/525/א"}, "geometry": {"type": "Point", "coordinates": [34.845985052486576, 31.99174501469353]}}, {"type": "Feature", "properties": {"OBJECTID": 1870, "ID": "905", "TABA": "גז/27/525/א"}, "geometry": {"type": "Point", "coordinates": [34.846496603495844, 31.991918327677208]}}, {"type": "Feature", "properties": {"OBJECTID": 1871, "ID": "904", "TABA": "גז/27/525/א"}, "geometry": {"type": "Point", "coordinates": [34.84566677238018, 31.992164534041418]}}, {"type": "Feature", "properties": {"OBJECTID": 1872, "ID": "903", "TABA": "גז/27/525/א"}, "geometry": {"type": "Point", "coordinates": [34.845927631160826, 31.992141474421175]}}, {"type": "Feature", "properties": {"OBJECTID": 1873, "ID": "902", "TABA": "גז/27/525/א"}, "geometry": {"type": "Point", "coordinates": [34.846253672395186, 31.992121241427416]}}, {"type": "Feature", "properties": {"OBJECTID": 1874, "ID": "901", "TABA": "גז/27/525/א"}, "geometry": {"type": "Point", "coordinates": [34.84657326814412, 31.99216180520266]}}, {"type": "Feature", "properties": {"OBJECTID": 1875, "ID": "803", "TABA": "גז/27/525/א"}, "geometry": {"type": "Point", "coordinates": [34.84702393838577, 31.990423230244215]}}, {"type": "Feature", "properties": {"OBJECTID": 1876, "ID": "א802", "TABA": "גז/27/525/א"}, "geometry": {"type": "Point", "coordinates": [34.84820972137028, 31.991246248040905]}}, {"type": "Feature", "properties": {"OBJECTID": 1877, "ID": "א700", "TABA": "גז/27/525/א"}, "geometry": {"type": "Point", "coordinates": [34.84869774681133, 31.99188485437593]}}, {"type": "Feature", "properties": {"OBJECTID": 1878, "ID": "700t", "TABA": "גז/27/525/א"}, "geometry": {"type": "Point", "coordinates": [34.84917205504733, 31.99125158957019]}}, {"type": "Feature", "properties": {"OBJECTID": 1879, "ID": "623", "TABA": "גז/27/525/א"}, "geometry": {"type": "Point", "coordinates": [34.846883186948254, 31.99138269222668]}}, {"type": "Feature", "properties": {"OBJECTID": 1880, "ID": "622", "TABA": "גז/27/525/א"}, "geometry": {"type": "Point", "coordinates": [34.84699420093858, 31.99154216594711]}}, {"type": "Feature", "properties": {"OBJECTID": 1881, "ID": "621", "TABA": "גז/27/525/א"}, "geometry": {"type": "Point", "coordinates": [34.84731527269023, 31.9913529039058]}}, {"type": "Feature", "properties": {"OBJECTID": 1882, "ID": "620", "TABA": "גז/27/525/א"}, "geometry": {"type": "Point", "coordinates": [34.847556833193295, 31.991328778401197]}}, {"type": "Feature", "properties": {"OBJECTID": 1883, "ID": "619", "TABA": "גז/27/525/א"}, "geometry": {"type": "Point", "coordinates": [34.847076139125626, 31.991690188670876]}}, {"type": "Feature", "properties": {"OBJECTID": 1884, "ID": "618", "TABA": "גז/27/525/א"}, "geometry": {"type": "Point", "coordinates": [34.847476950763976, 31.99159003243268]}}, {"type": "Feature", "properties": {"OBJECTID": 1885, "ID": "617", "TABA": "גז/27/525/א"}, "geometry": {"type": "Point", "coordinates": [34.84774037600941, 31.99155976727968]}}, {"type": "Feature", "properties": {"OBJECTID": 1886, "ID": "616", "TABA": "גז/27/525/א"}, "geometry": {"type": "Point", "coordinates": [34.84716787040421, 31.991852253827375]}}, {"type": "Feature", "properties": {"OBJECTID": 1887, "ID": "593", "TABA": "425-1279140"}, "geometry": {"type": "Point", "coordinates": [34.846304747384494, 31.996082267522215]}}, {"type": "Feature", "properties": {"OBJECTID": 1888, "ID": "606", "TABA": "גז/27/525/א"}, "geometry": {"type": "Point", "coordinates": [34.84676709700514, 31.995671793174843]}}, {"type": "Feature", "properties": {"OBJECTID": 1889, "ID": "605", "TABA": "גז/27/525/א"}, "geometry": {"type": "Point", "coordinates": [34.84663095464364, 31.995499774762138]}}, {"type": "Feature", "properties": {"OBJECTID": 1890, "ID": "604", "TABA": "גז/27/525/א"}, "geometry": {"type": "Point", "coordinates": [34.846539521078284, 31.995716816138277]}}, {"type": "Feature", "properties": {"OBJECTID": 1891, "ID": "603", "TABA": "גז/27/525/א"}, "geometry": {"type": "Point", "coordinates": [34.84643311777795, 31.995503940455784]}}, {"type": "Feature", "properties": {"OBJECTID": 1892, "ID": "602", "TABA": "גז/27/525/א"}, "geometry": {"type": "Point", "coordinates": [34.84633240370266, 31.99573040278092]}}, {"type": "Feature", "properties": {"OBJECTID": 1893, "ID": "601", "TABA": "גז/27/525/א"}, "geometry": {"type": "Point", "coordinates": [34.84607162275985, 31.995756435735736]}}, {"type": "Feature", "properties": {"OBJECTID": 1894, "ID": "600", "TABA": "גז/27/525/א"}, "geometry": {"type": "Point", "coordinates": [34.846225866224884, 31.99555216928668]}}, {"type": "Feature", "properties": {"OBJECTID": 1895, "ID": "599", "TABA": "גז/27/525/א"}, "geometry": {"type": "Point", "coordinates": [34.84587271466111, 31.995560620153668]}}, {"type": "Feature", "properties": {"OBJECTID": 1896, "ID": "598", "TABA": "גז/27/525/א"}, "geometry": {"type": "Point", "coordinates": [34.84574066773169, 31.99576179891427]}}, {"type": "Feature", "properties": {"OBJECTID": 1897, "ID": "597", "TABA": "גז/27/525/א"}, "geometry": {"type": "Point", "coordinates": [34.84666109436265, 31.99601308808466]}}, {"type": "Feature", "properties": {"OBJECTID": 1898, "ID": "596", "TABA": "גז/27/525/א"}, "geometry": {"type": "Point", "coordinates": [34.84654739881431, 31.99619931432291]}}, {"type": "Feature", "properties": {"OBJECTID": 1899, "ID": "595", "TABA": "425-1313394"}, "geometry": {"type": "Point", "coordinates": [34.84643168380518, 31.99641221818182]}}, {"type": "Feature", "properties": {"OBJECTID": 1900, "ID": "594", "TABA": "גז/27/525/א"}, "geometry": {"type": "Point", "coordinates": [34.846151702342155, 31.99627477973252]}}, {"type": "Feature", "properties": {"OBJECTID": 1901, "ID": "592", "TABA": "גז/27/525/א"}, "geometry": {"type": "Point", "coordinates": [34.8460509041491, 31.996108567100762]}}, {"type": "Feature", "properties": {"OBJECTID": 1902, "ID": "591", "TABA": "גז/27/525/א"}, "geometry": {"type": "Point", "coordinates": [34.84592674862164, 31.996316363201412]}}, {"type": "Feature", "properties": {"OBJECTID": 1903, "ID": "590", "TABA": "גז/27/525/א"}, "geometry": {"type": "Point", "coordinates": [34.8455763453232, 31.9963055539885]}}, {"type": "Feature", "properties": {"OBJECTID": 1904, "ID": "589", "TABA": "גז/27/525/א"}, "geometry": {"type": "Point", "coordinates": [34.845696818965955, 31.99613991790338]}}, {"type": "Feature", "properties": {"OBJECTID": 1905, "ID": "588", "TABA": "גז/27/525/א"}, "geometry": {"type": "Point", "coordinates": [34.84546362674742, 31.996182431370098]}}, {"type": "Feature", "properties": {"OBJECTID": 1906, "ID": "587", "TABA": "גז/27/525/א"}, "geometry": {"type": "Point", "coordinates": [34.845332317233364, 31.996373141840298]}}, {"type": "Feature", "properties": {"OBJECTID": 1907, "ID": "554", "TABA": "גז/27/525/א"}, "geometry": {"type": "Point", "coordinates": [34.847034266486006, 31.996316623035582]}}, {"type": "Feature", "properties": {"OBJECTID": 1908, "ID": "553", "TABA": "גז/27/525/א"}, "geometry": {"type": "Point", "coordinates": [34.847219496759905, 31.99615266394174]}}, {"type": "Feature", "properties": {"OBJECTID": 1909, "ID": "552", "TABA": "גז/27/525/א"}, "geometry": {"type": "Point", "coordinates": [34.84737907938215, 31.99598821487654]}}, {"type": "Feature", "properties": {"OBJECTID": 1910, "ID": "551", "TABA": "גז/27/525/א"}, "geometry": {"type": "Point", "coordinates": [34.84757960732195, 31.99616111966347]}}, {"type": "Feature", "properties": {"OBJECTID": 1911, "ID": "550", "TABA": "גז/27/525/א"}, "geometry": {"type": "Point", "coordinates": [34.8474134297936, 31.99632124251355]}}, {"type": "Feature", "properties": {"OBJECTID": 1912, "ID": "2008", "TABA": "גז/27/525/א"}, "geometry": {"type": "Point", "coordinates": [34.84810395870538, 31.9958428022135]}}, {"type": "Feature", "properties": {"OBJECTID": 1913, "ID": "607", "TABA": "גז/27/525/א"}, "geometry": {"type": "Point", "coordinates": [34.846895438145, 31.995472176537277]}}, {"type": "Feature", "properties": {"OBJECTID": 1914, "ID": "549", "TABA": "גז/27/525/א"}, "geometry": {"type": "Point", "coordinates": [34.84764195408186, 31.99639042941298]}}, {"type": "Feature", "properties": {"OBJECTID": 1915, "ID": "548", "TABA": "גז/27/525/א"}, "geometry": {"type": "Point", "coordinates": [34.8478047167649, 31.99622148425515]}}, {"type": "Feature", "properties": {"OBJECTID": 1916, "ID": "547", "TABA": "גז/27/525/א"}, "geometry": {"type": "Point", "coordinates": [34.84814711323221, 31.996277281906313]}}, {"type": "Feature", "properties": {"OBJECTID": 1917, "ID": "546", "TABA": "גז/27/525/א"}, "geometry": {"type": "Point", "coordinates": [34.84798320565168, 31.996445244931078]}}, {"type": "Feature", "properties": {"OBJECTID": 1918, "ID": "545", "TABA": "גז/27/525/א"}, "geometry": {"type": "Point", "coordinates": [34.848187741880366, 31.996474216130707]}}, {"type": "Feature", "properties": {"OBJECTID": 1919, "ID": "544", "TABA": "גז/27/525/א"}, "geometry": {"type": "Point", "coordinates": [34.84836540058299, 31.996318041909788]}}, {"type": "Feature", "properties": {"OBJECTID": 1920, "ID": "701", "TABA": "גז/27/525/א"}, "geometry": {"type": "Point", "coordinates": [34.84803067270891, 31.995310232672065]}}, {"type": "Feature", "properties": {"OBJECTID": 1921, "ID": "801", "TABA": "גז/27/525/א"}, "geometry": {"type": "Point", "coordinates": [34.848416981419945, 31.995366833765946]}}, {"type": "Feature", "properties": {"OBJECTID": 1922, "ID": "543", "TABA": "גז/27/525/א"}, "geometry": {"type": "Point", "coordinates": [34.84763815585948, 31.995380230524663]}}, {"type": "Feature", "properties": {"OBJECTID": 1923, "ID": "542", "TABA": "גז/27/525/א"}, "geometry": {"type": "Point", "coordinates": [34.84764300139951, 31.995637444515822]}}, {"type": "Feature", "properties": {"OBJECTID": 1924, "ID": "541", "TABA": "גז/27/525/א"}, "geometry": {"type": "Point", "coordinates": [34.847868053758745, 31.995678875492253]}}, {"type": "Feature", "properties": {"OBJECTID": 1925, "ID": "540", "TABA": "גז/27/525/א"}, "geometry": {"type": "Point", "coordinates": [34.84770522681971, 31.99581603744629]}}, {"type": "Feature", "properties": {"OBJECTID": 1926, "ID": "539", "TABA": "גז/27/525/א"}, "geometry": {"type": "Point", "coordinates": [34.84791096318145, 31.995860458533453]}}, {"type": "Feature", "properties": {"OBJECTID": 1927, "ID": "538", "TABA": "גז/27/525/א"}, "geometry": {"type": "Point", "coordinates": [34.848078187066314, 31.99569529777712]}}, {"type": "Feature", "properties": {"OBJECTID": 1928, "ID": "537", "TABA": "גז/27/525/א"}, "geometry": {"type": "Point", "coordinates": [34.84824069757773, 31.995907867862357]}}, {"type": "Feature", "properties": {"OBJECTID": 1929, "ID": "536", "TABA": "גז/27/525/א"}, "geometry": {"type": "Point", "coordinates": [34.84842721280642, 31.995745805275188]}}, {"type": "Feature", "properties": {"OBJECTID": 1930, "ID": "535", "TABA": "גז/27/525/א"}, "geometry": {"type": "Point", "coordinates": [34.84865581346621, 31.99579394339898]}}, {"type": "Feature", "properties": {"OBJECTID": 1931, "ID": "534", "TABA": "גז/27/525/א"}, "geometry": {"type": "Point", "coordinates": [34.84847573579463, 31.99595541476102]}}, {"type": "Feature", "properties": {"OBJECTID": 1932, "ID": "533", "TABA": "גז/27/525/א"}, "geometry": {"type": "Point", "coordinates": [34.84865273293352, 31.996036290556958]}}, {"type": "Feature", "properties": {"OBJECTID": 1933, "ID": "532", "TABA": "גז/27/525/א"}, "geometry": {"type": "Point", "coordinates": [34.849045472005436, 31.995677030754297]}}, {"type": "Feature", "properties": {"OBJECTID": 1934, "ID": "531", "TABA": "גז/27/525/א"}, "geometry": {"type": "Point", "coordinates": [34.84901542370118, 31.99548755635657]}}, {"type": "Feature", "properties": {"OBJECTID": 1935, "ID": "530", "TABA": "גז/27/525/א"}, "geometry": {"type": "Point", "coordinates": [34.84901941918545, 31.99533643356183]}}, {"type": "Feature", "properties": {"OBJECTID": 1936, "ID": "529", "TABA": "גז/27/525/א"}, "geometry": {"type": "Point", "coordinates": [34.84898710099542, 31.995162926419383]}}, {"type": "Feature", "properties": {"OBJECTID": 1937, "ID": "586", "TABA": "גז/מק/39/525"}, "geometry": {"type": "Point", "coordinates": [34.84524676113518, 31.996771868719346]}}, {"type": "Feature", "properties": {"OBJECTID": 1938, "ID": "585", "TABA": "גז/מק/39/525"}, "geometry": {"type": "Point", "coordinates": [34.845143748367605, 31.99698018107524]}}, {"type": "Feature", "properties": {"OBJECTID": 1939, "ID": "584", "TABA": "גז/מק/39/525"}, "geometry": {"type": "Point", "coordinates": [34.845243687959425, 31.997108028408277]}}, {"type": "Feature", "properties": {"OBJECTID": 1940, "ID": "583", "TABA": "גז/מק/39/525"}, "geometry": {"type": "Point", "coordinates": [34.84536411038349, 31.996953791301326]}}, {"type": "Feature", "properties": {"OBJECTID": 1941, "ID": "582", "TABA": "גז/מק/39/525"}, "geometry": {"type": "Point", "coordinates": [34.845493635286935, 31.99672454266641]}}, {"type": "Feature", "properties": {"OBJECTID": 1942, "ID": "581", "TABA": "גז/מק/39/525"}, "geometry": {"type": "Point", "coordinates": [34.84609127409855, 31.9966481924121]}}, {"type": "Feature", "properties": {"OBJECTID": 1943, "ID": "580", "TABA": "גז/מק/39/525"}, "geometry": {"type": "Point", "coordinates": [34.84586733079382, 31.996689581127498]}}, {"type": "Feature", "properties": {"OBJECTID": 1944, "ID": "579", "TABA": "גז/מק/39/525"}, "geometry": {"type": "Point", "coordinates": [34.845757382819166, 31.996869361214355]}}, {"type": "Feature", "properties": {"OBJECTID": 1945, "ID": "578", "TABA": "גז/מק/39/525"}, "geometry": {"type": "Point", "coordinates": [34.845622278229165, 31.997086683336498]}}, {"type": "Feature", "properties": {"OBJECTID": 1946, "ID": "577", "TABA": "גז/מק/39/525"}, "geometry": {"type": "Point", "coordinates": [34.84549489338965, 31.9972655310123]}}, {"type": "Feature", "properties": {"OBJECTID": 1947, "ID": "576", "TABA": "גז/מק/39/525"}, "geometry": {"type": "Point", "coordinates": [34.845792668536205, 31.997463407658785]}}, {"type": "Feature", "properties": {"OBJECTID": 1948, "ID": "575", "TABA": "גז/מק/39/525"}, "geometry": {"type": "Point", "coordinates": [34.84604274321413, 31.997463176289322]}}, {"type": "Feature", "properties": {"OBJECTID": 1949, "ID": "574", "TABA": "גז/מק/39/525"}, "geometry": {"type": "Point", "coordinates": [34.84596410458439, 31.997288437432125]}}, {"type": "Feature", "properties": {"OBJECTID": 1950, "ID": "573", "TABA": "גז/מק/39/525"}, "geometry": {"type": "Point", "coordinates": [34.846223161621666, 31.997100464149607]}}, {"type": "Feature", "properties": {"OBJECTID": 1951, "ID": "572", "TABA": "גז/מק/39/525"}, "geometry": {"type": "Point", "coordinates": [34.84638459068862, 31.996948920965355]}}, {"type": "Feature", "properties": {"OBJECTID": 1952, "ID": "571", "TABA": "גז/מק/39/525"}, "geometry": {"type": "Point", "coordinates": [34.84657547940586, 31.997154000766677]}}, {"type": "Feature", "properties": {"OBJECTID": 1953, "ID": "570", "TABA": "גז/מק/39/525"}, "geometry": {"type": "Point", "coordinates": [34.84639307979258, 31.997315805247275]}}, {"type": "Feature", "properties": {"OBJECTID": 1954, "ID": "569", "TABA": "גז/מק/39/525"}, "geometry": {"type": "Point", "coordinates": [34.846609064840244, 31.997352803066146]}}, {"type": "Feature", "properties": {"OBJECTID": 1955, "ID": "568", "TABA": "גז/מק/39/525"}, "geometry": {"type": "Point", "coordinates": [34.846824604191255, 31.997167634891078]}}, {"type": "Feature", "properties": {"OBJECTID": 1956, "ID": "567", "TABA": "גז/מק/39/525"}, "geometry": {"type": "Point", "coordinates": [34.84693326160975, 31.99727208746915]}}, {"type": "Feature", "properties": {"OBJECTID": 1957, "ID": "566", "TABA": "גז/מק/39/525"}, "geometry": {"type": "Point", "coordinates": [34.8466916617968, 31.996791955367797]}}, {"type": "Feature", "properties": {"OBJECTID": 1958, "ID": "565", "TABA": "גז/מק/39/525"}, "geometry": {"type": "Point", "coordinates": [34.84687287088787, 31.9966526650853]}}, {"type": "Feature", "properties": {"OBJECTID": 1959, "ID": "564", "TABA": "גז/מק/39/525"}, "geometry": {"type": "Point", "coordinates": [34.847092033318305, 31.996669232586257]}}, {"type": "Feature", "properties": {"OBJECTID": 1960, "ID": "563", "TABA": "גז/מק/39/525"}, "geometry": {"type": "Point", "coordinates": [34.84690419205847, 31.99681413444889]}}, {"type": "Feature", "properties": {"OBJECTID": 1961, "ID": "562", "TABA": "גז/מק/39/525"}, "geometry": {"type": "Point", "coordinates": [34.84715410858789, 31.996854245263624]}}, {"type": "Feature", "properties": {"OBJECTID": 1962, "ID": "561", "TABA": "גז/מק/39/525"}, "geometry": {"type": "Point", "coordinates": [34.84731550297835, 31.996711145259027]}}, {"type": "Feature", "properties": {"OBJECTID": 1963, "ID": "560", "TABA": "גז/מק/39/525"}, "geometry": {"type": "Point", "coordinates": [34.84761054221765, 31.996762641149026]}}, {"type": "Feature", "properties": {"OBJECTID": 1964, "ID": "559", "TABA": "גז/מק/39/525"}, "geometry": {"type": "Point", "coordinates": [34.84746195257527, 31.99693444854777]}}, {"type": "Feature", "properties": {"OBJECTID": 1965, "ID": "558", "TABA": "גז/מק/39/525"}, "geometry": {"type": "Point", "coordinates": [34.84728990269969, 31.997102144257802]}}, {"type": "Feature", "properties": {"OBJECTID": 1966, "ID": "557", "TABA": "גז/מק/39/525"}, "geometry": {"type": "Point", "coordinates": [34.84751523991055, 31.9971088852384]}}, {"type": "Feature", "properties": {"OBJECTID": 1967, "ID": "556", "TABA": "גז/מק/39/525"}, "geometry": {"type": "Point", "coordinates": [34.84768479981351, 31.996947369486527]}}, {"type": "Feature", "properties": {"OBJECTID": 1968, "ID": "555", "TABA": "גז/מק/39/525"}, "geometry": {"type": "Point", "coordinates": [34.84787786173956, 31.99679608375032]}}, {"type": "Feature", "properties": {"OBJECTID": 1969, "ID": "602", "TABA": "425-1153212"}, "geometry": {"type": "Point", "coordinates": [34.84732611797949, 31.995422918015624]}}, {"type": "Feature", "properties": {"OBJECTID": 1970, "ID": "601", "TABA": "425-1153212"}, "geometry": {"type": "Point", "coordinates": [34.84680071594023, 31.99633480101193]}}, {"type": "Feature", "properties": {"OBJECTID": 1971, "ID": "403", "TABA": "גז/18/525"}, "geometry": {"type": "Point", "coordinates": [34.846449046951115, 31.995137231368073]}}, {"type": "Feature", "properties": {"OBJECTID": 1972, "ID": "426", "TABA": "גז/18/525"}, "geometry": {"type": "Point", "coordinates": [34.84855878977102, 31.994689728001326]}}, {"type": "Feature", "properties": {"OBJECTID": 1973, "ID": "427", "TABA": "גז/18/525"}, "geometry": {"type": "Point", "coordinates": [34.84592131121679, 31.994659195812638]}}, {"type": "Feature", "properties": {"OBJECTID": 1974, "ID": "442", "TABA": "גז/18/525"}, "geometry": {"type": "Point", "coordinates": [34.84789928780518, 31.994442699316874]}}, {"type": "Feature", "properties": {"OBJECTID": 1975, "ID": "443", "TABA": "גז/18/525"}, "geometry": {"type": "Point", "coordinates": [34.848068608298874, 31.994424575216286]}}, {"type": "Feature", "properties": {"OBJECTID": 1976, "ID": "447", "TABA": "גז/18/525"}, "geometry": {"type": "Point", "coordinates": [34.84833867611555, 31.99439080508144]}}, {"type": "Feature", "properties": {"OBJECTID": 1977, "ID": "451", "TABA": "גז/18/525"}, "geometry": {"type": "Point", "coordinates": [34.845807955375584, 31.994123148022055]}}, {"type": "Feature", "properties": {"OBJECTID": 1978, "ID": "452", "TABA": "גז/18/525"}, "geometry": {"type": "Point", "coordinates": [34.845976069948804, 31.994100514291542]}}, {"type": "Feature", "properties": {"OBJECTID": 1979, "ID": "453", "TABA": "גז/18/525"}, "geometry": {"type": "Point", "coordinates": [34.84614198932304, 31.994073365127377]}}, {"type": "Feature", "properties": {"OBJECTID": 1980, "ID": "471", "TABA": "גז/18/525"}, "geometry": {"type": "Point", "coordinates": [34.848256974842265, 31.99385612245853]}}, {"type": "Feature", "properties": {"OBJECTID": 1981, "ID": "472", "TABA": "גז/18/525"}, "geometry": {"type": "Point", "coordinates": [34.84842516944209, 31.99383714972631]}}, {"type": "Feature", "properties": {"OBJECTID": 1982, "ID": "458", "TABA": "גז/18/525"}, "geometry": {"type": "Point", "coordinates": [34.84626182638052, 31.99382598994964]}}, {"type": "Feature", "properties": {"OBJECTID": 1983, "ID": "461", "TABA": "גז/18/525"}, "geometry": {"type": "Point", "coordinates": [34.846533320763314, 31.993786174776208]}}, {"type": "Feature", "properties": {"OBJECTID": 1984, "ID": "421", "TABA": "גז/18/525"}, "geometry": {"type": "Point", "coordinates": [34.84771706280398, 31.99478120819292]}}, {"type": "Feature", "properties": {"OBJECTID": 1985, "ID": "414", "TABA": "גז/18/525"}, "geometry": {"type": "Point", "coordinates": [34.846151207447214, 31.994942221963424]}}, {"type": "Feature", "properties": {"OBJECTID": 1986, "ID": "424", "TABA": "גז/18/525"}, "geometry": {"type": "Point", "coordinates": [34.84822061573551, 31.994725132699365]}}, {"type": "Feature", "properties": {"OBJECTID": 1987, "ID": "428", "TABA": "גז/18/525"}, "geometry": {"type": "Point", "coordinates": [34.84608857225628, 31.994632614142034]}}, {"type": "Feature", "properties": {"OBJECTID": 1988, "ID": "431", "TABA": "גז/18/525"}, "geometry": {"type": "Point", "coordinates": [34.84635778433667, 31.9945892876093]}}, {"type": "Feature", "properties": {"OBJECTID": 1989, "ID": "429", "TABA": "גז/18/525"}, "geometry": {"type": "Point", "coordinates": [34.8458739581577, 31.994435583648613]}}, {"type": "Feature", "properties": {"OBJECTID": 1990, "ID": "445", "TABA": "גז/18/525"}, "geometry": {"type": "Point", "coordinates": [34.84786471190552, 31.99421799650957]}}, {"type": "Feature", "properties": {"OBJECTID": 1991, "ID": "449", "TABA": "גז/18/525"}, "geometry": {"type": "Point", "coordinates": [34.848306093041465, 31.994168228117644]}}, {"type": "Feature", "properties": {"OBJECTID": 1992, "ID": "409", "TABA": "גז/18/525"}, "geometry": {"type": "Point", "coordinates": [34.84800454673777, 31.99497449487705]}}, {"type": "Feature", "properties": {"OBJECTID": 1993, "ID": "411", "TABA": "גז/18/525"}, "geometry": {"type": "Point", "coordinates": [34.84833951026466, 31.9949382358614]}}, {"type": "Feature", "properties": {"OBJECTID": 1994, "ID": "406", "TABA": "גז/18/525"}, "geometry": {"type": "Point", "coordinates": [34.846963936041355, 31.995070202587648]}}, {"type": "Feature", "properties": {"OBJECTID": 1995, "ID": "407", "TABA": "גז/18/525"}, "geometry": {"type": "Point", "coordinates": [34.84765901544197, 31.995014668683957]}}, {"type": "Feature", "properties": {"OBJECTID": 1996, "ID": "408", "TABA": "גז/18/525"}, "geometry": {"type": "Point", "coordinates": [34.847836077926495, 31.994994312158944]}}, {"type": "Feature", "properties": {"OBJECTID": 1997, "ID": "413", "TABA": "גז/18/525"}, "geometry": {"type": "Point", "coordinates": [34.84598417359915, 31.994967113475006]}}, {"type": "Feature", "properties": {"OBJECTID": 1998, "ID": "416", "TABA": "גז/18/525"}, "geometry": {"type": "Point", "coordinates": [34.846486459026764, 31.99489215935419]}}, {"type": "Feature", "properties": {"OBJECTID": 1999, "ID": "419", "TABA": "גז/18/525"}, "geometry": {"type": "Point", "coordinates": [34.84699119038475, 31.99481552015176]}}, {"type": "Feature", "properties": {"OBJECTID": 2000, "ID": "422", "TABA": "גז/18/525"}, "geometry": {"type": "Point", "coordinates": [34.84788510470322, 31.994762235758138]}}, {"type": "Feature", "properties": {"OBJECTID": 2001, "ID": "423", "TABA": "גז/18/525"}, "geometry": {"type": "Point", "coordinates": [34.84805267147729, 31.994742697237772]}}, {"type": "Feature", "properties": {"OBJECTID": 2002, "ID": "401", "TABA": "גז/18/525"}, "geometry": {"type": "Point", "coordinates": [34.84607595357387, 31.995171686839825]}}, {"type": "Feature", "properties": {"OBJECTID": 2003, "ID": "440", "TABA": "גז/18/525"}, "geometry": {"type": "Point", "coordinates": [34.84741643514631, 31.994268308493368]}}, {"type": "Feature", "properties": {"OBJECTID": 2004, "ID": "444", "TABA": "גז/18/525"}, "geometry": {"type": "Point", "coordinates": [34.84769646682913, 31.994236405627372]}}, {"type": "Feature", "properties": {"OBJECTID": 2005, "ID": "464", "TABA": "גז/18/525"}, "geometry": {"type": "Point", "coordinates": [34.84764940348717, 31.993924587785806]}}, {"type": "Feature", "properties": {"OBJECTID": 2006, "ID": "455", "TABA": "גז/18/525"}, "geometry": {"type": "Point", "coordinates": [34.8457626191554, 31.993903769149934]}}, {"type": "Feature", "properties": {"OBJECTID": 2007, "ID": "470", "TABA": "גז/18/525"}, "geometry": {"type": "Point", "coordinates": [34.848053965857346, 31.99365095604936]}}, {"type": "Feature", "properties": {"OBJECTID": 2008, "ID": "473", "TABA": "גז/18/525"}, "geometry": {"type": "Point", "coordinates": [34.848221566611045, 31.99363085466393]}}, {"type": "Feature", "properties": {"OBJECTID": 2009, "ID": "474", "TABA": "גז/18/525"}, "geometry": {"type": "Point", "coordinates": [34.848390325840775, 31.993612164922716]}}, {"type": "Feature", "properties": {"OBJECTID": 2010, "ID": "476", "TABA": "גז/18/525"}, "geometry": {"type": "Point", "coordinates": [34.84586398530214, 31.993564470997896]}}, {"type": "Feature", "properties": {"OBJECTID": 2011, "ID": "425", "TABA": "גז/18/525"}, "geometry": {"type": "Point", "coordinates": [34.848389113605656, 31.99470531498503]}}, {"type": "Feature", "properties": {"OBJECTID": 2012, "ID": "506", "TABA": "גז/18/525"}, "geometry": {"type": "Point", "coordinates": [34.847200695458106, 31.992878642977193]}}, {"type": "Feature", "properties": {"OBJECTID": 2013, "ID": "507", "TABA": "גז/18/525"}, "geometry": {"type": "Point", "coordinates": [34.84737808424118, 31.992856879369157]}}, {"type": "Feature", "properties": {"OBJECTID": 2014, "ID": "486", "TABA": "גז/18/525"}, "geometry": {"type": "Point", "coordinates": [34.846701160499784, 31.99321033927054]}}, {"type": "Feature", "properties": {"OBJECTID": 2015, "ID": "501", "TABA": "גז/18/525"}, "geometry": {"type": "Point", "coordinates": [34.84591871018271, 31.99300297117491]}}, {"type": "Feature", "properties": {"OBJECTID": 2016, "ID": "503", "TABA": "גז/18/525"}, "geometry": {"type": "Point", "coordinates": [34.84625255906107, 31.992953187439188]}}, {"type": "Feature", "properties": {"OBJECTID": 2017, "ID": "510", "TABA": "גז/18/525"}, "geometry": {"type": "Point", "coordinates": [34.84788092101515, 31.99280108450856]}}, {"type": "Feature", "properties": {"OBJECTID": 2018, "ID": "402", "TABA": "גז/18/525"}, "geometry": {"type": "Point", "coordinates": [34.84628150223731, 31.99515817644236]}}, {"type": "Feature", "properties": {"OBJECTID": 2019, "ID": "404", "TABA": "גז/18/525"}, "geometry": {"type": "Point", "coordinates": [34.84661620020487, 31.995115157715325]}}, {"type": "Feature", "properties": {"OBJECTID": 2020, "ID": "410", "TABA": "גז/18/525"}, "geometry": {"type": "Point", "coordinates": [34.84817141435095, 31.99495551786506]}}, {"type": "Feature", "properties": {"OBJECTID": 2021, "ID": "415", "TABA": "גז/18/525"}, "geometry": {"type": "Point", "coordinates": [34.84631868152466, 31.994916485583037]}}, {"type": "Feature", "properties": {"OBJECTID": 2022, "ID": "420", "TABA": "גז/18/525"}, "geometry": {"type": "Point", "coordinates": [34.84754107370399, 31.99480156757286]}}, {"type": "Feature", "properties": {"OBJECTID": 2023, "ID": "412", "TABA": "גז/18/525"}, "geometry": {"type": "Point", "coordinates": [34.84852945729587, 31.99491453276058]}}, {"type": "Feature", "properties": {"OBJECTID": 2024, "ID": "439", "TABA": "גז/18/525"}, "geometry": {"type": "Point", "coordinates": [34.847450370764804, 31.994493572340012]}}, {"type": "Feature", "properties": {"OBJECTID": 2025, "ID": "441", "TABA": "גז/18/525"}, "geometry": {"type": "Point", "coordinates": [34.847728647481524, 31.994457593733593]}}, {"type": "Feature", "properties": {"OBJECTID": 2026, "ID": "446", "TABA": "גז/18/525"}, "geometry": {"type": "Point", "coordinates": [34.84803429139082, 31.99420257227532]}}, {"type": "Feature", "properties": {"OBJECTID": 2027, "ID": "450", "TABA": "גז/18/525"}, "geometry": {"type": "Point", "coordinates": [34.848473733568, 31.994150662385394]}}, {"type": "Feature", "properties": {"OBJECTID": 2028, "ID": "459", "TABA": "גז/18/525"}, "geometry": {"type": "Point", "coordinates": [34.84658173014557, 31.99400950743703]}}, {"type": "Feature", "properties": {"OBJECTID": 2029, "ID": "463", "TABA": "גז/18/525"}, "geometry": {"type": "Point", "coordinates": [34.84747120145052, 31.993943249977413]}}, {"type": "Feature", "properties": {"OBJECTID": 2030, "ID": "467", "TABA": "גז/18/525"}, "geometry": {"type": "Point", "coordinates": [34.84792163832136, 31.993894071111978]}}, {"type": "Feature", "properties": {"OBJECTID": 2031, "ID": "469", "TABA": "גז/18/525"}, "geometry": {"type": "Point", "coordinates": [34.84808963312292, 31.993874534637317]}}, {"type": "Feature", "properties": {"OBJECTID": 2032, "ID": "460", "TABA": "גז/18/525"}, "geometry": {"type": "Point", "coordinates": [34.84675666261672, 31.993983227870828]}}, {"type": "Feature", "properties": {"OBJECTID": 2033, "ID": "456", "TABA": "גז/18/525"}, "geometry": {"type": "Point", "coordinates": [34.84592950521428, 31.993878032510978]}}, {"type": "Feature", "properties": {"OBJECTID": 2034, "ID": "457", "TABA": "גז/18/525"}, "geometry": {"type": "Point", "coordinates": [34.84609501982828, 31.993852009515415]}}, {"type": "Feature", "properties": {"OBJECTID": 2035, "ID": "462", "TABA": "גז/18/525"}, "geometry": {"type": "Point", "coordinates": [34.846708374441725, 31.993760459242303]}}, {"type": "Feature", "properties": {"OBJECTID": 2036, "ID": "480", "TABA": "גז/18/525"}, "geometry": {"type": "Point", "coordinates": [34.84630116923712, 31.99350229701871]}}, {"type": "Feature", "properties": {"OBJECTID": 2037, "ID": "495", "TABA": "גז/18/525"}, "geometry": {"type": "Point", "coordinates": [34.84817519693329, 31.99331960255489]}}, {"type": "Feature", "properties": {"OBJECTID": 2038, "ID": "482", "TABA": "גז/18/525"}, "geometry": {"type": "Point", "coordinates": [34.84608782614166, 31.993304425459325]}}, {"type": "Feature", "properties": {"OBJECTID": 2039, "ID": "496", "TABA": "גז/18/525"}, "geometry": {"type": "Point", "coordinates": [34.84834436614141, 31.993301195384788]}}, {"type": "Feature", "properties": {"OBJECTID": 2040, "ID": "483", "TABA": "גז/18/525"}, "geometry": {"type": "Point", "coordinates": [34.84625459145413, 31.99327868804419]}}, {"type": "Feature", "properties": {"OBJECTID": 2041, "ID": "498", "TABA": "גז/18/525"}, "geometry": {"type": "Point", "coordinates": [34.84830980188251, 31.99307987535051]}}, {"type": "Feature", "properties": {"OBJECTID": 2042, "ID": "499", "TABA": "גז/18/525"}, "geometry": {"type": "Point", "coordinates": [34.84558569012248, 31.993055856771477]}}, {"type": "Feature", "properties": {"OBJECTID": 2043, "ID": "500", "TABA": "גז/18/525"}, "geometry": {"type": "Point", "coordinates": [34.84575227017366, 31.993028427708456]}}, {"type": "Feature", "properties": {"OBJECTID": 2044, "ID": "489", "TABA": "גז/18/525"}, "geometry": {"type": "Point", "coordinates": [34.847564971520875, 31.993385451133342]}}, {"type": "Feature", "properties": {"OBJECTID": 2045, "ID": "477", "TABA": "גז/18/525"}, "geometry": {"type": "Point", "coordinates": [34.84565074832438, 31.993370262131297]}}, {"type": "Feature", "properties": {"OBJECTID": 2046, "ID": "481", "TABA": "גז/18/525"}, "geometry": {"type": "Point", "coordinates": [34.84646981868316, 31.993474310133102]}}, {"type": "Feature", "properties": {"OBJECTID": 2047, "ID": "487", "TABA": "גז/18/525"}, "geometry": {"type": "Point", "coordinates": [34.847284693164575, 31.99341967968149]}}, {"type": "Feature", "properties": {"OBJECTID": 2048, "ID": "488", "TABA": "גז/18/525"}, "geometry": {"type": "Point", "coordinates": [34.84725020155758, 31.99319582280715]}}, {"type": "Feature", "properties": {"OBJECTID": 2049, "ID": "492", "TABA": "גז/18/525"}, "geometry": {"type": "Point", "coordinates": [34.84753045545577, 31.993163638649083]}}, {"type": "Feature", "properties": {"OBJECTID": 2050, "ID": "504", "TABA": "גז/18/525"}, "geometry": {"type": "Point", "coordinates": [34.84641908239729, 31.99292773048294]}}, {"type": "Feature", "properties": {"OBJECTID": 2051, "ID": "505", "TABA": "גז/18/525"}, "geometry": {"type": "Point", "coordinates": [34.846601181205685, 31.992898654101893]}}, {"type": "Feature", "properties": {"OBJECTID": 2052, "ID": "465", "TABA": "גז/18/525"}, "geometry": {"type": "Point", "coordinates": [34.84743605079192, 31.993721363557846]}}, {"type": "Feature", "properties": {"OBJECTID": 2053, "ID": "466", "TABA": "גז/18/525"}, "geometry": {"type": "Point", "coordinates": [34.847614062262714, 31.993699882743858]}}, {"type": "Feature", "properties": {"OBJECTID": 2054, "ID": "479", "TABA": "גז/18/525"}, "geometry": {"type": "Point", "coordinates": [34.8461331960946, 31.993523692509772]}}, {"type": "Feature", "properties": {"OBJECTID": 2055, "ID": "485", "TABA": "גז/18/525"}, "geometry": {"type": "Point", "coordinates": [34.846748164681806, 31.993434231554218]}}, {"type": "Feature", "properties": {"OBJECTID": 2056, "ID": "478", "TABA": "גז/18/525"}, "geometry": {"type": "Point", "coordinates": [34.845818588142365, 31.993342837448257]}}, {"type": "Feature", "properties": {"OBJECTID": 2057, "ID": "484", "TABA": "גז/18/525"}, "geometry": {"type": "Point", "coordinates": [34.846424462676296, 31.993256428406134]}}, {"type": "Feature", "properties": {"OBJECTID": 2058, "ID": "468", "TABA": "גז/18/525"}, "geometry": {"type": "Point", "coordinates": [34.847886050913786, 31.993669647714484]}}, {"type": "Feature", "properties": {"OBJECTID": 2059, "ID": "502", "TABA": "גז/18/525"}, "geometry": {"type": "Point", "coordinates": [34.846085197644356, 31.992978078183224]}}, {"type": "Feature", "properties": {"OBJECTID": 2060, "ID": "508", "TABA": "גז/18/525"}, "geometry": {"type": "Point", "coordinates": [34.847546103649464, 31.992837906397238]}}, {"type": "Feature", "properties": {"OBJECTID": 2061, "ID": "509", "TABA": "גז/18/525"}, "geometry": {"type": "Point", "coordinates": [34.84771365637208, 31.992818650528225]}}, {"type": "Feature", "properties": {"OBJECTID": 2062, "ID": "511", "TABA": "גז/18/525"}, "geometry": {"type": "Point", "coordinates": [34.84804781969107, 31.99278154499754]}}, {"type": "Feature", "properties": {"OBJECTID": 2063, "ID": "405", "TABA": "גז/18/525"}, "geometry": {"type": "Point", "coordinates": [34.8467827915537, 31.995092518631832]}}, {"type": "Feature", "properties": {"OBJECTID": 2064, "ID": "417", "TABA": "גז/18/525"}, "geometry": {"type": "Point", "coordinates": [34.846652131817436, 31.994866981980326]}}, {"type": "Feature", "properties": {"OBJECTID": 2065, "ID": "490", "TABA": "גז/18/525"}, "geometry": {"type": "Point", "coordinates": [34.84773356163785, 31.993369088439028]}}, {"type": "Feature", "properties": {"OBJECTID": 2066, "ID": "493", "TABA": "גז/18/525"}, "geometry": {"type": "Point", "coordinates": [34.84769989535362, 31.993145515362553]}}, {"type": "Feature", "properties": {"OBJECTID": 2067, "ID": "432", "TABA": "גז/18/525"}, "geometry": {"type": "Point", "coordinates": [34.84652558177168, 31.994566212181088]}}, {"type": "Feature", "properties": {"OBJECTID": 2068, "ID": "437", "TABA": "גז/18/525"}, "geometry": {"type": "Point", "coordinates": [34.846972918425, 31.99449440534197]}}, {"type": "Feature", "properties": {"OBJECTID": 2069, "ID": "434", "TABA": "גז/18/525"}, "geometry": {"type": "Point", "coordinates": [34.84631151177341, 31.99436974758327]}}, {"type": "Feature", "properties": {"OBJECTID": 2070, "ID": "475", "TABA": "גז/18/525"}, "geometry": {"type": "Point", "coordinates": [34.84569595320159, 31.99358682255497]}}, {"type": "Feature", "properties": {"OBJECTID": 2071, "ID": "491", "TABA": "גז/18/525"}, "geometry": {"type": "Point", "coordinates": [34.847902889680626, 31.993351245931603]}}, {"type": "Feature", "properties": {"OBJECTID": 2072, "ID": "494", "TABA": "גז/18/525"}, "geometry": {"type": "Point", "coordinates": [34.84786864229662, 31.99312952446969]}}, {"type": "Feature", "properties": {"OBJECTID": 2073, "ID": "512", "TABA": "גז/18/525"}, "geometry": {"type": "Point", "coordinates": [34.84823619835074, 31.99275811926658]}}, {"type": "Feature", "properties": {"OBJECTID": 2074, "ID": "435", "TABA": "גז/18/525"}, "geometry": {"type": "Point", "coordinates": [34.84647806411218, 31.994344290648485]}}, {"type": "Feature", "properties": {"OBJECTID": 2075, "ID": "436", "TABA": "גז/18/525"}, "geometry": {"type": "Point", "coordinates": [34.84664520434086, 31.99432083805548]}}, {"type": "Feature", "properties": {"OBJECTID": 2076, "ID": "438", "TABA": "גז/18/525"}, "geometry": {"type": "Point", "coordinates": [34.84692531660025, 31.994274816695935]}}, {"type": "Feature", "properties": {"OBJECTID": 2077, "ID": "418", "TABA": "גז/18/525"}, "geometry": {"type": "Point", "coordinates": [34.84681830504471, 31.994841804898062]}}, {"type": "Feature", "properties": {"OBJECTID": 2078, "ID": "433", "TABA": "גז/18/525"}, "geometry": {"type": "Point", "coordinates": [34.846693176756, 31.994540475642353]}}, {"type": "Feature", "properties": {"OBJECTID": 2079, "ID": "430", "TABA": "גז/18/525"}, "geometry": {"type": "Point", "coordinates": [34.84604256708012, 31.99441223159187]}}, {"type": "Feature", "properties": {"OBJECTID": 2080, "ID": "448", "TABA": "גז/18/525"}, "geometry": {"type": "Point", "coordinates": [34.84850752778905, 31.99437620783238]}}, {"type": "Feature", "properties": {"OBJECTID": 2081, "ID": "454", "TABA": "גז/18/525"}, "geometry": {"type": "Point", "coordinates": [34.84630887551495, 31.99404819161802]}}, {"type": "Feature", "properties": {"OBJECTID": 2082, "ID": "497", "TABA": "גז/18/525"}, "geometry": {"type": "Point", "coordinates": [34.848140869298334, 31.99309602773247]}}, {"type": "Feature", "properties": {"OBJECTID": 2083, "ID": "524", "TABA": "גז/27/525/א"}, "geometry": {"type": "Point", "coordinates": [34.84867761283281, 31.993259883231982]}}, {"type": "Feature", "properties": {"OBJECTID": 2084, "ID": "523", "TABA": "גז/27/525/א"}, "geometry": {"type": "Point", "coordinates": [34.848696130910234, 31.993423852227004]}}, {"type": "Feature", "properties": {"OBJECTID": 2085, "ID": "522", "TABA": "גז/27/525/א"}, "geometry": {"type": "Point", "coordinates": [34.84872737071293, 31.993589964386143]}}, {"type": "Feature", "properties": {"OBJECTID": 2086, "ID": "521", "TABA": "גז/27/525/א"}, "geometry": {"type": "Point", "coordinates": [34.848767810163146, 31.99374299551543]}}, {"type": "Feature", "properties": {"OBJECTID": 2087, "ID": "520", "TABA": "גז/27/525/א"}, "geometry": {"type": "Point", "coordinates": [34.84880847558486, 31.993904687273464]}}, {"type": "Feature", "properties": {"OBJECTID": 2088, "ID": "518", "TABA": "גז/27/525/א"}, "geometry": {"type": "Point", "coordinates": [34.84882966847323, 31.994263829159976]}}, {"type": "Feature", "properties": {"OBJECTID": 2089, "ID": "517", "TABA": "גז/27/525/א"}, "geometry": {"type": "Point", "coordinates": [34.84887366733323, 31.994500456498226]}}, {"type": "Feature", "properties": {"OBJECTID": 2090, "ID": "515", "TABA": "גז/27/525/א"}, "geometry": {"type": "Point", "coordinates": [34.84889741186843, 31.99469528984313]}}, {"type": "Feature", "properties": {"OBJECTID": 2091, "ID": "514", "TABA": "גז/27/525/א"}, "geometry": {"type": "Point", "coordinates": [34.84890884197574, 31.994907479040993]}}, {"type": "Feature", "properties": {"OBJECTID": 2092, "ID": "2", "TABA": "על/48/525"}, "geometry": {"type": "Point", "coordinates": [34.847037524406595, 31.99351985048862]}}, {"type": "Feature", "properties": {"OBJECTID": 2093, "ID": "1", "TABA": "על/48/525"}, "geometry": {"type": "Point", "coordinates": [34.84721772705283, 31.994924974911584]}}, {"type": "Feature", "properties": {"OBJECTID": 2094, "ID": "ב802", "TABA": "על/מק/40/525"}, "geometry": {"type": "Point", "coordinates": [34.847935270372155, 31.992438435586987]}}, {"type": "Feature", "properties": {"OBJECTID": 2095, "ID": "142", "TABA": "425-1383173"}, "geometry": {"type": "Point", "coordinates": [34.85103794483237, 31.992900242119095]}}, {"type": "Feature", "properties": {"OBJECTID": 2096, "ID": "137C", "TABA": "425-1348473"}, "geometry": {"type": "Point", "coordinates": [34.85156405420929, 31.993557306845535]}}, {"type": "Feature", "properties": {"OBJECTID": 2097, "ID": "137B", "TABA": "425-1348473"}, "geometry": {"type": "Point", "coordinates": [34.851506453323275, 31.993653150804306]}}, {"type": "Feature", "properties": {"OBJECTID": 2098, "ID": "137A", "TABA": "425-1348473"}, "geometry": {"type": "Point", "coordinates": [34.85141473467277, 31.99375305173534]}}, {"type": "Feature", "properties": {"OBJECTID": 2099, "ID": "169/1", "TABA": "גז/מק/32/525"}, "geometry": {"type": "Point", "coordinates": [34.850292553376406, 31.993729119737097]}}, {"type": "Feature", "properties": {"OBJECTID": 2100, "ID": "163א/1", "TABA": " "}, "geometry": {"type": "Point", "coordinates": [34.850378601014626, 31.993943348610276]}}, {"type": "Feature", "properties": {"OBJECTID": 2101, "ID": "163/1", "TABA": "גז/מק/32/525"}, "geometry": {"type": "Point", "coordinates": [34.850475639075356, 31.994102552113397]}}, {"type": "Feature", "properties": {"OBJECTID": 2102, "ID": "513", "TABA": "גז/27/525/א"}, "geometry": {"type": "Point", "coordinates": [34.849181591194125, 31.9943381151099]}}, {"type": "Feature", "properties": {"OBJECTID": 2103, "ID": "519", "TABA": "גז/27/525/א"}, "geometry": {"type": "Point", "coordinates": [34.84923904464415, 31.994527022321343]}}, {"type": "Feature", "properties": {"OBJECTID": 2104, "ID": "148", "TABA": "גז/12/525"}, "geometry": {"type": "Point", "coordinates": [34.84992323011115, 31.992601134408613]}}, {"type": "Feature", "properties": {"OBJECTID": 2105, "ID": "149", "TABA": "גז/12/525"}, "geometry": {"type": "Point", "coordinates": [34.84971549785828, 31.99271979666079]}}, {"type": "Feature", "properties": {"OBJECTID": 2106, "ID": "150", "TABA": "גז/12/525"}, "geometry": {"type": "Point", "coordinates": [34.8499144871515, 31.99300427901743]}}, {"type": "Feature", "properties": {"OBJECTID": 2107, "ID": "151", "TABA": "גז/12/525"}, "geometry": {"type": "Point", "coordinates": [34.850173706351214, 31.992894420191735]}}, {"type": "Feature", "properties": {"OBJECTID": 2108, "ID": "152", "TABA": "גז/12/525"}, "geometry": {"type": "Point", "coordinates": [34.85048448676029, 31.993138878724192]}}, {"type": "Feature", "properties": {"OBJECTID": 2109, "ID": "153", "TABA": "גז/12/525"}, "geometry": {"type": "Point", "coordinates": [34.850342467985755, 31.993243484878164]}}, {"type": "Feature", "properties": {"OBJECTID": 2110, "ID": "154", "TABA": "גז/12/525"}, "geometry": {"type": "Point", "coordinates": [34.850551667370254, 31.993626684407932]}}, {"type": "Feature", "properties": {"OBJECTID": 2111, "ID": "155", "TABA": "גז/12/525"}, "geometry": {"type": "Point", "coordinates": [34.850734232098496, 31.99348973515206]}}, {"type": "Feature", "properties": {"OBJECTID": 2112, "ID": "156", "TABA": "גז/12/525"}, "geometry": {"type": "Point", "coordinates": [34.85077325507398, 31.993305399966108]}}, {"type": "Feature", "properties": {"OBJECTID": 2113, "ID": "157", "TABA": "גז/12/525"}, "geometry": {"type": "Point", "coordinates": [34.85096941386028, 31.99339842273092]}}, {"type": "Feature", "properties": {"OBJECTID": 2114, "ID": "158", "TABA": "גז/12/525"}, "geometry": {"type": "Point", "coordinates": [34.85123510301332, 31.99346381810148]}}, {"type": "Feature", "properties": {"OBJECTID": 2115, "ID": "159", "TABA": "גז/12/525"}, "geometry": {"type": "Point", "coordinates": [34.85116711039805, 31.993577633871894]}}, {"type": "Feature", "properties": {"OBJECTID": 2116, "ID": "160", "TABA": "גז/12/525"}, "geometry": {"type": "Point", "coordinates": [34.85101775166824, 31.993663875869565]}}, {"type": "Feature", "properties": {"OBJECTID": 2117, "ID": "161", "TABA": "גז/12/525"}, "geometry": {"type": "Point", "coordinates": [34.850879532375984, 31.993755304329525]}}, {"type": "Feature", "properties": {"OBJECTID": 2118, "ID": "162", "TABA": "גז/12/525"}, "geometry": {"type": "Point", "coordinates": [34.85072336900355, 31.993860836420282]}}, {"type": "Feature", "properties": {"OBJECTID": 2119, "ID": "117", "TABA": "גז/12/525"}, "geometry": {"type": "Point", "coordinates": [34.851536470013464, 31.994089206348885]}}, {"type": "Feature", "properties": {"OBJECTID": 2120, "ID": "118", "TABA": "גז/12/525"}, "geometry": {"type": "Point", "coordinates": [34.851626501031724, 31.993911907925423]}}, {"type": "Feature", "properties": {"OBJECTID": 2121, "ID": "136", "TABA": "גז/12/525"}, "geometry": {"type": "Point", "coordinates": [34.85183148399662, 31.9937064905114]}}, {"type": "Feature", "properties": {"OBJECTID": 2122, "ID": "129", "TABA": "גז/12/525"}, "geometry": {"type": "Point", "coordinates": [34.85100647936697, 31.994468444648945]}}, {"type": "Feature", "properties": {"OBJECTID": 2123, "ID": "130", "TABA": "גז/12/525"}, "geometry": {"type": "Point", "coordinates": [34.85125325212043, 31.994325914554285]}}, {"type": "Feature", "properties": {"OBJECTID": 2124, "ID": "131", "TABA": "גז/12/525"}, "geometry": {"type": "Point", "coordinates": [34.850869390653614, 31.994213522656022]}}, {"type": "Feature", "properties": {"OBJECTID": 2125, "ID": "132", "TABA": "גז/12/525"}, "geometry": {"type": "Point", "coordinates": [34.8510621256844, 31.994157887075442]}}, {"type": "Feature", "properties": {"OBJECTID": 2126, "ID": "133", "TABA": "גז/12/525"}, "geometry": {"type": "Point", "coordinates": [34.851197796583556, 31.993962824269072]}}, {"type": "Feature", "properties": {"OBJECTID": 2127, "ID": "134", "TABA": "גז/12/525"}, "geometry": {"type": "Point", "coordinates": [34.8513498744316, 31.994145271857704]}}, {"type": "Feature", "properties": {"OBJECTID": 2128, "ID": "107", "TABA": "גז/12/525"}, "geometry": {"type": "Point", "coordinates": [34.849548670831325, 31.994185704925776]}}, {"type": "Feature", "properties": {"OBJECTID": 2129, "ID": "108+109", "TABA": "גז/12/525"}, "geometry": {"type": "Point", "coordinates": [34.84967014450611, 31.99440621698011]}}, {"type": "Feature", "properties": {"OBJECTID": 2130, "ID": "110", "TABA": "גז/12/525"}, "geometry": {"type": "Point", "coordinates": [34.84935221932325, 31.994214203383034]}}, {"type": "Feature", "properties": {"OBJECTID": 2131, "ID": "111", "TABA": "גז/12/525"}, "geometry": {"type": "Point", "coordinates": [34.849419573134796, 31.99444963155645]}}, {"type": "Feature", "properties": {"OBJECTID": 2132, "ID": "112", "TABA": "גז/12/525"}, "geometry": {"type": "Point", "coordinates": [34.84988129585335, 31.994632671664775]}}, {"type": "Feature", "properties": {"OBJECTID": 2133, "ID": "113", "TABA": "גז/12/525"}, "geometry": {"type": "Point", "coordinates": [34.849963463334475, 31.99485065226866]}}, {"type": "Feature", "properties": {"OBJECTID": 2134, "ID": "114", "TABA": "גז/12/525"}, "geometry": {"type": "Point", "coordinates": [34.850108761342945, 31.995011633002402]}}, {"type": "Feature", "properties": {"OBJECTID": 2135, "ID": "115", "TABA": "גז/12/525"}, "geometry": {"type": "Point", "coordinates": [34.850187753097735, 31.995271979386814]}}, {"type": "Feature", "properties": {"OBJECTID": 2136, "ID": "321", "TABA": "גז/12/525"}, "geometry": {"type": "Point", "coordinates": [34.84969471971127, 31.99490529005564]}}, {"type": "Feature", "properties": {"OBJECTID": 2137, "ID": "320", "TABA": "גז/12/525"}, "geometry": {"type": "Point", "coordinates": [34.849628817404884, 31.99470349431914]}}, {"type": "Feature", "properties": {"OBJECTID": 2138, "ID": "122", "TABA": "גז/12/525"}, "geometry": {"type": "Point", "coordinates": [34.85027394709909, 31.994656693674557]}}, {"type": "Feature", "properties": {"OBJECTID": 2139, "ID": "124", "TABA": "גז/12/525"}, "geometry": {"type": "Point", "coordinates": [34.85044089065557, 31.99495959160227]}}, {"type": "Feature", "properties": {"OBJECTID": 2140, "ID": "125", "TABA": "גז/12/525"}, "geometry": {"type": "Point", "coordinates": [34.85043560784783, 31.994516642056908]}}, {"type": "Feature", "properties": {"OBJECTID": 2141, "ID": "126", "TABA": "גז/12/525"}, "geometry": {"type": "Point", "coordinates": [34.85057797961625, 31.994392242242323]}}, {"type": "Feature", "properties": {"OBJECTID": 2142, "ID": "127", "TABA": "גז/12/525"}, "geometry": {"type": "Point", "coordinates": [34.85058257767752, 31.99483566964316]}}, {"type": "Feature", "properties": {"OBJECTID": 2143, "ID": "128", "TABA": "גז/12/525"}, "geometry": {"type": "Point", "coordinates": [34.850761618460844, 31.99468972589828]}}, {"type": "Feature", "properties": {"OBJECTID": 2144, "ID": "528", "TABA": "גז/27/525/א"}, "geometry": {"type": "Point", "coordinates": [34.8493477523125, 31.994892188659893]}}, {"type": "Feature", "properties": {"OBJECTID": 2145, "ID": "516", "TABA": "גז/27/525/א"}, "geometry": {"type": "Point", "coordinates": [34.84929563160795, 31.994717042607277]}}, {"type": "Feature", "properties": {"OBJECTID": 2146, "ID": "527", "TABA": "גז/27/525/א"}, "geometry": {"type": "Point", "coordinates": [34.84910843994134, 31.994137903106765]}}, {"type": "Feature", "properties": {"OBJECTID": 2147, "ID": "138", "TABA": "גז/12/525"}, "geometry": {"type": "Point", "coordinates": [34.85137157208836, 31.993188747544398]}}, {"type": "Feature", "properties": {"OBJECTID": 2148, "ID": "139", "TABA": "גז/12/525"}, "geometry": {"type": "Point", "coordinates": [34.85143540010196, 31.993053414776465]}}, {"type": "Feature", "properties": {"OBJECTID": 2149, "ID": "140", "TABA": "גז/12/525"}, "geometry": {"type": "Point", "coordinates": [34.85152716791858, 31.992908422902694]}}, {"type": "Feature", "properties": {"OBJECTID": 2150, "ID": "141", "TABA": "גז/12/525"}, "geometry": {"type": "Point", "coordinates": [34.85113147312435, 31.99277091704461]}}, {"type": "Feature", "properties": {"OBJECTID": 2151, "ID": "143", "TABA": "גז/12/525"}, "geometry": {"type": "Point", "coordinates": [34.85095615157504, 31.993044434464668]}}, {"type": "Feature", "properties": {"OBJECTID": 2152, "ID": "144", "TABA": "גז/12/525"}, "geometry": {"type": "Point", "coordinates": [34.85061212123492, 31.992865064898098]}}, {"type": "Feature", "properties": {"OBJECTID": 2153, "ID": "145", "TABA": "גז/12/525"}, "geometry": {"type": "Point", "coordinates": [34.85073332009358, 31.992688072203705]}}, {"type": "Feature", "properties": {"OBJECTID": 2154, "ID": "146", "TABA": "גז/12/525"}, "geometry": {"type": "Point", "coordinates": [34.85062074220347, 31.99255630618715]}}, {"type": "Feature", "properties": {"OBJECTID": 2155, "ID": "147", "TABA": "גז/12/525"}, "geometry": {"type": "Point", "coordinates": [34.850367377247444, 31.9926286970275]}}, {"type": "Feature", "properties": {"OBJECTID": 2156, "ID": "101", "TABA": "גז/12/525"}, "geometry": {"type": "Point", "coordinates": [34.849055517406924, 31.993016602148884]}}, {"type": "Feature", "properties": {"OBJECTID": 2157, "ID": "102", "TABA": "גז/12/525"}, "geometry": {"type": "Point", "coordinates": [34.848958489868636, 31.99326415124082]}}, {"type": "Feature", "properties": {"OBJECTID": 2158, "ID": "103", "TABA": "גז/12/525"}, "geometry": {"type": "Point", "coordinates": [34.84915032267214, 31.993223289359037]}}, {"type": "Feature", "properties": {"OBJECTID": 2159, "ID": "104", "TABA": "גז/12/525"}, "geometry": {"type": "Point", "coordinates": [34.849010350846555, 31.99350298655985]}}, {"type": "Feature", "properties": {"OBJECTID": 2160, "ID": "105", "TABA": "גז/12/525"}, "geometry": {"type": "Point", "coordinates": [34.849232447693495, 31.99347184056557]}}, {"type": "Feature", "properties": {"OBJECTID": 2161, "ID": "106", "TABA": "גז/12/525"}, "geometry": {"type": "Point", "coordinates": [34.84930204633426, 31.99369952862228]}}, {"type": "Feature", "properties": {"OBJECTID": 2162, "ID": "319", "TABA": "גז/12/525"}, "geometry": {"type": "Point", "coordinates": [34.849083535444834, 31.9937437717374]}}, {"type": "Feature", "properties": {"OBJECTID": 2163, "ID": "ג9", "TABA": "גז/12/525"}, "geometry": {"type": "Point", "coordinates": [34.851152259577155, 31.994668208473144]}}, {"type": "Feature", "properties": {"OBJECTID": 2164, "ID": "225", "TABA": "425-1303775"}, "geometry": {"type": "Point", "coordinates": [34.85807013320209, 31.984894149566497]}}, {"type": "Feature", "properties": {"OBJECTID": 2165, "ID": "(255)101", "TABA": "425-1030113"}, "geometry": {"type": "Point", "coordinates": [34.85896646142482, 31.985834319149067]}}, {"type": "Feature", "properties": {"OBJECTID": 2166, "ID": "ג5", "TABA": "גז/12/525"}, "geometry": {"type": "Point", "coordinates": [34.85776389602779, 31.984846710988027]}}, {"type": "Feature", "properties": {"OBJECTID": 2167, "ID": "א6", "TABA": "גז/12/525"}, "geometry": {"type": "Point", "coordinates": [34.85836582572811, 31.98568668171013]}}, {"type": "Feature", "properties": {"OBJECTID": 2168, "ID": "164", "TABA": "גז/12/525"}, "geometry": {"type": "Point", "coordinates": [34.850324890373535, 31.994164865480016]}}, {"type": "Feature", "properties": {"OBJECTID": 2169, "ID": "165", "TABA": "גז/12/525"}, "geometry": {"type": "Point", "coordinates": [34.85018609901657, 31.99424727625299]}}, {"type": "Feature", "properties": {"OBJECTID": 2170, "ID": "166", "TABA": "גז/12/525"}, "geometry": {"type": "Point", "coordinates": [34.85006249289497, 31.9943237918065]}}, {"type": "Feature", "properties": {"OBJECTID": 2171, "ID": "167", "TABA": "גז/12/525"}, "geometry": {"type": "Point", "coordinates": [34.849932552182025, 31.994071271330387]}}, {"type": "Feature", "properties": {"OBJECTID": 2172, "ID": "168", "TABA": "גז/12/525"}, "geometry": {"type": "Point", "coordinates": [34.8501114689728, 31.993915893476398]}}, {"type": "Feature", "properties": {"OBJECTID": 2173, "ID": "170", "TABA": "גז/12/525"}, "geometry": {"type": "Point", "coordinates": [34.84982756758165, 31.993871500159354]}}, {"type": "Feature", "properties": {"OBJECTID": 2174, "ID": "171", "TABA": "גז/12/525"}, "geometry": {"type": "Point", "coordinates": [34.8496934348769, 31.993607899887156]}}, {"type": "Feature", "properties": {"OBJECTID": 2175, "ID": "172", "TABA": "גז/12/525"}, "geometry": {"type": "Point", "coordinates": [34.849573889826914, 31.993398474577678]}}, {"type": "Feature", "properties": {"OBJECTID": 2176, "ID": "173", "TABA": "גז/12/525"}, "geometry": {"type": "Point", "coordinates": [34.84996212651113, 31.993520944924057]}}, {"type": "Feature", "properties": {"OBJECTID": 2177, "ID": "174", "TABA": "גז/12/525"}, "geometry": {"type": "Point", "coordinates": [34.85017440900815, 31.993419725036805]}}, {"type": "Feature", "properties": {"OBJECTID": 2178, "ID": "322", "TABA": "גז/12/525"}, "geometry": {"type": "Point", "coordinates": [34.85004965774615, 31.99314181534786]}}, {"type": "Feature", "properties": {"OBJECTID": 2179, "ID": "323", "TABA": "גז/12/525"}, "geometry": {"type": "Point", "coordinates": [34.84985337157875, 31.99330069681302]}}, {"type": "Feature", "properties": {"OBJECTID": 2180, "ID": "175", "TABA": "גז/12/525"}, "geometry": {"type": "Point", "coordinates": [34.849524120951756, 31.993245818904157]}}, {"type": "Feature", "properties": {"OBJECTID": 2181, "ID": "176", "TABA": "גז/12/525"}, "geometry": {"type": "Point", "coordinates": [34.849718727411876, 31.993129772497586]}}, {"type": "Feature", "properties": {"OBJECTID": 2182, "ID": "177", "TABA": "גז/12/525"}, "geometry": {"type": "Point", "coordinates": [34.849397437784994, 31.99283955137262]}}, {"type": "Feature", "properties": {"OBJECTID": 2183, "ID": "178", "TABA": "גז/12/525"}, "geometry": {"type": "Point", "coordinates": [34.84955521056983, 31.992786196498198]}}, {"type": "Feature", "properties": {"OBJECTID": 2184, "ID": "א8", "TABA": "גז/12/525"}, "geometry": {"type": "Point", "coordinates": [34.857548323051404, 31.985359494887778]}}, {"type": "Feature", "properties": {"OBJECTID": 2185, "ID": "א7", "TABA": "גז/12/525"}, "geometry": {"type": "Point", "coordinates": [34.857475596313016, 31.984065237469895]}}, {"type": "Feature", "properties": {"OBJECTID": 2186, "ID": "201", "TABA": "גז/12/525"}, "geometry": {"type": "Point", "coordinates": [34.85829443218591, 31.98551978850952]}}, {"type": "Feature", "properties": {"OBJECTID": 2187, "ID": "202", "TABA": "גז/12/525"}, "geometry": {"type": "Point", "coordinates": [34.85783536345629, 31.985733540332756]}}, {"type": "Feature", "properties": {"OBJECTID": 2188, "ID": "203", "TABA": "גז/12/525"}, "geometry": {"type": "Point", "coordinates": [34.858078824897234, 31.98567111108557]}}, {"type": "Feature", "properties": {"OBJECTID": 2189, "ID": "205", "TABA": "גז/12/525"}, "geometry": {"type": "Point", "coordinates": [34.858852937561245, 31.98557599758466]}}, {"type": "Feature", "properties": {"OBJECTID": 2190, "ID": "206", "TABA": "גז/12/525"}, "geometry": {"type": "Point", "coordinates": [34.85874605723945, 31.985304066839173]}}, {"type": "Feature", "properties": {"OBJECTID": 2191, "ID": "207", "TABA": "גז/12/525"}, "geometry": {"type": "Point", "coordinates": [34.85866149904221, 31.98505890013566]}}, {"type": "Feature", "properties": {"OBJECTID": 2192, "ID": "208", "TABA": "גז/12/525"}, "geometry": {"type": "Point", "coordinates": [34.85853667655464, 31.984801451093002]}}, {"type": "Feature", "properties": {"OBJECTID": 2193, "ID": "209", "TABA": "גז/12/525"}, "geometry": {"type": "Point", "coordinates": [34.8584220445646, 31.98455429944928]}}, {"type": "Feature", "properties": {"OBJECTID": 2194, "ID": "210", "TABA": "גז/12/525"}, "geometry": {"type": "Point", "coordinates": [34.85833753942243, 31.984297943062273]}}, {"type": "Feature", "properties": {"OBJECTID": 2195, "ID": "211", "TABA": "גז/12/525"}, "geometry": {"type": "Point", "coordinates": [34.858218696766016, 31.984034065694235]}}, {"type": "Feature", "properties": {"OBJECTID": 2196, "ID": "212", "TABA": "גז/12/525"}, "geometry": {"type": "Point", "coordinates": [34.8580965215526, 31.983786609090938]}}, {"type": "Feature", "properties": {"OBJECTID": 2197, "ID": "213", "TABA": "גז/12/525"}, "geometry": {"type": "Point", "coordinates": [34.857917616652415, 31.983524213322376]}}, {"type": "Feature", "properties": {"OBJECTID": 2198, "ID": "214", "TABA": "גז/12/525"}, "geometry": {"type": "Point", "coordinates": [34.85756216679822, 31.983467847314724]}}, {"type": "Feature", "properties": {"OBJECTID": 2199, "ID": "215", "TABA": "גז/12/525"}, "geometry": {"type": "Point", "coordinates": [34.857245565918035, 31.98344813762086]}}, {"type": "Feature", "properties": {"OBJECTID": 2200, "ID": "229", "TABA": "גז/12/525"}, "geometry": {"type": "Point", "coordinates": [34.856880460275626, 31.98346210749656]}}, {"type": "Feature", "properties": {"OBJECTID": 2201, "ID": "230", "TABA": "גז/12/525"}, "geometry": {"type": "Point", "coordinates": [34.85664506189246, 31.98361773102375]}}, {"type": "Feature", "properties": {"OBJECTID": 2202, "ID": "231", "TABA": "גז/12/525"}, "geometry": {"type": "Point", "coordinates": [34.85659475627243, 31.98386056275402]}}, {"type": "Feature", "properties": {"OBJECTID": 2203, "ID": "232", "TABA": "גז/12/525"}, "geometry": {"type": "Point", "coordinates": [34.85658520943802, 31.984115190839127]}}, {"type": "Feature", "properties": {"OBJECTID": 2204, "ID": "26", "TABA": "גז/12/525"}, "geometry": {"type": "Point", "coordinates": [34.85332111920289, 31.986038770017508]}}, {"type": "Feature", "properties": {"OBJECTID": 2205, "ID": "27", "TABA": "גז/12/525"}, "geometry": {"type": "Point", "coordinates": [34.85354906447884, 31.986037741957478]}}, {"type": "Feature", "properties": {"OBJECTID": 2206, "ID": "28", "TABA": "גז/12/525"}, "geometry": {"type": "Point", "coordinates": [34.85385124728688, 31.986060242821832]}}, {"type": "Feature", "properties": {"OBJECTID": 2207, "ID": "29", "TABA": "גז/12/525"}, "geometry": {"type": "Point", "coordinates": [34.85419748020063, 31.986063991570663]}}, {"type": "Feature", "properties": {"OBJECTID": 2208, "ID": "30", "TABA": "גז/12/525"}, "geometry": {"type": "Point", "coordinates": [34.85454229979507, 31.98605902765882]}}, {"type": "Feature", "properties": {"OBJECTID": 2209, "ID": "31", "TABA": "גז/12/525"}, "geometry": {"type": "Point", "coordinates": [34.8547863269945, 31.986043525367645]}}, {"type": "Feature", "properties": {"OBJECTID": 2210, "ID": "32", "TABA": "גז/12/525"}, "geometry": {"type": "Point", "coordinates": [34.85515552386257, 31.985748948517212]}}, {"type": "Feature", "properties": {"OBJECTID": 2211, "ID": "33", "TABA": "גז/12/525"}, "geometry": {"type": "Point", "coordinates": [34.855535854213045, 31.985193076345787]}}, {"type": "Feature", "properties": {"OBJECTID": 2212, "ID": "34", "TABA": "גז/12/525"}, "geometry": {"type": "Point", "coordinates": [34.855930468104454, 31.984971208277162]}}, {"type": "Feature", "properties": {"OBJECTID": 2213, "ID": "35", "TABA": "גז/12/525"}, "geometry": {"type": "Point", "coordinates": [34.856253826092754, 31.98480808635488]}}, {"type": "Feature", "properties": {"OBJECTID": 2214, "ID": "88", "TABA": "גז/12/525"}, "geometry": {"type": "Point", "coordinates": [34.85648873194345, 31.984804994337328]}}, {"type": "Feature", "properties": {"OBJECTID": 2215, "ID": "6ד", "TABA": "גז/12/525"}, "geometry": {"type": "Point", "coordinates": [34.8649279854944, 31.9924474239062]}}, {"type": "Feature", "properties": {"OBJECTID": 2216, "ID": "ח4", "TABA": "גז/12/525"}, "geometry": {"type": "Point", "coordinates": [34.85908422905436, 31.98994006901387]}}, {"type": "Feature", "properties": {"OBJECTID": 2217, "ID": "42", "TABA": "43"}, "geometry": {"type": "Point", "coordinates": [34.854080776881815, 31.987771265897003]}}, {"type": "Feature", "properties": {"OBJECTID": 2218, "ID": "38", "TABA": "גז/12/525"}, "geometry": {"type": "Point", "coordinates": [34.85491339599851, 31.986892253802743]}}, {"type": "Feature", "properties": {"OBJECTID": 2219, "ID": "37", "TABA": "גז/12/525"}, "geometry": {"type": "Point", "coordinates": [34.85518994309382, 31.98673456267874]}}, {"type": "Feature", "properties": {"OBJECTID": 2220, "ID": "ח5", "TABA": "גז/12/525"}, "geometry": {"type": "Point", "coordinates": [34.855853843784, 31.989312881913943]}}, {"type": "Feature", "properties": {"OBJECTID": 2221, "ID": " (1045)601", "TABA": "425-0712950"}, "geometry": {"type": "Point", "coordinates": [34.85397592999768, 31.98913551456937]}}, {"type": "Feature", "properties": {"OBJECTID": 2222, "ID": " (45)101", "TABA": "425-0712950"}, "geometry": {"type": "Point", "coordinates": [34.853564233963716, 31.98855594942108]}}, {"type": "Feature", "properties": {"OBJECTID": 2223, "ID": "41", "TABA": "גז/12/525"}, "geometry": {"type": "Point", "coordinates": [34.854299697775375, 31.987529736584833]}}, {"type": "Feature", "properties": {"OBJECTID": 2224, "ID": "43", "TABA": "43"}, "geometry": {"type": "Point", "coordinates": [34.85389720145181, 31.9880149783129]}}, {"type": "Feature", "properties": {"OBJECTID": 2225, "ID": "44", "TABA": "גז/12/525"}, "geometry": {"type": "Point", "coordinates": [34.853717556487744, 31.988243256118185]}}, {"type": "Feature", "properties": {"OBJECTID": 2226, "ID": "46", "TABA": "גז/12/525"}, "geometry": {"type": "Point", "coordinates": [34.853248616176195, 31.988712140943257]}}, {"type": "Feature", "properties": {"OBJECTID": 2227, "ID": "47", "TABA": "גז/12/525"}, "geometry": {"type": "Point", "coordinates": [34.85348837601514, 31.989541552614277]}}, {"type": "Feature", "properties": {"OBJECTID": 2228, "ID": "48", "TABA": "גז/12/525"}, "geometry": {"type": "Point", "coordinates": [34.85342104680964, 31.98988447650492]}}, {"type": "Feature", "properties": {"OBJECTID": 2229, "ID": "49", "TABA": "גז/12/525"}, "geometry": {"type": "Point", "coordinates": [34.853535831447466, 31.99041299371965]}}, {"type": "Feature", "properties": {"OBJECTID": 2230, "ID": "כ1", "TABA": "גז/12/525"}, "geometry": {"type": "Point", "coordinates": [34.85846514153611, 31.986629296392206]}}, {"type": "Feature", "properties": {"OBJECTID": 2231, "ID": "ג11", "TABA": "גז/12/525"}, "geometry": {"type": "Point", "coordinates": [34.85805183667131, 31.986084420898486]}}, {"type": "Feature", "properties": {"OBJECTID": 2232, "ID": "א12", "TABA": "גז/12/525"}, "geometry": {"type": "Point", "coordinates": [34.85756872526202, 31.985782737629872]}}, {"type": "Feature", "properties": {"OBJECTID": 2233, "ID": "254", "TABA": "גז/12/525"}, "geometry": {"type": "Point", "coordinates": [34.85844180403267, 31.9859148171693]}}, {"type": "Feature", "properties": {"OBJECTID": 2234, "ID": "30", "TABA": "גז/12/525"}, "geometry": {"type": "Point", "coordinates": [34.85457929187227, 31.98632003056021]}}, {"type": "Feature", "properties": {"OBJECTID": 2235, "ID": "31", "TABA": "גז/12/525"}, "geometry": {"type": "Point", "coordinates": [34.85480981164611, 31.986205026516476]}}, {"type": "Feature", "properties": {"OBJECTID": 2236, "ID": "32", "TABA": "גז/12/525"}, "geometry": {"type": "Point", "coordinates": [34.85521218709367, 31.986034657101147]}}, {"type": "Feature", "properties": {"OBJECTID": 2237, "ID": "33", "TABA": "גז/12/525"}, "geometry": {"type": "Point", "coordinates": [34.8555414572227, 31.98592835163957]}}, {"type": "Feature", "properties": {"OBJECTID": 2238, "ID": "34", "TABA": "גז/12/525"}, "geometry": {"type": "Point", "coordinates": [34.855893582328434, 31.98577422227914]}}, {"type": "Feature", "properties": {"OBJECTID": 2239, "ID": "35", "TABA": "גז/12/525"}, "geometry": {"type": "Point", "coordinates": [34.85620420516661, 31.985651919079224]}}, {"type": "Feature", "properties": {"OBJECTID": 2240, "ID": "87", "TABA": "גז/12/525"}, "geometry": {"type": "Point", "coordinates": [34.85693833280867, 31.985314919405337]}}, {"type": "Feature", "properties": {"OBJECTID": 2241, "ID": "88", "TABA": "גז/12/525"}, "geometry": {"type": "Point", "coordinates": [34.85654414567767, 31.985556570140233]}}, {"type": "Feature", "properties": {"OBJECTID": 2242, "ID": "82", "TABA": "גז/12/525"}, "geometry": {"type": "Point", "coordinates": [34.855830463594536, 31.986515612384736]}}, {"type": "Feature", "properties": {"OBJECTID": 2243, "ID": "83", "TABA": "גז/12/525"}, "geometry": {"type": "Point", "coordinates": [34.85613666023475, 31.986386756433753]}}, {"type": "Feature", "properties": {"OBJECTID": 2244, "ID": "84", "TABA": "גז/12/525"}, "geometry": {"type": "Point", "coordinates": [34.85649418449239, 31.986274133146793]}}, {"type": "Feature", "properties": {"OBJECTID": 2245, "ID": "85", "TABA": "גז/12/525"}, "geometry": {"type": "Point", "coordinates": [34.856863601415, 31.986131339992607]}}, {"type": "Feature", "properties": {"OBJECTID": 2246, "ID": "86", "TABA": "גז/12/525"}, "geometry": {"type": "Point", "coordinates": [34.85723652103177, 31.985985890504914]}}, {"type": "Feature", "properties": {"OBJECTID": 2247, "ID": "36", "TABA": "גז/12/525"}, "geometry": {"type": "Point", "coordinates": [34.855504112833785, 31.98661360385499]}}, {"type": "Feature", "properties": {"OBJECTID": 2248, "ID": "39", "TABA": "גז/12/525"}, "geometry": {"type": "Point", "coordinates": [34.85467718322201, 31.987082524018675]}}, {"type": "Feature", "properties": {"OBJECTID": 2249, "ID": "40", "TABA": "גז/12/525"}, "geometry": {"type": "Point", "coordinates": [34.85448379559476, 31.98733853433493]}}, {"type": "Feature", "properties": {"OBJECTID": 2250, "ID": "1022", "TABA": "425-1254218"}, "geometry": {"type": "Point", "coordinates": [34.85169977087243, 31.985278074907487]}}, {"type": "Feature", "properties": {"OBJECTID": 2251, "ID": "22C", "TABA": "425-1254218"}, "geometry": {"type": "Point", "coordinates": [34.85176171089827, 31.986066816917134]}}, {"type": "Feature", "properties": {"OBJECTID": 2252, "ID": "22B", "TABA": "425-1254218"}, "geometry": {"type": "Point", "coordinates": [34.85157118218226, 31.98603267173132]}}, {"type": "Feature", "properties": {"OBJECTID": 2253, "ID": "22A", "TABA": "425-1254218"}, "geometry": {"type": "Point", "coordinates": [34.85167222203755, 31.985767693263277]}}, {"type": "Feature", "properties": {"OBJECTID": 2254, "ID": "63", "TABA": "גז/12/525"}, "geometry": {"type": "Point", "coordinates": [34.84879985295858, 31.987197659693063]}}, {"type": "Feature", "properties": {"OBJECTID": 2255, "ID": "ח6", "TABA": "גז/12/525"}, "geometry": {"type": "Point", "coordinates": [34.851110368497594, 31.98464612141263]}}, {"type": "Feature", "properties": {"OBJECTID": 2256, "ID": "15/2", "TABA": "גז/מק/34/525"}, "geometry": {"type": "Point", "coordinates": [34.84886069981673, 31.98621100617776]}}, {"type": "Feature", "properties": {"OBJECTID": 2257, "ID": "15/1", "TABA": "גז/מק/34/525"}, "geometry": {"type": "Point", "coordinates": [34.84892888029626, 31.98642892777002]}}, {"type": "Feature", "properties": {"OBJECTID": 2258, "ID": "א1", "TABA": "גז/12/525"}, "geometry": {"type": "Point", "coordinates": [34.8522365111151, 31.98760415347419]}}, {"type": "Feature", "properties": {"OBJECTID": 2259, "ID": "14", "TABA": "גז/12/525"}, "geometry": {"type": "Point", "coordinates": [34.848654025212674, 31.985629590498743]}}, {"type": "Feature", "properties": {"OBJECTID": 2260, "ID": "16", "TABA": "גז/12/525"}, "geometry": {"type": "Point", "coordinates": [34.84927357298996, 31.98616560652449]}}, {"type": "Feature", "properties": {"OBJECTID": 2261, "ID": "17", "TABA": "גז/12/525"}, "geometry": {"type": "Point", "coordinates": [34.84960017188492, 31.986083328584023]}}, {"type": "Feature", "properties": {"OBJECTID": 2262, "ID": "18", "TABA": "גז/12/525"}, "geometry": {"type": "Point", "coordinates": [34.84996030819487, 31.98606721863647]}}, {"type": "Feature", "properties": {"OBJECTID": 2263, "ID": "19", "TABA": "גז/12/525"}, "geometry": {"type": "Point", "coordinates": [34.85026125481146, 31.986023208440194]}}, {"type": "Feature", "properties": {"OBJECTID": 2264, "ID": "20", "TABA": "גז/12/525"}, "geometry": {"type": "Point", "coordinates": [34.8507432154053, 31.98595806689319]}}, {"type": "Feature", "properties": {"OBJECTID": 2265, "ID": "21", "TABA": "גז/12/525"}, "geometry": {"type": "Point", "coordinates": [34.85118354370228, 31.985837931076535]}}, {"type": "Feature", "properties": {"OBJECTID": 2266, "ID": "23", "TABA": "גז/12/525"}, "geometry": {"type": "Point", "coordinates": [34.85203094914806, 31.985812861017187]}}, {"type": "Feature", "properties": {"OBJECTID": 2267, "ID": "24", "TABA": "גז/12/525"}, "geometry": {"type": "Point", "coordinates": [34.85245659735577, 31.98583377356363]}}, {"type": "Feature", "properties": {"OBJECTID": 2268, "ID": "25", "TABA": "גז/12/525"}, "geometry": {"type": "Point", "coordinates": [34.85287249975767, 31.98586714857715]}}, {"type": "Feature", "properties": {"OBJECTID": 2269, "ID": "26", "TABA": "גז/12/525"}, "geometry": {"type": "Point", "coordinates": [34.853170342519356, 31.985902442852858]}}, {"type": "Feature", "properties": {"OBJECTID": 2270, "ID": "90", "TABA": "גז/12/525"}, "geometry": {"type": "Point", "coordinates": [34.85092544313216, 31.987979019057004]}}, {"type": "Feature", "properties": {"OBJECTID": 2271, "ID": "91", "TABA": "גז/12/525"}, "geometry": {"type": "Point", "coordinates": [34.85104522758812, 31.98826300955283]}}, {"type": "Feature", "properties": {"OBJECTID": 2272, "ID": "92", "TABA": "גז/12/525"}, "geometry": {"type": "Point", "coordinates": [34.85118104258699, 31.988501638734203]}}, {"type": "Feature", "properties": {"OBJECTID": 2273, "ID": "59", "TABA": "גז/12/525"}, "geometry": {"type": "Point", "coordinates": [34.850909879651795, 31.98761275413804]}}, {"type": "Feature", "properties": {"OBJECTID": 2274, "ID": "א4", "TABA": "גז/12/525"}, "geometry": {"type": "Point", "coordinates": [34.85068933724342, 31.987040746892685]}}, {"type": "Feature", "properties": {"OBJECTID": 2275, "ID": "א5", "TABA": "גז/12/525"}, "geometry": {"type": "Point", "coordinates": [34.84928305775955, 31.988929646784975]}}, {"type": "Feature", "properties": {"OBJECTID": 2276, "ID": "80", "TABA": "גז/12/525"}, "geometry": {"type": "Point", "coordinates": [34.85191261615978, 31.99096090410285]}}, {"type": "Feature", "properties": {"OBJECTID": 2277, "ID": "60", "TABA": "גז/12/525"}, "geometry": {"type": "Point", "coordinates": [34.8497950458003, 31.986874426010168]}}, {"type": "Feature", "properties": {"OBJECTID": 2278, "ID": "61", "TABA": "גז/12/525"}, "geometry": {"type": "Point", "coordinates": [34.849355142911165, 31.986951313053957]}}, {"type": "Feature", "properties": {"OBJECTID": 2279, "ID": "62", "TABA": "גז/12/525"}, "geometry": {"type": "Point", "coordinates": [34.84900441066604, 31.98703219800883]}}, {"type": "Feature", "properties": {"OBJECTID": 2280, "ID": "79", "TABA": "גז/12/525"}, "geometry": {"type": "Point", "coordinates": [34.852356396307556, 31.990943296406737]}}, {"type": "Feature", "properties": {"OBJECTID": 2281, "ID": "313", "TABA": "גז/12/525"}, "geometry": {"type": "Point", "coordinates": [34.852025854420866, 31.99117870918195]}}, {"type": "Feature", "properties": {"OBJECTID": 2282, "ID": "246", "TABA": "גז/12/525"}, "geometry": {"type": "Point", "coordinates": [34.85169327798605, 31.99140613897601]}}, {"type": "Feature", "properties": {"OBJECTID": 2283, "ID": "47", "TABA": "גז/12/525"}, "geometry": {"type": "Point", "coordinates": [34.85297039084597, 31.988939298049484]}}, {"type": "Feature", "properties": {"OBJECTID": 2284, "ID": "48", "TABA": "גז/12/525"}, "geometry": {"type": "Point", "coordinates": [34.852827372149996, 31.98911875492387]}}, {"type": "Feature", "properties": {"OBJECTID": 2285, "ID": "331", "TABA": "גז/12/525"}, "geometry": {"type": "Point", "coordinates": [34.85305932740235, 31.98995014682067]}}, {"type": "Feature", "properties": {"OBJECTID": 2286, "ID": "330", "TABA": "גז/12/525"}, "geometry": {"type": "Point", "coordinates": [34.85287965119297, 31.98967814508604]}}, {"type": "Feature", "properties": {"OBJECTID": 2287, "ID": "329", "TABA": "גז/12/525"}, "geometry": {"type": "Point", "coordinates": [34.852718943233285, 31.989450205471453]}}, {"type": "Feature", "properties": {"OBJECTID": 2288, "ID": "328", "TABA": "גז/12/525"}, "geometry": {"type": "Point", "coordinates": [34.85258254906639, 31.98918697965072]}}, {"type": "Feature", "properties": {"OBJECTID": 2289, "ID": "77", "TABA": "גז/12/525"}, "geometry": {"type": "Point", "coordinates": [34.85284388291248, 31.990060190632946]}}, {"type": "Feature", "properties": {"OBJECTID": 2290, "ID": "76", "TABA": "גז/12/525"}, "geometry": {"type": "Point", "coordinates": [34.852663269452975, 31.989809583994695]}}, {"type": "Feature", "properties": {"OBJECTID": 2291, "ID": "75", "TABA": "גז/12/525"}, "geometry": {"type": "Point", "coordinates": [34.85251306141209, 31.989586707094034]}}, {"type": "Feature", "properties": {"OBJECTID": 2292, "ID": "74", "TABA": "גז/12/525"}, "geometry": {"type": "Point", "coordinates": [34.85239023713942, 31.9893409379367]}}, {"type": "Feature", "properties": {"OBJECTID": 2293, "ID": "49", "TABA": "גז/12/525"}, "geometry": {"type": "Point", "coordinates": [34.85313898327898, 31.990447979751874]}}, {"type": "Feature", "properties": {"OBJECTID": 2294, "ID": "315", "TABA": "גז/12/525"}, "geometry": {"type": "Point", "coordinates": [34.849238549421194, 31.989813732327065]}}, {"type": "Feature", "properties": {"OBJECTID": 2295, "ID": "316", "TABA": "גז/12/525"}, "geometry": {"type": "Point", "coordinates": [34.84947687110413, 31.989790044978747]}}, {"type": "Feature", "properties": {"OBJECTID": 2296, "ID": "317", "TABA": "גז/12/525"}, "geometry": {"type": "Point", "coordinates": [34.849708952611536, 31.98975183874379]}}, {"type": "Feature", "properties": {"OBJECTID": 2297, "ID": "318", "TABA": "גז/12/525"}, "geometry": {"type": "Point", "coordinates": [34.849932522925954, 31.989726944178432]}}, {"type": "Feature", "properties": {"OBJECTID": 2298, "ID": "56", "TABA": "גז/12/525"}, "geometry": {"type": "Point", "coordinates": [34.85202293718952, 31.98987612823041]}}, {"type": "Feature", "properties": {"OBJECTID": 2299, "ID": "57", "TABA": "גז/12/525"}, "geometry": {"type": "Point", "coordinates": [34.851834983454445, 31.98956533261063]}}, {"type": "Feature", "properties": {"OBJECTID": 2300, "ID": "58", "TABA": "גז/12/525"}, "geometry": {"type": "Point", "coordinates": [34.85157504167917, 31.98928917054565]}}, {"type": "Feature", "properties": {"OBJECTID": 2301, "ID": "א3", "TABA": "גז/12/525"}, "geometry": {"type": "Point", "coordinates": [34.85013668919699, 31.99072313758696]}}, {"type": "Feature", "properties": {"OBJECTID": 2302, "ID": "55", "TABA": "גז/12/525"}, "geometry": {"type": "Point", "coordinates": [34.85121081941801, 31.99086852902672]}}, {"type": "Feature", "properties": {"OBJECTID": 2303, "ID": "54", "TABA": "גז/12/525"}, "geometry": {"type": "Point", "coordinates": [34.85250572228824, 31.99029152188171]}}, {"type": "Feature", "properties": {"OBJECTID": 2304, "ID": "ו2", "TABA": "גז/12/525"}, "geometry": {"type": "Point", "coordinates": [34.85230030592519, 31.990606146815562]}}, {"type": "Feature", "properties": {"OBJECTID": 2305, "ID": "245", "TABA": "גז/12/525"}, "geometry": {"type": "Point", "coordinates": [34.851414064765386, 31.991340760157346]}}, {"type": "Feature", "properties": {"OBJECTID": 2306, "ID": "247", "TABA": "גז/12/525"}, "geometry": {"type": "Point", "coordinates": [34.85168068857808, 31.991185062999985]}}, {"type": "Feature", "properties": {"OBJECTID": 2307, "ID": "ה", "TABA": "גז/12/525"}, "geometry": {"type": "Point", "coordinates": [34.85276921458556, 31.992565789293966]}}, {"type": "Feature", "properties": {"OBJECTID": 2308, "ID": "50", "TABA": "גז/12/525"}, "geometry": {"type": "Point", "coordinates": [34.852896727061804, 31.991052850976736]}}, {"type": "Feature", "properties": {"OBJECTID": 2309, "ID": "51", "TABA": "גז/12/525"}, "geometry": {"type": "Point", "coordinates": [34.85240978452014, 31.991354991437486]}}, {"type": "Feature", "properties": {"OBJECTID": 2310, "ID": "52", "TABA": "גז/12/525"}, "geometry": {"type": "Point", "coordinates": [34.85184699416682, 31.991696947642886]}}, {"type": "Feature", "properties": {"OBJECTID": 2311, "ID": "53", "TABA": "גז/12/525"}, "geometry": {"type": "Point", "coordinates": [34.85144514530766, 31.991998039256536]}}, {"type": "Feature", "properties": {"OBJECTID": 2312, "ID": "700", "TABA": "3/696/5"}, "geometry": {"type": "Point", "coordinates": [34.8527140903689, 31.989931728930088]}}, {"type": "Feature", "properties": {"OBJECTID": 2313, "ID": "701", "TABA": "3/696/5"}, "geometry": {"type": "Point", "coordinates": [34.85239307217182, 31.98945557494631]}}, {"type": "Feature", "properties": {"OBJECTID": 2314, "ID": "ג10", "TABA": "גז/12/525"}, "geometry": {"type": "Point", "coordinates": [34.85126907172649, 31.992582254161437]}}, {"type": "Feature", "properties": {"OBJECTID": 2315, "ID": "א28", "TABA": "גמ/548"}, "geometry": {"type": "Point", "coordinates": [34.844565835731075, 31.993088978834937]}}, {"type": "Feature", "properties": {"OBJECTID": 2316, "ID": "29", "TABA": "גמ/548"}, "geometry": {"type": "Point", "coordinates": [34.84441274693671, 31.9940957607156]}}, {"type": "Feature", "properties": {"OBJECTID": 2317, "ID": "30", "TABA": "גמ/548"}, "geometry": {"type": "Point", "coordinates": [34.84441634882978, 31.995154234472864]}}, {"type": "Feature", "properties": {"OBJECTID": 2318, "ID": "31", "TABA": "גמ/548"}, "geometry": {"type": "Point", "coordinates": [34.843973774880446, 31.99630975417415]}}, {"type": "Feature", "properties": {"OBJECTID": 2319, "ID": "ו1", "TABA": "גז/12/525"}, "geometry": {"type": "Point", "coordinates": [34.850744289476665, 31.992038810914348]}}, {"type": "Feature", "properties": {"OBJECTID": 2320, "ID": "א2", "TABA": "גז/12/525"}, "geometry": {"type": "Point", "coordinates": [34.850337392848516, 31.992266214822134]}}, {"type": "Feature", "properties": {"OBJECTID": 2321, "ID": "53", "TABA": "גז/12/525"}, "geometry": {"type": "Point", "coordinates": [34.85177710057652, 31.992597481591286]}}, {"type": "Feature", "properties": {"OBJECTID": 2322, "ID": "2", "TABA": "מח/150"}, "geometry": {"type": "Point", "coordinates": [34.84342194703719, 32.001997845683626]}}, {"type": "Feature", "properties": {"OBJECTID": 2323, "ID": "1", "TABA": "מח/150"}, "geometry": {"type": "Point", "coordinates": [34.843746132869406, 32.00141141894328]}}, {"type": "Feature", "properties": {"OBJECTID": 2324, "ID": "4", "TABA": "מח/150"}, "geometry": {"type": "Point", "coordinates": [34.843095936350785, 32.00121241637871]}}, {"type": "Feature", "properties": {"OBJECTID": 2325, "ID": "ח1", "TABA": "גז/12/525"}, "geometry": {"type": "Point", "coordinates": [34.86459828018022, 31.99621964510382]}}, {"type": "Feature", "properties": {"OBJECTID": 2326, "ID": "ח8", "TABA": "גז/12/525"}, "geometry": {"type": "Point", "coordinates": [34.844899593827705, 31.991277652000925]}}, {"type": "Feature", "properties": {"OBJECTID": 2327, "ID": "ח10", "TABA": "גז/12/525"}, "geometry": {"type": "Point", "coordinates": [34.84441046863484, 31.98916034418485]}}, {"type": "Feature", "properties": {"OBJECTID": 2328, "ID": "526", "TABA": "גז/27/525/א"}, "geometry": {"type": "Point", "coordinates": [34.84861316659655, 31.99279224223881]}}, {"type": "Feature", "properties": {"OBJECTID": 2329, "ID": "525", "TABA": "גז/27/525/א"}, "geometry": {"type": "Point", "coordinates": [34.84859097693526, 31.992558375903243]}}, {"type": "Feature", "properties": {"OBJECTID": 2330, "ID": "א13", "TABA": "גז/12/525"}, "geometry": {"type": "Point", "coordinates": [34.84945017042064, 31.99249702459516]}}, {"type": "Feature", "properties": {"OBJECTID": 2331, "ID": "10", "TABA": "גז/12/525"}, "geometry": {"type": "Point", "coordinates": [34.84714967611051, 31.98658876627886]}}, {"type": "Feature", "properties": {"OBJECTID": 2332, "ID": "11", "TABA": "גז/12/525"}, "geometry": {"type": "Point", "coordinates": [34.847654549228885, 31.987010165453075]}}, {"type": "Feature", "properties": {"OBJECTID": 2333, "ID": "12", "TABA": "גז/12/525"}, "geometry": {"type": "Point", "coordinates": [34.847988785465525, 31.986841469865432]}}, {"type": "Feature", "properties": {"OBJECTID": 2334, "ID": "13", "TABA": "גז/12/525"}, "geometry": {"type": "Point", "coordinates": [34.848306301502184, 31.986664803227058]}}, {"type": "Feature", "properties": {"OBJECTID": 2335, "ID": "1", "TABA": "גז/12/525"}, "geometry": {"type": "Point", "coordinates": [34.846709863924794, 31.988541679793173]}}, {"type": "Feature", "properties": {"OBJECTID": 2336, "ID": "2", "TABA": "גז/12/525"}, "geometry": {"type": "Point", "coordinates": [34.847078232513006, 31.988326148514727]}}, {"type": "Feature", "properties": {"OBJECTID": 2337, "ID": "3", "TABA": "גז/12/525"}, "geometry": {"type": "Point", "coordinates": [34.84742585551554, 31.988030958311587]}}, {"type": "Feature", "properties": {"OBJECTID": 2338, "ID": "64", "TABA": "גז/12/525"}, "geometry": {"type": "Point", "coordinates": [34.84842789176582, 31.987327249493706]}}, {"type": "Feature", "properties": {"OBJECTID": 2339, "ID": "65", "TABA": "גז/12/525"}, "geometry": {"type": "Point", "coordinates": [34.84804274565955, 31.987506330031866]}}, {"type": "Feature", "properties": {"OBJECTID": 2340, "ID": "66", "TABA": "גז/12/525"}, "geometry": {"type": "Point", "coordinates": [34.84780335908829, 31.987786770531248]}}, {"type": "Feature", "properties": {"OBJECTID": 2341, "ID": "73", "TABA": "גז/12/525"}, "geometry": {"type": "Point", "coordinates": [34.84797159920513, 31.989908742854034]}}, {"type": "Feature", "properties": {"OBJECTID": 2342, "ID": "67", "TABA": "גז/12/525"}, "geometry": {"type": "Point", "coordinates": [34.84857824329907, 31.989889630719393]}}, {"type": "Feature", "properties": {"OBJECTID": 2343, "ID": "78", "TABA": "גז/12/525"}, "geometry": {"type": "Point", "coordinates": [34.84843974509995, 31.990405404727152]}}, {"type": "Feature", "properties": {"OBJECTID": 2344, "ID": "332", "TABA": "גז/12/525"}, "geometry": {"type": "Point", "coordinates": [34.84876518012776, 31.990300045044094]}}, {"type": "Feature", "properties": {"OBJECTID": 2345, "ID": "333", "TABA": "גז/12/525"}, "geometry": {"type": "Point", "coordinates": [34.84901628199623, 31.99010822521106]}}, {"type": "Feature", "properties": {"OBJECTID": 2346, "ID": "81", "TABA": "גז/12/525"}, "geometry": {"type": "Point", "coordinates": [34.84905165189102, 31.99037353016189]}}, {"type": "Feature", "properties": {"OBJECTID": 2347, "ID": "334", "TABA": "גז/12/525"}, "geometry": {"type": "Point", "coordinates": [34.84862217122136, 31.99074624418905]}}, {"type": "Feature", "properties": {"OBJECTID": 2348, "ID": "251", "TABA": "גז/12/525"}, "geometry": {"type": "Point", "coordinates": [34.84885571624543, 31.990684861883196]}}, {"type": "Feature", "properties": {"OBJECTID": 2349, "ID": "326", "TABA": "גז/12/525"}, "geometry": {"type": "Point", "coordinates": [34.84908274556091, 31.99067847720953]}}, {"type": "Feature", "properties": {"OBJECTID": 2350, "ID": "244", "TABA": "גז/12/525"}, "geometry": {"type": "Point", "coordinates": [34.84907349011807, 31.9909037821472]}}, {"type": "Feature", "properties": {"OBJECTID": 2351, "ID": "303", "TABA": "גז/12/525"}, "geometry": {"type": "Point", "coordinates": [34.84726018075065, 31.986952928919674]}}, {"type": "Feature", "properties": {"OBJECTID": 2352, "ID": "72", "TABA": "גז/12/525"}, "geometry": {"type": "Point", "coordinates": [34.84735396020982, 31.987138004816703]}}, {"type": "Feature", "properties": {"OBJECTID": 2353, "ID": "304", "TABA": "גז/12/525"}, "geometry": {"type": "Point", "coordinates": [34.84733291541123, 31.986740553209458]}}, {"type": "Feature", "properties": {"OBJECTID": 2354, "ID": "307", "TABA": "גז/12/525"}, "geometry": {"type": "Point", "coordinates": [34.84627335366643, 31.986561080220334]}}, {"type": "Feature", "properties": {"OBJECTID": 2355, "ID": "71", "TABA": "גז/12/525"}, "geometry": {"type": "Point", "coordinates": [34.846049146824974, 31.986447952750577]}}, {"type": "Feature", "properties": {"OBJECTID": 2356, "ID": "308", "TABA": "גז/12/525"}, "geometry": {"type": "Point", "coordinates": [34.845785715753635, 31.986358216862943]}}, {"type": "Feature", "properties": {"OBJECTID": 2357, "ID": "309", "TABA": "גז/12/525"}, "geometry": {"type": "Point", "coordinates": [34.84554810962165, 31.986327886722876]}}, {"type": "Feature", "properties": {"OBJECTID": 2358, "ID": "310", "TABA": "גז/12/525"}, "geometry": {"type": "Point", "coordinates": [34.845299948450126, 31.986313754229876]}}, {"type": "Feature", "properties": {"OBJECTID": 2359, "ID": "ד1", "TABA": "גז/12/525"}, "geometry": {"type": "Point", "coordinates": [34.84510395998328, 31.9871146422836]}}, {"type": "Feature", "properties": {"OBJECTID": 2360, "ID": "4", "TABA": "גז/12/525"}, "geometry": {"type": "Point", "coordinates": [34.84498725188168, 31.985753002297894]}}, {"type": "Feature", "properties": {"OBJECTID": 2361, "ID": "5", "TABA": "גז/12/525"}, "geometry": {"type": "Point", "coordinates": [34.84547189772527, 31.985754239493847]}}, {"type": "Feature", "properties": {"OBJECTID": 2362, "ID": "6", "TABA": "גז/12/525"}, "geometry": {"type": "Point", "coordinates": [34.84591650770206, 31.985795152045643]}}, {"type": "Feature", "properties": {"OBJECTID": 2363, "ID": "7", "TABA": "גז/12/525"}, "geometry": {"type": "Point", "coordinates": [34.84632433394881, 31.985856645740714]}}, {"type": "Feature", "properties": {"OBJECTID": 2364, "ID": "8", "TABA": "גז/12/525"}, "geometry": {"type": "Point", "coordinates": [34.846733108658185, 31.986035993924766]}}, {"type": "Feature", "properties": {"OBJECTID": 2365, "ID": "9", "TABA": "גז/12/525"}, "geometry": {"type": "Point", "coordinates": [34.84696470596161, 31.9863694029586]}}, {"type": "Feature", "properties": {"OBJECTID": 2366, "ID": "305א", "TABA": "גז/23/525א"}, "geometry": {"type": "Point", "coordinates": [34.847003699048855, 31.987568363291334]}}, {"type": "Feature", "properties": {"OBJECTID": 2367, "ID": "68א", "TABA": "גז/23/525א"}, "geometry": {"type": "Point", "coordinates": [34.84716134584615, 31.987435226596244]}}, {"type": "Feature", "properties": {"OBJECTID": 2368, "ID": "300ב", "TABA": "גז/23/525א"}, "geometry": {"type": "Point", "coordinates": [34.84682694343275, 31.987358573931274]}}, {"type": "Feature", "properties": {"OBJECTID": 2369, "ID": "300א", "TABA": "גז/23/525א"}, "geometry": {"type": "Point", "coordinates": [34.84702590758404, 31.987230243183916]}}, {"type": "Feature", "properties": {"OBJECTID": 2370, "ID": "69ב", "TABA": "גז/23/525א"}, "geometry": {"type": "Point", "coordinates": [34.846604170919406, 31.98710885620033]}}, {"type": "Feature", "properties": {"OBJECTID": 2371, "ID": "69א", "TABA": "גז/23/525א"}, "geometry": {"type": "Point", "coordinates": [34.84681283400912, 31.986970012843855]}}, {"type": "Feature", "properties": {"OBJECTID": 2372, "ID": "306א", "TABA": "גז/23/525א"}, "geometry": {"type": "Point", "coordinates": [34.84641001888053, 31.98685159947065]}}, {"type": "Feature", "properties": {"OBJECTID": 2373, "ID": "70א", "TABA": "גז/23/525א"}, "geometry": {"type": "Point", "coordinates": [34.84658760646267, 31.98668952673164]}}, {"type": "Feature", "properties": {"OBJECTID": 2374, "ID": "335", "TABA": "גז/12/525"}, "geometry": {"type": "Point", "coordinates": [34.846206724112854, 31.989516695425134]}}, {"type": "Feature", "properties": {"OBJECTID": 2375, "ID": "336", "TABA": "גז/12/525"}, "geometry": {"type": "Point", "coordinates": [34.84600614612238, 31.98937353420233]}}, {"type": "Feature", "properties": {"OBJECTID": 2376, "ID": "256א", "TABA": "גז/38/525"}, "geometry": {"type": "Point", "coordinates": [34.8488832234609, 31.99095080675016]}}, {"type": "Feature", "properties": {"OBJECTID": 2377, "ID": "256ב", "TABA": "גז/38/525"}, "geometry": {"type": "Point", "coordinates": [34.84873044883144, 31.990976504799736]}}, {"type": "Feature", "properties": {"OBJECTID": 2378, "ID": "א9", "TABA": "גז/12/525"}, "geometry": {"type": "Point", "coordinates": [34.85655738809879, 31.9845432381177]}}, {"type": "Feature", "properties": {"OBJECTID": 2379, "ID": "147", "TABA": "משמ/60/גז"}, "geometry": {"type": "Point", "coordinates": [34.85126490380742, 32.01962083019958]}}, {"type": "Feature", "properties": {"OBJECTID": 2380, "ID": "20", "TABA": "משמ/60/גז"}, "geometry": {"type": "Point", "coordinates": [34.8434789362772, 32.02105803385589]}}, {"type": "Feature", "properties": {"OBJECTID": 2381, "ID": "94", "TABA": "משמ/60/גז"}, "geometry": {"type": "Point", "coordinates": [34.845042854767904, 32.01845824063724]}}, {"type": "Feature", "properties": {"OBJECTID": 2382, "ID": "98", "TABA": "משמ/60/גז"}, "geometry": {"type": "Point", "coordinates": [34.84679223412036, 32.01838665261691]}}, {"type": "Feature", "properties": {"OBJECTID": 2383, "ID": "93", "TABA": "משמ/60/גז"}, "geometry": {"type": "Point", "coordinates": [34.84455977230296, 32.018298410582524]}}, {"type": "Feature", "properties": {"OBJECTID": 2384, "ID": "21", "TABA": "משמ/60/גז"}, "geometry": {"type": "Point", "coordinates": [34.84342943855368, 32.02066853872222]}}, {"type": "Feature", "properties": {"OBJECTID": 2385, "ID": "99", "TABA": "משמ/60/גז"}, "geometry": {"type": "Point", "coordinates": [34.84625862235168, 32.01823518150103]}}, {"type": "Feature", "properties": {"OBJECTID": 2386, "ID": "100", "TABA": "משמ/60/גז"}, "geometry": {"type": "Point", "coordinates": [34.845786160197314, 32.018084693562415]}}, {"type": "Feature", "properties": {"OBJECTID": 2387, "ID": "28", "TABA": "משמ/60/גז"}, "geometry": {"type": "Point", "coordinates": [34.845105015170304, 32.01734781680291]}}, {"type": "Feature", "properties": {"OBJECTID": 2388, "ID": "101", "TABA": "משמ/60/גז"}, "geometry": {"type": "Point", "coordinates": [34.84529557571766, 32.017929821221706]}}, {"type": "Feature", "properties": {"OBJECTID": 2389, "ID": "102", "TABA": "משמ/60/גז"}, "geometry": {"type": "Point", "coordinates": [34.844818925683455, 32.017756176762454]}}, {"type": "Feature", "properties": {"OBJECTID": 2390, "ID": "29", "TABA": "משמ/60/גז"}, "geometry": {"type": "Point", "coordinates": [34.84526650362032, 32.017072655411255]}}, {"type": "Feature", "properties": {"OBJECTID": 2391, "ID": "30", "TABA": "משמ/60/גז"}, "geometry": {"type": "Point", "coordinates": [34.845416611173874, 32.01670478277086]}}, {"type": "Feature", "properties": {"OBJECTID": 2392, "ID": "31", "TABA": "משמ/60/גז"}, "geometry": {"type": "Point", "coordinates": [34.84556699748099, 32.016374525669185]}}, {"type": "Feature", "properties": {"OBJECTID": 2393, "ID": "32", "TABA": "משמ/60/גז"}, "geometry": {"type": "Point", "coordinates": [34.84571794621184, 32.016038997136214]}}, {"type": "Feature", "properties": {"OBJECTID": 2394, "ID": "33", "TABA": "משמ/60/גז"}, "geometry": {"type": "Point", "coordinates": [34.84590815304538, 32.01571061519508]}}, {"type": "Feature", "properties": {"OBJECTID": 2395, "ID": "144", "TABA": "משמ/60/גז"}, "geometry": {"type": "Point", "coordinates": [34.849524216578956, 32.01593111253569]}}, {"type": "Feature", "properties": {"OBJECTID": 2396, "ID": "34", "TABA": "משמ/60/גז"}, "geometry": {"type": "Point", "coordinates": [34.846066787291186, 32.015392916659]}}, {"type": "Feature", "properties": {"OBJECTID": 2397, "ID": "35", "TABA": "משמ/60/גז"}, "geometry": {"type": "Point", "coordinates": [34.84619934960826, 32.01505797311831]}}, {"type": "Feature", "properties": {"OBJECTID": 2398, "ID": "36", "TABA": "משמ/60/גז"}, "geometry": {"type": "Point", "coordinates": [34.84639097153681, 32.014707117927024]}}, {"type": "Feature", "properties": {"OBJECTID": 2399, "ID": "22", "TABA": "משמ/60/גז"}, "geometry": {"type": "Point", "coordinates": [34.84336981113528, 32.02020652542646]}}, {"type": "Feature", "properties": {"OBJECTID": 2400, "ID": "23", "TABA": "משמ/60/גז"}, "geometry": {"type": "Point", "coordinates": [34.84340812880852, 32.01982929211825]}}, {"type": "Feature", "properties": {"OBJECTID": 2401, "ID": "24", "TABA": "משמ/60/גז"}, "geometry": {"type": "Point", "coordinates": [34.84375477088314, 32.019575198085775]}}, {"type": "Feature", "properties": {"OBJECTID": 2402, "ID": "145", "TABA": "משמ/60/גז"}, "geometry": {"type": "Point", "coordinates": [34.849336544121265, 32.018306952449855]}}, {"type": "Feature", "properties": {"OBJECTID": 2403, "ID": "25", "TABA": "משמ/60/גז"}, "geometry": {"type": "Point", "coordinates": [34.844058826893686, 32.01926120005915]}}, {"type": "Feature", "properties": {"OBJECTID": 2404, "ID": "146", "TABA": "משמ/60/גז"}, "geometry": {"type": "Point", "coordinates": [34.84807478907177, 32.01859869847402]}}, {"type": "Feature", "properties": {"OBJECTID": 2405, "ID": "26", "TABA": "משמ/60/גז"}, "geometry": {"type": "Point", "coordinates": [34.844259678144034, 32.018944342675766]}}, {"type": "Feature", "properties": {"OBJECTID": 2406, "ID": "27", "TABA": "משמ/60/גז"}, "geometry": {"type": "Point", "coordinates": [34.84443795847231, 32.01863879980136]}}, {"type": "Feature", "properties": {"OBJECTID": 2407, "ID": "97", "TABA": "משמ/60/גז"}, "geometry": {"type": "Point", "coordinates": [34.84649867150355, 32.018968262413495]}}, {"type": "Feature", "properties": {"OBJECTID": 2408, "ID": "96", "TABA": "משמ/60/גז"}, "geometry": {"type": "Point", "coordinates": [34.8460011000031, 32.01877898207289]}}, {"type": "Feature", "properties": {"OBJECTID": 2409, "ID": "95", "TABA": "משמ/60/גז"}, "geometry": {"type": "Point", "coordinates": [34.845518227963, 32.018617528509104]}}, {"type": "Feature", "properties": {"OBJECTID": 2438, "ID": "19", "TABA": "משמ/60/גז"}, "geometry": {"type": "Point", "coordinates": [34.84189799297261, 32.02013966969588]}}, {"type": "Feature", "properties": {"OBJECTID": 2440, "ID": "120", "TABA": "משמ/60/גז"}, "geometry": {"type": "Point", "coordinates": [34.840124120652064, 32.01606923669696]}}, {"type": "Feature", "properties": {"OBJECTID": 2441, "ID": "63", "TABA": "משמ/60/גז"}, "geometry": {"type": "Point", "coordinates": [34.8402139777249, 32.01563228080267]}}, {"type": "Feature", "properties": {"OBJECTID": 2442, "ID": "62", "TABA": "משמ/60/גז"}, "geometry": {"type": "Point", "coordinates": [34.84036546490882, 32.01527626774087]}}, {"type": "Feature", "properties": {"OBJECTID": 2443, "ID": "61", "TABA": "משמ/60/גז"}, "geometry": {"type": "Point", "coordinates": [34.8405156144915, 32.01495819384441]}}, {"type": "Feature", "properties": {"OBJECTID": 2444, "ID": "60", "TABA": "משמ/60/גז"}, "geometry": {"type": "Point", "coordinates": [34.840677652425526, 32.01464651963985]}}, {"type": "Feature", "properties": {"OBJECTID": 2449, "ID": "55", "TABA": "משמ/60/גז"}, "geometry": {"type": "Point", "coordinates": [34.841465455996655, 32.01297161553798]}}, {"type": "Feature", "properties": {"OBJECTID": 2452, "ID": "18", "TABA": "משמ/60/גז"}, "geometry": {"type": "Point", "coordinates": [34.84123421416213, 32.020090967557636]}}, {"type": "Feature", "properties": {"OBJECTID": 2453, "ID": "17", "TABA": "משמ/60/גז"}, "geometry": {"type": "Point", "coordinates": [34.840654674876575, 32.01993637357544]}}, {"type": "Feature", "properties": {"OBJECTID": 2454, "ID": "16", "TABA": "משמ/60/גז"}, "geometry": {"type": "Point", "coordinates": [34.84015079010109, 32.019579348343484]}}, {"type": "Feature", "properties": {"OBJECTID": 2456, "ID": "54", "TABA": "משמ/60/גז"}, "geometry": {"type": "Point", "coordinates": [34.84220919078603, 32.01331630063401]}}, {"type": "Feature", "properties": {"OBJECTID": 2458, "ID": "142", "TABA": "משמ/60/גז"}, "geometry": {"type": "Point", "coordinates": [34.84460404037369, 32.01350595924361]}}, {"type": "Feature", "properties": {"OBJECTID": 2459, "ID": "104", "TABA": "משמ/60/גז"}, "geometry": {"type": "Point", "coordinates": [34.84325412368888, 32.0181934702478]}}, {"type": "Feature", "properties": {"OBJECTID": 2460, "ID": "140", "TABA": "משמ/60/גז"}, "geometry": {"type": "Point", "coordinates": [34.840220447157265, 32.01792435163997]}}, {"type": "Feature", "properties": {"OBJECTID": 2461, "ID": "105", "TABA": "משמ/60/גז"}, "geometry": {"type": "Point", "coordinates": [34.84277180459132, 32.01801210151088]}}, {"type": "Feature", "properties": {"OBJECTID": 2462, "ID": "45", "TABA": "משמ/60/גז"}, "geometry": {"type": "Point", "coordinates": [34.843942684438616, 32.01790071277207]}}, {"type": "Feature", "properties": {"OBJECTID": 2463, "ID": "106", "TABA": "משמ/60/גז"}, "geometry": {"type": "Point", "coordinates": [34.84227819591085, 32.01784549272684]}}, {"type": "Feature", "properties": {"OBJECTID": 2464, "ID": "139", "TABA": "משמ/60/גז"}, "geometry": {"type": "Point", "coordinates": [34.84079640556821, 32.017857672840606]}}, {"type": "Feature", "properties": {"OBJECTID": 2465, "ID": "107", "TABA": "משמ/60/גז"}, "geometry": {"type": "Point", "coordinates": [34.84180380693351, 32.01766315999374]}}, {"type": "Feature", "properties": {"OBJECTID": 2466, "ID": "44", "TABA": "משמ/60/גז"}, "geometry": {"type": "Point", "coordinates": [34.8441560498437, 32.01749580148872]}}, {"type": "Feature", "properties": {"OBJECTID": 2467, "ID": "108", "TABA": "משמ/60/גז"}, "geometry": {"type": "Point", "coordinates": [34.84131823178032, 32.01749268278941]}}, {"type": "Feature", "properties": {"OBJECTID": 2468, "ID": "109", "TABA": "משמ/60/גז"}, "geometry": {"type": "Point", "coordinates": [34.840840393691046, 32.017322723698555]}}, {"type": "Feature", "properties": {"OBJECTID": 2469, "ID": "46", "TABA": "משמ/60/גז"}, "geometry": {"type": "Point", "coordinates": [34.840634159430635, 32.016775013636554]}}, {"type": "Feature", "properties": {"OBJECTID": 2470, "ID": "110", "TABA": "משמ/60/גז"}, "geometry": {"type": "Point", "coordinates": [34.84035429650241, 32.01714625066359]}}, {"type": "Feature", "properties": {"OBJECTID": 2471, "ID": "43", "TABA": "משמ/60/גז"}, "geometry": {"type": "Point", "coordinates": [34.84435155682752, 32.017042821019054]}}, {"type": "Feature", "properties": {"OBJECTID": 2472, "ID": "47", "TABA": "משמ/60/גז"}, "geometry": {"type": "Point", "coordinates": [34.84079114200001, 32.016282659345265]}}, {"type": "Feature", "properties": {"OBJECTID": 2473, "ID": "42", "TABA": "משמ/60/גז"}, "geometry": {"type": "Point", "coordinates": [34.844520313456805, 32.016650608715636]}}, {"type": "Feature", "properties": {"OBJECTID": 2474, "ID": "48", "TABA": "משמ/60/גז"}, "geometry": {"type": "Point", "coordinates": [34.84099183688611, 32.015852112220486]}}, {"type": "Feature", "properties": {"OBJECTID": 2475, "ID": "152", "TABA": "משמ/60/גז"}, "geometry": {"type": "Point", "coordinates": [34.842985759619495, 32.015812308635475]}}, {"type": "Feature", "properties": {"OBJECTID": 2476, "ID": "41", "TABA": "משמ/60/גז"}, "geometry": {"type": "Point", "coordinates": [34.844786263896275, 32.0161387234029]}}, {"type": "Feature", "properties": {"OBJECTID": 2477, "ID": "49", "TABA": "משמ/60/גז"}, "geometry": {"type": "Point", "coordinates": [34.8412120111715, 32.015474755432486]}}, {"type": "Feature", "properties": {"OBJECTID": 2478, "ID": "40", "TABA": "משמ/60/גז"}, "geometry": {"type": "Point", "coordinates": [34.84499029182298, 32.01571822625314]}}, {"type": "Feature", "properties": {"OBJECTID": 2479, "ID": "50", "TABA": "משמ/60/גז"}, "geometry": {"type": "Point", "coordinates": [34.84143766768625, 32.01496036656195]}}, {"type": "Feature", "properties": {"OBJECTID": 2480, "ID": "39", "TABA": "משמ/60/גז"}, "geometry": {"type": "Point", "coordinates": [34.84517604898659, 32.01530243218871]}}, {"type": "Feature", "properties": {"OBJECTID": 2481, "ID": "51", "TABA": "משמ/60/גז"}, "geometry": {"type": "Point", "coordinates": [34.841616124575, 32.01454698087501]}}, {"type": "Feature", "properties": {"OBJECTID": 2500, "ID": "92", "TABA": "משמ/60/גז"}, "geometry": {"type": "Point", "coordinates": [34.8426669329294, 32.02096890181554]}}, {"type": "Feature", "properties": {"OBJECTID": 2501, "ID": "91", "TABA": "משמ/60/גז"}, "geometry": {"type": "Point", "coordinates": [34.842603294071026, 32.02055408411396]}}, {"type": "Feature", "properties": {"OBJECTID": 2502, "ID": "90", "TABA": "משמ/60/גז"}, "geometry": {"type": "Point", "coordinates": [34.84252368300871, 32.02012288740946]}}, {"type": "Feature", "properties": {"OBJECTID": 2503, "ID": "141", "TABA": "משמ/60/גז"}, "geometry": {"type": "Point", "coordinates": [34.841822812157915, 32.018837345743215]}}, {"type": "Feature", "properties": {"OBJECTID": 2504, "ID": "103", "TABA": "משמ/60/גז"}, "geometry": {"type": "Point", "coordinates": [34.843732234705456, 32.01836036664494]}}, {"type": "Feature", "properties": {"OBJECTID": 2505, "ID": "38", "TABA": "משמ/60/גז"}, "geometry": {"type": "Point", "coordinates": [34.84536745413273, 32.01489673502104]}}, {"type": "Feature", "properties": {"OBJECTID": 2506, "ID": "52", "TABA": "משמ/60/גז"}, "geometry": {"type": "Point", "coordinates": [34.84183844865401, 32.01412135571523]}}, {"type": "Feature", "properties": {"OBJECTID": 2507, "ID": "37", "TABA": "משמ/60/גז"}, "geometry": {"type": "Point", "coordinates": [34.84557527571625, 32.01447123626062]}}, {"type": "Feature", "properties": {"OBJECTID": 2508, "ID": "53", "TABA": "משמ/60/גז"}, "geometry": {"type": "Point", "coordinates": [34.84206392440692, 32.013698771882424]}}, {"type": "Feature", "properties": {"OBJECTID": 2516, "ID": "59", "TABA": "משמ/60/גז"}, "geometry": {"type": "Point", "coordinates": [34.840844078578584, 32.01432517967276]}}, {"type": "Feature", "properties": {"OBJECTID": 2517, "ID": "58", "TABA": "משמ/60/גז"}, "geometry": {"type": "Point", "coordinates": [34.84100311482215, 32.013989339002904]}}, {"type": "Feature", "properties": {"OBJECTID": 2518, "ID": "57", "TABA": "משמ/60/גז"}, "geometry": {"type": "Point", "coordinates": [34.841136901072744, 32.01363910883609]}}, {"type": "Feature", "properties": {"OBJECTID": 2519, "ID": "56", "TABA": "משמ/60/גז"}, "geometry": {"type": "Point", "coordinates": [34.84131415362143, 32.0133050973403]}}, {"type": "Feature", "properties": {"OBJECTID": 2818, "ID": "301", "TABA": "גז/מק/24/391"}, "geometry": {"type": "Point", "coordinates": [34.861637363794166, 31.985965965506953]}}, {"type": "Feature", "properties": {"OBJECTID": 2819, "ID": "302", "TABA": "גז/מק/24/391"}, "geometry": {"type": "Point", "coordinates": [34.86148820364649, 31.98610689065017]}}, {"type": "Feature", "properties": {"OBJECTID": 2820, "ID": "303", "TABA": "גז/מק/24/391"}, "geometry": {"type": "Point", "coordinates": [34.86135255164136, 31.986246717656545]}}, {"type": "Feature", "properties": {"OBJECTID": 2821, "ID": "304", "TABA": "גז/מק/24/391"}, "geometry": {"type": "Point", "coordinates": [34.86121648293822, 31.986394340386344]}}, {"type": "Feature", "properties": {"OBJECTID": 2822, "ID": "305", "TABA": "גז/מק/24/391"}, "geometry": {"type": "Point", "coordinates": [34.86122437140284, 31.98661055937694]}}, {"type": "Feature", "properties": {"OBJECTID": 2823, "ID": "306", "TABA": "גז/מק/24/391"}, "geometry": {"type": "Point", "coordinates": [34.86124465305832, 31.98679164601345]}}, {"type": "Feature", "properties": {"OBJECTID": 2824, "ID": "307", "TABA": "גז/מק/24/391"}, "geometry": {"type": "Point", "coordinates": [34.861264892838086, 31.98697234836009]}}, {"type": "Feature", "properties": {"OBJECTID": 2825, "ID": "309", "TABA": "גז/מק/24/391"}, "geometry": {"type": "Point", "coordinates": [34.861495823294554, 31.98725576119345]}}, {"type": "Feature", "properties": {"OBJECTID": 2826, "ID": "310", "TABA": "גז/מק/24/391"}, "geometry": {"type": "Point", "coordinates": [34.86165610745092, 31.987416121026097]}}, {"type": "Feature", "properties": {"OBJECTID": 2827, "ID": "311", "TABA": "גז/מק/24/391"}, "geometry": {"type": "Point", "coordinates": [34.861821498383364, 31.98753212747827]}}, {"type": "Feature", "properties": {"OBJECTID": 2828, "ID": "312", "TABA": "גז/מק/24/391"}, "geometry": {"type": "Point", "coordinates": [34.86197489601592, 31.987620783903385]}}, {"type": "Feature", "properties": {"OBJECTID": 2829, "ID": "313", "TABA": "גז/מק/24/391"}, "geometry": {"type": "Point", "coordinates": [34.86215946947244, 31.987731882649918]}}, {"type": "Feature", "properties": {"OBJECTID": 2830, "ID": "314", "TABA": "גז/מק/24/391"}, "geometry": {"type": "Point", "coordinates": [34.86231424863448, 31.987841346110404]}}, {"type": "Feature", "properties": {"OBJECTID": 2831, "ID": "315", "TABA": "גז/מק/24/391"}, "geometry": {"type": "Point", "coordinates": [34.86247247108184, 31.987991370987437]}}, {"type": "Feature", "properties": {"OBJECTID": 2832, "ID": "316", "TABA": "גז/מק/24/391"}, "geometry": {"type": "Point", "coordinates": [34.86263608728122, 31.988104579609054]}}, {"type": "Feature", "properties": {"OBJECTID": 2833, "ID": "317", "TABA": "גז/מק/24/391"}, "geometry": {"type": "Point", "coordinates": [34.862799962005745, 31.988224656855426]}}, {"type": "Feature", "properties": {"OBJECTID": 2834, "ID": "318", "TABA": "גז/מק/24/391"}, "geometry": {"type": "Point", "coordinates": [34.86303993200754, 31.98822759584264]}}, {"type": "Feature", "properties": {"OBJECTID": 2835, "ID": "319", "TABA": "גז/מק/24/391"}, "geometry": {"type": "Point", "coordinates": [34.86328113633069, 31.98820437004326]}}, {"type": "Feature", "properties": {"OBJECTID": 2836, "ID": "320", "TABA": "גז/מק/24/391"}, "geometry": {"type": "Point", "coordinates": [34.8634768018832, 31.988192383289906]}}, {"type": "Feature", "properties": {"OBJECTID": 2837, "ID": "321", "TABA": "גז/מק/24/391"}, "geometry": {"type": "Point", "coordinates": [34.863461998443306, 31.988395024000734]}}, {"type": "Feature", "properties": {"OBJECTID": 2838, "ID": "350", "TABA": "425-1383165"}, "geometry": {"type": "Point", "coordinates": [34.86229720464838, 31.986451596374245]}}, {"type": "Feature", "properties": {"OBJECTID": 2839, "ID": "3330", "TABA": "גז/מק/24/391"}, "geometry": {"type": "Point", "coordinates": [34.86529042166996, 31.988560226672853]}}, {"type": "Feature", "properties": {"OBJECTID": 2840, "ID": "390", "TABA": "גז/מק/24/391"}, "geometry": {"type": "Point", "coordinates": [34.86433527935454, 31.98889438557252]}}, {"type": "Feature", "properties": {"OBJECTID": 2841, "ID": "335", "TABA": "גז/מק/24/391"}, "geometry": {"type": "Point", "coordinates": [34.86493616079788, 31.98831325295524]}}, {"type": "Feature", "properties": {"OBJECTID": 2842, "ID": "393", "TABA": "גז/מק/24/391"}, "geometry": {"type": "Point", "coordinates": [34.86474570714246, 31.98845742973778]}}, {"type": "Feature", "properties": {"OBJECTID": 2843, "ID": "391", "TABA": "גז/מק/24/391"}, "geometry": {"type": "Point", "coordinates": [34.86447508983811, 31.98875697619245]}}, {"type": "Feature", "properties": {"OBJECTID": 2844, "ID": "392", "TABA": "גז/מק/24/391"}, "geometry": {"type": "Point", "coordinates": [34.864628433473015, 31.988604027827478]}}, {"type": "Feature", "properties": {"OBJECTID": 2845, "ID": "340", "TABA": "גז/מק/24/391"}, "geometry": {"type": "Point", "coordinates": [34.86410249130731, 31.98773916638071]}}, {"type": "Feature", "properties": {"OBJECTID": 2846, "ID": "385", "TABA": "גז/מק/24/391"}, "geometry": {"type": "Point", "coordinates": [34.86384974007348, 31.98802018317649]}}, {"type": "Feature", "properties": {"OBJECTID": 2847, "ID": "384", "TABA": "גז/מק/24/391"}, "geometry": {"type": "Point", "coordinates": [34.8639820770971, 31.987895207277994]}}, {"type": "Feature", "properties": {"OBJECTID": 2848, "ID": "386", "TABA": "גז/מק/24/391"}, "geometry": {"type": "Point", "coordinates": [34.86382511972649, 31.9882026269418]}}, {"type": "Feature", "properties": {"OBJECTID": 2849, "ID": "389", "TABA": "גז/מק/24/391"}, "geometry": {"type": "Point", "coordinates": [34.864167788567286, 31.98875722134574]}}, {"type": "Feature", "properties": {"OBJECTID": 2850, "ID": "388", "TABA": "גז/מק/24/391"}, "geometry": {"type": "Point", "coordinates": [34.8639991149286, 31.988641359748204]}}, {"type": "Feature", "properties": {"OBJECTID": 2851, "ID": "387", "TABA": "גז/מק/24/391"}, "geometry": {"type": "Point", "coordinates": [34.86384725538988, 31.988528343148946]}}, {"type": "Feature", "properties": {"OBJECTID": 2852, "ID": "2000", "TABA": "גז/מק/24/391"}, "geometry": {"type": "Point", "coordinates": [34.86435713236223, 31.988319125560793]}}, {"type": "Feature", "properties": {"OBJECTID": 2853, "ID": "338", "TABA": "גז/מק/24/391"}, "geometry": {"type": "Point", "coordinates": [34.86444350218628, 31.98796003667843]}}, {"type": "Feature", "properties": {"OBJECTID": 2854, "ID": "337", "TABA": "גז/מק/24/391"}, "geometry": {"type": "Point", "coordinates": [34.86460477001127, 31.988076584880694]}}, {"type": "Feature", "properties": {"OBJECTID": 2855, "ID": "339", "TABA": "גז/מק/24/391"}, "geometry": {"type": "Point", "coordinates": [34.86428082712517, 31.9878441563436]}}, {"type": "Feature", "properties": {"OBJECTID": 2856, "ID": "336", "TABA": "גז/מק/24/391"}, "geometry": {"type": "Point", "coordinates": [34.8647739810201, 31.988193279485674]}}, {"type": "Feature", "properties": {"OBJECTID": 2857, "ID": "356", "TABA": "גז/מק/24/391"}, "geometry": {"type": "Point", "coordinates": [34.861662989172615, 31.98692639138377]}}, {"type": "Feature", "properties": {"OBJECTID": 2858, "ID": "357", "TABA": "גז/מק/24/391"}, "geometry": {"type": "Point", "coordinates": [34.86190407603254, 31.987157806725076]}}, {"type": "Feature", "properties": {"OBJECTID": 2859, "ID": "358", "TABA": "גז/מק/24/391"}, "geometry": {"type": "Point", "coordinates": [34.862066813215506, 31.9872743458806]}}, {"type": "Feature", "properties": {"OBJECTID": 2860, "ID": "359", "TABA": "גז/מק/24/391"}, "geometry": {"type": "Point", "coordinates": [34.86223008191828, 31.98738919176998]}}, {"type": "Feature", "properties": {"OBJECTID": 2861, "ID": "360", "TABA": "גז/מק/24/391"}, "geometry": {"type": "Point", "coordinates": [34.86239119704363, 31.98750309196539]}}, {"type": "Feature", "properties": {"OBJECTID": 2862, "ID": "361", "TABA": "גז/מק/24/391"}, "geometry": {"type": "Point", "coordinates": [34.862550279582976, 31.98761651483726]}}, {"type": "Feature", "properties": {"OBJECTID": 2863, "ID": "362", "TABA": "גז/מק/24/391"}, "geometry": {"type": "Point", "coordinates": [34.86271055866276, 31.98772952319556]}}, {"type": "Feature", "properties": {"OBJECTID": 2864, "ID": "363", "TABA": "גז/מק/24/391"}, "geometry": {"type": "Point", "coordinates": [34.86299833750799, 31.987887823931455]}}, {"type": "Feature", "properties": {"OBJECTID": 2865, "ID": "364", "TABA": "גז/מק/24/391"}, "geometry": {"type": "Point", "coordinates": [34.863212267467695, 31.987867308753383]}}, {"type": "Feature", "properties": {"OBJECTID": 2866, "ID": "365", "TABA": "גז/מק/24/391"}, "geometry": {"type": "Point", "coordinates": [34.86345669740586, 31.987852843296313]}}, {"type": "Feature", "properties": {"OBJECTID": 2867, "ID": "366", "TABA": "גז/מק/24/391"}, "geometry": {"type": "Point", "coordinates": [34.86370959886489, 31.987710030083452]}}, {"type": "Feature", "properties": {"OBJECTID": 2868, "ID": "367", "TABA": "גז/מק/24/391"}, "geometry": {"type": "Point", "coordinates": [34.86342332989303, 31.987647106218127]}}, {"type": "Feature", "properties": {"OBJECTID": 2869, "ID": "368", "TABA": "גז/מק/24/391"}, "geometry": {"type": "Point", "coordinates": [34.863209289566065, 31.98763726943395]}}, {"type": "Feature", "properties": {"OBJECTID": 2870, "ID": "369", "TABA": "גז/מק/24/391"}, "geometry": {"type": "Point", "coordinates": [34.862872161320404, 31.98755335696943]}}, {"type": "Feature", "properties": {"OBJECTID": 2871, "ID": "370", "TABA": "גז/מק/24/391"}, "geometry": {"type": "Point", "coordinates": [34.862712362261384, 31.98743990371186]}}, {"type": "Feature", "properties": {"OBJECTID": 2872, "ID": "371", "TABA": "גז/מק/24/391"}, "geometry": {"type": "Point", "coordinates": [34.86255394864855, 31.987326169014416]}}, {"type": "Feature", "properties": {"OBJECTID": 2873, "ID": "372", "TABA": "גז/מק/24/391"}, "geometry": {"type": "Point", "coordinates": [34.86239338427629, 31.987211867400646]}}, {"type": "Feature", "properties": {"OBJECTID": 2874, "ID": "373", "TABA": "גז/מק/24/391"}, "geometry": {"type": "Point", "coordinates": [34.86223215437093, 31.98709766839831]}}, {"type": "Feature", "properties": {"OBJECTID": 2875, "ID": "374", "TABA": "גז/מק/24/391"}, "geometry": {"type": "Point", "coordinates": [34.86207138208127, 31.986981729041112]}}, {"type": "Feature", "properties": {"OBJECTID": 2876, "ID": "375", "TABA": "גז/מק/24/391"}, "geometry": {"type": "Point", "coordinates": [34.86191325424843, 31.986735103532663]}}, {"type": "Feature", "properties": {"OBJECTID": 2877, "ID": "376", "TABA": "גז/מק/24/391"}, "geometry": {"type": "Point", "coordinates": [34.86190798431557, 31.986547000889296]}}, {"type": "Feature", "properties": {"OBJECTID": 2878, "ID": "378", "TABA": "גז/מק/24/391"}, "geometry": {"type": "Point", "coordinates": [34.86230175141028, 31.98673613330612]}}, {"type": "Feature", "properties": {"OBJECTID": 2879, "ID": "379", "TABA": "גז/מק/24/391"}, "geometry": {"type": "Point", "coordinates": [34.862461316068874, 31.98685012934059]}}, {"type": "Feature", "properties": {"OBJECTID": 2880, "ID": "380", "TABA": "גז/מק/24/391"}, "geometry": {"type": "Point", "coordinates": [34.86261855051063, 31.98696458873866]}}, {"type": "Feature", "properties": {"OBJECTID": 2881, "ID": "381", "TABA": "גז/מק/24/391"}, "geometry": {"type": "Point", "coordinates": [34.862778346852174, 31.987078808645162]}}, {"type": "Feature", "properties": {"OBJECTID": 2882, "ID": "382", "TABA": "גז/מק/24/391"}, "geometry": {"type": "Point", "coordinates": [34.86293816337117, 31.987193972593438]}}, {"type": "Feature", "properties": {"OBJECTID": 2883, "ID": "383", "TABA": "גז/מק/24/391"}, "geometry": {"type": "Point", "coordinates": [34.86311322577265, 31.98729564396347]}}, {"type": "Feature", "properties": {"OBJECTID": 2884, "ID": "377", "TABA": "גז/מק/24/391"}, "geometry": {"type": "Point", "coordinates": [34.86452124904717, 31.989368099133056]}}, {"type": "Feature", "properties": {"OBJECTID": 2885, "ID": "3280", "TABA": "גז/מק/24/391"}, "geometry": {"type": "Point", "coordinates": [34.864648241694134, 31.98922496486168]}}, {"type": "Feature", "properties": {"OBJECTID": 2886, "ID": "3290", "TABA": "גז/מק/24/391"}, "geometry": {"type": "Point", "coordinates": [34.86477892530132, 31.98908999805559]}}, {"type": "Feature", "properties": {"OBJECTID": 2887, "ID": "3310", "TABA": "גז/מק/24/391"}, "geometry": {"type": "Point", "coordinates": [34.86505271122667, 31.988805240011096]}}, {"type": "Feature", "properties": {"OBJECTID": 2888, "ID": "3340", "TABA": "גז/מק/24/391"}, "geometry": {"type": "Point", "coordinates": [34.86541193586052, 31.988434739707255]}}, {"type": "Feature", "properties": {"OBJECTID": 2889, "ID": "3300", "TABA": "גז/מק/29/391"}, "geometry": {"type": "Point", "coordinates": [34.86492830711997, 31.988937975708502]}}, {"type": "Feature", "properties": {"OBJECTID": 2890, "ID": "3320", "TABA": "על/מק/51/391"}, "geometry": {"type": "Point", "coordinates": [34.86517265466079, 31.98865734916872]}}, {"type": "Feature", "properties": {"OBJECTID": 2891, "ID": "308", "TABA": "גז/מק/43/391"}, "geometry": {"type": "Point", "coordinates": [34.86130798400098, 31.98713759513227]}}, {"type": "Feature", "properties": {"OBJECTID": 2892, "ID": "322", "TABA": "גז/מק/24/391"}, "geometry": {"type": "Point", "coordinates": [34.86346837364021, 31.98854980063234]}}, {"type": "Feature", "properties": {"OBJECTID": 2893, "ID": "323", "TABA": "גז/מק/24/391"}, "geometry": {"type": "Point", "coordinates": [34.863641714248644, 31.988814108808747]}}, {"type": "Feature", "properties": {"OBJECTID": 2894, "ID": "324", "TABA": "גז/מק/24/391"}, "geometry": {"type": "Point", "coordinates": [34.86380449712009, 31.988927112581663]}}, {"type": "Feature", "properties": {"OBJECTID": 2895, "ID": "325", "TABA": "גז/מק/24/391"}, "geometry": {"type": "Point", "coordinates": [34.86396575478005, 31.98904149091242]}}, {"type": "Feature", "properties": {"OBJECTID": 2896, "ID": "326", "TABA": "גז/מק/24/391"}, "geometry": {"type": "Point", "coordinates": [34.86413364028782, 31.98916121647069]}}, {"type": "Feature", "properties": {"OBJECTID": 2897, "ID": "327", "TABA": "גז/מק/24/391"}, "geometry": {"type": "Point", "coordinates": [34.864297618094554, 31.989282210994013]}}, {"type": "Feature", "properties": {"OBJECTID": 2898, "ID": "341", "TABA": "גז/מק/24/391"}, "geometry": {"type": "Point", "coordinates": [34.863853980690294, 31.98754050955898]}}, {"type": "Feature", "properties": {"OBJECTID": 2899, "ID": "342", "TABA": "גז/מק/24/391"}, "geometry": {"type": "Point", "coordinates": [34.86368808122839, 31.98742912793021]}}, {"type": "Feature", "properties": {"OBJECTID": 2900, "ID": "343", "TABA": "גז/מק/24/391"}, "geometry": {"type": "Point", "coordinates": [34.86342717637517, 31.987255128396722]}}, {"type": "Feature", "properties": {"OBJECTID": 2901, "ID": "344", "TABA": "גז/מק/24/391"}, "geometry": {"type": "Point", "coordinates": [34.86326241792372, 31.98713506129387]}}, {"type": "Feature", "properties": {"OBJECTID": 2902, "ID": "345", "TABA": "גז/מק/24/391"}, "geometry": {"type": "Point", "coordinates": [34.863100306963474, 31.987018796790814]}}, {"type": "Feature", "properties": {"OBJECTID": 2903, "ID": "346", "TABA": "גז/מק/24/391"}, "geometry": {"type": "Point", "coordinates": [34.862940053314205, 31.98690369499422]}}, {"type": "Feature", "properties": {"OBJECTID": 2904, "ID": "347", "TABA": "גז/מק/24/391"}, "geometry": {"type": "Point", "coordinates": [34.86278100365578, 31.98678873691717]}}, {"type": "Feature", "properties": {"OBJECTID": 2905, "ID": "348", "TABA": "גז/מק/24/391"}, "geometry": {"type": "Point", "coordinates": [34.86262281221228, 31.986673575340262]}}, {"type": "Feature", "properties": {"OBJECTID": 2906, "ID": "349", "TABA": "גז/מק/24/391"}, "geometry": {"type": "Point", "coordinates": [34.86246181930638, 31.98655984078852]}}, {"type": "Feature", "properties": {"OBJECTID": 2907, "ID": "351", "TABA": "גז/מק/24/391"}, "geometry": {"type": "Point", "coordinates": [34.86206271532761, 31.98627332575123]}}, {"type": "Feature", "properties": {"OBJECTID": 2908, "ID": "352", "TABA": "גז/מק/24/391"}, "geometry": {"type": "Point", "coordinates": [34.861896367804974, 31.986177226152336]}}, {"type": "Feature", "properties": {"OBJECTID": 2909, "ID": "353", "TABA": "גז/מק/24/391"}, "geometry": {"type": "Point", "coordinates": [34.86174622294327, 31.98632147930033]}}, {"type": "Feature", "properties": {"OBJECTID": 2910, "ID": "354", "TABA": "גז/מק/24/391"}, "geometry": {"type": "Point", "coordinates": [34.86163119807275, 31.986568758165305]}}, {"type": "Feature", "properties": {"OBJECTID": 2911, "ID": "355", "TABA": "גז/מק/24/391"}, "geometry": {"type": "Point", "coordinates": [34.8616511447977, 31.986748787824]}}, {"type": "Feature", "properties": {"OBJECTID": 2912, "ID": "6001", "TABA": "מח/1/213"}, "geometry": {"type": "Point", "coordinates": [34.880088908028235, 31.966483545606614]}}, {"type": "Feature", "properties": {"OBJECTID": 2913, "ID": "930", "TABA": "תמל/1087"}, "geometry": {"type": "Point", "coordinates": [34.880422013064134, 31.96505740033689]}}, {"type": "Feature", "properties": {"OBJECTID": 2914, "ID": "1501", "TABA": "תמל/1087"}, "geometry": {"type": "Point", "coordinates": [34.87829208044444, 31.967257191262874]}}, {"type": "Feature", "properties": {"OBJECTID": 2915, "ID": "191", "TABA": "משמ/62/גז"}, "geometry": {"type": "Point", "coordinates": [34.87897422599904, 31.96677457708953]}}, {"type": "Feature", "properties": {"OBJECTID": 2916, "ID": "184", "TABA": "משמ/62/גז"}, "geometry": {"type": "Point", "coordinates": [34.879028710614335, 31.971635790883983]}}, {"type": "Feature", "properties": {"OBJECTID": 2917, "ID": "183", "TABA": "משמ/62/גז"}, "geometry": {"type": "Point", "coordinates": [34.8787008321541, 31.972372542585813]}}, {"type": "Feature", "properties": {"OBJECTID": 2918, "ID": "189", "TABA": "משמ/62/גז"}, "geometry": {"type": "Point", "coordinates": [34.874814222332226, 31.972124099618117]}}, {"type": "Feature", "properties": {"OBJECTID": 2919, "ID": "124", "TABA": "משמ/62/גז"}, "geometry": {"type": "Point", "coordinates": [34.87938872587824, 31.973267329928728]}}, {"type": "Feature", "properties": {"OBJECTID": 2920, "ID": "182", "TABA": "משמ/62/גז"}, "geometry": {"type": "Point", "coordinates": [34.87802842036412, 31.974877965674338]}}, {"type": "Feature", "properties": {"OBJECTID": 2921, "ID": "2", "TABA": "משמ/62/גז"}, "geometry": {"type": "Point", "coordinates": [34.8779520037135, 31.97467458312168]}}, {"type": "Feature", "properties": {"OBJECTID": 2922, "ID": "1", "TABA": "משמ/62/גז"}, "geometry": {"type": "Point", "coordinates": [34.87823085457338, 31.974423752685716]}}, {"type": "Feature", "properties": {"OBJECTID": 2923, "ID": "108", "TABA": "משמ/62/גז"}, "geometry": {"type": "Point", "coordinates": [34.87850930392363, 31.97413312205479]}}, {"type": "Feature", "properties": {"OBJECTID": 2924, "ID": "107", "TABA": "משמ/62/גז"}, "geometry": {"type": "Point", "coordinates": [34.87880315731519, 31.973866815059694]}}, {"type": "Feature", "properties": {"OBJECTID": 2925, "ID": "179", "TABA": "משמ/62/גז"}, "geometry": {"type": "Point", "coordinates": [34.880008169946414, 31.973711559999664]}}, {"type": "Feature", "properties": {"OBJECTID": 2926, "ID": "125", "TABA": "משמ/62/גז"}, "geometry": {"type": "Point", "coordinates": [34.879074076139304, 31.97359199325026]}}, {"type": "Feature", "properties": {"OBJECTID": 2927, "ID": "4002", "TABA": "מח/1/213"}, "geometry": {"type": "Point", "coordinates": [34.8781625172023, 31.96950508807095]}}, {"type": "Feature", "properties": {"OBJECTID": 2928, "ID": "106", "TABA": "משמ/62/גז"}, "geometry": {"type": "Point", "coordinates": [34.879056160023495, 31.974655130629316]}}, {"type": "Feature", "properties": {"OBJECTID": 2929, "ID": "6", "TABA": "משמ/62/גז"}, "geometry": {"type": "Point", "coordinates": [34.87690398833629, 31.975768031259744]}}, {"type": "Feature", "properties": {"OBJECTID": 2930, "ID": "5", "TABA": "משמ/62/גז"}, "geometry": {"type": "Point", "coordinates": [34.877159115443064, 31.975527798684663]}}, {"type": "Feature", "properties": {"OBJECTID": 2931, "ID": "185", "TABA": "משמ/62/גז"}, "geometry": {"type": "Point", "coordinates": [34.8826103211813, 31.971544823333264]}}, {"type": "Feature", "properties": {"OBJECTID": 2932, "ID": "126", "TABA": "משמ/62/גז"}, "geometry": {"type": "Point", "coordinates": [34.87957319788247, 31.974096055791225]}}, {"type": "Feature", "properties": {"OBJECTID": 2933, "ID": "4", "TABA": "משמ/62/גז"}, "geometry": {"type": "Point", "coordinates": [34.8774306948687, 31.97523174826039]}}, {"type": "Feature", "properties": {"OBJECTID": 2934, "ID": "3", "TABA": "משמ/62/גז"}, "geometry": {"type": "Point", "coordinates": [34.877719627964865, 31.97497170233599]}}, {"type": "Feature", "properties": {"OBJECTID": 2935, "ID": "181", "TABA": "משמ/62/גז"}, "geometry": {"type": "Point", "coordinates": [34.87510670851059, 31.97470979834749]}}, {"type": "Feature", "properties": {"OBJECTID": 2936, "ID": "66", "TABA": "משמ/62/גז"}, "geometry": {"type": "Point", "coordinates": [34.873991970323715, 31.979864201963554]}}, {"type": "Feature", "properties": {"OBJECTID": 2937, "ID": "67", "TABA": "משמ/62/גז"}, "geometry": {"type": "Point", "coordinates": [34.874302029597224, 31.979592144822064]}}, {"type": "Feature", "properties": {"OBJECTID": 2938, "ID": "68", "TABA": "משמ/62/גז"}, "geometry": {"type": "Point", "coordinates": [34.874566123670824, 31.979356122668364]}}, {"type": "Feature", "properties": {"OBJECTID": 2939, "ID": "69", "TABA": "משמ/62/גז"}, "geometry": {"type": "Point", "coordinates": [34.87488607219077, 31.979064469170673]}}, {"type": "Feature", "properties": {"OBJECTID": 2940, "ID": "70", "TABA": "משמ/62/גז"}, "geometry": {"type": "Point", "coordinates": [34.87510965093062, 31.97880590103059]}}, {"type": "Feature", "properties": {"OBJECTID": 2941, "ID": "71", "TABA": "משמ/62/גז"}, "geometry": {"type": "Point", "coordinates": [34.87533713050387, 31.978486509466133]}}, {"type": "Feature", "properties": {"OBJECTID": 2942, "ID": "72", "TABA": "משמ/62/גז"}, "geometry": {"type": "Point", "coordinates": [34.87568450741934, 31.97807620132608]}}, {"type": "Feature", "properties": {"OBJECTID": 2943, "ID": "73", "TABA": "משמ/62/גז"}, "geometry": {"type": "Point", "coordinates": [34.87603474876852, 31.977771870846485]}}, {"type": "Feature", "properties": {"OBJECTID": 2944, "ID": "74", "TABA": "משמ/62/גז"}, "geometry": {"type": "Point", "coordinates": [34.87641489394244, 31.977451562695506]}}, {"type": "Feature", "properties": {"OBJECTID": 2945, "ID": "81", "TABA": "משמ/62/גז"}, "geometry": {"type": "Point", "coordinates": [34.87312963983266, 31.979679585708098]}}, {"type": "Feature", "properties": {"OBJECTID": 2946, "ID": "19", "TABA": "משמ/62/גז"}, "geometry": {"type": "Point", "coordinates": [34.87340955291437, 31.979413956789937]}}, {"type": "Feature", "properties": {"OBJECTID": 2947, "ID": "75", "TABA": "משמ/62/גז"}, "geometry": {"type": "Point", "coordinates": [34.87675416331169, 31.977085890727768]}}, {"type": "Feature", "properties": {"OBJECTID": 2948, "ID": "20", "TABA": "משמ/62/גז"}, "geometry": {"type": "Point", "coordinates": [34.87234619636003, 31.979221546801927]}}, {"type": "Feature", "properties": {"OBJECTID": 2949, "ID": "18", "TABA": "משמ/62/גז"}, "geometry": {"type": "Point", "coordinates": [34.87367685272237, 31.979149531650034]}}, {"type": "Feature", "properties": {"OBJECTID": 2950, "ID": "17", "TABA": "משמ/62/גז"}, "geometry": {"type": "Point", "coordinates": [34.873935888161526, 31.978868204410805]}}, {"type": "Feature", "properties": {"OBJECTID": 2951, "ID": "170", "TABA": "משמ/62/גז"}, "geometry": {"type": "Point", "coordinates": [34.87459544495047, 31.979026766465427]}}, {"type": "Feature", "properties": {"OBJECTID": 2952, "ID": "76", "TABA": "משמ/62/גז"}, "geometry": {"type": "Point", "coordinates": [34.877061109894484, 31.976785071740743]}}, {"type": "Feature", "properties": {"OBJECTID": 2953, "ID": "16", "TABA": "משמ/62/גז"}, "geometry": {"type": "Point", "coordinates": [34.87423524239545, 31.97860709268035]}}, {"type": "Feature", "properties": {"OBJECTID": 2954, "ID": "175", "TABA": "משמ/62/גז"}, "geometry": {"type": "Point", "coordinates": [34.875022088607466, 31.978533690060367]}}, {"type": "Feature", "properties": {"OBJECTID": 2955, "ID": "15", "TABA": "משמ/62/גז"}, "geometry": {"type": "Point", "coordinates": [34.8744876912477, 31.978336234246726]}}, {"type": "Feature", "properties": {"OBJECTID": 2956, "ID": "178", "TABA": "משמ/62/גז"}, "geometry": {"type": "Point", "coordinates": [34.879830690762844, 31.975628031810505]}}, {"type": "Feature", "properties": {"OBJECTID": 2957, "ID": "65", "TABA": "משמ/62/גז"}, "geometry": {"type": "Point", "coordinates": [34.87413369765788, 31.9804870647637]}}, {"type": "Feature", "properties": {"OBJECTID": 2958, "ID": "600", "TABA": "425-0191965"}, "geometry": {"type": "Point", "coordinates": [34.873578004411975, 31.977241618032686]}}, {"type": "Feature", "properties": {"OBJECTID": 2959, "ID": "500", "TABA": "425-0191965"}, "geometry": {"type": "Point", "coordinates": [34.87462351074595, 31.977953160008063]}}, {"type": "Feature", "properties": {"OBJECTID": 2960, "ID": "200", "TABA": "425-0191965"}, "geometry": {"type": "Point", "coordinates": [34.87479780418356, 31.978177553701748]}}, {"type": "Feature", "properties": {"OBJECTID": 2961, "ID": "1211", "TABA": "425-0489385"}, "geometry": {"type": "Point", "coordinates": [34.87376816478634, 31.9803107209199]}}, {"type": "Feature", "properties": {"OBJECTID": 2962, "ID": "2", "TABA": "על/48/391"}, "geometry": {"type": "Point", "coordinates": [34.876647254510814, 31.97603875013548]}}, {"type": "Feature", "properties": {"OBJECTID": 2963, "ID": "1", "TABA": "על/48/391"}, "geometry": {"type": "Point", "coordinates": [34.87666014903438, 31.97621385290856]}}, {"type": "Feature", "properties": {"OBJECTID": 2964, "ID": "2211", "TABA": "גז/30/391"}, "geometry": {"type": "Point", "coordinates": [34.8739303935289, 31.980168783457763]}}, {"type": "Feature", "properties": {"OBJECTID": 2965, "ID": "101", "TABA": "מח/266"}, "geometry": {"type": "Point", "coordinates": [34.870688737885374, 31.976211690906418]}}, {"type": "Feature", "properties": {"OBJECTID": 2966, "ID": "80", "TABA": "משמ/62/גז"}, "geometry": {"type": "Point", "coordinates": [34.878640644194526, 31.975232191577483]}}, {"type": "Feature", "properties": {"OBJECTID": 2967, "ID": "8", "TABA": "משמ/62/גז"}, "geometry": {"type": "Point", "coordinates": [34.87642300012454, 31.97643181299216]}}, {"type": "Feature", "properties": {"OBJECTID": 2968, "ID": "176", "TABA": "משמ/62/גז"}, "geometry": {"type": "Point", "coordinates": [34.87708581957068, 31.976429355722086]}}, {"type": "Feature", "properties": {"OBJECTID": 2969, "ID": "177", "TABA": "משמ/62/גז"}, "geometry": {"type": "Point", "coordinates": [34.878510800238814, 31.974910313730902]}}, {"type": "Feature", "properties": {"OBJECTID": 2970, "ID": "206", "TABA": "משמ/62/גז"}, "geometry": {"type": "Point", "coordinates": [34.87273969477515, 31.979463607555328]}}, {"type": "Feature", "properties": {"OBJECTID": 2971, "ID": "212", "TABA": "גז/14/391"}, "geometry": {"type": "Point", "coordinates": [34.873699412687074, 31.980035815718164]}}, {"type": "Feature", "properties": {"OBJECTID": 2972, "ID": "210", "TABA": "גז/14/391"}, "geometry": {"type": "Point", "coordinates": [34.87356325063225, 31.98020307770574]}}, {"type": "Feature", "properties": {"OBJECTID": 2973, "ID": "9B", "TABA": "על/44/391/א"}, "geometry": {"type": "Point", "coordinates": [34.87631273787242, 31.976666141979]}}, {"type": "Feature", "properties": {"OBJECTID": 2974, "ID": "9A", "TABA": "על/44/391/א"}, "geometry": {"type": "Point", "coordinates": [34.87604490983716, 31.976684601100473]}}, {"type": "Feature", "properties": {"OBJECTID": 2975, "ID": "291", "TABA": "על/47/391"}, "geometry": {"type": "Point", "coordinates": [34.874829881123205, 31.982770899593067]}}, {"type": "Feature", "properties": {"OBJECTID": 2976, "ID": "293", "TABA": "על/47/391"}, "geometry": {"type": "Point", "coordinates": [34.875124613321944, 31.98283986811079]}}, {"type": "Feature", "properties": {"OBJECTID": 2977, "ID": "292", "TABA": "על/47/391"}, "geometry": {"type": "Point", "coordinates": [34.87498962764698, 31.98297948524822]}}, {"type": "Feature", "properties": {"OBJECTID": 2978, "ID": "77", "TABA": "משמ/62/גז"}, "geometry": {"type": "Point", "coordinates": [34.87743100406291, 31.976408939268797]}}, {"type": "Feature", "properties": {"OBJECTID": 2979, "ID": "78", "TABA": "משמ/62/גז"}, "geometry": {"type": "Point", "coordinates": [34.877729315437335, 31.976069208674563]}}, {"type": "Feature", "properties": {"OBJECTID": 2980, "ID": "13", "TABA": "משמ/62/גז"}, "geometry": {"type": "Point", "coordinates": [34.87501528721763, 31.977746498538743]}}, {"type": "Feature", "properties": {"OBJECTID": 2981, "ID": "180", "TABA": "משמ/62/גז"}, "geometry": {"type": "Point", "coordinates": [34.87414623427873, 31.974976605989955]}}, {"type": "Feature", "properties": {"OBJECTID": 2982, "ID": "12", "TABA": "משמ/62/גז"}, "geometry": {"type": "Point", "coordinates": [34.87532389140719, 31.977512894319553]}}, {"type": "Feature", "properties": {"OBJECTID": 2983, "ID": "79", "TABA": "משמ/62/גז"}, "geometry": {"type": "Point", "coordinates": [34.87812263616612, 31.975693056852606]}}, {"type": "Feature", "properties": {"OBJECTID": 2984, "ID": "11", "TABA": "משמ/62/גז"}, "geometry": {"type": "Point", "coordinates": [34.875562563734746, 31.977209239849103]}}, {"type": "Feature", "properties": {"OBJECTID": 2985, "ID": "10", "TABA": "משמ/62/גז"}, "geometry": {"type": "Point", "coordinates": [34.87589495475862, 31.976973855242665]}}, {"type": "Feature", "properties": {"OBJECTID": 2986, "ID": "127", "TABA": "משמ/62/גז"}, "geometry": {"type": "Point", "coordinates": [34.87043354478212, 31.979652908020167]}}, {"type": "Feature", "properties": {"OBJECTID": 2987, "ID": "219", "TABA": "גז/14/391"}, "geometry": {"type": "Point", "coordinates": [34.87456066289768, 31.982540581650635]}}, {"type": "Feature", "properties": {"OBJECTID": 2988, "ID": "218", "TABA": "גז/14/391"}, "geometry": {"type": "Point", "coordinates": [34.87437897874306, 31.982408133751726]}}, {"type": "Feature", "properties": {"OBJECTID": 2989, "ID": "217", "TABA": "גז/14/391"}, "geometry": {"type": "Point", "coordinates": [34.87422150344502, 31.9823253054855]}}, {"type": "Feature", "properties": {"OBJECTID": 2990, "ID": "216", "TABA": "גז/14/391"}, "geometry": {"type": "Point", "coordinates": [34.87407000774873, 31.982213462568186]}}, {"type": "Feature", "properties": {"OBJECTID": 2991, "ID": "215", "TABA": "גז/14/391"}, "geometry": {"type": "Point", "coordinates": [34.87390189261193, 31.98210425726221]}}, {"type": "Feature", "properties": {"OBJECTID": 2992, "ID": "214", "TABA": "גז/14/391"}, "geometry": {"type": "Point", "coordinates": [34.87380284493328, 31.981960330880344]}}, {"type": "Feature", "properties": {"OBJECTID": 2993, "ID": "104", "TABA": "גז/14/391"}, "geometry": {"type": "Point", "coordinates": [34.87341271573106, 31.98176689226913]}}, {"type": "Feature", "properties": {"OBJECTID": 2994, "ID": "2013/2", "TABA": "גז/20/391"}, "geometry": {"type": "Point", "coordinates": [34.87368830170736, 31.98178180054639]}}, {"type": "Feature", "properties": {"OBJECTID": 2995, "ID": "213/1", "TABA": "גז/20/391"}, "geometry": {"type": "Point", "coordinates": [34.873536191098715, 31.981943475689796]}}, {"type": "Feature", "properties": {"OBJECTID": 2996, "ID": "911", "TABA": "גז/33/391"}, "geometry": {"type": "Point", "coordinates": [34.86978483424823, 31.984097123100383]}}, {"type": "Feature", "properties": {"OBJECTID": 2997, "ID": "912", "TABA": "גז/33/391"}, "geometry": {"type": "Point", "coordinates": [34.87003154459784, 31.9839797856465]}}, {"type": "Feature", "properties": {"OBJECTID": 2998, "ID": "913", "TABA": "גז/33/391"}, "geometry": {"type": "Point", "coordinates": [34.8698389267191, 31.98391736281804]}}, {"type": "Feature", "properties": {"OBJECTID": 2999, "ID": "991", "TABA": "גז/33/391"}, "geometry": {"type": "Point", "coordinates": [34.87587426006033, 31.983536958380576]}}, {"type": "Feature", "properties": {"OBJECTID": 3000, "ID": "993", "TABA": "גז/33/391"}, "geometry": {"type": "Point", "coordinates": [34.87576054929184, 31.983269554665945]}}, {"type": "Feature", "properties": {"OBJECTID": 3001, "ID": "992", "TABA": "גז/33/391"}, "geometry": {"type": "Point", "coordinates": [34.875631053581806, 31.98341766727015]}}, {"type": "Feature", "properties": {"OBJECTID": 3002, "ID": "294", "TABA": "גז/31/391"}, "geometry": {"type": "Point", "coordinates": [34.87096361380832, 31.983070211600715]}}, {"type": "Feature", "properties": {"OBJECTID": 3003, "ID": "194", "TABA": "גז/31/391"}, "geometry": {"type": "Point", "coordinates": [34.87071239302097, 31.983051412452063]}}, {"type": "Feature", "properties": {"OBJECTID": 3004, "ID": "100/3", "TABA": "גז/מק/45/391"}, "geometry": {"type": "Point", "coordinates": [34.87547825550932, 31.983144657424923]}}, {"type": "Feature", "properties": {"OBJECTID": 3005, "ID": "98", "TABA": "משמ/62/גז"}, "geometry": {"type": "Point", "coordinates": [34.87628347109876, 31.98378879096949]}}, {"type": "Feature", "properties": {"OBJECTID": 3006, "ID": "37", "TABA": "משמ/62/גז"}, "geometry": {"type": "Point", "coordinates": [34.86727014960096, 31.985643299472486]}}, {"type": "Feature", "properties": {"OBJECTID": 3007, "ID": "36", "TABA": "משמ/62/גז"}, "geometry": {"type": "Point", "coordinates": [34.8675526132404, 31.985369451754405]}}, {"type": "Feature", "properties": {"OBJECTID": 3008, "ID": "35", "TABA": "משמ/62/גז"}, "geometry": {"type": "Point", "coordinates": [34.86785000469444, 31.985124614354575]}}, {"type": "Feature", "properties": {"OBJECTID": 3009, "ID": "34", "TABA": "משמ/62/גז"}, "geometry": {"type": "Point", "coordinates": [34.868112525107726, 31.984820400102755]}}, {"type": "Feature", "properties": {"OBJECTID": 3010, "ID": "89", "TABA": "משמ/62/גז"}, "geometry": {"type": "Point", "coordinates": [34.86931542009027, 31.984674267147813]}}, {"type": "Feature", "properties": {"OBJECTID": 3011, "ID": "33", "TABA": "משמ/62/גז"}, "geometry": {"type": "Point", "coordinates": [34.868350630026804, 31.984540179893486]}}, {"type": "Feature", "properties": {"OBJECTID": 3012, "ID": "167", "TABA": "משמ/62/גז"}, "geometry": {"type": "Point", "coordinates": [34.86900244332675, 31.98467764195166]}}, {"type": "Feature", "properties": {"OBJECTID": 3013, "ID": "32", "TABA": "משמ/62/גז"}, "geometry": {"type": "Point", "coordinates": [34.86868902713949, 31.98426179638856]}}, {"type": "Feature", "properties": {"OBJECTID": 3014, "ID": "31", "TABA": "משמ/62/גז"}, "geometry": {"type": "Point", "coordinates": [34.86891213120548, 31.983993059573876]}}, {"type": "Feature", "properties": {"OBJECTID": 3015, "ID": "90", "TABA": "משמ/62/גז"}, "geometry": {"type": "Point", "coordinates": [34.86953326385714, 31.984353034828434]}}, {"type": "Feature", "properties": {"OBJECTID": 3016, "ID": "30", "TABA": "משמ/62/גז"}, "geometry": {"type": "Point", "coordinates": [34.86915958751852, 31.983707457992185]}}, {"type": "Feature", "properties": {"OBJECTID": 3017, "ID": "92", "TABA": "משמ/62/גז"}, "geometry": {"type": "Point", "coordinates": [34.87016576818382, 31.983716921236855]}}, {"type": "Feature", "properties": {"OBJECTID": 3018, "ID": "29", "TABA": "משמ/62/גז"}, "geometry": {"type": "Point", "coordinates": [34.8694432256414, 31.983440609749337]}}, {"type": "Feature", "properties": {"OBJECTID": 3019, "ID": "93", "TABA": "משמ/62/גז"}, "geometry": {"type": "Point", "coordinates": [34.870479130109075, 31.983392443332043]}}, {"type": "Feature", "properties": {"OBJECTID": 3020, "ID": "28", "TABA": "משמ/62/גז"}, "geometry": {"type": "Point", "coordinates": [34.86970298891896, 31.983163880846536]}}, {"type": "Feature", "properties": {"OBJECTID": 3021, "ID": "27", "TABA": "משמ/62/גז"}, "geometry": {"type": "Point", "coordinates": [34.87000476444403, 31.98290777004068]}}, {"type": "Feature", "properties": {"OBJECTID": 3022, "ID": "168", "TABA": "משמ/62/גז"}, "geometry": {"type": "Point", "coordinates": [34.87031928073851, 31.982882275510043]}}, {"type": "Feature", "properties": {"OBJECTID": 3023, "ID": "872", "TABA": "גז/36/391"}, "geometry": {"type": "Point", "coordinates": [34.8704532120247, 31.98057794806345]}}, {"type": "Feature", "properties": {"OBJECTID": 3024, "ID": "873", "TABA": "גז/36/391"}, "geometry": {"type": "Point", "coordinates": [34.87063276733726, 31.980361482014185]}}, {"type": "Feature", "properties": {"OBJECTID": 3025, "ID": "871", "TABA": "גז/36/391"}, "geometry": {"type": "Point", "coordinates": [34.87023766990749, 31.98039940314763]}}, {"type": "Feature", "properties": {"OBJECTID": 3026, "ID": "164", "TABA": "משמ/62/גז"}, "geometry": {"type": "Point", "coordinates": [34.87441527365438, 31.9862094080574]}}, {"type": "Feature", "properties": {"OBJECTID": 3027, "ID": "63", "TABA": "משמ/62/גז"}, "geometry": {"type": "Point", "coordinates": [34.87382455771209, 31.98143841880736]}}, {"type": "Feature", "properties": {"OBJECTID": 3028, "ID": "172", "TABA": "משמ/62/גז"}, "geometry": {"type": "Point", "coordinates": [34.87473698943468, 31.98330485807516]}}, {"type": "Feature", "properties": {"OBJECTID": 3029, "ID": "64", "TABA": "משמ/62/גז"}, "geometry": {"type": "Point", "coordinates": [34.87418457436889, 31.981082644970293]}}, {"type": "Feature", "properties": {"OBJECTID": 3030, "ID": "95", "TABA": "משמ/62/גז"}, "geometry": {"type": "Point", "coordinates": [34.87110683253988, 31.982751345122722]}}, {"type": "Feature", "properties": {"OBJECTID": 3031, "ID": "96", "TABA": "משמ/62/גז"}, "geometry": {"type": "Point", "coordinates": [34.87276633818757, 31.98260946619337]}}, {"type": "Feature", "properties": {"OBJECTID": 3032, "ID": "169", "TABA": "משמ/62/גז"}, "geometry": {"type": "Point", "coordinates": [34.87211485669537, 31.981272311122257]}}, {"type": "Feature", "properties": {"OBJECTID": 3033, "ID": "21", "TABA": "משמ/62/גז"}, "geometry": {"type": "Point", "coordinates": [34.87194543656396, 31.979542402725794]}}, {"type": "Feature", "properties": {"OBJECTID": 3034, "ID": "100/2", "TABA": "גז/מק/45/391"}, "geometry": {"type": "Point", "coordinates": [34.87529087445852, 31.982936297424306]}}, {"type": "Feature", "properties": {"OBJECTID": 3035, "ID": "100/1", "TABA": "גז/מק/45/391"}, "geometry": {"type": "Point", "coordinates": [34.87514839009988, 31.98306177661975]}}, {"type": "Feature", "properties": {"OBJECTID": 3036, "ID": "26", "TABA": "משמ/62/גז"}, "geometry": {"type": "Point", "coordinates": [34.870292326384984, 31.98261488875469]}}, {"type": "Feature", "properties": {"OBJECTID": 3037, "ID": "88", "TABA": "משמ/62/גז"}, "geometry": {"type": "Point", "coordinates": [34.87052284138572, 31.982324963461817]}}, {"type": "Feature", "properties": {"OBJECTID": 3038, "ID": "25", "TABA": "משמ/62/גז"}, "geometry": {"type": "Point", "coordinates": [34.87009865331313, 31.982022464473754]}}, {"type": "Feature", "properties": {"OBJECTID": 3039, "ID": "24", "TABA": "משמ/62/גז"}, "geometry": {"type": "Point", "coordinates": [34.87012301002596, 31.98139838914778]}}, {"type": "Feature", "properties": {"OBJECTID": 3040, "ID": "23", "TABA": "משמ/62/גז"}, "geometry": {"type": "Point", "coordinates": [34.8703679520121, 31.981069624331127]}}, {"type": "Feature", "properties": {"OBJECTID": 3041, "ID": "84", "TABA": "משמ/62/גז"}, "geometry": {"type": "Point", "coordinates": [34.8707896935386, 31.98073082862812]}}, {"type": "Feature", "properties": {"OBJECTID": 3042, "ID": "83", "TABA": "משמ/62/גז"}, "geometry": {"type": "Point", "coordinates": [34.87115384351485, 31.980349225796427]}}, {"type": "Feature", "properties": {"OBJECTID": 3043, "ID": "128", "TABA": "משמ/62/גז"}, "geometry": {"type": "Point", "coordinates": [34.86997689520832, 31.980117436868127]}}, {"type": "Feature", "properties": {"OBJECTID": 3044, "ID": "22", "TABA": "משמ/62/גז"}, "geometry": {"type": "Point", "coordinates": [34.87156892467869, 31.97987155172241]}}, {"type": "Feature", "properties": {"OBJECTID": 3045, "ID": "82", "TABA": "משמ/62/גז"}, "geometry": {"type": "Point", "coordinates": [34.870844477138554, 31.979971354729123]}}, {"type": "Feature", "properties": {"OBJECTID": 3046, "ID": "62", "TABA": "משמ/62/גז"}, "geometry": {"type": "Point", "coordinates": [34.87579849319074, 31.984362752724152]}}, {"type": "Feature", "properties": {"OBJECTID": 3047, "ID": "61", "TABA": "משמ/62/גז"}, "geometry": {"type": "Point", "coordinates": [34.875482512431326, 31.984136646153786]}}, {"type": "Feature", "properties": {"OBJECTID": 3048, "ID": "60", "TABA": "משמ/62/גז"}, "geometry": {"type": "Point", "coordinates": [34.875130579594, 31.983892261527505]}}, {"type": "Feature", "properties": {"OBJECTID": 3049, "ID": "59", "TABA": "משמ/62/גז"}, "geometry": {"type": "Point", "coordinates": [34.87477334287927, 31.983672011591626]}}, {"type": "Feature", "properties": {"OBJECTID": 3050, "ID": "58", "TABA": "משמ/62/גז"}, "geometry": {"type": "Point", "coordinates": [34.874477272164356, 31.98339866625811]}}, {"type": "Feature", "properties": {"OBJECTID": 3051, "ID": "57", "TABA": "משמ/62/גז"}, "geometry": {"type": "Point", "coordinates": [34.87414666306229, 31.983146788920767]}}, {"type": "Feature", "properties": {"OBJECTID": 3052, "ID": "56", "TABA": "משמ/62/גז"}, "geometry": {"type": "Point", "coordinates": [34.87380262148915, 31.982940081429092]}}, {"type": "Feature", "properties": {"OBJECTID": 3053, "ID": "55", "TABA": "משמ/62/גז"}, "geometry": {"type": "Point", "coordinates": [34.87323378600069, 31.98245948643891]}}, {"type": "Feature", "properties": {"OBJECTID": 3054, "ID": "54", "TABA": "משמ/62/גז"}, "geometry": {"type": "Point", "coordinates": [34.872306931509016, 31.98294089314578]}}, {"type": "Feature", "properties": {"OBJECTID": 3055, "ID": "53", "TABA": "משמ/62/גז"}, "geometry": {"type": "Point", "coordinates": [34.87157769516246, 31.983086692353545]}}, {"type": "Feature", "properties": {"OBJECTID": 3056, "ID": "131", "TABA": "משמ/62/גז"}, "geometry": {"type": "Point", "coordinates": [34.866233908746786, 31.98777884637669]}}, {"type": "Feature", "properties": {"OBJECTID": 3057, "ID": "132", "TABA": "משמ/62/גז"}, "geometry": {"type": "Point", "coordinates": [34.865895035235965, 31.988121476280334]}}, {"type": "Feature", "properties": {"OBJECTID": 3058, "ID": "165", "TABA": "משמ/62/גז"}, "geometry": {"type": "Point", "coordinates": [34.86617532749736, 31.987524976634468]}}, {"type": "Feature", "properties": {"OBJECTID": 3059, "ID": "130", "TABA": "משמ/62/גז"}, "geometry": {"type": "Point", "coordinates": [34.86528771482726, 31.987657676626622]}}, {"type": "Feature", "properties": {"OBJECTID": 3060, "ID": "129", "TABA": "משמ/62/גז"}, "geometry": {"type": "Point", "coordinates": [34.86561657928001, 31.9873357369517]}}, {"type": "Feature", "properties": {"OBJECTID": 3061, "ID": "47", "TABA": "משמ/62/גז"}, "geometry": {"type": "Point", "coordinates": [34.86760719771368, 31.98635571008077]}}, {"type": "Feature", "properties": {"OBJECTID": 3062, "ID": "48", "TABA": "משמ/62/גז"}, "geometry": {"type": "Point", "coordinates": [34.867863219671726, 31.98607171296698]}}, {"type": "Feature", "properties": {"OBJECTID": 3063, "ID": "49", "TABA": "משמ/62/גז"}, "geometry": {"type": "Point", "coordinates": [34.86821515989614, 31.985794838479023]}}, {"type": "Feature", "properties": {"OBJECTID": 3064, "ID": "50", "TABA": "משמ/62/גז"}, "geometry": {"type": "Point", "coordinates": [34.86845523635342, 31.985537212654773]}}, {"type": "Feature", "properties": {"OBJECTID": 3065, "ID": "39", "TABA": "משמ/62/גז"}, "geometry": {"type": "Point", "coordinates": [34.86672647860319, 31.986193332892658]}}, {"type": "Feature", "properties": {"OBJECTID": 3066, "ID": "163", "TABA": "משמ/62/גז"}, "geometry": {"type": "Point", "coordinates": [34.87173314280409, 31.988949349600837]}}, {"type": "Feature", "properties": {"OBJECTID": 3067, "ID": "166", "TABA": "משמ/62/גז"}, "geometry": {"type": "Point", "coordinates": [34.86796674355088, 31.985817524318225]}}, {"type": "Feature", "properties": {"OBJECTID": 3068, "ID": "171", "TABA": "משמ/62/גז"}, "geometry": {"type": "Point", "coordinates": [34.86700794863969, 31.98621703691268]}}, {"type": "Feature", "properties": {"OBJECTID": 3069, "ID": "38", "TABA": "משמ/62/גז"}, "geometry": {"type": "Point", "coordinates": [34.86692712214363, 31.98591539743616]}}, {"type": "Feature", "properties": {"OBJECTID": 3070, "ID": "43", "TABA": "משמ/62/גז"}, "geometry": {"type": "Point", "coordinates": [34.86652829899995, 31.98749072392016]}}, {"type": "Feature", "properties": {"OBJECTID": 3071, "ID": "44", "TABA": "משמ/62/גז"}, "geometry": {"type": "Point", "coordinates": [34.86683596322613, 31.987208459018476]}}, {"type": "Feature", "properties": {"OBJECTID": 3072, "ID": "45", "TABA": "משמ/62/גז"}, "geometry": {"type": "Point", "coordinates": [34.867054725809346, 31.98692207570488]}}, {"type": "Feature", "properties": {"OBJECTID": 3073, "ID": "46", "TABA": "משמ/62/גז"}, "geometry": {"type": "Point", "coordinates": [34.86735992132135, 31.98666088712065]}}, {"type": "Feature", "properties": {"OBJECTID": 3074, "ID": "41", "TABA": "משמ/62/גז"}, "geometry": {"type": "Point", "coordinates": [34.866186065529675, 31.986733223683572]}}, {"type": "Feature", "properties": {"OBJECTID": 3075, "ID": "40", "TABA": "משמ/62/גז"}, "geometry": {"type": "Point", "coordinates": [34.86644910235801, 31.986464075626206]}}, {"type": "Feature", "properties": {"OBJECTID": 3076, "ID": "42", "TABA": "משמ/62/גז"}, "geometry": {"type": "Point", "coordinates": [34.865898812110046, 31.987061515459718]}}, {"type": "Feature", "properties": {"OBJECTID": 3077, "ID": "51", "TABA": "משמ/62/גז"}, "geometry": {"type": "Point", "coordinates": [34.86873272878822, 31.985261234398237]}}, {"type": "Feature", "properties": {"OBJECTID": 3078, "ID": "52", "TABA": "משמ/62/גז"}, "geometry": {"type": "Point", "coordinates": [34.86898066540198, 31.984997398667037]}}]}