{"type": "FeatureCollection", "name": "מבנים", "features": [{"type": "Feature", "properties": {"OBJECTID": 196, "UNIQ_ID": 52228997, "PARENT": 6850140, "FCODE": 201, "FTYPE": 11, "HI_PNT_X": 187036.26602654, "HI_PNT_Y": 656561.7094939, "HI_PNT_Z": 36.15, "HEIGHT": 36.15, "HT_LAND": 33.06, "FNAME": null, "LATIN_NAME": null, "BLDG_HT": 3.09, "USG_ID": null, "CMPLX_ID": null, "CMLX_FCD": null, "ORIG_AREA": 22.8675, "DATA_YEAR": null, "PRDCT_VER": null, "MUN_HEB": "צפריה", "mzm_lamas": 594, "logic_num": 70, "mzm": 232, "mzm_num_ID": "594B232", "Label": "B232", "Col_Row": "614 - 1467", "BUILD_YEAR": 0, "FTYPE_D": "בנין", "Shape_Length": 20.163337298292547, "Shape_Area": 22.867499999003485}, "geometry": {"type": "Polygon", "coordinates": [[[34.86131709078387, 32.00169971559005], [34.861304178645604, 32.00172844816331], [34.861370771830615, 32.001749459850096], [34.86138241806123, 32.00171964168521], [34.86131709078387, 32.00169971559005]]]}}, {"type": "Feature", "properties": {"OBJECTID": 317, "UNIQ_ID": 52243337, "PARENT": 8861851, "FCODE": 201, "FTYPE": 11, "HI_PNT_X": 187015.56512654, "HI_PNT_Y": 656710.5105939, "HI_PNT_Z": 36.300000000000004, "HEIGHT": 35.78, "HT_LAND": 32.86, "FNAME": null, "LATIN_NAME": null, "BLDG_HT": 2.92, "USG_ID": null, "CMPLX_ID": null, "CMLX_FCD": null, "ORIG_AREA": 48.1509, "DATA_YEAR": null, "PRDCT_VER": null, "MUN_HEB": "צפריה", "mzm_lamas": 594, "logic_num": 17, "mzm": 127, "mzm_num_ID": "594B127", "Label": "B127", "Col_Row": "614 - 1465", "BUILD_YEAR": null, "FTYPE_D": "בנין", "Shape_Length": 28.092506409317267, "Shape_Area": 48.15090000036024}, "geometry": {"type": "Polygon", "coordinates": [[[34.861111101773936, 32.00301921625642], [34.86107381629221, 32.00308503709011], [34.86113077365462, 32.00310773625131], [34.86116805910516, 32.0030419154009], [34.861111101773936, 32.00301921625642]]]}}, {"type": "Feature", "properties": {"OBJECTID": 819, "UNIQ_ID": 52275669, "PARENT": 4087051, "FCODE": 201, "FTYPE": 11, "HI_PNT_X": 187082.69372654, "HI_PNT_Y": 656821.1604939, "HI_PNT_Z": 44.6, "HEIGHT": 44.6, "HT_LAND": 33.9, "FNAME": null, "LATIN_NAME": null, "BLDG_HT": 10.700000000000001, "USG_ID": null, "CMPLX_ID": null, "CMLX_FCD": null, "ORIG_AREA": 962.731, "DATA_YEAR": null, "PRDCT_VER": null, "MUN_HEB": "צפריה", "mzm_lamas": 594, "logic_num": 136, "mzm": 337, "mzm_num_ID": "594B337", "Label": "B337", "Col_Row": "614 - 1464", "BUILD_YEAR": null, "FTYPE_D": "בנין", "Shape_Length": 133.55185969682867, "Shape_Area": 962.7310000275038}, "geometry": {"type": "Polygon", "coordinates": [[[34.86164113170147, 32.00389088808402], [34.86156754832131, 32.00406996747765], [34.86202305991931, 32.00420754994989], [34.86209780665049, 32.00402847343133], [34.86164113170147, 32.00389088808402]]]}}, {"type": "Feature", "properties": {"OBJECTID": 907, "UNIQ_ID": 52231983, "PARENT": 6066353, "FCODE": 201, "FTYPE": 11, "HI_PNT_X": 187064.49622654, "HI_PNT_Y": 656845.7436939, "HI_PNT_Z": 36.77, "HEIGHT": 36.77, "HT_LAND": 32.97, "FNAME": null, "LATIN_NAME": null, "BLDG_HT": 3.8000000000000003, "USG_ID": null, "CMPLX_ID": null, "CMLX_FCD": null, "ORIG_AREA": 296.2592, "DATA_YEAR": null, "PRDCT_VER": null, "MUN_HEB": "צפריה", "mzm_lamas": 594, "logic_num": 136, "mzm": 335, "mzm_num_ID": "594B335", "Label": "B335", "Col_Row": "614 - 1464", "BUILD_YEAR": 0, "FTYPE_D": "בנין", "Shape_Length": 69.49558324480383, "Shape_Area": 296.25919999871326}, "geometry": {"type": "Polygon", "coordinates": [[[34.86156808129445, 32.004182694144006], [34.86151035767893, 32.00430879040448], [34.86170495102393, 32.00437352444965], [34.86176267441535, 32.00424742810033], [34.86156808129445, 32.004182694144006]]]}}, {"type": "Feature", "properties": {"OBJECTID": 910, "UNIQ_ID": 52277951, "PARENT": 4087094, "FCODE": 201, "FTYPE": 11, "HI_PNT_X": 187103.08032654, "HI_PNT_Y": 656793.7629939, "HI_PNT_Z": 41.1, "HEIGHT": 41.1, "HT_LAND": 33.4, "FNAME": null, "LATIN_NAME": null, "BLDG_HT": 7.7, "USG_ID": null, "CMPLX_ID": null, "CMLX_FCD": null, "ORIG_AREA": 1517.2440000000001, "DATA_YEAR": null, "PRDCT_VER": null, "MUN_HEB": "צפריה", "mzm_lamas": 594, "logic_num": 17, "mzm": 112, "mzm_num_ID": "594B112", "Label": "B112", "Col_Row": "614 - 1465", "BUILD_YEAR": null, "FTYPE_D": "בנין", "Shape_Length": 166.00972543105894, "Shape_Area": 1517.2440000112392}, "geometry": {"type": "Polygon", "coordinates": [[[34.86182521274367, 32.003594872797585], [34.86172498421507, 32.00382456161095], [34.86227877731051, 32.00399974317255], [34.86237921631516, 32.00377005449032], [34.86182521274367, 32.003594872797585]]]}}, {"type": "Feature", "properties": {"OBJECTID": 1073, "UNIQ_ID": 52328194, "PARENT": 6390163, "FCODE": 201, "FTYPE": 11, "HI_PNT_X": 188548.55012654, "HI_PNT_Y": 655564.5364939, "HI_PNT_Z": 43.88, "HEIGHT": 43.78, "HT_LAND": 37.160000000000004, "FNAME": null, "LATIN_NAME": null, "BLDG_HT": 6.62, "USG_ID": null, "CMPLX_ID": null, "CMLX_FCD": null, "ORIG_AREA": 533.18529417, "DATA_YEAR": 2014, "PRDCT_VER": "2015-07", "MUN_HEB": "יגל", "mzm_lamas": 798, "logic_num": 52, "mzm": 135, "mzm_num_ID": "798B135", "Label": "B135", "Col_Row": "629 - 1477", "BUILD_YEAR": null, "FTYPE_D": "בנין", "Shape_Length": 118.37274772918985, "Shape_Area": 533.1852941495085}, "geometry": {"type": "Polygon", "coordinates": [[[34.8773479225112, 31.99261280089023], [34.877222377459645, 31.992744637556083], [34.877178777968695, 31.99272305047837], [34.87714678431617, 31.992744442636088], [34.8771065394288, 31.99272429624942], [34.877071186090696, 31.992745678820974], [34.87720024937117, 31.9928261820462], [34.87726075487719, 31.992776361863243], [34.87738846912602, 31.992881936081396], [34.87752655841769, 31.992733494183124], [34.8773479225112, 31.99261280089023]]]}}, {"type": "Feature", "properties": {"OBJECTID": 1266, "UNIQ_ID": 53307432, "PARENT": 6067215, "FCODE": 201, "FTYPE": 11, "HI_PNT_X": 188527.75532654, "HI_PNT_Y": 655333.1971939, "HI_PNT_Z": 45.22, "HEIGHT": 45.22, "HT_LAND": 38.4, "FNAME": null, "LATIN_NAME": null, "BLDG_HT": 6.82, "USG_ID": null, "CMPLX_ID": null, "CMLX_FCD": null, "ORIG_AREA": 212.10665, "DATA_YEAR": null, "PRDCT_VER": null, "MUN_HEB": "יגל", "mzm_lamas": 798, "logic_num": 14, "mzm": 113, "mzm_num_ID": "798B113", "Label": "B113", "Col_Row": "629 - 1479", "BUILD_YEAR": null, "FTYPE_D": "בנין", "Shape_Length": 66.66921715185896, "Shape_Area": 212.10664999655017}, "geometry": {"type": "Polygon", "coordinates": [[[34.87711315221381, 31.990581625591407], [34.87707598923447, 31.990617601916778], [34.87709709567327, 31.990633528111662], [34.87707798510342, 31.990651514908546], [34.87710964157434, 31.990676305995056], [34.87706186287761, 31.990721904243262], [34.87713140450304, 31.990775560598696], [34.877178228625574, 31.990730591126347], [34.87718667166582, 31.99073683534647], [34.877257804941515, 31.99067001467565], [34.87715132895786, 31.990587946493978], [34.8771373173303, 31.990600355261513], [34.87711315221381, 31.990581625591407]]]}}, {"type": "Feature", "properties": {"OBJECTID": 1296, "UNIQ_ID": 52328653, "PARENT": 6067135, "FCODE": 201, "FTYPE": 11, "HI_PNT_X": 188518.25962654, "HI_PNT_Y": 655432.5005939, "HI_PNT_Z": 43.050000000000004, "HEIGHT": 43.050000000000004, "HT_LAND": 38.24, "FNAME": null, "LATIN_NAME": null, "BLDG_HT": 4.8100000000000005, "USG_ID": null, "CMPLX_ID": null, "CMLX_FCD": null, "ORIG_AREA": 230.30575, "DATA_YEAR": null, "PRDCT_VER": null, "MUN_HEB": "יגל", "mzm_lamas": 798, "logic_num": 7980102, "mzm": 129, "mzm_num_ID": "798B129", "Label": "B129", "Col_Row": "629 - 1478", "BUILD_YEAR": 0, "FTYPE_D": "בנין", "Shape_Length": 65.90670106899627, "Shape_Area": 230.305750011459}, "geometry": {"type": "Polygon", "coordinates": [[[34.87706974038199, 31.991483317924335], [34.8770134822672, 31.99153277203289], [34.87700177267443, 31.991522641616186], [34.876966851248, 31.991553032499407], [34.876984784068775, 31.991568770161912], [34.87695613166119, 31.991591872602047], [34.87699611353974, 31.99162633450122], [34.876986667801425, 31.99163424600815], [34.877020530686046, 31.991663551827997], [34.87704059157319, 31.991646198757966], [34.87706475310873, 31.991666010595655], [34.877175239050956, 31.991572688261044], [34.87706974038199, 31.991483317924335]]]}}, {"type": "Feature", "properties": {"OBJECTID": 1333, "UNIQ_ID": 53315106, "PARENT": 6067036, "FCODE": 201, "FTYPE": 11, "HI_PNT_X": 187345.90972654, "HI_PNT_Y": 655556.2204939, "HI_PNT_Z": 50.1, "HEIGHT": 50.1, "HT_LAND": 37.4, "FNAME": null, "LATIN_NAME": null, "BLDG_HT": 12.700000000000001, "USG_ID": null, "CMPLX_ID": null, "CMLX_FCD": null, "ORIG_AREA": 436.187, "DATA_YEAR": null, "PRDCT_VER": null, "MUN_HEB": "כפר חבד", "mzm_lamas": 696, "logic_num": 66, "mzm": 429, "mzm_num_ID": "696B429", "Label": "B429", "Col_Row": "617 - 1477", "BUILD_YEAR": null, "FTYPE_D": "בנין", "Shape_Length": 115.12602998987663, "Shape_Area": 436.1870000102576}, "geometry": {"type": "Polygon", "coordinates": [[[34.86444786968558, 31.992613460168087], [34.86444472126754, 31.992692449725283], [34.86468796820011, 31.992699774481984], [34.864684469295604, 31.992787781142116], [34.86478593687251, 31.99279084832665], [34.86478965130027, 31.99270176007586], [34.86485736738834, 31.99270365470776], [34.86486051312774, 31.99262529639433], [34.86444786968558, 31.992613460168087]]]}}, {"type": "Feature", "properties": {"OBJECTID": 1400, "UNIQ_ID": 52398934, "PARENT": 4054406, "FCODE": 201, "FTYPE": 11, "HI_PNT_X": 188360.13672654, "HI_PNT_Y": 655625.2719939, "HI_PNT_Z": 40.5, "HEIGHT": 40.5, "HT_LAND": 34, "FNAME": null, "LATIN_NAME": null, "BLDG_HT": 6.5, "USG_ID": null, "CMPLX_ID": null, "CMLX_FCD": null, "ORIG_AREA": 212.5603, "DATA_YEAR": null, "PRDCT_VER": null, "MUN_HEB": "יגל", "mzm_lamas": 798, "logic_num": 56, "mzm": 351, "mzm_num_ID": "798B351", "Label": "B351", "Col_Row": "627 - 1476", "BUILD_YEAR": 0, "FTYPE_D": "בנין", "Shape_Length": 64.88678561913854, "Shape_Area": 212.56029999896214}, "geometry": {"type": "Polygon", "coordinates": [[[34.87533025264721, 31.99322615469778], [34.87526975598819, 31.993276679184795], [34.875301404491445, 31.993303815383406], [34.87527699217818, 31.99332458374021], [34.87535083875785, 31.99338790152027], [34.875368987900146, 31.993372708094174], [34.87539420544075, 31.993393154245766], [34.8754886646364, 31.993314401090668], [34.875439083184375, 31.993271527063783], [34.87542528480404, 31.993283304924496], [34.87537359156584, 31.993239162871838], [34.87535883857544, 31.993251569512964], [34.87533025264721, 31.99322615469778]]]}}, {"type": "Feature", "properties": {"OBJECTID": 1468, "UNIQ_ID": 52414033, "PARENT": 8731189, "FCODE": 201, "FTYPE": 16, "HI_PNT_X": 188943.47982654, "HI_PNT_Y": 655113.1824939, "HI_PNT_Z": 42.68, "HEIGHT": 42.54, "HT_LAND": 38.29, "FNAME": null, "LATIN_NAME": null, "BLDG_HT": 4.25, "USG_ID": null, "CMPLX_ID": null, "CMLX_FCD": null, "ORIG_AREA": 78.89744999999999, "DATA_YEAR": null, "PRDCT_VER": null, "MUN_HEB": "יגל", "mzm_lamas": 798, "logic_num": 7986001, "mzm": 415, "mzm_num_ID": "798B415", "Label": "B415", "Col_Row": "633 - 1481", "BUILD_YEAR": null, "FTYPE_D": "סככה", "Shape_Length": 37.0892806105938, "Shape_Area": 78.89745000264253}, "geometry": {"type": "Polygon", "coordinates": [[[34.88154075314453, 31.988651922783653], [34.88149298210579, 31.98869626022064], [34.881584889353455, 31.988769269685026], [34.8816326550185, 31.988726465268403], [34.88154075314453, 31.988651922783653]]]}}, {"type": "Feature", "properties": {"OBJECTID": 1488, "UNIQ_ID": 52417103, "PARENT": 6067499, "FCODE": 201, "FTYPE": 11, "HI_PNT_X": 187309.97972654, "HI_PNT_Y": 655015.5975939, "HI_PNT_Z": 44.51, "HEIGHT": 44.51, "HT_LAND": 37.54, "FNAME": null, "LATIN_NAME": null, "BLDG_HT": 6.97, "USG_ID": null, "CMPLX_ID": null, "CMLX_FCD": null, "ORIG_AREA": 367.33765, "DATA_YEAR": null, "PRDCT_VER": null, "MUN_HEB": "אחיעזר", "mzm_lamas": 797, "logic_num": 27, "mzm": 312, "mzm_num_ID": "797B312", "Label": "B312", "Col_Row": "617 - 1482", "BUILD_YEAR": 0, "FTYPE_D": "בנין", "Shape_Length": 102.52276241188477, "Shape_Area": 367.33765000599567}, "geometry": {"type": "Polygon", "coordinates": [[[34.86428955317441, 31.987713445168364], [34.86419402185025, 31.987794982759386], [34.86430572595073, 31.98788997159879], [34.86436198459719, 31.987841605281393], [34.864404179812595, 31.987876708335232], [34.86437976651257, 31.98789747460641], [34.864463203079886, 31.987968129034964], [34.864545891688074, 31.987897288322543], [34.86447089303668, 31.98783396116327], [34.86447843252859, 31.987826676743286], [34.86442041327624, 31.987778635523004], [34.864393873482605, 31.9878021916938], [34.86428955317441, 31.987713445168364]]]}}, {"type": "Feature", "properties": {"OBJECTID": 1489, "UNIQ_ID": 52415863, "PARENT": 4054534, "FCODE": 201, "FTYPE": 11, "HI_PNT_X": 188926.85222654, "HI_PNT_Y": 655107.9932939, "HI_PNT_Z": 42.9, "HEIGHT": 42.9, "HT_LAND": 36.7, "FNAME": null, "LATIN_NAME": null, "BLDG_HT": 6.2, "USG_ID": null, "CMPLX_ID": null, "CMLX_FCD": null, "ORIG_AREA": 138.71175, "DATA_YEAR": null, "PRDCT_VER": null, "MUN_HEB": "יגל", "mzm_lamas": 798, "logic_num": 7986001, "mzm": 417, "mzm_num_ID": "798B417", "Label": "B417", "Col_Row": "633 - 1481", "BUILD_YEAR": null, "FTYPE_D": "בנין", "Shape_Length": 51.03635603805177, "Shape_Area": 138.71174999496247}, "geometry": {"type": "Polygon", "coordinates": [[[34.88140244712414, 31.988594035705997], [34.88136629232938, 31.988614775373772], [34.881354812259616, 31.988599505650438], [34.88133679045016, 31.988609109086216], [34.88132519856917, 31.98859555250473], [34.88128692151598, 31.988618000176217], [34.88137456407831, 31.988730317623997], [34.881467760053894, 31.98867707778094], [34.88140244712414, 31.988594035705997]]]}}, {"type": "Feature", "properties": {"OBJECTID": 1600, "UNIQ_ID": 64907277, "PARENT": 52454918, "FCODE": 201, "FTYPE": 11, "HI_PNT_X": 188191.17872654, "HI_PNT_Y": 655661.8393939, "HI_PNT_Z": 43.660000000000004, "HEIGHT": 43.435, "HT_LAND": 37.08, "FNAME": null, "LATIN_NAME": null, "BLDG_HT": 6.355, "USG_ID": null, "CMPLX_ID": null, "CMLX_FCD": null, "ORIG_AREA": 180.93927708, "DATA_YEAR": 2014, "PRDCT_VER": "2015-07", "MUN_HEB": "יגל", "mzm_lamas": 798, "logic_num": 7980102, "mzm": 439, "mzm_num_ID": "798B439", "Label": "B439", "Col_Row": "625 - 1476", "BUILD_YEAR": null, "FTYPE_D": "בנין", "Shape_Length": 56.199963353032565, "Shape_Area": 180.93927707577524}, "geometry": {"type": "Polygon", "coordinates": [[[34.87360471036264, 31.99371874259447], [34.873688591287056, 31.9936395123134], [34.8736697007757, 31.99362530476125], [34.873683397496066, 31.993612444663697], [34.87360425487671, 31.993550825541107], [34.87356496909731, 31.99358787744169], [34.873547028705666, 31.993574303611016], [34.8734952014253, 31.993622814476034], [34.873522883288196, 31.99364999487961], [34.87360471036264, 31.99371874259447]]]}}, {"type": "Feature", "properties": {"OBJECTID": 1610, "UNIQ_ID": 52454722, "PARENT": 6850163, "FCODE": 201, "FTYPE": 11, "HI_PNT_X": 188380.70832654, "HI_PNT_Y": 655686.2412939, "HI_PNT_Z": 41.33, "HEIGHT": 39.79, "HT_LAND": 36.31, "FNAME": null, "LATIN_NAME": null, "BLDG_HT": 3.48, "USG_ID": null, "CMPLX_ID": null, "CMLX_FCD": null, "ORIG_AREA": 169.987, "DATA_YEAR": null, "PRDCT_VER": null, "MUN_HEB": "יגל", "mzm_lamas": 798, "logic_num": 16, "mzm": 143, "mzm_num_ID": "798B143", "Label": "B143", "Col_Row": "627 - 1476", "BUILD_YEAR": null, "FTYPE_D": "בנין", "Shape_Length": 52.38888771936007, "Shape_Area": 169.98700000444148}, "geometry": {"type": "Polygon", "coordinates": [[[34.87560447470497, 31.993776334618133], [34.87551099124441, 31.993878086378864], [34.875609168153204, 31.993943811752107], [34.87570370814202, 31.993842513558512], [34.87560447470497, 31.993776334618133]]]}}, {"type": "Feature", "properties": {"OBJECTID": 1613, "UNIQ_ID": 52454303, "PARENT": 4088324, "FCODE": 201, "FTYPE": 11, "HI_PNT_X": 188268.28102654, "HI_PNT_Y": 655587.2339939, "HI_PNT_Z": 41.1, "HEIGHT": 41.1, "HT_LAND": 36.79, "FNAME": null, "LATIN_NAME": null, "BLDG_HT": 4.3100000000000005, "USG_ID": null, "CMPLX_ID": null, "CMLX_FCD": null, "ORIG_AREA": 67.36265, "DATA_YEAR": null, "PRDCT_VER": null, "MUN_HEB": "יגל", "mzm_lamas": 798, "logic_num": 7980102, "mzm": 137, "mzm_num_ID": "798B137", "Label": "B137", "Col_Row": "626 - 1477", "BUILD_YEAR": 0, "FTYPE_D": "בנין", "Shape_Length": 35.67094208182359, "Shape_Area": 67.36264999682214}, "geometry": {"type": "Polygon", "coordinates": [[[34.87442887595459, 31.992906469274047], [34.874357536204876, 31.99300034190047], [34.874406115019795, 31.993027522353824], [34.874476398835085, 31.992933015692312], [34.87442887595459, 31.992906469274047]]]}}, {"type": "Feature", "properties": {"OBJECTID": 1627, "UNIQ_ID": 52453778, "PARENT": 4054440, "FCODE": 201, "FTYPE": 11, "HI_PNT_X": 188429.74232654, "HI_PNT_Y": 655466.0590939, "HI_PNT_Z": 40.7, "HEIGHT": 40.7, "HT_LAND": 34.7, "FNAME": null, "LATIN_NAME": null, "BLDG_HT": 6, "USG_ID": null, "CMPLX_ID": null, "CMLX_FCD": null, "ORIG_AREA": 213.4298, "DATA_YEAR": null, "PRDCT_VER": null, "MUN_HEB": "יגל", "mzm_lamas": 798, "logic_num": 7980102, "mzm": 323, "mzm_num_ID": "798B323", "Label": "B323", "Col_Row": "628 - 1478", "BUILD_YEAR": 0, "FTYPE_D": "בנין", "Shape_Length": 69.91639617228839, "Shape_Area": 213.4298000097925}, "geometry": {"type": "Polygon", "coordinates": [[[34.87610370979994, 31.991761013035347], [34.87603149837751, 31.991832970534734], [34.876090494663664, 31.99187649995842], [34.876039628519706, 31.991927049743552], [34.87611773090735, 31.991983704750204], [34.8761677466626, 31.99193423489958], [34.8761391432502, 31.991913780139594], [34.87621231084477, 31.99184074288764], [34.87610370979994, 31.991761013035347]]]}}, {"type": "Feature", "properties": {"OBJECTID": 1632, "UNIQ_ID": 52452652, "PARENT": 4054405, "FCODE": 201, "FTYPE": 11, "HI_PNT_X": 188338.16132654, "HI_PNT_Y": 655647.1603939, "HI_PNT_Z": 40.45, "HEIGHT": 40.45, "HT_LAND": 34.4, "FNAME": null, "LATIN_NAME": null, "BLDG_HT": 6.05, "USG_ID": null, "CMPLX_ID": null, "CMLX_FCD": null, "ORIG_AREA": 182.28570000000002, "DATA_YEAR": null, "PRDCT_VER": null, "MUN_HEB": "יגל", "mzm_lamas": 798, "logic_num": 56, "mzm": 318, "mzm_num_ID": "798B318", "Label": "B318", "Col_Row": "627 - 1476", "BUILD_YEAR": 0, "FTYPE_D": "בנין", "Shape_Length": 60.20003885016308, "Shape_Area": 182.28570000219923}, "geometry": {"type": "Polygon", "coordinates": [[[34.87512854606161, 31.993408787848594], [34.87510199510523, 31.993435773068573], [34.875116665355385, 31.99344654260297], [34.875062607175714, 31.993501592714612], [34.875104825181324, 31.993532183246625], [34.87508453963936, 31.993552962273988], [34.87515008113766, 31.993601018130583], [34.87520626179102, 31.993544260061242], [34.87519570840455, 31.99353629680955], [34.875240422399536, 31.993490240442508], [34.87512854606161, 31.993408787848594]]]}}, {"type": "Feature", "properties": {"OBJECTID": 1642, "UNIQ_ID": 52451020, "PARENT": 8861907, "FCODE": 201, "FTYPE": 15, "HI_PNT_X": 188178.23172654, "HI_PNT_Y": 655023.0924939, "HI_PNT_Z": 42.15, "HEIGHT": 41.85, "HT_LAND": 38.2, "FNAME": null, "LATIN_NAME": null, "BLDG_HT": 3.65, "USG_ID": null, "CMPLX_ID": null, "CMLX_FCD": null, "ORIG_AREA": 110.3901, "DATA_YEAR": null, "PRDCT_VER": null, "MUN_HEB": "יגל", "mzm_lamas": 798, "logic_num": 11, "mzm": 60, "mzm_num_ID": "798B60", "Label": "B60", "Col_Row": "625 - 1482", "BUILD_YEAR": null, "FTYPE_D": "מבנה ארעי", "Shape_Length": 44.84827307376415, "Shape_Area": 110.39009999753218}, "geometry": {"type": "Polygon", "coordinates": [[[34.87341958116627, 31.98781036024709], [34.873374842818805, 31.987863720574985], [34.873505872712194, 31.987942429098638], [34.873550507477646, 31.987888437191828], [34.87341958116627, 31.98781036024709]]]}}, {"type": "Feature", "properties": {"OBJECTID": 1662, "UNIQ_ID": 52443563, "PARENT": 6850181, "FCODE": 201, "FTYPE": 15, "HI_PNT_X": 188191.21662654, "HI_PNT_Y": 655029.0598939, "HI_PNT_Z": 42.230000000000004, "HEIGHT": 41.27, "HT_LAND": 36.83, "FNAME": null, "LATIN_NAME": null, "BLDG_HT": 4.44, "USG_ID": null, "CMPLX_ID": null, "CMLX_FCD": null, "ORIG_AREA": 77.9696, "DATA_YEAR": null, "PRDCT_VER": null, "MUN_HEB": "יגל", "mzm_lamas": 798, "logic_num": 11, "mzm": 62, "mzm_num_ID": "798B62", "Label": "B62", "Col_Row": "625 - 1482", "BUILD_YEAR": 0, "FTYPE_D": "מבנה ארעי", "Shape_Length": 37.54625013248765, "Shape_Area": 77.96960000797138}, "geometry": {"type": "Polygon", "coordinates": [[[34.87357807686804, 31.987872186397873], [34.87353338486708, 31.987912651096412], [34.873630557731246, 31.98799063995507], [34.87367514779956, 31.987949092791602], [34.87357807686804, 31.987872186397873]]]}}, {"type": "Feature", "properties": {"OBJECTID": 1670, "UNIQ_ID": 64907292, "PARENT": 52456436, "FCODE": 201, "FTYPE": 32, "HI_PNT_X": 188495.76292654, "HI_PNT_Y": 655337.1641939, "HI_PNT_Z": 40.37, "HEIGHT": 40.37, "HT_LAND": 37.84, "FNAME": null, "LATIN_NAME": null, "BLDG_HT": 2.5300000000000002, "USG_ID": null, "CMPLX_ID": null, "CMLX_FCD": null, "ORIG_AREA": 71.23310000000001, "DATA_YEAR": 2014, "PRDCT_VER": "2015-07", "MUN_HEB": "יגל", "mzm_lamas": 798, "logic_num": 14, "mzm": 441, "mzm_num_ID": "798B441", "Label": "B441", "Col_Row": "628 - 1479", "BUILD_YEAR": null, "FTYPE_D": "מבנה הרוס", "Shape_Length": 38.46632178722049, "Shape_Area": 71.23310000950993}, "geometry": {"type": "Polygon", "coordinates": [[[34.876771052623994, 31.990670923287045], [34.87674130639966, 31.99070412306746], [34.87684043925085, 31.99076813655057], [34.87688824403524, 31.990715233838817], [34.876837677337704, 31.99068182674681], [34.87681855677211, 31.990702609071853], [34.876771052623994, 31.990670923287045]]]}}, {"type": "Feature", "properties": {"OBJECTID": 1675, "UNIQ_ID": 64907316, "PARENT": 52456040, "FCODE": 201, "FTYPE": 11, "HI_PNT_X": 188397.35012654, "HI_PNT_Y": 655618.6908939, "HI_PNT_Z": 39.54, "HEIGHT": 39.369225, "HT_LAND": 36.15, "FNAME": null, "LATIN_NAME": null, "BLDG_HT": 3.219225, "USG_ID": null, "CMPLX_ID": null, "CMLX_FCD": null, "ORIG_AREA": 130.01886512, "DATA_YEAR": 2014, "PRDCT_VER": "2015-07", "MUN_HEB": "יגל", "mzm_lamas": 798, "logic_num": 54, "mzm": 443, "mzm_num_ID": "798B443", "Label": "B443", "Col_Row": "627 - 1476", "BUILD_YEAR": null, "FTYPE_D": "בנין", "Shape_Length": 58.84592141992055, "Shape_Area": 130.0188651152111}, "geometry": {"type": "Polygon", "coordinates": [[[34.875741193633125, 31.993317504676543], [34.87582757265516, 31.99321784546188], [34.87576998409385, 31.99318944642706], [34.8757233099923, 31.99324907095872], [34.87564033922485, 31.99319803396838], [34.87560409155406, 31.993234445980224], [34.875690490407024, 31.993283823536704], [34.875741193633125, 31.993317504676543]]]}}, {"type": "Feature", "properties": {"OBJECTID": 1676, "UNIQ_ID": 52455640, "PARENT": 4054437, "FCODE": 201, "FTYPE": 11, "HI_PNT_X": 188503.56762654, "HI_PNT_Y": 655480.4932939, "HI_PNT_Z": 42.34, "HEIGHT": 41.85, "HT_LAND": 36.29, "FNAME": null, "LATIN_NAME": null, "BLDG_HT": 5.5600000000000005, "USG_ID": null, "CMPLX_ID": null, "CMLX_FCD": null, "ORIG_AREA": 137.5629, "DATA_YEAR": null, "PRDCT_VER": null, "MUN_HEB": "יגל", "mzm_lamas": 798, "logic_num": 15, "mzm": 120, "mzm_num_ID": "798B120", "Label": "B120", "Col_Row": "628 - 1478", "BUILD_YEAR": null, "FTYPE_D": "בנין", "Shape_Length": 56.27391264447304, "Shape_Area": 137.56289999568406}, "geometry": {"type": "Polygon", "coordinates": [[[34.876931503056, 31.9919417992569], [34.876901864533316, 31.991974368081898], [34.876873260303164, 31.991954093845564], [34.87683300206081, 31.991997366714205], [34.87685622732618, 31.992012667153162], [34.876838166885456, 31.992032820949095], [34.87690456469137, 31.992078082527772], [34.8769269795883, 31.992053430938704], [34.876958650272506, 31.992074344338047], [34.87698743843857, 31.992042855471365], [34.8769546037869, 31.9920219390757], [34.87699178340173, 31.991981453818433], [34.876931503056, 31.9919417992569]]]}}, {"type": "Feature", "properties": {"OBJECTID": 1677, "UNIQ_ID": 52455653, "PARENT": 4054409, "FCODE": 201, "FTYPE": 11, "HI_PNT_X": 188376.09422654, "HI_PNT_Y": 655620.1856939, "HI_PNT_Z": 38.36, "HEIGHT": 38.18, "HT_LAND": 34.88, "FNAME": null, "LATIN_NAME": null, "BLDG_HT": 3.3000000000000003, "USG_ID": null, "CMPLX_ID": null, "CMLX_FCD": null, "ORIG_AREA": 42.15, "DATA_YEAR": null, "PRDCT_VER": null, "MUN_HEB": "יגל", "mzm_lamas": 798, "logic_num": 54, "mzm": 341, "mzm_num_ID": "798B341", "Label": "B341", "Col_Row": "627 - 1476", "BUILD_YEAR": null, "FTYPE_D": "בנין", "Shape_Length": 26.683708783130385, "Shape_Area": 42.15000000246335}, "geometry": {"type": "Polygon", "coordinates": [[[34.87556305222892, 31.993226126911622], [34.87550782434286, 31.993282887612803], [34.875550046259335, 31.993312395843347], [34.8756052763894, 31.993255003867073], [34.87556305222892, 31.993226126911622]]]}}, {"type": "Feature", "properties": {"OBJECTID": 1680, "UNIQ_ID": 52452070, "PARENT": 8861905, "FCODE": 201, "FTYPE": 11, "HI_PNT_X": 188855.55132654, "HI_PNT_Y": 655109.7426939, "HI_PNT_Z": 43.64, "HEIGHT": 43.08, "HT_LAND": 39.63, "FNAME": null, "LATIN_NAME": null, "BLDG_HT": 3.45, "USG_ID": null, "CMPLX_ID": null, "CMLX_FCD": null, "ORIG_AREA": 88.46124999999999, "DATA_YEAR": null, "PRDCT_VER": null, "MUN_HEB": "יגל", "mzm_lamas": 798, "logic_num": 7986001, "mzm": 380, "mzm_num_ID": "798B380", "Label": "B380", "Col_Row": "632 - 1481", "BUILD_YEAR": null, "FTYPE_D": "בנין", "Shape_Length": 38.00312283395273, "Shape_Area": 88.46125000404659}, "geometry": {"type": "Polygon", "coordinates": [[[34.88064676273865, 31.988615737433264], [34.880579941690286, 31.988691138190326], [34.880643264397094, 31.98873810341675], [34.88071876801111, 31.988661011343027], [34.88064676273865, 31.988615737433264]]]}}, {"type": "Feature", "properties": {"OBJECTID": 1685, "UNIQ_ID": 52453139, "PARENT": 6067037, "FCODE": 201, "FTYPE": 11, "HI_PNT_X": 188351.40182654, "HI_PNT_Y": 655562.8789939, "HI_PNT_Z": 42.79, "HEIGHT": 42.79, "HT_LAND": 36.88, "FNAME": null, "LATIN_NAME": null, "BLDG_HT": 5.91, "USG_ID": null, "CMPLX_ID": null, "CMLX_FCD": null, "ORIG_AREA": 89.95325, "DATA_YEAR": null, "PRDCT_VER": null, "MUN_HEB": "יגל", "mzm_lamas": 798, "logic_num": 7980102, "mzm": 298, "mzm_num_ID": "798B298", "Label": "B298", "Col_Row": "627 - 1477", "BUILD_YEAR": null, "FTYPE_D": "בנין", "Shape_Length": 41.573550660058366, "Shape_Area": 89.95324999628309}, "geometry": {"type": "Polygon", "coordinates": [[[34.875300439622265, 31.992684995010116], [34.87523987502691, 31.992754637556835], [34.87526837879939, 31.992773378831078], [34.87525658486633, 31.99278687530096], [34.87529691240529, 31.992813402750137], [34.87531592793775, 31.992792620392073], [34.87532437490211, 31.99279778257974], [34.87534774338789, 31.99277295338689], [34.875334125263805, 31.99276390003427], [34.875365998971816, 31.99272791052321], [34.875300439622265, 31.992684995010116]]]}}, {"type": "Feature", "properties": {"OBJECTID": 1691, "UNIQ_ID": 52456490, "PARENT": 6066580, "FCODE": 201, "FTYPE": 11, "HI_PNT_X": 187286.98472654, "HI_PNT_Y": 656510.0746939, "HI_PNT_Z": 34.980000000000004, "HEIGHT": 34.230000000000004, "HT_LAND": 32.72, "FNAME": null, "LATIN_NAME": null, "BLDG_HT": 1.51, "USG_ID": null, "CMPLX_ID": 60587181, "CMLX_FCD": 256, "ORIG_AREA": 19.945, "DATA_YEAR": null, "PRDCT_VER": null, "MUN_HEB": "צפריה", "mzm_lamas": 594, "logic_num": 5940105, "mzm": 6, "mzm_num_ID": "594B6", "Label": "B6", "Col_Row": "616 - 1467", "BUILD_YEAR": null, "FTYPE_D": "בנין", "Shape_Length": 17.96680711556273, "Shape_Area": 19.94500000635162}, "geometry": {"type": "Polygon", "coordinates": [[[34.863979180743236, 32.001242457776286], [34.86396624650671, 32.001277413002974], [34.864016044618886, 32.001289991478494], [34.86402982144912, 32.00125612066985], [34.863979180743236, 32.001242457776286]]]}}, {"type": "Feature", "properties": {"OBJECTID": 1693, "UNIQ_ID": 52456516, "PARENT": 4054402, "FCODE": 201, "FTYPE": 11, "HI_PNT_X": 188348.13702654, "HI_PNT_Y": 655679.5334939, "HI_PNT_Z": 40.72, "HEIGHT": 40.72, "HT_LAND": 34.09, "FNAME": null, "LATIN_NAME": null, "BLDG_HT": 6.63, "USG_ID": null, "CMPLX_ID": null, "CMLX_FCD": null, "ORIG_AREA": 288.95178862, "DATA_YEAR": 2014, "PRDCT_VER": "2015-07", "MUN_HEB": "יגל", "mzm_lamas": 798, "logic_num": 16, "mzm": 141, "mzm_num_ID": "798B141", "Label": "B141", "Col_Row": "627 - 1476", "BUILD_YEAR": null, "FTYPE_D": "בנין", "Shape_Length": 69.05101225082909, "Shape_Area": 288.9517886082006}, "geometry": {"type": "Polygon", "coordinates": [[[34.87529170296086, 31.99371664325247], [34.875198226949145, 31.993816230472692], [34.87536230864762, 31.99393349013099], [34.8754578623478, 31.99383256990038], [34.87529170296086, 31.99371664325247]]]}}, {"type": "Feature", "properties": {"OBJECTID": 1714, "UNIQ_ID": 52454596, "PARENT": 4054500, "FCODE": 201, "FTYPE": 11, "HI_PNT_X": 188706.72922654, "HI_PNT_Y": 655256.6670939, "HI_PNT_Z": 39.300000000000004, "HEIGHT": 39.300000000000004, "HT_LAND": 36.09, "FNAME": null, "LATIN_NAME": null, "BLDG_HT": 3.21, "USG_ID": null, "CMPLX_ID": null, "CMLX_FCD": null, "ORIG_AREA": 19.01055, "DATA_YEAR": null, "PRDCT_VER": null, "MUN_HEB": "יגל", "mzm_lamas": 798, "logic_num": 45, "mzm": 287, "mzm_num_ID": "798B287", "Label": "B287", "Col_Row": "631 - 1480", "BUILD_YEAR": null, "FTYPE_D": "בנין", "Shape_Length": 17.45131255511996, "Shape_Area": 19.010550003505124}, "geometry": {"type": "Polygon", "coordinates": [[[34.87906229131064, 31.989974041681513], [34.879032552182046, 31.990005528596555], [34.87906632682105, 31.990029873727106], [34.879097018265824, 31.98999838924538], [34.87906229131064, 31.989974041681513]]]}}, {"type": "Feature", "properties": {"OBJECTID": 1725, "UNIQ_ID": 52454653, "PARENT": 6067211, "FCODE": 201, "FTYPE": 11, "HI_PNT_X": 187726.63232654, "HI_PNT_Y": 655340.9522939, "HI_PNT_Z": 38.9, "HEIGHT": 38.9, "HT_LAND": 35, "FNAME": null, "LATIN_NAME": null, "BLDG_HT": 3.9, "USG_ID": null, "CMPLX_ID": 54447111, "CMLX_FCD": 253, "ORIG_AREA": 60.562549999999995, "DATA_YEAR": null, "PRDCT_VER": null, "MUN_HEB": "אחיעזר", "mzm_lamas": 797, "logic_num": 76, "mzm": 536, "mzm_num_ID": "797B536", "Label": "B536", "Col_Row": "621 - 1479", "BUILD_YEAR": null, "FTYPE_D": "בנין", "Shape_Length": 31.304182489958436, "Shape_Area": 60.56254999550413}, "geometry": {"type": "Polygon", "coordinates": [[[34.868674042410944, 31.990683668672837], [34.868629310105455, 31.990734231709894], [34.86870225714341, 31.99078122832509], [34.86874688197619, 31.99073111588034], [34.868674042410944, 31.990683668672837]]]}}, {"type": "Feature", "properties": {"OBJECTID": 1731, "UNIQ_ID": 52454271, "PARENT": 4054413, "FCODE": 201, "FTYPE": 11, "HI_PNT_X": 188326.63722654, "HI_PNT_Y": 655591.8550939, "HI_PNT_Z": 40.86, "HEIGHT": 40.86, "HT_LAND": 34.2, "FNAME": null, "LATIN_NAME": null, "BLDG_HT": 6.66, "USG_ID": null, "CMPLX_ID": null, "CMLX_FCD": null, "ORIG_AREA": 79.7142, "DATA_YEAR": null, "PRDCT_VER": null, "MUN_HEB": "יגל", "mzm_lamas": 798, "logic_num": 55, "mzm": 349, "mzm_num_ID": "798B349", "Label": "B349", "Col_Row": "627 - 1476", "BUILD_YEAR": 0, "FTYPE_D": "בנין", "Shape_Length": 42.272085660402375, "Shape_Area": 79.71420000623837}, "geometry": {"type": "Polygon", "coordinates": [[[34.87503811484112, 31.99295251092866], [34.87495938236064, 31.993042486950447], [34.87500161623794, 31.993068568539556], [34.87502095159602, 31.993047155794454], [34.87505357614507, 31.993067621239575], [34.87508980692084, 31.993026502826083], [34.875048526999095, 31.99299997284004], [34.8750707393607, 31.99297297636948], [34.87503811484112, 31.99295251092866]]]}}, {"type": "Feature", "properties": {"OBJECTID": 1738, "UNIQ_ID": 52444010, "PARENT": 4054514, "FCODE": 201, "FTYPE": 11, "HI_PNT_X": 188846.44922654, "HI_PNT_Y": 655182.4517939, "HI_PNT_Z": 41.9, "HEIGHT": 41.9, "HT_LAND": 36.7, "FNAME": null, "LATIN_NAME": null, "BLDG_HT": 5.2, "USG_ID": null, "CMPLX_ID": null, "CMLX_FCD": null, "ORIG_AREA": 158.104, "DATA_YEAR": null, "PRDCT_VER": null, "MUN_HEB": "יגל", "mzm_lamas": 798, "logic_num": 43, "mzm": 273, "mzm_num_ID": "798B273", "Label": "B273", "Col_Row": "632 - 1481", "BUILD_YEAR": 0, "FTYPE_D": "בנין", "Shape_Length": 52.21157867342538, "Shape_Area": 158.10399999480137}, "geometry": {"type": "Polygon", "coordinates": [[[34.88049227326881, 31.989248951230586], [34.88042855030474, 31.98931579266091], [34.88056365768924, 31.989410826985644], [34.88062738062228, 31.98934398548827], [34.88049227326881, 31.989248951230586]]]}}, {"type": "Feature", "properties": {"OBJECTID": 1771, "UNIQ_ID": 52399953, "PARENT": 4088920, "FCODE": 201, "FTYPE": 11, "HI_PNT_X": null, "HI_PNT_Y": null, "HI_PNT_Z": null, "HEIGHT": 40.765, "HT_LAND": null, "FNAME": null, "LATIN_NAME": null, "BLDG_HT": null, "USG_ID": null, "CMPLX_ID": null, "CMLX_FCD": null, "ORIG_AREA": 699.771663, "DATA_YEAR": 2014, "PRDCT_VER": "2015-07", "MUN_HEB": "אחיעזר", "mzm_lamas": 797, "logic_num": 73, "mzm": 571, "mzm_num_ID": "797B571", "Label": "B571", "Col_Row": "618 - 1482", "BUILD_YEAR": 0, "FTYPE_D": "בנין", "Shape_Length": 133.90674114456735, "Shape_Area": 699.7716630138259}, "geometry": {"type": "Polygon", "coordinates": [[[34.86631381525573, 31.98794944527669], [34.86644123455848, 31.987828041074465], [34.86658412324878, 31.987932411266023], [34.866667565206384, 31.987852462945266], [34.86640906378664, 31.987655981313658], [34.86634988201409, 31.98771205028399], [34.86631650198056, 31.987687433189095], [34.86626340453947, 31.987739686560218], [34.86629562801233, 31.98776345018618], [34.866294495064054, 31.98776452392221], [34.86619552822131, 31.987860031840622], [34.86631381525573, 31.98794944527669]]]}}, {"type": "Feature", "properties": {"OBJECTID": 1777, "UNIQ_ID": 52398693, "PARENT": 6390156, "FCODE": 201, "FTYPE": 11, "HI_PNT_X": 188161.70392654, "HI_PNT_Y": 655631.6886939, "HI_PNT_Z": 42.24, "HEIGHT": 42.13, "HT_LAND": 37.54, "FNAME": null, "LATIN_NAME": null, "BLDG_HT": 4.59, "USG_ID": null, "CMPLX_ID": null, "CMLX_FCD": null, "ORIG_AREA": 165.78235, "DATA_YEAR": null, "PRDCT_VER": null, "MUN_HEB": "יגל", "mzm_lamas": 798, "logic_num": 7980102, "mzm": 363, "mzm_num_ID": "798B363", "Label": "B363", "Col_Row": "625 - 1476", "BUILD_YEAR": null, "FTYPE_D": "בנין", "Shape_Length": 59.27124935147104, "Shape_Area": 165.78235000171102}, "geometry": {"type": "Polygon", "coordinates": [[[34.87329307188364, 31.99327775939978], [34.87323787886909, 31.993324418994877], [34.8732558113901, 31.993340157178032], [34.87321335493739, 31.99337611853218], [34.87323328956471, 31.993394206633543], [34.87321736838615, 31.993407692140046], [34.87325766482074, 31.993442787288437], [34.87328197179986, 31.993422019047657], [34.87331056110678, 31.993446352165716], [34.87337201583238, 31.993394568592866], [34.873339207769796, 31.993366346725914], [34.87336797133624, 31.99334216324034], [34.87329307188364, 31.99327775939978]]]}}, {"type": "Feature", "properties": {"OBJECTID": 1805, "UNIQ_ID": 52401363, "PARENT": 6067434, "FCODE": 201, "FTYPE": 11, "HI_PNT_X": 188866.63962654, "HI_PNT_Y": 655071.8900939, "HI_PNT_Z": 45.86, "HEIGHT": 45.86, "HT_LAND": 39.72, "FNAME": null, "LATIN_NAME": null, "BLDG_HT": 6.140000000000001, "USG_ID": null, "CMPLX_ID": null, "CMLX_FCD": null, "ORIG_AREA": 153.5637, "DATA_YEAR": null, "PRDCT_VER": null, "MUN_HEB": "יגל", "mzm_lamas": 798, "logic_num": 8, "mzm": 34, "mzm_num_ID": "798B34", "Label": "B34", "Col_Row": "632 - 1482", "BUILD_YEAR": null, "FTYPE_D": "בנין", "Shape_Length": 51.71930152576898, "Shape_Area": 153.56369999376238}, "geometry": {"type": "Polygon", "coordinates": [[[34.88074758984418, 31.988257617377837], [34.88066697058594, 31.988345247542032], [34.88076387782865, 31.988410334473077], [34.880811673124796, 31.988359143654517], [34.88082655486842, 31.98836991307607], [34.880859381010055, 31.988332842407935], [34.88074758984418, 31.988257617377837]]]}}, {"type": "Feature", "properties": {"OBJECTID": 1847, "UNIQ_ID": 52483737, "PARENT": 6390199, "FCODE": 201, "FTYPE": 11, "HI_PNT_X": 188661.98432654, "HI_PNT_Y": 655157.1353939, "HI_PNT_Z": 42.75, "HEIGHT": 42.46, "HT_LAND": 38.47, "FNAME": null, "LATIN_NAME": null, "BLDG_HT": 3.99, "USG_ID": null, "CMPLX_ID": null, "CMLX_FCD": null, "ORIG_AREA": 220.76315, "DATA_YEAR": null, "PRDCT_VER": null, "MUN_HEB": "יגל", "mzm_lamas": 798, "logic_num": 42, "mzm": 271, "mzm_num_ID": "798B271", "Label": "B271", "Col_Row": "630 - 1481", "BUILD_YEAR": 0, "FTYPE_D": "בנין", "Shape_Length": 65.79947895765564, "Shape_Area": 220.76315000029692}, "geometry": {"type": "Polygon", "coordinates": [[[34.878544061171, 31.98900264089295], [34.87850782364192, 31.989046555908537], [34.87853116031845, 31.9890601429034], [34.87848641824226, 31.98911521845173], [34.87860784738437, 31.989187674608793], [34.87863250134361, 31.989157888164165], [34.87865774045827, 31.989172111282446], [34.87868323930252, 31.98914277789874], [34.87866739932225, 31.989133719196957], [34.87869811641087, 31.98909493025488], [34.878544061171, 31.98900264089295]]]}}, {"type": "Feature", "properties": {"OBJECTID": 1849, "UNIQ_ID": 52479649, "PARENT": 4054458, "FCODE": 201, "FTYPE": 11, "HI_PNT_X": 188456.97022654, "HI_PNT_Y": 655377.0684939, "HI_PNT_Z": 40.410000000000004, "HEIGHT": 40.410000000000004, "HT_LAND": 34.9, "FNAME": null, "LATIN_NAME": null, "BLDG_HT": 5.51, "USG_ID": null, "CMPLX_ID": null, "CMLX_FCD": null, "ORIG_AREA": 118.45025, "DATA_YEAR": null, "PRDCT_VER": null, "MUN_HEB": "יגל", "mzm_lamas": 798, "logic_num": 14, "mzm": 84, "mzm_num_ID": "798B84", "Label": "B84", "Col_Row": "628 - 1479", "BUILD_YEAR": null, "FTYPE_D": "בנין", "Shape_Length": 48.800801912480665, "Shape_Area": 118.45025001060124}, "geometry": {"type": "Polygon", "coordinates": [[[34.87640909708501, 31.991017182962732], [34.876312376886354, 31.991107744634682], [34.87635047355098, 31.991136610677714], [34.87637701577324, 31.99111178949018], [34.87640962390039, 31.991136763570154], [34.87643520543313, 31.991114284578494], [34.87644881572348, 31.991125502124685], [34.87649447030089, 31.99108224331491], [34.87640909708501, 31.991017182962732]]]}}, {"type": "Feature", "properties": {"OBJECTID": 1862, "UNIQ_ID": 52480086, "PARENT": 4087509, "FCODE": 201, "FTYPE": 11, "HI_PNT_X": 187000.52712654, "HI_PNT_Y": 656537.0172939, "HI_PNT_Z": 37.2, "HEIGHT": 37.2, "HT_LAND": 33.79, "FNAME": null, "LATIN_NAME": null, "BLDG_HT": 3.41, "USG_ID": null, "CMPLX_ID": null, "CMLX_FCD": null, "ORIG_AREA": 49.385000000000005, "DATA_YEAR": null, "PRDCT_VER": null, "MUN_HEB": "צפריה", "mzm_lamas": 594, "logic_num": 57, "mzm": 231, "mzm_num_ID": "594B231", "Label": "B231", "Col_Row": "613 - 1467", "BUILD_YEAR": 0, "FTYPE_D": "בנין", "Shape_Length": 28.120330769221532, "Shape_Area": 49.3849999979604}, "geometry": {"type": "Polygon", "coordinates": [[[34.86093795215116, 32.00146142568847], [34.860919736772956, 32.00152170694277], [34.86099375840413, 32.001537147763294], [34.86101196970391, 32.00147794864987], [34.86093795215116, 32.00146142568847]]]}}, {"type": "Feature", "properties": {"OBJECTID": 1866, "UNIQ_ID": 52483473, "PARENT": 4054404, "FCODE": 201, "FTYPE": 11, "HI_PNT_X": 188331.24132654, "HI_PNT_Y": 655665.4684939, "HI_PNT_Z": 40.76, "HEIGHT": 40.76, "HT_LAND": 34.09, "FNAME": null, "LATIN_NAME": null, "BLDG_HT": 6.67, "USG_ID": null, "CMPLX_ID": null, "CMLX_FCD": null, "ORIG_AREA": 174.0774, "DATA_YEAR": null, "PRDCT_VER": null, "MUN_HEB": "יגל", "mzm_lamas": 798, "logic_num": 7980102, "mzm": 139, "mzm_num_ID": "798B139", "Label": "B139", "Col_Row": "627 - 1476", "BUILD_YEAR": null, "FTYPE_D": "בנין", "Shape_Length": 61.979493776275326, "Shape_Area": 174.07739999412317}, "geometry": {"type": "Polygon", "coordinates": [[[34.87505385562792, 31.993581650184517], [34.874980525435035, 31.99366992680191], [34.875030152971284, 31.993699905330047], [34.87501102524443, 31.993722400777347], [34.87503964120818, 31.993739428965082], [34.875052184397596, 31.993723589772618], [34.875112477328614, 31.993759818395368], [34.87516774408082, 31.993692326507748], [34.87509288058479, 31.993647042061742], [34.87511604544793, 31.993620048058354], [34.87505385562792, 31.993581650184517]]]}}, {"type": "Feature", "properties": {"OBJECTID": 1955, "UNIQ_ID": 52481394, "PARENT": 6067370, "FCODE": 201, "FTYPE": 11, "HI_PNT_X": 188890.72262654, "HI_PNT_Y": 655149.1029939, "HI_PNT_Z": 42.45, "HEIGHT": 42.03, "HT_LAND": 38.04, "FNAME": null, "LATIN_NAME": null, "BLDG_HT": 3.99, "USG_ID": null, "CMPLX_ID": null, "CMLX_FCD": null, "ORIG_AREA": 215.82885, "DATA_YEAR": null, "PRDCT_VER": null, "MUN_HEB": "יגל", "mzm_lamas": 798, "logic_num": 7986001, "mzm": 97, "mzm_num_ID": "798B97", "Label": "B97", "Col_Row": "632 - 1481", "BUILD_YEAR": null, "FTYPE_D": "בנין", "Shape_Length": 70.16672084865678, "Shape_Area": 215.8288500071574}, "geometry": {"type": "Polygon", "coordinates": [[[34.880987693933236, 31.98891654698571], [34.88094299705614, 31.988959178617336], [34.88096726834729, 31.988977907834908], [34.88091948863624, 31.989024589722174], [34.88106723253524, 31.989137060555894], [34.88113093151129, 31.989076892094545], [34.881032788995526, 31.989001702086124], [34.88106251509784, 31.988973641518125], [34.880987693933236, 31.98891654698571]]]}}, {"type": "Feature", "properties": {"OBJECTID": 1978, "UNIQ_ID": 52477117, "PARENT": 6067452, "FCODE": 201, "FTYPE": 11, "HI_PNT_X": 188909.96122654, "HI_PNT_Y": 655057.4479939, "HI_PNT_Z": 46.49, "HEIGHT": 46.49, "HT_LAND": 39.2, "FNAME": null, "LATIN_NAME": null, "BLDG_HT": 7.29, "USG_ID": null, "CMPLX_ID": null, "CMLX_FCD": null, "ORIG_AREA": 190.29325, "DATA_YEAR": null, "PRDCT_VER": null, "MUN_HEB": "יגל", "mzm_lamas": 798, "logic_num": 7986001, "mzm": 374, "mzm_num_ID": "798B374", "Label": "B374", "Col_Row": "632 - 1482", "BUILD_YEAR": null, "FTYPE_D": "בנין", "Shape_Length": 63.825457070455286, "Shape_Area": 190.29325000349155}, "geometry": {"type": "Polygon", "coordinates": [[[34.881182886496646, 31.988111011116622], [34.88110762918624, 31.988178454791957], [34.88117410433498, 31.988231650241076], [34.881145340612896, 31.988256917695825], [34.88119282322615, 31.98829482425485], [34.88122583362772, 31.988265509481817], [34.88124799078127, 31.988283602000198], [34.8812840810692, 31.98825104855675], [34.88126181431154, 31.98823403793138], [34.88129705207937, 31.98820319574243], [34.881182886496646, 31.988111011116622]]]}}, {"type": "Feature", "properties": {"OBJECTID": 1982, "UNIQ_ID": 52477890, "PARENT": 4054508, "FCODE": 201, "FTYPE": 11, "HI_PNT_X": 188834.27072654, "HI_PNT_Y": 655200.9622939, "HI_PNT_Z": 43.61, "HEIGHT": 42.800000000000004, "HT_LAND": 36.5, "FNAME": null, "LATIN_NAME": null, "BLDG_HT": 6.3, "USG_ID": null, "CMPLX_ID": null, "CMLX_FCD": null, "ORIG_AREA": 357.6205, "DATA_YEAR": null, "PRDCT_VER": null, "MUN_HEB": "יגל", "mzm_lamas": 798, "logic_num": 43, "mzm": 101, "mzm_num_ID": "798B101", "Label": "B101", "Col_Row": "632 - 1480", "BUILD_YEAR": null, "FTYPE_D": "בנין", "Shape_Length": 85.71001414015686, "Shape_Area": 357.6204999682428}, "geometry": {"type": "Polygon", "coordinates": [[[34.88027811989056, 31.989365639068932], [34.880209032792834, 31.989453298374045], [34.880384225130676, 31.989553575567484], [34.88037051187764, 31.989571576647048], [34.880447493179176, 31.989616232148332], [34.88053061083127, 31.98951057242937], [34.88027811989056, 31.989365639068932]]]}}, {"type": "Feature", "properties": {"OBJECTID": 1993, "UNIQ_ID": 52474225, "PARENT": 4054457, "FCODE": 201, "FTYPE": 11, "HI_PNT_X": 188510.64932654, "HI_PNT_Y": 655376.0397939, "HI_PNT_Z": 40.9, "HEIGHT": 40.9, "HT_LAND": 35.7, "FNAME": null, "LATIN_NAME": null, "BLDG_HT": 5.2, "USG_ID": null, "CMPLX_ID": null, "CMLX_FCD": null, "ORIG_AREA": 146.27274567, "DATA_YEAR": 2014, "PRDCT_VER": "2015-07", "MUN_HEB": "יגל", "mzm_lamas": 798, "logic_num": 7980102, "mzm": 111, "mzm_num_ID": "798B111", "Label": "B111", "Col_Row": "629 - 1479", "BUILD_YEAR": null, "FTYPE_D": "בנין", "Shape_Length": 50.79024654201697, "Shape_Area": 146.27274565906214}, "geometry": {"type": "Polygon", "coordinates": [[[34.87695992401936, 31.99097383715047], [34.876910760285874, 31.991021431065104], [34.87694218778654, 31.991049040641624], [34.877002257957805, 31.991117913117932], [34.87702653124784, 31.991136011824107], [34.87709769697233, 31.99106017328971], [34.87695992401936, 31.99097383715047]]]}}, {"type": "Feature", "properties": {"OBJECTID": 1994, "UNIQ_ID": 52474247, "PARENT": 4054418, "FCODE": 201, "FTYPE": 11, "HI_PNT_X": 188448.20762654, "HI_PNT_Y": 655559.8398939, "HI_PNT_Z": 41.39, "HEIGHT": 41.39, "HT_LAND": 34.5, "FNAME": null, "LATIN_NAME": null, "BLDG_HT": 6.890000000000001, "USG_ID": null, "CMPLX_ID": null, "CMLX_FCD": null, "ORIG_AREA": 65.345, "DATA_YEAR": null, "PRDCT_VER": null, "MUN_HEB": "יגל", "mzm_lamas": 798, "logic_num": 51, "mzm": 317, "mzm_num_ID": "798B317", "Label": "B317", "Col_Row": "628 - 1477", "BUILD_YEAR": null, "FTYPE_D": "בנין", "Shape_Length": 32.562107974084576, "Shape_Area": 65.34500000090338}, "geometry": {"type": "Polygon", "coordinates": [[[34.87632383770971, 31.992674117889436], [34.87626202785226, 31.992737084358186], [34.876321246407336, 31.99277781865348], [34.87638284461938, 31.99271485160915], [34.87632383770971, 31.992674117889436]]]}}, {"type": "Feature", "properties": {"OBJECTID": 2005, "UNIQ_ID": 52475028, "PARENT": 4054419, "FCODE": 201, "FTYPE": 11, "HI_PNT_X": 188469.60362654, "HI_PNT_Y": 655549.0326939, "HI_PNT_Z": 39.93, "HEIGHT": 39.93, "HT_LAND": 34.9, "FNAME": null, "LATIN_NAME": null, "BLDG_HT": 5.03, "USG_ID": null, "CMPLX_ID": null, "CMLX_FCD": null, "ORIG_AREA": 113.50290000000001, "DATA_YEAR": null, "PRDCT_VER": null, "MUN_HEB": "יגל", "mzm_lamas": 798, "logic_num": 52, "mzm": 302, "mzm_num_ID": "798B302", "Label": "B302", "Col_Row": "628 - 1477", "BUILD_YEAR": 0, "FTYPE_D": "בנין", "Shape_Length": 42.87641362575641, "Shape_Area": 113.50289999488778}, "geometry": {"type": "Polygon", "coordinates": [[[34.87655704682779, 31.992558568233264], [34.876472111181336, 31.992637797712625], [34.87654693027871, 31.992695526132604], [34.87663186591496, 31.992616296603817], [34.87655704682779, 31.992558568233264]]]}}, {"type": "Feature", "properties": {"OBJECTID": 2006, "UNIQ_ID": 52473699, "PARENT": 4087444, "FCODE": 201, "FTYPE": 11, "HI_PNT_X": 186996.91602654, "HI_PNT_Y": 656564.4148939, "HI_PNT_Z": 37.83, "HEIGHT": 37.09, "HT_LAND": 33.9, "FNAME": null, "LATIN_NAME": null, "BLDG_HT": 3.19, "USG_ID": null, "CMPLX_ID": null, "CMLX_FCD": null, "ORIG_AREA": 723.9659, "DATA_YEAR": null, "PRDCT_VER": null, "MUN_HEB": "צפריה", "mzm_lamas": 594, "logic_num": 70, "mzm": 271, "mzm_num_ID": "594B271", "Label": "B271", "Col_Row": "613 - 1467", "BUILD_YEAR": null, "FTYPE_D": "בנין", "Shape_Length": 138.62123420434898, "Shape_Area": 723.9659000115873}, "geometry": {"type": "Polygon", "coordinates": [[[34.86095228537275, 32.001619279863704], [34.86091376902219, 32.00170313337751], [34.860738315603, 32.001644041134334], [34.86067750433079, 32.001775268977006], [34.86085623455168, 32.00183545233893], [34.86088600598389, 32.00176961121144], [34.86113756054398, 32.001854249798534], [34.861170536144996, 32.0017804814135], [34.86115161803891, 32.0017737568999], [34.86118672289566, 32.00169656742169], [34.86095228537275, 32.001619279863704]]]}}, {"type": "Feature", "properties": {"OBJECTID": 2009, "UNIQ_ID": 52473909, "PARENT": 6066955, "FCODE": 201, "FTYPE": 11, "HI_PNT_X": 187261.66822654, "HI_PNT_Y": 655616.6064939, "HI_PNT_Z": 49.800000000000004, "HEIGHT": 49.800000000000004, "HT_LAND": 36.2, "FNAME": null, "LATIN_NAME": null, "BLDG_HT": 13.6, "USG_ID": null, "CMPLX_ID": null, "CMLX_FCD": null, "ORIG_AREA": 398.37604999999996, "DATA_YEAR": null, "PRDCT_VER": null, "MUN_HEB": "כפר חבד", "mzm_lamas": 696, "logic_num": 59, "mzm": 358, "mzm_num_ID": "696B358", "Label": "B358", "Col_Row": "616 - 1476", "BUILD_YEAR": 0, "FTYPE_D": "בנין", "Shape_Length": 112.96339335451478, "Shape_Area": 398.3760500160603}, "geometry": {"type": "Polygon", "coordinates": [[[34.86355550634779, 31.99315900226792], [34.863553440657135, 31.993231140994926], [34.86380135519685, 31.993235684402748], [34.86379891392349, 31.993323603685745], [34.863893613766784, 31.99332557125665], [34.863895940803694, 31.993239906173592], [34.86396270491239, 31.993241798729915], [34.863964780942425, 31.99316677425167], [34.86355550634779, 31.99315900226792]]]}}, {"type": "Feature", "properties": {"OBJECTID": 2022, "UNIQ_ID": 64907103, "PARENT": 52472638, "FCODE": 201, "FTYPE": 11, "HI_PNT_X": null, "HI_PNT_Y": null, "HI_PNT_Z": null, "HEIGHT": 39.83318182, "HT_LAND": null, "FNAME": null, "LATIN_NAME": null, "BLDG_HT": null, "USG_ID": null, "CMPLX_ID": null, "CMLX_FCD": null, "ORIG_AREA": 308.52443727, "DATA_YEAR": 2014, "PRDCT_VER": "2015-07", "MUN_HEB": "יגל", "mzm_lamas": 798, "logic_num": 14, "mzm": 384, "mzm_num_ID": "798B384", "Label": "B384", "Col_Row": "628 - 1479", "BUILD_YEAR": 0, "FTYPE_D": "בנין", "Shape_Length": 80.41331457623905, "Shape_Area": 308.5244372605887}, "geometry": {"type": "Polygon", "coordinates": [[[34.8765770936024, 31.99100506032847], [34.87666928822964, 31.991060176854788], [34.87678222003541, 31.990946979991065], [34.87680223823987, 31.99096155162016], [34.87686690736056, 31.990897510078835], [34.876770970897084, 31.990827282419467], [34.876705139405644, 31.990890870008897], [34.876683939648764, 31.990876491004716], [34.87666846520221, 31.9908979248066], [34.876631946283624, 31.99093242821219], [34.8765770936024, 31.99100506032847]]]}}, {"type": "Feature", "properties": {"OBJECTID": 2026, "UNIQ_ID": 52476310, "PARENT": 4054525, "FCODE": 201, "FTYPE": 11, "HI_PNT_X": 188876.04512654, "HI_PNT_Y": 655160.0024939, "HI_PNT_Z": 41.59, "HEIGHT": 41.59, "HT_LAND": 36.79, "FNAME": null, "LATIN_NAME": null, "BLDG_HT": 4.8, "USG_ID": null, "CMPLX_ID": null, "CMLX_FCD": null, "ORIG_AREA": 113.52520000000001, "DATA_YEAR": null, "PRDCT_VER": null, "MUN_HEB": "יגל", "mzm_lamas": 798, "logic_num": 12, "mzm": 91, "mzm_num_ID": "798B91", "Label": "B91", "Col_Row": "632 - 1481", "BUILD_YEAR": null, "FTYPE_D": "בנין", "Shape_Length": 45.251156800189285, "Shape_Area": 113.5251999905102}, "geometry": {"type": "Polygon", "coordinates": [[[34.88088975044739, 31.989056077083365], [34.8807824184194, 31.98915716627975], [34.880841620878726, 31.98920240746969], [34.88094884708307, 31.989101317954177], [34.88088975044739, 31.989056077083365]]]}}, {"type": "Feature", "properties": {"OBJECTID": 2027, "UNIQ_ID": 52474551, "PARENT": 4054506, "FCODE": 201, "FTYPE": 11, "HI_PNT_X": 188574.97572654, "HI_PNT_Y": 655217.6076939, "HI_PNT_Z": 40.42, "HEIGHT": 40.42, "HT_LAND": 36.29, "FNAME": null, "LATIN_NAME": null, "BLDG_HT": 4.13, "USG_ID": null, "CMPLX_ID": null, "CMLX_FCD": null, "ORIG_AREA": 126.4, "DATA_YEAR": null, "PRDCT_VER": null, "MUN_HEB": "יגל", "mzm_lamas": 798, "logic_num": 46, "mzm": 268, "mzm_num_ID": "798B268", "Label": "B268", "Col_Row": "629 - 1480", "BUILD_YEAR": null, "FTYPE_D": "בנין", "Shape_Length": 45.12567120074215, "Shape_Area": 126.39999999850988}, "geometry": {"type": "Polygon", "coordinates": [[[34.877678726165904, 31.989568552933907], [34.877594734422175, 31.98965121250438], [34.87767821473901, 31.989712840340662], [34.87776200250875, 31.989628015859804], [34.877678726165904, 31.989568552933907]]]}}, {"type": "Feature", "properties": {"OBJECTID": 2028, "UNIQ_ID": 64907162, "PARENT": 52474621, "FCODE": 201, "FTYPE": 11, "HI_PNT_X": null, "HI_PNT_Y": null, "HI_PNT_Z": null, "HEIGHT": 41.53527083, "HT_LAND": null, "FNAME": null, "LATIN_NAME": null, "BLDG_HT": null, "USG_ID": null, "CMPLX_ID": null, "CMLX_FCD": null, "ORIG_AREA": 1068.87611998, "DATA_YEAR": 2014, "PRDCT_VER": "2015-07", "MUN_HEB": "יגל", "mzm_lamas": 798, "logic_num": 11, "mzm": 445, "mzm_num_ID": "798B445", "Label": "B445", "Col_Row": "629 - 1480", "BUILD_YEAR": null, "FTYPE_D": "בנין", "Shape_Length": 194.57493968803735, "Shape_Area": 1068.8761199714174}, "geometry": {"type": "Polygon", "coordinates": [[[34.87735399396835, 31.990158257743946], [34.877518747616925, 31.99002591316023], [34.87758584263333, 31.99005328619121], [34.877621214057875, 31.990026177050687], [34.877528136380356, 31.989946878851196], [34.87752786049205, 31.989947096377257], [34.87739853327949, 31.98981945005292], [34.877423832113635, 31.989790882946068], [34.877368535911565, 31.989752087317836], [34.87734170512744, 31.98973913319058], [34.8772361019609, 31.989675869945316], [34.877200730556254, 31.989702979881912], [34.877229210076806, 31.98972452707547], [34.87727434114182, 31.989787634461443], [34.87726414559028, 31.989820535766974], [34.87732613043985, 31.989867939268485], [34.87722434937437, 31.989929817547836], [34.87712626617787, 31.989858834313594], [34.87710774736707, 31.989870239471287], [34.877181424064545, 31.98993628373459], [34.87711950800278, 31.98998365547986], [34.87727561332954, 31.990124468921262], [34.87730118668905, 31.99010415405902], [34.87735399396835, 31.990158257743946]]]}}, {"type": "Feature", "properties": {"OBJECTID": 2029, "UNIQ_ID": 53328894, "PARENT": 4054446, "FCODE": 201, "FTYPE": 11, "HI_PNT_X": 188413.13372654, "HI_PNT_Y": 655446.7061939, "HI_PNT_Z": 39.53, "HEIGHT": 39.53, "HT_LAND": 34.7, "FNAME": null, "LATIN_NAME": null, "BLDG_HT": 4.83, "USG_ID": null, "CMPLX_ID": null, "CMLX_FCD": null, "ORIG_AREA": 39.042, "DATA_YEAR": null, "PRDCT_VER": null, "MUN_HEB": "יגל", "mzm_lamas": 798, "logic_num": 7980102, "mzm": 114, "mzm_num_ID": "798B114", "Label": "B114", "Col_Row": "628 - 1478", "BUILD_YEAR": null, "FTYPE_D": "בנין", "Shape_Length": 25.084930772519634, "Shape_Area": 39.041999997857026}, "geometry": {"type": "Polygon", "coordinates": [[[34.875955905812845, 31.991665941141417], [34.87590707237904, 31.991710273687584], [34.87595032808087, 31.99174645781656], [34.87600022191475, 31.991701496735203], [34.875955905812845, 31.991665941141417]]]}}, {"type": "Feature", "properties": {"OBJECTID": 2038, "UNIQ_ID": 52474598, "PARENT": 6390185, "FCODE": 201, "FTYPE": 11, "HI_PNT_X": 188674.77302654, "HI_PNT_Y": 655291.0713939, "HI_PNT_Z": 40.61, "HEIGHT": 40.42, "HT_LAND": 37.06, "FNAME": null, "LATIN_NAME": null, "BLDG_HT": 3.36, "USG_ID": null, "CMPLX_ID": null, "CMLX_FCD": null, "ORIG_AREA": 37.763000000000005, "DATA_YEAR": null, "PRDCT_VER": null, "MUN_HEB": "יגל", "mzm_lamas": 798, "logic_num": 47, "mzm": 282, "mzm_num_ID": "798B282", "Label": "B282", "Col_Row": "630 - 1479", "BUILD_YEAR": 0, "FTYPE_D": "בנין", "Shape_Length": 25.644062948148857, "Shape_Area": 37.76300000584498}, "geometry": {"type": "Polygon", "coordinates": [[[34.87869618397989, 31.990270698075502], [34.87866643857535, 31.99030389831476], [34.87873505813777, 31.9903491646492], [34.87876479970943, 31.990317046549574], [34.87869618397989, 31.990270698075502]]]}}, {"type": "Feature", "properties": {"OBJECTID": 2068, "UNIQ_ID": 52476098, "PARENT": 6067388, "FCODE": 201, "FTYPE": 11, "HI_PNT_X": 188764.93872654, "HI_PNT_Y": 655126.7000939, "HI_PNT_Z": 46.38, "HEIGHT": 46.38, "HT_LAND": 38.52, "FNAME": null, "LATIN_NAME": null, "BLDG_HT": 7.86, "USG_ID": null, "CMPLX_ID": null, "CMLX_FCD": null, "ORIG_AREA": 143.45000000000002, "DATA_YEAR": null, "PRDCT_VER": null, "MUN_HEB": "יגל", "mzm_lamas": 798, "logic_num": 7980102, "mzm": 265, "mzm_num_ID": "798B265", "Label": "B265", "Col_Row": "631 - 1481", "BUILD_YEAR": 0, "FTYPE_D": "בנין", "Shape_Length": 47.908973508939084, "Shape_Area": 143.44999999459833}, "geometry": {"type": "Polygon", "coordinates": [[[34.879681492718476, 31.988749173258036], [34.8795965572417, 31.98883011833078], [34.879690372171474, 31.98890187151607], [34.879775307633125, 31.988820926381344], [34.879681492718476, 31.988749173258036]]]}}, {"type": "Feature", "properties": {"OBJECTID": 2105, "UNIQ_ID": 52470711, "PARENT": 6067008, "FCODE": 201, "FTYPE": 11, "HI_PNT_X": 187294.55502654, "HI_PNT_Y": 655578.8294939, "HI_PNT_Z": 50.4, "HEIGHT": 50.4, "HT_LAND": 37.09, "FNAME": null, "LATIN_NAME": null, "BLDG_HT": 13.31, "USG_ID": null, "CMPLX_ID": null, "CMLX_FCD": null, "ORIG_AREA": 450.3983, "DATA_YEAR": null, "PRDCT_VER": null, "MUN_HEB": "כפר חבד", "mzm_lamas": 696, "logic_num": 59, "mzm": 360, "mzm_num_ID": "696B360", "Label": "B360", "Col_Row": "616 - 1477", "BUILD_YEAR": null, "FTYPE_D": "בנין", "Shape_Length": 115.1999999973923, "Shape_Area": 450.3982999905672}, "geometry": {"type": "Polygon", "coordinates": [[[34.86431082346066, 31.992817712183317], [34.86390565256062, 31.992816625678778], [34.86390535038596, 31.992898418445893], [34.86414227345727, 31.99289905393628], [34.864141932538956, 31.99299139770081], [34.86424774911515, 31.992991681386687], [34.86424808593355, 31.992900419774667], [34.86431051765239, 31.992900587107364], [34.86431082346066, 31.992817712183317]]]}}, {"type": "Feature", "properties": {"OBJECTID": 2106, "UNIQ_ID": 52470715, "PARENT": 4054493, "FCODE": 201, "FTYPE": 11, "HI_PNT_X": 188710.63082654, "HI_PNT_Y": 655273.8560939, "HI_PNT_Z": 43.1, "HEIGHT": 43.1, "HT_LAND": 35.7, "FNAME": null, "LATIN_NAME": null, "BLDG_HT": 7.4, "USG_ID": null, "CMPLX_ID": null, "CMLX_FCD": null, "ORIG_AREA": 168.698, "DATA_YEAR": 2014, "PRDCT_VER": "2015-07", "MUN_HEB": "יגל", "mzm_lamas": 798, "logic_num": 45, "mzm": 266, "mzm_num_ID": "798B266", "Label": "B266", "Col_Row": "631 - 1480", "BUILD_YEAR": null, "FTYPE_D": "בנין", "Shape_Length": 52.54216366097924, "Shape_Area": 168.69799999957252}, "geometry": {"type": "Polygon", "coordinates": [[[34.87909290759744, 31.99006129129714], [34.87901539324731, 31.99013774595768], [34.879065104070364, 31.990173945586587], [34.879090329843855, 31.990192046343108], [34.87913676877899, 31.990225892864913], [34.879214280876894, 31.990150069388573], [34.87909290759744, 31.99006129129714]]]}}, {"type": "Feature", "properties": {"OBJECTID": 2109, "UNIQ_ID": 52477027, "PARENT": 6390194, "FCODE": 201, "FTYPE": 11, "HI_PNT_X": 188628.10852654, "HI_PNT_Y": 655206.4530939, "HI_PNT_Z": 41.34, "HEIGHT": 41.34, "HT_LAND": 38.09, "FNAME": null, "LATIN_NAME": null, "BLDG_HT": 3.25, "USG_ID": null, "CMPLX_ID": null, "CMLX_FCD": null, "ORIG_AREA": 95.3426, "DATA_YEAR": null, "PRDCT_VER": null, "MUN_HEB": "יגל", "mzm_lamas": 798, "logic_num": 7980102, "mzm": 250, "mzm_num_ID": "798B250", "Label": "B250", "Col_Row": "630 - 1480", "BUILD_YEAR": 0, "FTYPE_D": "בנין", "Shape_Length": 43.42865914159757, "Shape_Area": 95.34260000130404}, "geometry": {"type": "Polygon", "coordinates": [[[34.878212217772045, 31.98948488512065], [34.87815275136473, 31.989544431722003], [34.878208688527806, 31.989585156716185], [34.878228968659265, 31.98956545932152], [34.878276456794474, 31.989601653547393], [34.878316701183984, 31.98956180701919], [34.878212217772045, 31.98948488512065]]]}}, {"type": "Feature", "properties": {"OBJECTID": 2121, "UNIQ_ID": 52472087, "PARENT": 4054411, "FCODE": 201, "FTYPE": 11, "HI_PNT_X": 188377.21862654, "HI_PNT_Y": 655596.7555939, "HI_PNT_Z": 44.1, "HEIGHT": 44.1, "HT_LAND": 34.9, "FNAME": null, "LATIN_NAME": null, "BLDG_HT": 9.200000000000001, "USG_ID": null, "CMPLX_ID": null, "CMLX_FCD": null, "ORIG_AREA": 313.86645, "DATA_YEAR": null, "PRDCT_VER": null, "MUN_HEB": "יגל", "mzm_lamas": 798, "logic_num": 54, "mzm": 339, "mzm_num_ID": "798B339", "Label": "B339", "Col_Row": "627 - 1476", "BUILD_YEAR": null, "FTYPE_D": "בנין", "Shape_Length": 87.32376934075208, "Shape_Area": 313.8664499964241}, "geometry": {"type": "Polygon", "coordinates": [[[34.875622300937536, 31.99293211198235], [34.8755521048468, 31.99300236098426], [34.87554060300277, 31.992993313138072], [34.875467222322406, 31.993066349431206], [34.87560347790544, 31.993165900978653], [34.87563437710136, 31.993136131324846], [34.87566266171861, 31.993157036271857], [34.87568921243083, 31.99313005093174], [34.87566092781574, 31.99310914599057], [34.875679939468554, 31.993089445733514], [34.875652395585476, 31.99306854270917], [34.87566524766507, 31.993055048944168], [34.87565152751131, 31.99304491319667], [34.87566310367527, 31.993033129553893], [34.87568231407789, 31.993046706377235], [34.87571300382599, 31.99301630489809], [34.8756834516911, 31.992994765415848], [34.87569407324307, 31.992983610560078], [34.875622300937536, 31.99293211198235]]]}}, {"type": "Feature", "properties": {"OBJECTID": 2123, "UNIQ_ID": 52470771, "PARENT": 4054459, "FCODE": 201, "FTYPE": 11, "HI_PNT_X": 188563.13162654, "HI_PNT_Y": 655379.2574939, "HI_PNT_Z": 39.4, "HEIGHT": 39.4, "HT_LAND": 35.7, "FNAME": null, "LATIN_NAME": null, "BLDG_HT": 3.7, "USG_ID": null, "CMPLX_ID": null, "CMLX_FCD": null, "ORIG_AREA": 106.7025, "DATA_YEAR": null, "PRDCT_VER": null, "MUN_HEB": "יגל", "mzm_lamas": 798, "logic_num": 7980102, "mzm": 119, "mzm_num_ID": "798B119", "Label": "B119", "Col_Row": "629 - 1479", "BUILD_YEAR": null, "FTYPE_D": "בנין", "Shape_Length": 45.312603035396705, "Shape_Area": 106.70249999911525}, "geometry": {"type": "Polygon", "coordinates": [[[34.87753786550864, 31.991037049251524], [34.877451993537335, 31.991112399244706], [34.87748797267278, 31.991141710394295], [34.87751111413412, 31.991120938327033], [34.87756197285975, 31.991161650517302], [34.8776203566566, 31.99110940604093], [34.877575940468006, 31.99107213732229], [34.87753786550864, 31.991037049251524]]]}}, {"type": "Feature", "properties": {"OBJECTID": 2131, "UNIQ_ID": 52472143, "PARENT": 4054463, "FCODE": 201, "FTYPE": 11, "HI_PNT_X": 188568.62852654, "HI_PNT_Y": 655368.9121939, "HI_PNT_Z": 43.5, "HEIGHT": 43.5, "HT_LAND": 36.59, "FNAME": null, "LATIN_NAME": null, "BLDG_HT": 6.91, "USG_ID": null, "CMPLX_ID": null, "CMLX_FCD": null, "ORIG_AREA": 184.07425, "DATA_YEAR": null, "PRDCT_VER": null, "MUN_HEB": "יגל", "mzm_lamas": 798, "logic_num": 7980102, "mzm": 117, "mzm_num_ID": "798B117", "Label": "B117", "Col_Row": "629 - 1479", "BUILD_YEAR": null, "FTYPE_D": "בנין", "Shape_Length": 67.12881225167757, "Shape_Area": 184.07424997838027}, "geometry": {"type": "Polygon", "coordinates": [[[34.87754702581392, 31.990900720030854], [34.87750983920605, 31.99094336977283], [34.87754985075408, 31.990969444796903], [34.87752021052571, 31.9910026450321], [34.877674242160815, 31.991102240171603], [34.87770930479663, 31.99106174924503], [34.877648070169, 31.991022723825765], [34.87767994237037, 31.990986733713576], [34.87754702581392, 31.990900720030854]]]}}, {"type": "Feature", "properties": {"OBJECTID": 2135, "UNIQ_ID": 52471632, "PARENT": 4054472, "FCODE": 201, "FTYPE": 11, "HI_PNT_X": 188550.44802654, "HI_PNT_Y": 655326.4258939, "HI_PNT_Z": 45.050000000000004, "HEIGHT": 45.050000000000004, "HT_LAND": 37.99, "FNAME": null, "LATIN_NAME": null, "BLDG_HT": 7.0600000000000005, "USG_ID": null, "CMPLX_ID": null, "CMLX_FCD": null, "ORIG_AREA": 111.3358, "DATA_YEAR": null, "PRDCT_VER": null, "MUN_HEB": "יגל", "mzm_lamas": 798, "logic_num": 7980102, "mzm": 68, "mzm_num_ID": "798B68", "Label": "B68", "Col_Row": "629 - 1479", "BUILD_YEAR": null, "FTYPE_D": "בנין", "Shape_Length": 42.556299658736904, "Shape_Area": 111.33579999730065}, "geometry": {"type": "Polygon", "coordinates": [[[34.87738519388912, 31.990554190601053], [34.8773162029959, 31.990613712251694], [34.877406829119224, 31.990689517005986], [34.87747582001156, 31.990629995306765], [34.87738519388912, 31.990554190601053]]]}}, {"type": "Feature", "properties": {"OBJECTID": 2148, "UNIQ_ID": 53328618, "PARENT": 6066758, "FCODE": 201, "FTYPE": 11, "HI_PNT_X": 187339.16712654, "HI_PNT_Y": 655788.7134939, "HI_PNT_Z": 48.9, "HEIGHT": 48.9, "HT_LAND": 36.5, "FNAME": null, "LATIN_NAME": null, "BLDG_HT": 12.4, "USG_ID": null, "CMPLX_ID": null, "CMLX_FCD": null, "ORIG_AREA": 264.61995, "DATA_YEAR": null, "PRDCT_VER": null, "MUN_HEB": "כפר חבד", "mzm_lamas": 696, "logic_num": 142, "mzm": 576, "mzm_num_ID": "696B576", "Label": "B576", "Col_Row": "617 - 1474", "BUILD_YEAR": null, "FTYPE_D": "בנין", "Shape_Length": 66.08654718015751, "Shape_Area": 264.6199500192713}, "geometry": {"type": "Polygon", "coordinates": [[[34.86467426657258, 31.99469443678161], [34.86446896597409, 31.99469731383302], [34.864471579342776, 31.994820777699925], [34.86467699002414, 31.99481681877632], [34.86467426657258, 31.99469443678161]]]}}, {"type": "Feature", "properties": {"OBJECTID": 2151, "UNIQ_ID": 52472211, "PARENT": 4054473, "FCODE": 201, "FTYPE": 11, "HI_PNT_X": 188609.67272654, "HI_PNT_Y": 655323.0980939, "HI_PNT_Z": 41.300000000000004, "HEIGHT": 41.300000000000004, "HT_LAND": 36.09, "FNAME": null, "LATIN_NAME": null, "BLDG_HT": 5.21, "USG_ID": null, "CMPLX_ID": null, "CMLX_FCD": null, "ORIG_AREA": 93.67150000000001, "DATA_YEAR": null, "PRDCT_VER": null, "MUN_HEB": "יגל", "mzm_lamas": 798, "logic_num": 11, "mzm": 79, "mzm_num_ID": "798B79", "Label": "B79", "Col_Row": "630 - 1479", "BUILD_YEAR": null, "FTYPE_D": "בנין", "Shape_Length": 38.849656745043504, "Shape_Area": 93.67149999004229}, "geometry": {"type": "Polygon", "coordinates": [[[34.878019208774255, 31.990532195511665], [34.87795646132811, 31.990591733569502], [34.87803771074183, 31.990656151019515], [34.878101410505884, 31.990596615370695], [34.878019208774255, 31.990532195511665]]]}}, {"type": "Feature", "properties": {"OBJECTID": 2168, "UNIQ_ID": 52429772, "PARENT": 6067398, "FCODE": 201, "FTYPE": 11, "HI_PNT_X": 187280.27242654, "HI_PNT_Y": 655107.4488939, "HI_PNT_Z": 42.83, "HEIGHT": 42.83, "HT_LAND": 37.06, "FNAME": null, "LATIN_NAME": null, "BLDG_HT": 5.7700000000000005, "USG_ID": null, "CMPLX_ID": null, "CMLX_FCD": null, "ORIG_AREA": 291.8318, "DATA_YEAR": null, "PRDCT_VER": null, "MUN_HEB": "אחיעזר", "mzm_lamas": 797, "logic_num": 27, "mzm": 538, "mzm_num_ID": "797B538", "Label": "B538", "Col_Row": "616 - 1481", "BUILD_YEAR": 0, "FTYPE_D": "בנין", "Shape_Length": 78.13396867359424, "Shape_Area": 291.8317999926133}, "geometry": {"type": "Polygon", "coordinates": [[[34.8639934217513, 31.988506238890206], [34.863954127977685, 31.988545001243907], [34.86392679974919, 31.988524096254697], [34.86383313854999, 31.988614656616967], [34.86387344829353, 31.988644614500462], [34.8638988268684, 31.988620424064738], [34.86401700914267, 31.988709208081815], [34.86410727163927, 31.988622065327185], [34.8640607332658, 31.988588213056207], [34.864078893622356, 31.988570225674586], [34.8639934217513, 31.988506238890206]]]}}, {"type": "Feature", "properties": {"OBJECTID": 2194, "UNIQ_ID": 52427905, "PARENT": 6067498, "FCODE": 201, "FTYPE": 11, "HI_PNT_X": 188903.68682654, "HI_PNT_Y": 655027.7234939, "HI_PNT_Z": 46.38, "HEIGHT": 46.38, "HT_LAND": 40.58, "FNAME": null, "LATIN_NAME": null, "BLDG_HT": 5.8, "USG_ID": null, "CMPLX_ID": null, "CMLX_FCD": null, "ORIG_AREA": 171.6858, "DATA_YEAR": null, "PRDCT_VER": null, "MUN_HEB": "יגל", "mzm_lamas": 798, "logic_num": 8, "mzm": 42, "mzm_num_ID": "798B42", "Label": "B42", "Col_Row": "632 - 1482", "BUILD_YEAR": 0, "FTYPE_D": "בנין", "Shape_Length": 60.54597955394534, "Shape_Area": 171.68580001320765}, "geometry": {"type": "Polygon", "coordinates": [[[34.88118070332035, 31.987858500185787], [34.881151914103455, 31.987891072198803], [34.88112024768204, 31.987869077679175], [34.88110017257202, 31.987890940399218], [34.88108222615265, 31.987879081035704], [34.881040693715576, 31.98792469672884], [34.881176981656004, 31.988014593135787], [34.88123636112925, 31.987948822415806], [34.88119846383679, 31.987923385190623], [34.881229371478625, 31.98789018729823], [34.88118070332035, 31.987858500185787]]]}}, {"type": "Feature", "properties": {"OBJECTID": 2228, "UNIQ_ID": 53321419, "PARENT": 6067511, "FCODE": 201, "FTYPE": 11, "HI_PNT_X": 187231.08972654, "HI_PNT_Y": 655022.5024939, "HI_PNT_Z": 44.67, "HEIGHT": 44.67, "HT_LAND": 36.59, "FNAME": null, "LATIN_NAME": null, "BLDG_HT": 8.08, "USG_ID": null, "CMPLX_ID": null, "CMLX_FCD": null, "ORIG_AREA": 222.85335, "DATA_YEAR": null, "PRDCT_VER": null, "MUN_HEB": "אחיעזר", "mzm_lamas": 797, "logic_num": 27, "mzm": 210, "mzm_num_ID": "797B210", "Label": "B210", "Col_Row": "616 - 1482", "BUILD_YEAR": 0, "FTYPE_D": "בנין", "Shape_Length": 66.70932466885407, "Shape_Area": 222.85334999018778}, "geometry": {"type": "Polygon", "coordinates": [[[34.8635284506946, 31.987770651718375], [34.86342166714389, 31.9877759560459], [34.86342255272607, 31.98779399450934], [34.86337397932181, 31.987795577422467], [34.86338074709245, 31.987911116725424], [34.86352795683658, 31.98790420759406], [34.86352886144796, 31.987917105823737], [34.86356283469897, 31.987915032739192], [34.86355984609854, 31.987864794219085], [34.86353339109348, 31.987865354429296], [34.8635284506946, 31.987770651718375]]]}}, {"type": "Feature", "properties": {"OBJECTID": 2242, "UNIQ_ID": 53324819, "PARENT": 4054408, "FCODE": 201, "FTYPE": 11, "HI_PNT_X": 188307.52292654, "HI_PNT_Y": 655615.7248939, "HI_PNT_Z": 39.5, "HEIGHT": 39.5, "HT_LAND": 33.79, "FNAME": null, "LATIN_NAME": null, "BLDG_HT": 5.71, "USG_ID": null, "CMPLX_ID": null, "CMLX_FCD": null, "ORIG_AREA": 101.8362, "DATA_YEAR": null, "PRDCT_VER": null, "MUN_HEB": "יגל", "mzm_lamas": 798, "logic_num": 7980102, "mzm": 308, "mzm_num_ID": "798B308", "Label": "B308", "Col_Row": "626 - 1476", "BUILD_YEAR": null, "FTYPE_D": "בנין", "Shape_Length": 43.53707717451222, "Shape_Area": 101.83619998875652}, "geometry": {"type": "Polygon", "coordinates": [[[34.87479924725405, 31.993170037099762], [34.87474078765502, 31.9932426608204], [34.87480625744346, 31.993281067367377], [34.87482326653011, 31.99325919770949], [34.87484745025433, 31.993272787574902], [34.87485499776449, 31.99326315787375], [34.874870838071665, 31.993272217047767], [34.87490389611275, 31.993230639548415], [34.87479924725405, 31.993170037099762]]]}}, {"type": "Feature", "properties": {"OBJECTID": 2299, "UNIQ_ID": 52506959, "PARENT": 4054436, "FCODE": 201, "FTYPE": 11, "HI_PNT_X": 188481.75322654, "HI_PNT_Y": 655478.6579939, "HI_PNT_Z": 44.300000000000004, "HEIGHT": 44.300000000000004, "HT_LAND": 35.2, "FNAME": null, "LATIN_NAME": null, "BLDG_HT": 9.1, "USG_ID": null, "CMPLX_ID": null, "CMLX_FCD": null, "ORIG_AREA": 178.0978, "DATA_YEAR": null, "PRDCT_VER": null, "MUN_HEB": "יגל", "mzm_lamas": 798, "logic_num": 7980102, "mzm": 118, "mzm_num_ID": "798B118", "Label": "B118", "Col_Row": "628 - 1478", "BUILD_YEAR": null, "FTYPE_D": "בנין", "Shape_Length": 53.61968415394488, "Shape_Area": 178.0978000098586}, "geometry": {"type": "Polygon", "coordinates": [[[34.876653438509685, 31.99190609140544], [34.876567439302015, 31.991987031640555], [34.87668235949374, 31.99207534455433], [34.87676952265555, 31.991994407247454], [34.876653438509685, 31.99190609140544]]]}}, {"type": "Feature", "properties": {"OBJECTID": 2312, "UNIQ_ID": 52508664, "PARENT": 6066945, "FCODE": 201, "FTYPE": 11, "HI_PNT_X": 188335.04452654, "HI_PNT_Y": 655631.2287939, "HI_PNT_Z": 38.5, "HEIGHT": 38.5, "HT_LAND": 36.22, "FNAME": null, "LATIN_NAME": null, "BLDG_HT": 2.2800000000000002, "USG_ID": null, "CMPLX_ID": null, "CMLX_FCD": null, "ORIG_AREA": 27.03645, "DATA_YEAR": null, "PRDCT_VER": null, "MUN_HEB": "יגל", "mzm_lamas": 798, "logic_num": 7980102, "mzm": 316, "mzm_num_ID": "798B316", "Label": "B316", "Col_Row": "627 - 1476", "BUILD_YEAR": null, "FTYPE_D": "בנין", "Shape_Length": 20.859569948964793, "Shape_Area": 27.036450005467238}, "geometry": {"type": "Polygon", "coordinates": [[[34.87510986254887, 31.993336595056597], [34.87507894313851, 31.993371955712405], [34.875126455815185, 31.9934014778134], [34.87515736974078, 31.99336765019849], [34.87510986254887, 31.993336595056597]]]}}, {"type": "Feature", "properties": {"OBJECTID": 2347, "UNIQ_ID": 53335020, "PARENT": 4054480, "FCODE": 201, "FTYPE": 11, "HI_PNT_X": null, "HI_PNT_Y": null, "HI_PNT_Z": null, "HEIGHT": 39.92, "HT_LAND": 36.20000076, "FNAME": null, "LATIN_NAME": null, "BLDG_HT": 3.71999924, "USG_ID": null, "CMPLX_ID": null, "CMLX_FCD": null, "ORIG_AREA": 79.42623728, "DATA_YEAR": 2014, "PRDCT_VER": "2015-07", "MUN_HEB": "יגל", "mzm_lamas": 798, "logic_num": 47, "mzm": 284, "mzm_num_ID": "798B284", "Label": "B284", "Col_Row": "630 - 1479", "BUILD_YEAR": null, "FTYPE_D": "בנין", "Shape_Length": 39.33652182396939, "Shape_Area": 79.42623729021876}, "geometry": {"type": "Polygon", "coordinates": [[[34.87879397245821, 31.990365670046405], [34.87874728557006, 31.99040591501835], [34.87881047708704, 31.990448746037597], [34.878872518775204, 31.99048040071875], [34.878904952213745, 31.990451594605247], [34.87879397245821, 31.990365670046405]]]}}, {"type": "Feature", "properties": {"OBJECTID": 2354, "UNIQ_ID": 52507849, "PARENT": 6390160, "FCODE": 201, "FTYPE": 11, "HI_PNT_X": 188465.91762654, "HI_PNT_Y": 655590.8655939, "HI_PNT_Z": 39.95, "HEIGHT": 39.32, "HT_LAND": 37.06, "FNAME": null, "LATIN_NAME": null, "BLDG_HT": 2.2600000000000002, "USG_ID": null, "CMPLX_ID": null, "CMLX_FCD": null, "ORIG_AREA": 40.5, "DATA_YEAR": null, "PRDCT_VER": null, "MUN_HEB": "יגל", "mzm_lamas": 798, "logic_num": 53, "mzm": 333, "mzm_num_ID": "798B333", "Label": "B333", "Col_Row": "628 - 1476", "BUILD_YEAR": null, "FTYPE_D": "בנין", "Shape_Length": 25.457360642249412, "Shape_Area": 40.5}, "geometry": {"type": "Polygon", "coordinates": [[[34.876503637389256, 31.992967037646753], [34.87645587324082, 31.993008126661895], [34.87650334863923, 31.993048199260382], [34.87655111439154, 31.993006659329772], [34.876503637389256, 31.992967037646753]]]}}, {"type": "Feature", "properties": {"OBJECTID": 2394, "UNIQ_ID": 52500961, "PARENT": 4054543, "FCODE": 201, "FTYPE": 11, "HI_PNT_X": 188689.08462654, "HI_PNT_Y": 655046.3455939, "HI_PNT_Z": 41, "HEIGHT": 41, "HT_LAND": 37.2, "FNAME": null, "LATIN_NAME": null, "BLDG_HT": 3.8000000000000003, "USG_ID": null, "CMPLX_ID": null, "CMLX_FCD": null, "ORIG_AREA": 55.6758, "DATA_YEAR": null, "PRDCT_VER": null, "MUN_HEB": "יגל", "mzm_lamas": 798, "logic_num": 5, "mzm": 20, "mzm_num_ID": "798B20", "Label": "B20", "Col_Row": "630 - 1482", "BUILD_YEAR": 0, "FTYPE_D": "בנין", "Shape_Length": 30.12329171259531, "Shape_Area": 55.67579999342635}, "geometry": {"type": "Polygon", "coordinates": [[[34.87889659251984, 31.988054486289798], [34.878831962484014, 31.988108428794693], [34.878880382669415, 31.988150216381456], [34.87894501270665, 31.988096273852264], [34.87889659251984, 31.988054486289798]]]}}, {"type": "Feature", "properties": {"OBJECTID": 2398, "UNIQ_ID": 52501775, "PARENT": 4054426, "FCODE": 201, "FTYPE": 17, "HI_PNT_X": 188534.67512654, "HI_PNT_Y": 655514.3030939, "HI_PNT_Z": 43.93, "HEIGHT": 43.93, "HT_LAND": 37.81, "FNAME": null, "LATIN_NAME": null, "BLDG_HT": 6.12, "USG_ID": null, "CMPLX_ID": null, "CMLX_FCD": null, "ORIG_AREA": 486.05800000000005, "DATA_YEAR": null, "PRDCT_VER": null, "MUN_HEB": "יגל", "mzm_lamas": 798, "logic_num": 15, "mzm": 126, "mzm_num_ID": "798B126", "Label": "B126", "Col_Row": "629 - 1477", "BUILD_YEAR": null, "FTYPE_D": "חממה", "Shape_Length": 91.75671852675211, "Shape_Area": 486.0580000190512}, "geometry": {"type": "Polygon", "coordinates": [[[34.87727464746994, 31.99215569042052], [34.87708460040979, 31.99236432875087], [34.8772228970024, 31.992455497059492], [34.87741410407658, 31.992247943678493], [34.87727464746994, 31.99215569042052]]]}}, {"type": "Feature", "properties": {"OBJECTID": 2406, "UNIQ_ID": 53325723, "PARENT": 6067486, "FCODE": 201, "FTYPE": 11, "HI_PNT_X": 188890.28182654, "HI_PNT_Y": 655040.2741939, "HI_PNT_Z": 45.96, "HEIGHT": 45.96, "HT_LAND": 39.72, "FNAME": null, "LATIN_NAME": null, "BLDG_HT": 6.24, "USG_ID": null, "CMPLX_ID": null, "CMLX_FCD": null, "ORIG_AREA": 197.54415, "DATA_YEAR": null, "PRDCT_VER": null, "MUN_HEB": "יגל", "mzm_lamas": 798, "logic_num": 8, "mzm": 38, "mzm_num_ID": "798B38", "Label": "B38", "Col_Row": "632 - 1482", "BUILD_YEAR": null, "FTYPE_D": "בנין", "Shape_Length": 62.6280564155273, "Shape_Area": 197.54414999592154}, "geometry": {"type": "Polygon", "coordinates": [[[34.8809645278202, 31.987979693098975], [34.88089115322166, 31.9880533638989], [34.88096598343874, 31.988107662920928], [34.88098307851514, 31.988090752555667], [34.881023189625225, 31.98811854017821], [34.88103911476029, 31.98810334025352], [34.881062332164056, 31.988120804242516], [34.88112604782872, 31.988055675886876], [34.88103327713448, 31.987987804174143], [34.88100864229594, 31.98801245085595], [34.8809645278202, 31.987979693098975]]]}}, {"type": "Feature", "properties": {"OBJECTID": 2419, "UNIQ_ID": 52502695, "PARENT": 4054511, "FCODE": 201, "FTYPE": 11, "HI_PNT_X": 188928.18022654, "HI_PNT_Y": 655204.2112939, "HI_PNT_Z": 46.78, "HEIGHT": 46.78, "HT_LAND": 36.79, "FNAME": null, "LATIN_NAME": null, "BLDG_HT": 9.99, "USG_ID": null, "CMPLX_ID": null, "CMLX_FCD": null, "ORIG_AREA": 1673.05905, "DATA_YEAR": null, "PRDCT_VER": null, "MUN_HEB": "יגל", "mzm_lamas": 798, "logic_num": 12, "mzm": 78, "mzm_num_ID": "798B78", "Label": "B78", "Col_Row": "633 - 1481", "BUILD_YEAR": 0, "FTYPE_D": "בנין", "Shape_Length": 176.30548365589976, "Shape_Area": 1673.0590500506878}, "geometry": {"type": "Polygon", "coordinates": [[[34.88135577437261, 31.989230771438592], [34.88126666358753, 31.989325865332734], [34.88128555883065, 31.989338809250135], [34.88113474331489, 31.98949858568599], [34.8815443198362, 31.989778556512803], [34.88169078636168, 31.989621744492737], [34.88160010656894, 31.989560551874668], [34.88169356913814, 31.989461591055257], [34.88135577437261, 31.989230771438592]]]}}, {"type": "Feature", "properties": {"OBJECTID": 2427, "UNIQ_ID": 52503257, "PARENT": 6066779, "FCODE": 201, "FTYPE": 11, "HI_PNT_X": 187218.19952654, "HI_PNT_Y": 655756.0221939, "HI_PNT_Z": 46.21, "HEIGHT": 46.21, "HT_LAND": 35.79, "FNAME": null, "LATIN_NAME": null, "BLDG_HT": 10.42, "USG_ID": null, "CMPLX_ID": null, "CMLX_FCD": null, "ORIG_AREA": 199.87065, "DATA_YEAR": null, "PRDCT_VER": null, "MUN_HEB": "כפר חבד", "mzm_lamas": 696, "logic_num": 59, "mzm": 372, "mzm_num_ID": "696B372", "Label": "B372", "Col_Row": "616 - 1475", "BUILD_YEAR": null, "FTYPE_D": "בנין", "Shape_Length": 59.07065886201474, "Shape_Area": 199.8706500015728}, "geometry": {"type": "Polygon", "coordinates": [[[34.863239494271035, 31.994370447318055], [34.86323790528994, 31.994542416925952], [34.863349014554444, 31.994542715598286], [34.86335060099218, 31.99437137724358], [34.863239494271035, 31.994370447318055]]]}}, {"type": "Feature", "properties": {"OBJECTID": 2431, "UNIQ_ID": 52503881, "PARENT": 6066849, "FCODE": 201, "FTYPE": 11, "HI_PNT_X": 187305.01642654, "HI_PNT_Y": 655690.1479939, "HI_PNT_Z": 41.2, "HEIGHT": 41.2, "HT_LAND": 36.4, "FNAME": null, "LATIN_NAME": null, "BLDG_HT": 4.8, "USG_ID": null, "CMPLX_ID": null, "CMLX_FCD": null, "ORIG_AREA": 440.53720000000004, "DATA_YEAR": null, "PRDCT_VER": null, "MUN_HEB": "כפר חבד", "mzm_lamas": 696, "logic_num": 70, "mzm": 458, "mzm_num_ID": "696B458", "Label": "B458", "Col_Row": "616 - 1476", "BUILD_YEAR": null, "FTYPE_D": "בנין", "Shape_Length": 100.39763541225064, "Shape_Area": 440.5371999993429}, "geometry": {"type": "Polygon", "coordinates": [[[34.86428788992131, 31.99375615758018], [34.86413772696333, 31.99375791934929], [34.86414171033531, 31.99396877165868], [34.86442553003899, 31.993965023354143], [34.86442401789539, 31.99388728385195], [34.8642903622716, 31.993889090025405], [34.86428788992131, 31.99375615758018]]]}}, {"type": "Feature", "properties": {"OBJECTID": 2437, "UNIQ_ID": 52504062, "PARENT": 4054417, "FCODE": 201, "FTYPE": 11, "HI_PNT_X": 188438.40142654, "HI_PNT_Y": 655577.7269939, "HI_PNT_Z": 42.980000000000004, "HEIGHT": 42.980000000000004, "HT_LAND": 34.59, "FNAME": null, "LATIN_NAME": null, "BLDG_HT": 8.39, "USG_ID": null, "CMPLX_ID": null, "CMLX_FCD": null, "ORIG_AREA": 249.74465, "DATA_YEAR": null, "PRDCT_VER": null, "MUN_HEB": "יגל", "mzm_lamas": 798, "logic_num": 51, "mzm": 321, "mzm_num_ID": "798B321", "Label": "B321", "Col_Row": "628 - 1477", "BUILD_YEAR": 0, "FTYPE_D": "בנין", "Shape_Length": 70.42013123389333, "Shape_Area": 249.74464999858142}, "geometry": {"type": "Polygon", "coordinates": [[[34.87622912186604, 31.99279561652658], [34.876195134386904, 31.992830969525627], [34.87615186587846, 31.99279821230592], [34.87608389854307, 31.99286675394304], [34.87615461289218, 31.99291824952449], [34.876137727665615, 31.992935159762045], [34.876179941919844, 31.992966832094538], [34.87619683099817, 31.99294883969663], [34.87622638548723, 31.992969747803183], [34.87632843452194, 31.99286909980346], [34.87622912186604, 31.99279561652658]]]}}, {"type": "Feature", "properties": {"OBJECTID": 2439, "UNIQ_ID": 52504080, "PARENT": 8731185, "FCODE": 201, "FTYPE": 11, "HI_PNT_X": 188722.83712654, "HI_PNT_Y": 655234.9167939, "HI_PNT_Z": 43.09, "HEIGHT": 42.02, "HT_LAND": 38.29, "FNAME": null, "LATIN_NAME": null, "BLDG_HT": 3.73, "USG_ID": null, "CMPLX_ID": null, "CMLX_FCD": null, "ORIG_AREA": 95.93220000000001, "DATA_YEAR": null, "PRDCT_VER": null, "MUN_HEB": "יגל", "mzm_lamas": 798, "logic_num": 44, "mzm": 279, "mzm_num_ID": "798B279", "Label": "B279", "Col_Row": "631 - 1480", "BUILD_YEAR": null, "FTYPE_D": "בנין", "Shape_Length": 39.191141068459444, "Shape_Area": 95.93220000582487}, "geometry": {"type": "Polygon", "coordinates": [[[34.87923549047588, 31.9897393851336], [34.879164568747036, 31.989806838736943], [34.87923938726342, 31.989864565591095], [34.87931052060883, 31.989797112488603], [34.87923549047588, 31.9897393851336]]]}}, {"type": "Feature", "properties": {"OBJECTID": 2450, "UNIQ_ID": 52504156, "PARENT": 4054453, "FCODE": 201, "FTYPE": 11, "HI_PNT_X": 188542.20742654, "HI_PNT_Y": 655397.4571939, "HI_PNT_Z": 42.52, "HEIGHT": 42.52, "HT_LAND": 35.9, "FNAME": null, "LATIN_NAME": null, "BLDG_HT": 6.62, "USG_ID": null, "CMPLX_ID": null, "CMLX_FCD": null, "ORIG_AREA": 224.8452, "DATA_YEAR": null, "PRDCT_VER": null, "MUN_HEB": "יגל", "mzm_lamas": 798, "logic_num": 14, "mzm": 94, "mzm_num_ID": "798B94", "Label": "B94", "Col_Row": "629 - 1478", "BUILD_YEAR": null, "FTYPE_D": "בנין", "Shape_Length": 65.69239172696909, "Shape_Area": 224.8451999924706}, "geometry": {"type": "Polygon", "coordinates": [[[34.87725923499802, 31.991161501718697], [34.877180752104714, 31.99124183049695], [34.87733475176666, 31.99135044400513], [34.87734218856432, 31.991342076392083], [34.8773621395703, 31.991355654872955], [34.87738146794112, 31.991335955168793], [34.8773613075467, 31.991321744888292], [34.877412284526756, 31.991269481421657], [34.87725923499802, 31.991161501718697]]]}}, {"type": "Feature", "properties": {"OBJECTID": 2468, "UNIQ_ID": 52503658, "PARENT": 4054487, "FCODE": 201, "FTYPE": 11, "HI_PNT_X": 188545.23282654, "HI_PNT_Y": 655296.6215939, "HI_PNT_Z": 42.5, "HEIGHT": 42.5, "HT_LAND": 38.06, "FNAME": null, "LATIN_NAME": null, "BLDG_HT": 4.44, "USG_ID": null, "CMPLX_ID": null, "CMLX_FCD": null, "ORIG_AREA": 100.0674, "DATA_YEAR": null, "PRDCT_VER": null, "MUN_HEB": "יגל", "mzm_lamas": 798, "logic_num": 11, "mzm": 66, "mzm_num_ID": "798B66", "Label": "B66", "Col_Row": "629 - 1479", "BUILD_YEAR": null, "FTYPE_D": "בנין", "Shape_Length": 40.03243967563654, "Shape_Area": 100.06740000484734}, "geometry": {"type": "Polygon", "coordinates": [[[34.877345922453024, 31.99028977052895], [34.87727912789814, 31.990356602438577], [34.87736240084861, 31.99041714777776], [34.8774282430646, 31.990350313371138], [34.877345922453024, 31.99028977052895]]]}}, {"type": "Feature", "properties": {"OBJECTID": 2481, "UNIQ_ID": 52499734, "PARENT": 6066915, "FCODE": 201, "FTYPE": 11, "HI_PNT_X": 188176.96932654, "HI_PNT_Y": 655647.9350939, "HI_PNT_Z": 44.24, "HEIGHT": 44.24, "HT_LAND": 37.72, "FNAME": null, "LATIN_NAME": null, "BLDG_HT": 6.5200000000000005, "USG_ID": null, "CMPLX_ID": null, "CMLX_FCD": null, "ORIG_AREA": 130.0216, "DATA_YEAR": null, "PRDCT_VER": null, "MUN_HEB": "יגל", "mzm_lamas": 798, "logic_num": 7980102, "mzm": 365, "mzm_num_ID": "798B365", "Label": "B365", "Col_Row": "625 - 1476", "BUILD_YEAR": null, "FTYPE_D": "בנין", "Shape_Length": 45.611693765891204, "Shape_Area": 130.0215999961473}, "geometry": {"type": "Polygon", "coordinates": [[[34.873441700999116, 31.993437676217187], [34.87335984677337, 31.993512402605514], [34.87344858619063, 31.99358306494708], [34.87353033459097, 31.99350833822634], [34.873441700999116, 31.993437676217187]]]}}, {"type": "Feature", "properties": {"OBJECTID": 2516, "UNIQ_ID": 52469367, "PARENT": 4054503, "FCODE": 201, "FTYPE": 11, "HI_PNT_X": 188589.51792654, "HI_PNT_Y": 655236.5756939, "HI_PNT_Z": 41.1, "HEIGHT": 41.1, "HT_LAND": 36.4, "FNAME": null, "LATIN_NAME": null, "BLDG_HT": 4.7, "USG_ID": null, "CMPLX_ID": null, "CMLX_FCD": null, "ORIG_AREA": 78.2565, "DATA_YEAR": null, "PRDCT_VER": null, "MUN_HEB": "יגל", "mzm_lamas": 798, "logic_num": 46, "mzm": 274, "mzm_num_ID": "798B274", "Label": "B274", "Col_Row": "629 - 1480", "BUILD_YEAR": null, "FTYPE_D": "בנין", "Shape_Length": 35.79826705466768, "Shape_Area": 78.25649999088515}, "geometry": {"type": "Polygon", "coordinates": [[[34.87783032750736, 31.9897561577614], [34.877763405828816, 31.98982921205847], [34.87782674383924, 31.989871669696218], [34.877893667735044, 31.989797984108698], [34.87783032750736, 31.9897561577614]]]}}, {"type": "Feature", "properties": {"OBJECTID": 2523, "UNIQ_ID": 52470634, "PARENT": 6067467, "FCODE": 201, "FTYPE": 11, "HI_PNT_X": 187349.50362654, "HI_PNT_Y": 655048.0035939, "HI_PNT_Z": 46.46, "HEIGHT": 46.46, "HT_LAND": 37.7, "FNAME": null, "LATIN_NAME": null, "BLDG_HT": 8.76, "USG_ID": null, "CMPLX_ID": null, "CMLX_FCD": null, "ORIG_AREA": 390.9848, "DATA_YEAR": null, "PRDCT_VER": null, "MUN_HEB": "אחיעזר", "mzm_lamas": 797, "logic_num": 27, "mzm": 316, "mzm_num_ID": "797B316", "Label": "B316", "Col_Row": "617 - 1482", "BUILD_YEAR": 0, "FTYPE_D": "בנין", "Shape_Length": 104.2813508717583, "Shape_Area": 390.9848000036318}, "geometry": {"type": "Polygon", "coordinates": [[[34.86461864969287, 31.987936982167493], [34.86452307719493, 31.988029702265646], [34.86464252905591, 31.988118489107837], [34.864670994081166, 31.98808934685396], [34.864694314163216, 31.988106814099723], [34.86471140987787, 31.98809053720346], [34.864732515912365, 31.988105834185895], [34.86470257120878, 31.988134521590844], [34.864794483424504, 31.98820240289437], [34.864871894063555, 31.98812812099211], [34.86477692364666, 31.988057435966788], [34.86479402332431, 31.988040076904735], [34.8647434751405, 31.988003238197077], [34.86472754735492, 31.988018436058837], [34.86461864969287, 31.987936982167493]]]}}, {"type": "Feature", "properties": {"OBJECTID": 2524, "UNIQ_ID": 52471444, "PARENT": 8861896, "FCODE": 201, "FTYPE": 11, "HI_PNT_X": 188617.70922654, "HI_PNT_Y": 655352.2196939, "HI_PNT_Z": 39.85, "HEIGHT": 39.52, "HT_LAND": 35.86, "FNAME": null, "LATIN_NAME": null, "BLDG_HT": 3.66, "USG_ID": null, "CMPLX_ID": null, "CMLX_FCD": null, "ORIG_AREA": 80.72121588, "DATA_YEAR": 2014, "PRDCT_VER": "2015-07", "MUN_HEB": "יגל", "mzm_lamas": 798, "logic_num": 11, "mzm": 74, "mzm_num_ID": "798B74", "Label": "B74", "Col_Row": "630 - 1479", "BUILD_YEAR": 0, "FTYPE_D": "בנין", "Shape_Length": 35.97082604801807, "Shape_Area": 80.7212158697688}, "geometry": {"type": "Polygon", "coordinates": [[[34.878079223605944, 31.990816788872312], [34.87801854293254, 31.990875329465595], [34.87808720648527, 31.99093420268398], [34.87814957761998, 31.990872803175467], [34.878079223605944, 31.990816788872312]]]}}, {"type": "Feature", "properties": {"OBJECTID": 2537, "UNIQ_ID": 52460986, "PARENT": 6067392, "FCODE": 201, "FTYPE": 11, "HI_PNT_X": 187327.29882654, "HI_PNT_Y": 655119.9779939, "HI_PNT_Z": 42.88, "HEIGHT": 42.88, "HT_LAND": 37.9, "FNAME": null, "LATIN_NAME": null, "BLDG_HT": 4.98, "USG_ID": null, "CMPLX_ID": null, "CMLX_FCD": null, "ORIG_AREA": 208.88705, "DATA_YEAR": 2014, "PRDCT_VER": "2015-07", "MUN_HEB": "אחיעזר", "mzm_lamas": 797, "logic_num": 27, "mzm": 273, "mzm_num_ID": "797B273", "Label": "B273", "Col_Row": "617 - 1481", "BUILD_YEAR": 0, "FTYPE_D": "בנין", "Shape_Length": 69.58395749586326, "Shape_Area": 208.8870499925928}, "geometry": {"type": "Polygon", "coordinates": [[[34.864472321526456, 31.988623043651277], [34.864425496320436, 31.988666926260898], [34.86446992262616, 31.988699690576187], [34.86445081001459, 31.988717675462855], [34.86441704374127, 31.98869224431269], [34.86436819374747, 31.988739999233726], [34.86447592819837, 31.988821450217124], [34.864580952056414, 31.988719737436647], [34.864472321526456, 31.988623043651277]]]}}, {"type": "Feature", "properties": {"OBJECTID": 2555, "UNIQ_ID": 52469239, "PARENT": 6067482, "FCODE": 201, "FTYPE": 11, "HI_PNT_X": 188921.54592654, "HI_PNT_Y": 655040.1269939, "HI_PNT_Z": 44.910000000000004, "HEIGHT": 44.910000000000004, "HT_LAND": 39.63, "FNAME": null, "LATIN_NAME": null, "BLDG_HT": 5.28, "USG_ID": null, "CMPLX_ID": null, "CMLX_FCD": null, "ORIG_AREA": 188.64645000000002, "DATA_YEAR": null, "PRDCT_VER": null, "MUN_HEB": "יגל", "mzm_lamas": 798, "logic_num": 7986001, "mzm": 372, "mzm_num_ID": "798B372", "Label": "B372", "Col_Row": "633 - 1482", "BUILD_YEAR": null, "FTYPE_D": "בנין", "Shape_Length": 58.51251329615864, "Shape_Area": 188.6464500118561}, "geometry": {"type": "Polygon", "coordinates": [[[34.88131681406053, 31.987968776783198], [34.881240323808605, 31.988055966927867], [34.88134495158078, 31.988122155243502], [34.881351216245896, 31.9881159487367], [34.88137138256872, 31.988128444975946], [34.88139454420174, 31.98810144978164], [34.881416822958975, 31.988115033556024], [34.88144561436504, 31.988081830226086], [34.8814286163724, 31.98807105549095], [34.88144572494292, 31.98805026733618], [34.88131681406053, 31.987968776783198]]]}}, {"type": "Feature", "properties": {"OBJECTID": 2567, "UNIQ_ID": 52471229, "PARENT": 4054485, "FCODE": 201, "FTYPE": 11, "HI_PNT_X": 188631.27252654, "HI_PNT_Y": 655291.6693939, "HI_PNT_Z": 41.62, "HEIGHT": 41.62, "HT_LAND": 36.09, "FNAME": null, "LATIN_NAME": null, "BLDG_HT": 5.53, "USG_ID": null, "CMPLX_ID": null, "CMLX_FCD": null, "ORIG_AREA": 145.5096, "DATA_YEAR": null, "PRDCT_VER": null, "MUN_HEB": "יגל", "mzm_lamas": 798, "logic_num": 7980102, "mzm": 278, "mzm_num_ID": "798B278", "Label": "B278", "Col_Row": "630 - 1479", "BUILD_YEAR": null, "FTYPE_D": "בנין", "Shape_Length": 48.297199290112644, "Shape_Area": 145.5095999963671}, "geometry": {"type": "Polygon", "coordinates": [[[34.87825306065328, 31.990232856575496], [34.87817120487186, 31.990309930820395], [34.878270294911104, 31.99038620762307], [34.878352152273514, 31.990308682416966], [34.87825306065328, 31.990232856575496]]]}}, {"type": "Feature", "properties": {"OBJECTID": 2581, "UNIQ_ID": 53329159, "PARENT": 4054465, "FCODE": 201, "FTYPE": 11, "HI_PNT_X": 188596.62652654, "HI_PNT_Y": 655367.7297939, "HI_PNT_Z": 42.57, "HEIGHT": 42.57, "HT_LAND": 35.59, "FNAME": null, "LATIN_NAME": null, "BLDG_HT": 6.98, "USG_ID": null, "CMPLX_ID": null, "CMLX_FCD": null, "ORIG_AREA": 290.59535, "DATA_YEAR": null, "PRDCT_VER": null, "MUN_HEB": "יגל", "mzm_lamas": 798, "logic_num": 11, "mzm": 76, "mzm_num_ID": "798B76", "Label": "B76", "Col_Row": "629 - 1479", "BUILD_YEAR": null, "FTYPE_D": "בנין", "Shape_Length": 82.95693868735195, "Shape_Area": 290.59534999511817}, "geometry": {"type": "Polygon", "coordinates": [[[34.8779616564735, 31.99088762894927], [34.87786416527808, 31.990987207872763], [34.877783834472844, 31.990932261624124], [34.87774252279717, 31.990974449915385], [34.87791446930896, 31.991094922557334], [34.8780525390903, 31.99095098900215], [34.8779616564735, 31.99088762894927]]]}}, {"type": "Feature", "properties": {"OBJECTID": 2584, "UNIQ_ID": 52480909, "PARENT": 6066958, "FCODE": 201, "FTYPE": 11, "HI_PNT_X": 188079.58482654, "HI_PNT_Y": 655618.3871939, "HI_PNT_Z": 44.68, "HEIGHT": 44.68, "HT_LAND": 39.84, "FNAME": null, "LATIN_NAME": null, "BLDG_HT": 4.84, "USG_ID": null, "CMPLX_ID": null, "CMLX_FCD": null, "ORIG_AREA": 230.0166, "DATA_YEAR": null, "PRDCT_VER": null, "MUN_HEB": "יגל", "mzm_lamas": 798, "logic_num": 7980102, "mzm": 322, "mzm_num_ID": "798B322", "Label": "B322", "Col_Row": "624 - 1476", "BUILD_YEAR": 0, "FTYPE_D": "בנין", "Shape_Length": 60.770767100932105, "Shape_Area": 230.0166000007853}, "geometry": {"type": "Polygon", "coordinates": [[[34.872419401015556, 31.993141288375742], [34.872313178008916, 31.99325373591526], [34.872430448318646, 31.99333520509335], [34.87253773334385, 31.993221678069723], [34.872419401015556, 31.993141288375742]]]}}, {"type": "Feature", "properties": {"OBJECTID": 2593, "UNIQ_ID": 52468060, "PARENT": 4087819, "FCODE": 201, "FTYPE": 11, "HI_PNT_X": 187049.93972654, "HI_PNT_Y": 656314.9974939, "HI_PNT_Z": 41.6, "HEIGHT": 41.6, "HT_LAND": 33.9, "FNAME": null, "LATIN_NAME": null, "BLDG_HT": 7.7, "USG_ID": null, "CMPLX_ID": null, "CMLX_FCD": null, "ORIG_AREA": 2062.63, "DATA_YEAR": null, "PRDCT_VER": null, "MUN_HEB": "צפריה", "mzm_lamas": 594, "logic_num": 9, "mzm": 83, "mzm_num_ID": "594B83", "Label": "B83", "Col_Row": "614 - 1470", "BUILD_YEAR": null, "FTYPE_D": "בנין", "Shape_Length": 182.72005391252594, "Shape_Area": 2062.630000053905}, "geometry": {"type": "Polygon", "coordinates": [[[34.861503006616736, 31.999175171646165], [34.8611937756956, 31.999547501459872], [34.86154654939965, 31.9997592965888], [34.861855779622516, 31.999386965922753], [34.861503006616736, 31.999175171646165]]]}}, {"type": "Feature", "properties": {"OBJECTID": 2602, "UNIQ_ID": 52467570, "PARENT": 4054454, "FCODE": 201, "FTYPE": 11, "HI_PNT_X": 188452.32932654, "HI_PNT_Y": 655401.4779939, "HI_PNT_Z": 40.67, "HEIGHT": 40.67, "HT_LAND": 34.7, "FNAME": null, "LATIN_NAME": null, "BLDG_HT": 5.97, "USG_ID": null, "CMPLX_ID": null, "CMLX_FCD": null, "ORIG_AREA": 38.20455, "DATA_YEAR": null, "PRDCT_VER": null, "MUN_HEB": "יגל", "mzm_lamas": 798, "logic_num": 15, "mzm": 123, "mzm_num_ID": "798B123", "Label": "B123", "Col_Row": "628 - 1478", "BUILD_YEAR": null, "FTYPE_D": "בנין", "Shape_Length": 24.804928699796015, "Shape_Area": 38.20454999718424}, "geometry": {"type": "Polygon", "coordinates": [[[34.87635193111766, 31.991262235777263], [34.87632224831562, 31.99130724925434], [34.8763834088421, 31.991337257076317], [34.87641340682219, 31.991292875662612], [34.87635193111766, 31.991262235777263]]]}}, {"type": "Feature", "properties": {"OBJECTID": 2605, "UNIQ_ID": 52478697, "PARENT": 6067245, "FCODE": 201, "FTYPE": 11, "HI_PNT_X": 188517.46532654, "HI_PNT_Y": 655301.2048939, "HI_PNT_Z": 40.72, "HEIGHT": 40.660000000000004, "HT_LAND": 37.35, "FNAME": null, "LATIN_NAME": null, "BLDG_HT": 3.31, "USG_ID": null, "CMPLX_ID": null, "CMLX_FCD": null, "ORIG_AREA": 95.3416, "DATA_YEAR": null, "PRDCT_VER": null, "MUN_HEB": "יגל", "mzm_lamas": 798, "logic_num": 14, "mzm": 103, "mzm_num_ID": "798B103", "Label": "B103", "Col_Row": "629 - 1479", "BUILD_YEAR": null, "FTYPE_D": "בנין", "Shape_Length": 39.209893227478595, "Shape_Area": 95.34159999993778}, "geometry": {"type": "Polygon", "coordinates": [[[34.87706229758092, 31.990331333891334], [34.876992084719475, 31.990407174875116], [34.87706597820515, 31.99045696473663], [34.8771361872023, 31.990382205867785], [34.87706229758092, 31.990331333891334]]]}}, {"type": "Feature", "properties": {"OBJECTID": 2608, "UNIQ_ID": 52470272, "PARENT": 4054483, "FCODE": 201, "FTYPE": 11, "HI_PNT_X": 188660.47122654, "HI_PNT_Y": 655296.5708939, "HI_PNT_Z": 40.74, "HEIGHT": 40.74, "HT_LAND": 36.2, "FNAME": null, "LATIN_NAME": null, "BLDG_HT": 4.54, "USG_ID": null, "CMPLX_ID": null, "CMLX_FCD": null, "ORIG_AREA": 136.65375482, "DATA_YEAR": 2014, "PRDCT_VER": "2015-07", "MUN_HEB": "יגל", "mzm_lamas": 798, "logic_num": 47, "mzm": 280, "mzm_num_ID": "798B280", "Label": "B280", "Col_Row": "630 - 1479", "BUILD_YEAR": null, "FTYPE_D": "בנין", "Shape_Length": 46.907529177712426, "Shape_Area": 136.6537548139459}, "geometry": {"type": "Polygon", "coordinates": [[[34.87858100473968, 31.990320114384534], [34.87853393846553, 31.99036948005593], [34.87849385677072, 31.990421296715134], [34.87857908190861, 31.990468043253433], [34.878667583369946, 31.990379987397365], [34.87858100473968, 31.990320114384534]]]}}, {"type": "Feature", "properties": {"OBJECTID": 2613, "UNIQ_ID": 52467525, "PARENT": 6390191, "FCODE": 201, "FTYPE": 11, "HI_PNT_X": 188582.96982654, "HI_PNT_Y": 655227.8306939, "HI_PNT_Z": 40.9, "HEIGHT": 40.76, "HT_LAND": 38.13, "FNAME": null, "LATIN_NAME": null, "BLDG_HT": 2.63, "USG_ID": null, "CMPLX_ID": null, "CMLX_FCD": null, "ORIG_AREA": 45.3303, "DATA_YEAR": null, "PRDCT_VER": null, "MUN_HEB": "יגל", "mzm_lamas": 798, "logic_num": 46, "mzm": 270, "mzm_num_ID": "798B270", "Label": "B270", "Col_Row": "629 - 1480", "BUILD_YEAR": null, "FTYPE_D": "בנין", "Shape_Length": 29.82269824798761, "Shape_Area": 45.330300001346316}, "geometry": {"type": "Polygon", "coordinates": [[[34.87772062365778, 31.98968932223781], [34.87768973236983, 31.989717379015044], [34.87777097635665, 31.98978305915318], [34.87780281612504, 31.989756086962785], [34.87772062365778, 31.98968932223781]]]}}, {"type": "Feature", "properties": {"OBJECTID": 2616, "UNIQ_ID": 52479146, "PARENT": 6067237, "FCODE": 201, "FTYPE": 11, "HI_PNT_X": 188506.43032654, "HI_PNT_Y": 655308.4956939, "HI_PNT_Z": 39, "HEIGHT": 39, "HT_LAND": 37.410000000000004, "FNAME": null, "LATIN_NAME": null, "BLDG_HT": 1.59, "USG_ID": null, "CMPLX_ID": null, "CMLX_FCD": null, "ORIG_AREA": 46.83735, "DATA_YEAR": null, "PRDCT_VER": null, "MUN_HEB": "יגל", "mzm_lamas": 798, "logic_num": 14, "mzm": 107, "mzm_num_ID": "798B107", "Label": "B107", "Col_Row": "629 - 1479", "BUILD_YEAR": 0, "FTYPE_D": "בנין", "Shape_Length": 27.4125741938995, "Shape_Area": 46.837350001268646}, "geometry": {"type": "Polygon", "coordinates": [[[34.876933845188766, 31.990418838243773], [34.876890301335756, 31.990463816093925], [34.87694941066336, 31.990505181086988], [34.87699306256353, 31.99045957223248], [34.876933845188766, 31.990418838243773]]]}}, {"type": "Feature", "properties": {"OBJECTID": 2617, "UNIQ_ID": 52469735, "PARENT": 6390180, "FCODE": 201, "FTYPE": 11, "HI_PNT_X": 188582.41052654, "HI_PNT_Y": 655371.6846939, "HI_PNT_Z": 40.25, "HEIGHT": 40.15, "HT_LAND": 37, "FNAME": null, "LATIN_NAME": null, "BLDG_HT": 3.15, "USG_ID": null, "CMPLX_ID": null, "CMLX_FCD": null, "ORIG_AREA": 44.9074, "DATA_YEAR": null, "PRDCT_VER": null, "MUN_HEB": "יגל", "mzm_lamas": 798, "logic_num": 7980102, "mzm": 72, "mzm_num_ID": "798B72", "Label": "B72", "Col_Row": "629 - 1479", "BUILD_YEAR": null, "FTYPE_D": "בנין", "Shape_Length": 30.52659755341685, "Shape_Area": 44.90739999023489}, "geometry": {"type": "Polygon", "coordinates": [[[34.87769898513036, 31.990987864904078], [34.87767359574863, 31.99101593583388], [34.877767441097994, 31.991079303717253], [34.87779294011801, 31.991050150885883], [34.87769898513036, 31.990987864904078]]]}}, {"type": "Feature", "properties": {"OBJECTID": 2619, "UNIQ_ID": 53328033, "PARENT": 6067188, "FCODE": 201, "FTYPE": 11, "HI_PNT_X": 188503.49232654, "HI_PNT_Y": 655363.5913939, "HI_PNT_Z": 39.53, "HEIGHT": 39.53, "HT_LAND": 36.63, "FNAME": null, "LATIN_NAME": null, "BLDG_HT": 2.9, "USG_ID": null, "CMPLX_ID": null, "CMLX_FCD": null, "ORIG_AREA": 21.936, "DATA_YEAR": 2014, "PRDCT_VER": "2015-07", "MUN_HEB": "יגל", "mzm_lamas": 798, "logic_num": 14, "mzm": 92, "mzm_num_ID": "798B92", "Label": "B92", "Col_Row": "629 - 1479", "BUILD_YEAR": null, "FTYPE_D": "בנין", "Shape_Length": 19.57274431774598, "Shape_Area": 21.935999997701497}, "geometry": {"type": "Polygon", "coordinates": [[[34.876925270295175, 31.990930721745833], [34.87688278818311, 31.990974620163442], [34.876911287900974, 31.990994443227667], [34.876953770008775, 31.990950544800604], [34.876925270295175, 31.990930721745833]]]}}, {"type": "Feature", "properties": {"OBJECTID": 2620, "UNIQ_ID": 52469744, "PARENT": 6067175, "FCODE": 201, "FTYPE": 11, "HI_PNT_X": 187764.78132654, "HI_PNT_Y": 655372.2989939, "HI_PNT_Z": 39.99, "HEIGHT": 39.9, "HT_LAND": 36.6, "FNAME": null, "LATIN_NAME": null, "BLDG_HT": 3.3000000000000003, "USG_ID": null, "CMPLX_ID": 54447111, "CMLX_FCD": 253, "ORIG_AREA": 58.326, "DATA_YEAR": null, "PRDCT_VER": null, "MUN_HEB": "אחיעזר", "mzm_lamas": 797, "logic_num": 27, "mzm": 322, "mzm_num_ID": "797B322", "Label": "B322", "Col_Row": "621 - 1479", "BUILD_YEAR": null, "FTYPE_D": "בנין", "Shape_Length": 31.721895277692532, "Shape_Area": 58.326000003037976}, "geometry": {"type": "Polygon", "coordinates": [[[34.86906347105337, 31.99096642188695], [34.869022063692206, 31.99100472931246], [34.86910120334712, 31.991065720025297], [34.86914261234332, 31.991026961676667], [34.86906347105337, 31.99096642188695]]]}}, {"type": "Feature", "properties": {"OBJECTID": 2626, "UNIQ_ID": 52469752, "PARENT": 6066764, "FCODE": 201, "FTYPE": 11, "HI_PNT_X": 187218.35002654, "HI_PNT_Y": 655779.4369939, "HI_PNT_Z": 45.4, "HEIGHT": 45.4, "HT_LAND": 36, "FNAME": null, "LATIN_NAME": null, "BLDG_HT": 9.4, "USG_ID": null, "CMPLX_ID": null, "CMLX_FCD": null, "ORIG_AREA": 199.89700000000002, "DATA_YEAR": null, "PRDCT_VER": null, "MUN_HEB": "כפר חבד", "mzm_lamas": 696, "logic_num": 59, "mzm": 370, "mzm_num_ID": "696B370", "Label": "B370", "Col_Row": "616 - 1475", "BUILD_YEAR": 0, "FTYPE_D": "בנין", "Shape_Length": 57.97999999858439, "Shape_Area": 199.89699999081157}, "geometry": {"type": "Polygon", "coordinates": [[[34.863355086972824, 31.99458890424459], [34.86323551218062, 31.9945885828176], [34.863234921621604, 31.99474811021953], [34.863354496620794, 31.994748431648496], [34.863355086972824, 31.99458890424459]]]}}, {"type": "Feature", "properties": {"OBJECTID": 2631, "UNIQ_ID": 52469178, "PARENT": 4054415, "FCODE": 201, "FTYPE": 11, "HI_PNT_X": 188409.93842654, "HI_PNT_Y": 655570.7608939, "HI_PNT_Z": 43.74, "HEIGHT": 43.74, "HT_LAND": 34.09, "FNAME": null, "LATIN_NAME": null, "BLDG_HT": 9.65, "USG_ID": null, "CMPLX_ID": null, "CMLX_FCD": null, "ORIG_AREA": 124.19760000000001, "DATA_YEAR": null, "PRDCT_VER": null, "MUN_HEB": "יגל", "mzm_lamas": 798, "logic_num": 53, "mzm": 300, "mzm_num_ID": "798B300", "Label": "B300", "Col_Row": "628 - 1477", "BUILD_YEAR": null, "FTYPE_D": "בנין", "Shape_Length": 44.62905556128768, "Shape_Area": 124.19759999117124}, "geometry": {"type": "Polygon", "coordinates": [[[34.875918076301645, 31.992749721558603], [34.87583536432935, 31.992828325099595], [34.875918732144264, 31.992892298468664], [34.87600154831375, 31.992814146045703], [34.875918076301645, 31.992749721558603]]]}}, {"type": "Feature", "properties": {"OBJECTID": 2634, "UNIQ_ID": 52479996, "PARENT": 8861900, "FCODE": 201, "FTYPE": 11, "HI_PNT_X": 188698.11602654, "HI_PNT_Y": 655258.7765939, "HI_PNT_Z": 42.11, "HEIGHT": 41.77, "HT_LAND": 38.11, "FNAME": null, "LATIN_NAME": null, "BLDG_HT": 3.66, "USG_ID": null, "CMPLX_ID": null, "CMLX_FCD": null, "ORIG_AREA": 44.025, "DATA_YEAR": null, "PRDCT_VER": null, "MUN_HEB": "יגל", "mzm_lamas": 798, "logic_num": 45, "mzm": 264, "mzm_num_ID": "798B264", "Label": "B264", "Col_Row": "630 - 1480", "BUILD_YEAR": null, "FTYPE_D": "בנין", "Shape_Length": 29.103131644812834, "Shape_Area": 44.025000002235174}, "geometry": {"type": "Polygon", "coordinates": [[[34.87893955014474, 31.989973095697003], [34.878907708401734, 31.990000699430844], [34.87898684552148, 31.990064028696573], [34.87901868726301, 31.990036424943163], [34.87893955014474, 31.989973095697003]]]}}, {"type": "Feature", "properties": {"OBJECTID": 2635, "UNIQ_ID": 52479599, "PARENT": 6390169, "FCODE": 201, "FTYPE": 11, "HI_PNT_X": 188412.52692654, "HI_PNT_Y": 655420.9439939, "HI_PNT_Z": 41.31, "HEIGHT": 41.09, "HT_LAND": 38.11, "FNAME": null, "LATIN_NAME": null, "BLDG_HT": 2.98, "USG_ID": null, "CMPLX_ID": null, "CMLX_FCD": null, "ORIG_AREA": 50.37795, "DATA_YEAR": null, "PRDCT_VER": null, "MUN_HEB": "יגל", "mzm_lamas": 798, "logic_num": 15, "mzm": 106, "mzm_num_ID": "798B106", "Label": "B106", "Col_Row": "628 - 1478", "BUILD_YEAR": null, "FTYPE_D": "בנין", "Shape_Length": 32.19213870752945, "Shape_Area": 50.37794998770039}, "geometry": {"type": "Polygon", "coordinates": [[[34.87597382186893, 31.991419073524565], [34.875891949311644, 31.991500023987307], [34.87592582561593, 31.991525452375065], [34.87600738072166, 31.991444501069278], [34.87597382186893, 31.991419073524565]]]}}, {"type": "Feature", "properties": {"OBJECTID": 2649, "UNIQ_ID": 52533111, "PARENT": 4054420, "FCODE": 201, "FTYPE": 11, "HI_PNT_X": 188435.74512654, "HI_PNT_Y": 655551.5913939, "HI_PNT_Z": 38.300000000000004, "HEIGHT": 38.300000000000004, "HT_LAND": 35.09, "FNAME": null, "LATIN_NAME": null, "BLDG_HT": 3.21, "USG_ID": null, "CMPLX_ID": null, "CMLX_FCD": null, "ORIG_AREA": 28.315849999999998, "DATA_YEAR": null, "PRDCT_VER": null, "MUN_HEB": "יגל", "mzm_lamas": 798, "logic_num": 51, "mzm": 288, "mzm_num_ID": "798B288", "Label": "B288", "Col_Row": "628 - 1477", "BUILD_YEAR": null, "FTYPE_D": "בנין", "Shape_Length": 21.42526744072961, "Shape_Area": 28.31585000019949}, "geometry": {"type": "Polygon", "coordinates": [[[34.87617365767103, 31.992621785624557], [34.87614707288151, 31.992658420284382], [34.876202106848865, 31.99268561675053], [34.87622752764511, 31.992648979069074], [34.87617365767103, 31.992621785624557]]]}}, {"type": "Feature", "properties": {"OBJECTID": 2661, "UNIQ_ID": 52533891, "PARENT": 6067019, "FCODE": 201, "FTYPE": 11, "HI_PNT_X": 187451.71382654, "HI_PNT_Y": 655577.1512939, "HI_PNT_Z": 52.1, "HEIGHT": 52.1, "HT_LAND": 37, "FNAME": null, "LATIN_NAME": null, "BLDG_HT": 15.1, "USG_ID": null, "CMPLX_ID": null, "CMLX_FCD": null, "ORIG_AREA": 688.9246, "DATA_YEAR": null, "PRDCT_VER": null, "MUN_HEB": "כפר חבד", "mzm_lamas": 696, "logic_num": 130, "mzm": 581, "mzm_num_ID": "696B581", "Label": "B581", "Col_Row": "618 - 1477", "BUILD_YEAR": null, "FTYPE_D": "בנין", "Shape_Length": 112.57350991645632, "Shape_Area": 688.9245999868303}, "geometry": {"type": "Polygon", "coordinates": [[[34.86557852420642, 31.99275797703697], [34.86557301647826, 31.99293210060168], [34.86596429685014, 31.992941080610898], [34.86596787500712, 31.992831160296532], [34.86592999670601, 31.992829977107363], [34.865932029725585, 31.992766225015576], [34.86557852420642, 31.99275797703697]]]}}, {"type": "Feature", "properties": {"OBJECTID": 2667, "UNIQ_ID": 52531823, "PARENT": 4054470, "FCODE": 201, "FTYPE": 11, "HI_PNT_X": 188628.09842654, "HI_PNT_Y": 655341.5306939, "HI_PNT_Z": 39.28, "HEIGHT": 39.18, "HT_LAND": 35.88, "FNAME": null, "LATIN_NAME": null, "BLDG_HT": 3.3000000000000003, "USG_ID": null, "CMPLX_ID": null, "CMLX_FCD": null, "ORIG_AREA": 87.684, "DATA_YEAR": null, "PRDCT_VER": null, "MUN_HEB": "יגל", "mzm_lamas": 798, "logic_num": 11, "mzm": 83, "mzm_num_ID": "798B83", "Label": "B83", "Col_Row": "630 - 1479", "BUILD_YEAR": 0, "FTYPE_D": "בנין", "Shape_Length": 42.80355015309735, "Shape_Area": 87.68399999907612}, "geometry": {"type": "Polygon", "coordinates": [[[34.87816241938506, 31.990699397563848], [34.87812841522788, 31.990739891340663], [34.87826568261094, 31.990822488742626], [34.87829968673895, 31.99078199492937], [34.87816241938506, 31.990699397563848]]]}}, {"type": "Feature", "properties": {"OBJECTID": 2683, "UNIQ_ID": 52537722, "PARENT": 6067297, "FCODE": 201, "FTYPE": 11, "HI_PNT_X": 188507.45542654, "HI_PNT_Y": 655226.4537939, "HI_PNT_Z": 41.08, "HEIGHT": 40.980000000000004, "HT_LAND": 37.67, "FNAME": null, "LATIN_NAME": null, "BLDG_HT": 3.31, "USG_ID": null, "CMPLX_ID": null, "CMLX_FCD": null, "ORIG_AREA": 340.62850000000003, "DATA_YEAR": 2014, "PRDCT_VER": "2015-07", "MUN_HEB": "יגל", "mzm_lamas": 798, "logic_num": 11, "mzm": 65, "mzm_num_ID": "798B65", "Label": "B65", "Col_Row": "628 - 1480", "BUILD_YEAR": null, "FTYPE_D": "בנין", "Shape_Length": 90.92681281999131, "Shape_Area": 340.6284999855664}, "geometry": {"type": "Polygon", "coordinates": [[[34.87708099236535, 31.98956567347642], [34.87682723838319, 31.989807423780537], [34.876901105348274, 31.98986451828807], [34.87715591742509, 31.989622770566744], [34.87708099236535, 31.98956567347642]]]}}, {"type": "Feature", "properties": {"OBJECTID": 2692, "UNIQ_ID": 52534385, "PARENT": 6066856, "FCODE": 201, "FTYPE": 11, "HI_PNT_X": 187340.18912654, "HI_PNT_Y": 655671.4351939, "HI_PNT_Z": 45.5, "HEIGHT": 45.5, "HT_LAND": 37.2, "FNAME": null, "LATIN_NAME": null, "BLDG_HT": 8.3, "USG_ID": null, "CMPLX_ID": null, "CMLX_FCD": null, "ORIG_AREA": 1968.9332000000002, "DATA_YEAR": null, "PRDCT_VER": null, "MUN_HEB": "כפר חבד", "mzm_lamas": 696, "logic_num": 60, "mzm": 376, "mzm_num_ID": "696B376", "Label": "B376", "Col_Row": "617 - 1476", "BUILD_YEAR": 0, "FTYPE_D": "בנין", "Shape_Length": 206.29658587758638, "Shape_Area": 1968.9331999898545}, "geometry": {"type": "Polygon", "coordinates": [[[34.86450130344548, 31.99341792184924], [34.864497362211196, 31.9935684222865], [34.864390387301576, 31.993566422275837], [34.86438471291184, 31.99378509439839], [34.86450301054684, 31.993787124743594], [34.864499422001465, 31.99392806700103], [34.86482838849695, 31.99393453891324], [34.8648334287617, 31.993744091521762], [34.86478803540309, 31.993743338782135], [34.864792465902056, 31.993574803578582], [34.8648374359087, 31.99357555518347], [34.86484148639221, 31.993423972861635], [34.86450130344548, 31.99341792184924]]]}}, {"type": "Feature", "properties": {"OBJECTID": 2694, "UNIQ_ID": 52538629, "PARENT": 4054526, "FCODE": 201, "FTYPE": 11, "HI_PNT_X": 188684.36832654, "HI_PNT_Y": 655153.0550939, "HI_PNT_Z": 44, "HEIGHT": 44, "HT_LAND": 36, "FNAME": null, "LATIN_NAME": null, "BLDG_HT": 8, "USG_ID": null, "CMPLX_ID": null, "CMLX_FCD": null, "ORIG_AREA": 131.4104, "DATA_YEAR": null, "PRDCT_VER": null, "MUN_HEB": "יגל", "mzm_lamas": 798, "logic_num": 9, "mzm": 52, "mzm_num_ID": "798B52", "Label": "B52", "Col_Row": "630 - 1481", "BUILD_YEAR": null, "FTYPE_D": "בנין", "Shape_Length": 46.29075529537441, "Shape_Area": 131.41039999183306}, "geometry": {"type": "Polygon", "coordinates": [[[34.87880335254912, 31.98898869716561], [34.87873433188552, 31.98905723758046], [34.8788408256894, 31.98913416421144], [34.87890889402241, 31.989065621296852], [34.87880335254912, 31.98898869716561]]]}}, {"type": "Feature", "properties": {"OBJECTID": 2700, "UNIQ_ID": 52528567, "PARENT": 6067358, "FCODE": 201, "FTYPE": 11, "HI_PNT_X": 187287.69592654, "HI_PNT_Y": 655148.7137939, "HI_PNT_Z": 43.72, "HEIGHT": 43.72, "HT_LAND": 37.81, "FNAME": null, "LATIN_NAME": null, "BLDG_HT": 5.91, "USG_ID": null, "CMPLX_ID": null, "CMLX_FCD": null, "ORIG_AREA": 451.51640000000003, "DATA_YEAR": null, "PRDCT_VER": null, "MUN_HEB": "כפר חבד", "mzm_lamas": 696, "logic_num": 222, "mzm": 229, "mzm_num_ID": "696B229", "Label": "B229", "Col_Row": "616 - 1481", "BUILD_YEAR": null, "FTYPE_D": "בנין", "Shape_Length": 137.38081881156836, "Shape_Area": 451.5164000161843}, "geometry": {"type": "Polygon", "coordinates": [[[34.863948474111766, 31.988901198693384], [34.86386881537487, 31.98898214733506], [34.86391630784826, 31.98901555133264], [34.86393978189936, 31.988991355780776], [34.86396827819698, 31.9890111817348], [34.86392367060988, 31.989056152268375], [34.86397327305529, 31.989091275332942], [34.86401575806758, 31.989048012516797], [34.864061136717446, 31.989080779527725], [34.86402290084617, 31.98911954473536], [34.86406205492837, 31.989147335128507], [34.864101143617305, 31.989106858768334], [34.86413090174177, 31.989128852399006], [34.864103182567554, 31.98915646345802], [34.86415595151326, 31.989193759271647], [34.86424400262001, 31.989103814906425], [34.86413129088872, 31.98902343254889], [34.86415975868675, 31.988993659160315], [34.8641262000233, 31.988969310655254], [34.86411026963788, 31.98898513969198], [34.864078611610495, 31.98896187843561], [34.864060451176, 31.988979865815587], [34.863948474111766, 31.988901198693384]]]}}, {"type": "Feature", "properties": {"OBJECTID": 2704, "UNIQ_ID": 52534438, "PARENT": 6067033, "FCODE": 201, "FTYPE": 11, "HI_PNT_X": 188017.45522654, "HI_PNT_Y": 655565.0838939, "HI_PNT_Z": 45.31, "HEIGHT": 45.31, "HT_LAND": 39.52, "FNAME": null, "LATIN_NAME": null, "BLDG_HT": 5.79, "USG_ID": null, "CMPLX_ID": null, "CMLX_FCD": null, "ORIG_AREA": 223.2742, "DATA_YEAR": null, "PRDCT_VER": null, "MUN_HEB": "עמק לוד", "mzm_lamas": 10040, "logic_num": 9, "mzm": 198, "mzm_num_ID": "10040B198", "Label": "B198", "Col_Row": "624 - 1477", "BUILD_YEAR": null, "FTYPE_D": "בנין", "Shape_Length": 64.16173484729202, "Shape_Area": 223.27419999856892}, "geometry": {"type": "Polygon", "coordinates": [[[34.87171330120081, 31.992665992170327], [34.871633666139786, 31.9927413545318], [34.8717687429956, 31.992843702684006], [34.871787858958065, 31.992824634548594], [34.87181730039838, 31.9928472568092], [34.87187792529003, 31.99279096276282], [34.87171330120081, 31.992665992170327]]]}}, {"type": "Feature", "properties": {"OBJECTID": 2721, "UNIQ_ID": 53338762, "PARENT": 8861908, "FCODE": 201, "FTYPE": 11, "HI_PNT_X": 187252.91702654, "HI_PNT_Y": 655001.1579939, "HI_PNT_Z": 40.28, "HEIGHT": 40.28, "HT_LAND": 36.27, "FNAME": null, "LATIN_NAME": null, "BLDG_HT": 4.01, "USG_ID": null, "CMPLX_ID": null, "CMLX_FCD": null, "ORIG_AREA": 177.86624999999998, "DATA_YEAR": null, "PRDCT_VER": null, "MUN_HEB": "אחיעזר", "mzm_lamas": 797, "logic_num": 27, "mzm": 403, "mzm_num_ID": "797B403", "Label": "B403", "Col_Row": "616 - 1482", "BUILD_YEAR": 0, "FTYPE_D": "בנין", "Shape_Length": 53.37448137894684, "Shape_Area": 177.86625001297799}, "geometry": {"type": "Polygon", "coordinates": [[[34.86368580895322, 31.987565823631627], [34.86359761963929, 31.987664785306368], [34.86370750969387, 31.98773506036396], [34.86379443156582, 31.987635463949154], [34.86368580895322, 31.987565823631627]]]}}, {"type": "Feature", "properties": {"OBJECTID": 2742, "UNIQ_ID": 52530471, "PARENT": 4054537, "FCODE": 201, "FTYPE": 11, "HI_PNT_X": 188709.23612654, "HI_PNT_Y": 655070.3005939, "HI_PNT_Z": 41.7, "HEIGHT": 41.7, "HT_LAND": 37.2, "FNAME": null, "LATIN_NAME": null, "BLDG_HT": 4.5, "USG_ID": null, "CMPLX_ID": null, "CMLX_FCD": null, "ORIG_AREA": 58.593149999999994, "DATA_YEAR": null, "PRDCT_VER": null, "MUN_HEB": "יגל", "mzm_lamas": 798, "logic_num": 7986001, "mzm": 421, "mzm_num_ID": "798B421", "Label": "B421", "Col_Row": "631 - 1482", "BUILD_YEAR": null, "FTYPE_D": "בנין", "Shape_Length": 31.5216296460484, "Shape_Area": 58.593149999859186}, "geometry": {"type": "Polygon", "coordinates": [[[34.87909688569634, 31.98826692397763], [34.879044664024654, 31.98834281225008], [34.87909969629334, 31.988370007466624], [34.8791518121242, 31.98829411890048], [34.87909688569634, 31.98826692397763]]]}}, {"type": "Feature", "properties": {"OBJECTID": 2756, "UNIQ_ID": 52530831, "PARENT": 6067042, "FCODE": 201, "FTYPE": 11, "HI_PNT_X": 188071.68892654, "HI_PNT_Y": 655553.3862939, "HI_PNT_Z": 45.480000000000004, "HEIGHT": 45.480000000000004, "HT_LAND": 39.11, "FNAME": null, "LATIN_NAME": null, "BLDG_HT": 6.37, "USG_ID": null, "CMPLX_ID": null, "CMLX_FCD": null, "ORIG_AREA": 196.8573, "DATA_YEAR": null, "PRDCT_VER": null, "MUN_HEB": "עמק לוד", "mzm_lamas": 10040, "logic_num": 9, "mzm": 157, "mzm_num_ID": "10040B157", "Label": "B157", "Col_Row": "624 - 1477", "BUILD_YEAR": null, "FTYPE_D": "בנין", "Shape_Length": 59.28485446730225, "Shape_Area": 196.85730000205785}, "geometry": {"type": "Polygon", "coordinates": [[[34.87230200727134, 31.99256554016971], [34.87226790021599, 31.992604318654084], [34.8722796194945, 31.992611653937626], [34.87225624632886, 31.992637564715245], [34.872264691480936, 31.992643178003128], [34.8722317499854, 31.992681508625846], [34.8723141001968, 31.992733487698747], [34.87232260579646, 31.99272232758901], [34.87235206358134, 31.992740440749767], [34.87243176302093, 31.99264704202569], [34.87230200727134, 31.99256554016971]]]}}, {"type": "Feature", "properties": {"OBJECTID": 2780, "UNIQ_ID": 52530873, "PARENT": 4054531, "FCODE": 201, "FTYPE": 11, "HI_PNT_X": 188788.68152654, "HI_PNT_Y": 655129.8038939, "HI_PNT_Z": 44.18, "HEIGHT": 44.18, "HT_LAND": 37.2, "FNAME": null, "LATIN_NAME": null, "BLDG_HT": 6.98, "USG_ID": null, "CMPLX_ID": null, "CMLX_FCD": null, "ORIG_AREA": 207.39565, "DATA_YEAR": null, "PRDCT_VER": null, "MUN_HEB": "יגל", "mzm_lamas": 798, "logic_num": 7986001, "mzm": 29, "mzm_num_ID": "798B29", "Label": "B29", "Col_Row": "631 - 1481", "BUILD_YEAR": null, "FTYPE_D": "בנין", "Shape_Length": 63.854556625358356, "Shape_Area": 207.39565000291392}, "geometry": {"type": "Polygon", "coordinates": [[[34.879923682448975, 31.988753670475525], [34.87984295774966, 31.98884084893256], [34.87986934724689, 31.988858952513286], [34.87985341575598, 31.988875865700724], [34.879876742748216, 31.988892248019003], [34.879851142984684, 31.988920318860828], [34.8798943188504, 31.98894919683993], [34.87992310281168, 31.988918338536298], [34.87993893526185, 31.988929561394016], [34.88003346691436, 31.98882780893072], [34.879923682448975, 31.988753670475525]]]}}, {"type": "Feature", "properties": {"OBJECTID": 2781, "UNIQ_ID": 53338937, "PARENT": 5506296, "FCODE": 201, "FTYPE": 11, "HI_PNT_X": 187292.40172654, "HI_PNT_Y": 655007.4162939, "HI_PNT_Z": 43.43, "HEIGHT": 41.56, "HT_LAND": 35.27, "FNAME": null, "LATIN_NAME": null, "BLDG_HT": 6.29, "USG_ID": null, "CMPLX_ID": null, "CMLX_FCD": null, "ORIG_AREA": 214.4058, "DATA_YEAR": null, "PRDCT_VER": null, "MUN_HEB": "אחיעזר", "mzm_lamas": 797, "logic_num": 27, "mzm": 338, "mzm_num_ID": "797B338", "Label": "B338", "Col_Row": "616 - 1482", "BUILD_YEAR": 0, "FTYPE_D": "בנין", "Shape_Length": 59.3033678458814, "Shape_Area": 214.40580000149163}, "geometry": {"type": "Polygon", "coordinates": [[[34.8641312098813, 31.987612108824266], [34.86401102659748, 31.987721716472194], [34.864111253319315, 31.987801434206833], [34.86423147785352, 31.98768064420317], [34.8641312098813, 31.987612108824266]]]}}, {"type": "Feature", "properties": {"OBJECTID": 2802, "UNIQ_ID": 52531683, "PARENT": 6067032, "FCODE": 201, "FTYPE": 11, "HI_PNT_X": 188343.68302654, "HI_PNT_Y": 655571.5000939, "HI_PNT_Z": 40.44, "HEIGHT": 40.44, "HT_LAND": 34.2, "FNAME": null, "LATIN_NAME": null, "BLDG_HT": 6.24, "USG_ID": null, "CMPLX_ID": null, "CMLX_FCD": null, "ORIG_AREA": 86.9006, "DATA_YEAR": null, "PRDCT_VER": null, "MUN_HEB": "יגל", "mzm_lamas": 798, "logic_num": 7980102, "mzm": 296, "mzm_num_ID": "798B296", "Label": "B296", "Col_Row": "627 - 1477", "BUILD_YEAR": null, "FTYPE_D": "בנין", "Shape_Length": 38.606577875323424, "Shape_Area": 86.90059999640155}, "geometry": {"type": "Polygon", "coordinates": [[[34.87522301188761, 31.99276532528238], [34.87514531038199, 31.992833390261573], [34.87521294164572, 31.9928887561234], [34.87527982152729, 31.992828598912332], [34.87524711502757, 31.992801459962767], [34.87525656489919, 31.992792466433855], [34.87522301188761, 31.99276532528238]]]}}, {"type": "Feature", "properties": {"OBJECTID": 2821, "UNIQ_ID": 52530156, "PARENT": 6066757, "FCODE": 201, "FTYPE": 11, "HI_PNT_X": 187308.97612654, "HI_PNT_Y": 655788.5560939, "HI_PNT_Z": 48.7, "HEIGHT": 48.7, "HT_LAND": 36.29, "FNAME": null, "LATIN_NAME": null, "BLDG_HT": 12.41, "USG_ID": null, "CMPLX_ID": null, "CMLX_FCD": null, "ORIG_AREA": 322.59630000000004, "DATA_YEAR": null, "PRDCT_VER": null, "MUN_HEB": "כפר חבד", "mzm_lamas": 696, "logic_num": 142, "mzm": 574, "mzm_num_ID": "696B574", "Label": "B574", "Col_Row": "616 - 1474", "BUILD_YEAR": null, "FTYPE_D": "בנין", "Shape_Length": 72.89983180411349, "Shape_Area": 322.5963000180608}, "geometry": {"type": "Polygon", "coordinates": [[[34.86436435735812, 31.994684588675256], [34.86413873962027, 31.994687410747687], [34.86414257242751, 31.9948244049381], [34.86436798285616, 31.99482050014092], [34.86436435735812, 31.994684588675256]]]}}, {"type": "Feature", "properties": {"OBJECTID": 2825, "UNIQ_ID": 64907852, "PARENT": 52533059, "FCODE": 201, "FTYPE": 11, "HI_PNT_X": 188433.84082654, "HI_PNT_Y": 655414.0311939, "HI_PNT_Z": 39.69, "HEIGHT": 40.39, "HT_LAND": 37.31, "FNAME": null, "LATIN_NAME": null, "BLDG_HT": 3.08, "USG_ID": null, "CMPLX_ID": null, "CMLX_FCD": null, "ORIG_AREA": 282.8576113, "DATA_YEAR": 2014, "PRDCT_VER": "2015-07", "MUN_HEB": "יגל", "mzm_lamas": 798, "logic_num": 15, "mzm": 386, "mzm_num_ID": "798B386", "Label": "B386", "Col_Row": "628 - 1478", "BUILD_YEAR": null, "FTYPE_D": "בנין", "Shape_Length": 67.44590253832192, "Shape_Area": 282.8576112780144}, "geometry": {"type": "Polygon", "coordinates": [[[34.87611189662107, 31.991480316100937], [34.87621654985676, 31.991368813568226], [34.87607021661815, 31.99126440381723], [34.875967903033605, 31.991376763589173], [34.8760513744833, 31.991436553679215], [34.87611189662107, 31.991480316100937]]]}}, {"type": "Feature", "properties": {"OBJECTID": 2838, "UNIQ_ID": 53339043, "PARENT": 6067379, "FCODE": 201, "FTYPE": 11, "HI_PNT_X": 187251.33752654, "HI_PNT_Y": 655122.3321939, "HI_PNT_Z": 43.56, "HEIGHT": 43.56, "HT_LAND": 37.49, "FNAME": null, "LATIN_NAME": null, "BLDG_HT": 6.07, "USG_ID": null, "CMPLX_ID": null, "CMLX_FCD": null, "ORIG_AREA": 397.37, "DATA_YEAR": null, "PRDCT_VER": null, "MUN_HEB": "כפר חבד", "mzm_lamas": 696, "logic_num": 222, "mzm": 227, "mzm_num_ID": "696B227", "Label": "B227", "Col_Row": "616 - 1481", "BUILD_YEAR": 0, "FTYPE_D": "בנין", "Shape_Length": 137.75566623511125, "Shape_Area": 397.37000002157407}, "geometry": {"type": "Polygon", "coordinates": [[[34.86363192192604, 31.988661371012554], [34.86353972098755, 31.988757526260788], [34.86358911383601, 31.988792017650056], [34.86361375584455, 31.988766743129446], [34.8636463683262, 31.988789375801616], [34.86361450578205, 31.988821484650252], [34.86366294871982, 31.988855342197045], [34.863731034387214, 31.98878509408575], [34.86377642080392, 31.988815696889947], [34.86370854277217, 31.988887027747587], [34.86374432101126, 31.988912013583672], [34.8637761875409, 31.988878822548642], [34.86381207393962, 31.98890317739317], [34.8637896603295, 31.988926744504987], [34.863833036408295, 31.98895734189299], [34.86390961861667, 31.988878549349014], [34.86379352547576, 31.988797075453867], [34.86381572742957, 31.98877350777272], [34.8637567326349, 31.988731686085174], [34.8637470624477, 31.98874284249891], [34.86363192192604, 31.988661371012554]]]}}, {"type": "Feature", "properties": {"OBJECTID": 2839, "UNIQ_ID": 52530073, "PARENT": 6067458, "FCODE": 201, "FTYPE": 11, "HI_PNT_X": 187211.40662654, "HI_PNT_Y": 655058.9334939, "HI_PNT_Z": 42.34, "HEIGHT": 42.28, "HT_LAND": 37.59, "FNAME": null, "LATIN_NAME": null, "BLDG_HT": 4.69, "USG_ID": null, "CMPLX_ID": null, "CMLX_FCD": null, "ORIG_AREA": 250.16604999999998, "DATA_YEAR": null, "PRDCT_VER": null, "MUN_HEB": "כפר חבד", "mzm_lamas": 696, "logic_num": 221, "mzm": 608, "mzm_num_ID": "696B608", "Label": "B608", "Col_Row": "616 - 1482", "BUILD_YEAR": 0, "FTYPE_D": "בנין", "Shape_Length": 65.94407961813283, "Shape_Area": 250.16605001538505}, "geometry": {"type": "Polygon", "coordinates": [[[34.863336765829715, 31.988101459576065], [34.86314532043446, 31.988109962971304], [34.86315206890907, 31.98823064251127], [34.86318191398139, 31.988229009330965], [34.86318281621044, 31.988242538818717], [34.86328430975835, 31.988237220476133], [34.863283443221086, 31.9882140417807], [34.863343765880856, 31.988211408313916], [34.863336765829715, 31.988101459576065]]]}}, {"type": "Feature", "properties": {"OBJECTID": 2845, "UNIQ_ID": 52488221, "PARENT": 6067480, "FCODE": 201, "FTYPE": 11, "HI_PNT_X": 188849.40952654, "HI_PNT_Y": 655041.1455939, "HI_PNT_Z": 48.07, "HEIGHT": 48.07, "HT_LAND": 39.84, "FNAME": null, "LATIN_NAME": null, "BLDG_HT": 8.23, "USG_ID": null, "CMPLX_ID": null, "CMLX_FCD": null, "ORIG_AREA": 201.3185, "DATA_YEAR": null, "PRDCT_VER": null, "MUN_HEB": "יגל", "mzm_lamas": 798, "logic_num": 8, "mzm": 33, "mzm_num_ID": "798B33", "Label": "B33", "Col_Row": "632 - 1482", "BUILD_YEAR": null, "FTYPE_D": "בנין", "Shape_Length": 66.05773636196673, "Shape_Area": 201.31850000533834}, "geometry": {"type": "Polygon", "coordinates": [[[34.88053701495396, 31.987958853316307], [34.880465947309645, 31.98800827120565], [34.88051339180905, 31.988056909399276], [34.880473082508836, 31.988085574094246], [34.88053423117793, 31.988148856496295], [34.88067212047509, 31.98805388753351], [34.88063944351184, 31.988018363243945], [34.88061292359975, 31.988037413849145], [34.88053701495396, 31.987958853316307]]]}}, {"type": "Feature", "properties": {"OBJECTID": 2858, "UNIQ_ID": 52486917, "PARENT": 6067014, "FCODE": 201, "FTYPE": 11, "HI_PNT_X": 188036.69242654, "HI_PNT_Y": 655579.5005939, "HI_PNT_Z": 43.12, "HEIGHT": 43.12, "HT_LAND": 39.47, "FNAME": null, "LATIN_NAME": null, "BLDG_HT": 3.65, "USG_ID": null, "CMPLX_ID": null, "CMLX_FCD": null, "ORIG_AREA": 233.7234, "DATA_YEAR": null, "PRDCT_VER": null, "MUN_HEB": "עמק לוד", "mzm_lamas": 10040, "logic_num": 363, "mzm": 196, "mzm_num_ID": "10040B196", "Label": "B196", "Col_Row": "624 - 1477", "BUILD_YEAR": null, "FTYPE_D": "בנין", "Shape_Length": 71.75769582007963, "Shape_Area": 233.72340000582244}, "geometry": {"type": "Polygon", "coordinates": [[[34.87196467849925, 31.992795699077302], [34.871930664671595, 31.992837904567523], [34.87191166422584, 31.992824958991037], [34.871878822804085, 31.99286482284884], [34.87189033045119, 31.992872157613508], [34.87184994511525, 31.992920568832453], [34.87194603066572, 31.992978355680705], [34.87200341558149, 31.992910870719875], [34.87202981313721, 31.992926631248956], [34.87207986800615, 31.992867062927555], [34.87203235203705, 31.992838802205245], [34.87204925035122, 31.99281846569646], [34.87201440994778, 31.992796460610734], [34.87199846625486, 31.99281616835281], [34.87196467849925, 31.992795699077302]]]}}, {"type": "Feature", "properties": {"OBJECTID": 2865, "UNIQ_ID": 52487747, "PARENT": 6067312, "FCODE": 201, "FTYPE": 32, "HI_PNT_X": 188537.06842654, "HI_PNT_Y": 655200.2979939, "HI_PNT_Z": 43.62, "HEIGHT": 43.62, "HT_LAND": 38.34, "FNAME": null, "LATIN_NAME": null, "BLDG_HT": 5.28, "USG_ID": null, "CMPLX_ID": null, "CMLX_FCD": null, "ORIG_AREA": 1183.24655, "DATA_YEAR": null, "PRDCT_VER": null, "MUN_HEB": "יגל", "mzm_lamas": 798, "logic_num": 41, "mzm": 248, "mzm_num_ID": "798B248", "Label": "B248", "Col_Row": "629 - 1481", "BUILD_YEAR": null, "FTYPE_D": "מבנה הרוס", "Shape_Length": 152.64173342269652, "Shape_Area": 1183.2465499538862}, "geometry": {"type": "Polygon", "coordinates": [[[34.87718350249612, 31.98924497206983], [34.87698381856789, 31.989457463279695], [34.877255202961955, 31.989644115246882], [34.87724989023402, 31.98965032400244], [34.877300450439755, 31.989685444345742], [34.87737894404923, 31.989601688638416], [34.87734104555653, 31.989576701168595], [34.877379176321206, 31.989536218228807], [34.87742889385075, 31.989570254184617], [34.87751917274873, 31.98947516601491], [34.87718350249612, 31.98924497206983]]]}}, {"type": "Feature", "properties": {"OBJECTID": 2899, "UNIQ_ID": 52485007, "PARENT": 6066752, "FCODE": 201, "FTYPE": 11, "HI_PNT_X": 187241.55632654, "HI_PNT_Y": 655794.6713939, "HI_PNT_Z": 44.4, "HEIGHT": 44.4, "HT_LAND": 36.79, "FNAME": null, "LATIN_NAME": null, "BLDG_HT": 7.61, "USG_ID": null, "CMPLX_ID": null, "CMLX_FCD": null, "ORIG_AREA": 240.4856, "DATA_YEAR": null, "PRDCT_VER": null, "MUN_HEB": "כפר חבד", "mzm_lamas": 696, "logic_num": 59, "mzm": 368, "mzm_num_ID": "696B368", "Label": "B368", "Col_Row": "616 - 1474", "BUILD_YEAR": null, "FTYPE_D": "בנין", "Shape_Length": 68.26682345233196, "Shape_Area": 240.48559998678098}, "geometry": {"type": "Polygon", "coordinates": [[[34.86366755747073, 31.994764513126675], [34.86341167373784, 31.99476770353438], [34.863412296443116, 31.994856803364563], [34.86366838805987, 31.99485469567877], [34.86366755747073, 31.994764513126675]]]}}, {"type": "Feature", "properties": {"OBJECTID": 2903, "UNIQ_ID": 52485569, "PARENT": 6066889, "FCODE": 201, "FTYPE": 11, "HI_PNT_X": 188264.64712654, "HI_PNT_Y": 655667.2177939, "HI_PNT_Z": 45.42, "HEIGHT": 45.42, "HT_LAND": 37.08, "FNAME": null, "LATIN_NAME": null, "BLDG_HT": 8.34, "USG_ID": null, "CMPLX_ID": null, "CMLX_FCD": null, "ORIG_AREA": 201.5209, "DATA_YEAR": null, "PRDCT_VER": null, "MUN_HEB": "יגל", "mzm_lamas": 798, "logic_num": 16, "mzm": 379, "mzm_num_ID": "798B379", "Label": "B379", "Col_Row": "626 - 1476", "BUILD_YEAR": null, "FTYPE_D": "בנין", "Shape_Length": 57.76834042997612, "Shape_Area": 201.52089998699577}, "geometry": {"type": "Polygon", "coordinates": [[[34.87437347116982, 31.99360350977181], [34.874270387184104, 31.99369684887222], [34.874349498082175, 31.99376748553581], [34.87439596426916, 31.993764179528075], [34.87439726355909, 31.993726397327393], [34.87443428355158, 31.993731002613405], [34.87446834557111, 31.993704668327116], [34.87447042396942, 31.99365615668541], [34.87437347116982, 31.99360350977181]]]}}, {"type": "Feature", "properties": {"OBJECTID": 2915, "UNIQ_ID": 52485585, "PARENT": 6067223, "FCODE": 201, "FTYPE": 11, "HI_PNT_X": 187714.24452654, "HI_PNT_Y": 655328.9056939, "HI_PNT_Z": 39.33, "HEIGHT": 39.33, "HT_LAND": 35.79, "FNAME": null, "LATIN_NAME": null, "BLDG_HT": 3.54, "USG_ID": null, "CMPLX_ID": 54447111, "CMLX_FCD": 253, "ORIG_AREA": 62.02245, "DATA_YEAR": null, "PRDCT_VER": null, "MUN_HEB": "אחיעזר", "mzm_lamas": 797, "logic_num": 76, "mzm": 575, "mzm_num_ID": "797B575", "Label": "B575", "Col_Row": "621 - 1479", "BUILD_YEAR": 0, "FTYPE_D": "בנין", "Shape_Length": 31.58139913817927, "Shape_Area": 62.02245000911523}, "geometry": {"type": "Polygon", "coordinates": [[[34.86856545684422, 31.990572820189303], [34.86850493722982, 31.990629112949033], [34.868562972894736, 31.990673725485003], [34.86862254182099, 31.990616979280528], [34.86856545684422, 31.990572820189303]]]}}, {"type": "Feature", "properties": {"OBJECTID": 2916, "UNIQ_ID": 52532015, "PARENT": 6850172, "FCODE": 201, "FTYPE": 11, "HI_PNT_X": 188629.05982654, "HI_PNT_Y": 655390.8369939, "HI_PNT_Z": 43.09, "HEIGHT": 42.51, "HT_LAND": 37.47, "FNAME": null, "LATIN_NAME": null, "BLDG_HT": 5.04, "USG_ID": null, "CMPLX_ID": null, "CMLX_FCD": null, "ORIG_AREA": 156.67254988, "DATA_YEAR": 2014, "PRDCT_VER": "2015-07", "MUN_HEB": "יגל", "mzm_lamas": 798, "logic_num": 11, "mzm": 89, "mzm_num_ID": "798B89", "Label": "B89", "Col_Row": "630 - 1478", "BUILD_YEAR": null, "FTYPE_D": "בנין", "Shape_Length": 67.57596829581237, "Shape_Area": 156.67254988528978}, "geometry": {"type": "Polygon", "coordinates": [[[34.87826894099894, 31.991158236171852], [34.878193070482695, 31.991236780408283], [34.878281893192074, 31.991295704435817], [34.878349298275566, 31.991235749834626], [34.87844314479487, 31.991298981951214], [34.87845999351729, 31.991284709083498], [34.87834320602224, 31.991200279744668], [34.87826894099894, 31.991158236171852]]]}}, {"type": "Feature", "properties": {"OBJECTID": 2923, "UNIQ_ID": 53329997, "PARENT": 6067271, "FCODE": 201, "FTYPE": 11, "HI_PNT_X": 188563.60112654, "HI_PNT_Y": 655271.0406939, "HI_PNT_Z": 40.28, "HEIGHT": 40.28, "HT_LAND": 37.75, "FNAME": null, "LATIN_NAME": null, "BLDG_HT": 2.5300000000000002, "USG_ID": null, "CMPLX_ID": null, "CMLX_FCD": null, "ORIG_AREA": 44.33605, "DATA_YEAR": null, "PRDCT_VER": null, "MUN_HEB": "יגל", "mzm_lamas": 798, "logic_num": 11, "mzm": 73, "mzm_num_ID": "798B73", "Label": "B73", "Col_Row": "629 - 1480", "BUILD_YEAR": null, "FTYPE_D": "בנין", "Shape_Length": 31.979149764591526, "Shape_Area": 44.33605000787861}, "geometry": {"type": "Polygon", "coordinates": [[[34.877574143409944, 31.99008682122397], [34.87753803670633, 31.99012343167239], [34.87751998674303, 31.990110940279532], [34.877492485120186, 31.99013792357174], [34.877532596053115, 31.990165712287567], [34.8775559571983, 31.990142596082176], [34.877570838844065, 31.990153365881852], [34.8776110821811, 31.99011397048262], [34.877574143409944, 31.99008682122397]]]}}, {"type": "Feature", "properties": {"OBJECTID": 2929, "UNIQ_ID": 52530733, "PARENT": 6067263, "FCODE": 201, "FTYPE": 11, "HI_PNT_X": 188682.50622654, "HI_PNT_Y": 655274.9881939, "HI_PNT_Z": 43.34, "HEIGHT": 43.34, "HT_LAND": 37.95, "FNAME": null, "LATIN_NAME": null, "BLDG_HT": 5.39, "USG_ID": null, "CMPLX_ID": null, "CMLX_FCD": null, "ORIG_AREA": 240.85350000000003, "DATA_YEAR": null, "PRDCT_VER": null, "MUN_HEB": "יגל", "mzm_lamas": 798, "logic_num": 47, "mzm": 291, "mzm_num_ID": "798B291", "Label": "B291", "Col_Row": "630 - 1480", "BUILD_YEAR": null, "FTYPE_D": "בנין", "Shape_Length": 63.05273035643604, "Shape_Area": 240.8535000003278}, "geometry": {"type": "Polygon", "coordinates": [[[34.87882603722372, 31.990055680367103], [34.878700719240896, 31.99018503828977], [34.87880732999943, 31.990259169646666], [34.87893158597976, 31.99013089106174], [34.87882603722372, 31.990055680367103]]]}}, {"type": "Feature", "properties": {"OBJECTID": 2938, "UNIQ_ID": 52485644, "PARENT": 6390154, "FCODE": 201, "FTYPE": 11, "HI_PNT_X": null, "HI_PNT_Y": null, "HI_PNT_Z": null, "HEIGHT": 39.83, "HT_LAND": null, "FNAME": null, "LATIN_NAME": null, "BLDG_HT": null, "USG_ID": null, "CMPLX_ID": null, "CMLX_FCD": null, "ORIG_AREA": 20.69506727, "DATA_YEAR": 2014, "PRDCT_VER": "2015-07", "MUN_HEB": "יגל", "mzm_lamas": 798, "logic_num": 56, "mzm": 320, "mzm_num_ID": "798B320", "Label": "B320", "Col_Row": "627 - 1476", "BUILD_YEAR": null, "FTYPE_D": "בנין", "Shape_Length": 18.37682403887753, "Shape_Area": 20.695067267293016}, "geometry": {"type": "Polygon", "coordinates": [[[34.87539336210127, 31.993626727380764], [34.87535145472697, 31.993601565707607], [34.87532616377548, 31.993627746224664], [34.87536944450492, 31.993660069986078], [34.87539336210127, 31.993626727380764]]]}}, {"type": "Feature", "properties": {"OBJECTID": 2940, "UNIQ_ID": 52532457, "PARENT": 4054430, "FCODE": 201, "FTYPE": 11, "HI_PNT_X": 188488.48232654, "HI_PNT_Y": 655508.7101939, "HI_PNT_Z": 41.19, "HEIGHT": 41.19, "HT_LAND": 35.2, "FNAME": null, "LATIN_NAME": null, "BLDG_HT": 5.99, "USG_ID": null, "CMPLX_ID": null, "CMLX_FCD": null, "ORIG_AREA": 156.60365, "DATA_YEAR": null, "PRDCT_VER": null, "MUN_HEB": "יגל", "mzm_lamas": 798, "logic_num": 52, "mzm": 329, "mzm_num_ID": "798B329", "Label": "B329", "Col_Row": "628 - 1477", "BUILD_YEAR": 0, "FTYPE_D": "בנין", "Shape_Length": 50.824024643992225, "Shape_Area": 156.6036499987332}, "geometry": {"type": "Polygon", "coordinates": [[[34.87670842866261, 31.992183628370046], [34.87663938415438, 31.9922577587188], [34.876761939529345, 31.99234158225798], [34.87683204055933, 31.992267905472605], [34.87670842866261, 31.992183628370046]]]}}, {"type": "Feature", "properties": {"OBJECTID": 2944, "UNIQ_ID": 53339148, "PARENT": 4054403, "FCODE": 201, "FTYPE": 17, "HI_PNT_X": 188400.89552654, "HI_PNT_Y": 655660.7173939, "HI_PNT_Z": 40.2, "HEIGHT": 40.2, "HT_LAND": 34.2, "FNAME": null, "LATIN_NAME": null, "BLDG_HT": 6, "USG_ID": null, "CMPLX_ID": null, "CMLX_FCD": null, "ORIG_AREA": 900.97880677, "DATA_YEAR": 2014, "PRDCT_VER": "2015-07", "MUN_HEB": "יגל", "mzm_lamas": 798, "logic_num": 56, "mzm": 355, "mzm_num_ID": "798B355", "Label": "B355", "Col_Row": "627 - 1476", "BUILD_YEAR": null, "FTYPE_D": "חממה", "Shape_Length": 120.17355453387248, "Shape_Area": 900.9788067668605}, "geometry": {"type": "Polygon", "coordinates": [[[34.87586996258884, 31.993447816917556], [34.875669087130184, 31.993641758088792], [34.87591574002419, 31.99383215979033], [34.876115595567676, 31.99363428012329], [34.87586996258884, 31.993447816917556]]]}}, {"type": "Feature", "properties": {"OBJECTID": 2965, "UNIQ_ID": 52532532, "PARENT": 6390161, "FCODE": 201, "FTYPE": 11, "HI_PNT_X": 188458.01782654, "HI_PNT_Y": 655581.8913939, "HI_PNT_Z": 40.77, "HEIGHT": 40.77, "HT_LAND": 37.49, "FNAME": null, "LATIN_NAME": null, "BLDG_HT": 3.2800000000000002, "USG_ID": null, "CMPLX_ID": null, "CMLX_FCD": null, "ORIG_AREA": 69.23660000000001, "DATA_YEAR": null, "PRDCT_VER": null, "MUN_HEB": "יגל", "mzm_lamas": 798, "logic_num": 53, "mzm": 319, "mzm_num_ID": "798B319", "Label": "B319", "Col_Row": "628 - 1477", "BUILD_YEAR": null, "FTYPE_D": "בנין", "Shape_Length": 39.45979430168331, "Shape_Area": 69.23660000237786}, "geometry": {"type": "Polygon", "coordinates": [[[34.87636853290262, 31.992870916890812], [34.87634080467812, 31.992901777088413], [34.876379974055524, 31.992926768133497], [34.876364033515074, 31.992945845172788], [34.876396866111996, 31.992967392976535], [34.87640844441795, 31.992954978007926], [34.87644327984432, 31.9929786953059], [34.87647632488061, 31.99294054421325], [34.87636853290262, 31.992870916890812]]]}}, {"type": "Feature", "properties": {"OBJECTID": 2966, "UNIQ_ID": 52532133, "PARENT": 4054448, "FCODE": 201, "FTYPE": 11, "HI_PNT_X": 188562.69542654, "HI_PNT_Y": 655430.8574939, "HI_PNT_Z": 40.9, "HEIGHT": 40.9, "HT_LAND": 35.79, "FNAME": null, "LATIN_NAME": null, "BLDG_HT": 5.11, "USG_ID": null, "CMPLX_ID": null, "CMLX_FCD": null, "ORIG_AREA": 412.6599, "DATA_YEAR": null, "PRDCT_VER": null, "MUN_HEB": "יגל", "mzm_lamas": 798, "logic_num": 14, "mzm": 96, "mzm_num_ID": "798B96", "Label": "B96", "Col_Row": "629 - 1478", "BUILD_YEAR": 0, "FTYPE_D": "בנין", "Shape_Length": 93.95130425339264, "Shape_Area": 412.65990000392526}, "geometry": {"type": "Polygon", "coordinates": [[[34.87753871248282, 31.99142482727791], [34.87739424045152, 31.991583352988354], [34.87747341753522, 31.99163550091402], [34.87750315996303, 31.9916033831223], [34.87762984046171, 31.991687667359777], [34.877706325008106, 31.991603906308754], [34.87761131296658, 31.99154116664201], [34.87765072028819, 31.99149897349515], [34.87753871248282, 31.99142482727791]]]}}, {"type": "Feature", "properties": {"OBJECTID": 2967, "UNIQ_ID": 53338920, "PARENT": 6067054, "FCODE": 201, "FTYPE": 11, "HI_PNT_X": 188055.55962654, "HI_PNT_Y": 655542.0771939, "HI_PNT_Z": 44.29, "HEIGHT": 44.29, "HT_LAND": 39.59, "FNAME": null, "LATIN_NAME": null, "BLDG_HT": 4.7, "USG_ID": null, "CMPLX_ID": null, "CMLX_FCD": null, "ORIG_AREA": 230.6825, "DATA_YEAR": null, "PRDCT_VER": null, "MUN_HEB": "עמק לוד", "mzm_lamas": 10040, "logic_num": 9, "mzm": 159, "mzm_num_ID": "10040B159", "Label": "B159", "Col_Row": "624 - 1477", "BUILD_YEAR": null, "FTYPE_D": "בנין", "Shape_Length": 60.82496437839541, "Shape_Area": 230.68250000011176}, "geometry": {"type": "Polygon", "coordinates": [[[34.87217321205273, 31.992452477559123], [34.87205548810462, 31.99255587674803], [34.87216627000316, 31.992646347220315], [34.87228304159912, 31.99254294543762], [34.87217321205273, 31.992452477559123]]]}}, {"type": "Feature", "properties": {"OBJECTID": 2971, "UNIQ_ID": 52487293, "PARENT": 6067481, "FCODE": 201, "FTYPE": 11, "HI_PNT_X": 188665.70172654, "HI_PNT_Y": 655037.1422939, "HI_PNT_Z": 43.57, "HEIGHT": 43.57, "HT_LAND": 38.61, "FNAME": null, "LATIN_NAME": null, "BLDG_HT": 4.96, "USG_ID": null, "CMPLX_ID": null, "CMLX_FCD": null, "ORIG_AREA": 208.42145, "DATA_YEAR": null, "PRDCT_VER": null, "MUN_HEB": "יגל", "mzm_lamas": 798, "logic_num": 5, "mzm": 16, "mzm_num_ID": "798B16", "Label": "B16", "Col_Row": "630 - 1482", "BUILD_YEAR": null, "FTYPE_D": "בנין", "Shape_Length": 65.59470409772045, "Shape_Area": 208.42144999779313}, "geometry": {"type": "Polygon", "coordinates": [[[34.878686464368414, 31.987900640354297], [34.878532419181795, 31.988075465575566], [34.87860537305447, 31.98812137438154], [34.87875941276546, 31.98794808212683], [34.878686464368414, 31.987900640354297]]]}}, {"type": "Feature", "properties": {"OBJECTID": 2974, "UNIQ_ID": 52485950, "PARENT": 6066996, "FCODE": 201, "FTYPE": 11, "HI_PNT_X": 188116.73832654, "HI_PNT_Y": 655594.2956939, "HI_PNT_Z": 44.1, "HEIGHT": 44.1, "HT_LAND": 38.43, "FNAME": null, "LATIN_NAME": null, "BLDG_HT": 5.67, "USG_ID": null, "CMPLX_ID": null, "CMLX_FCD": null, "ORIG_AREA": 121.81565, "DATA_YEAR": null, "PRDCT_VER": null, "MUN_HEB": "יגל", "mzm_lamas": 798, "logic_num": 7980102, "mzm": 357, "mzm_num_ID": "798B357", "Label": "B357", "Col_Row": "625 - 1476", "BUILD_YEAR": null, "FTYPE_D": "בנין", "Shape_Length": 51.41723141261901, "Shape_Area": 121.8156499983225}, "geometry": {"type": "Polygon", "coordinates": [[[34.87278416960347, 31.992960799193902], [34.87271951015906, 31.993020960884902], [34.872766990091776, 31.993059321459153], [34.87277951897456, 31.993047540570835], [34.87283565742976, 31.993091064028043], [34.87287377540985, 31.993055091464395], [34.87286417009142, 31.993048393021454], [34.87290249578375, 31.9930135031561], [34.87286556342154, 31.992984639129492], [34.872841254194675, 31.993006038548817], [34.87278416960347, 31.992960799193902]]]}}, {"type": "Feature", "properties": {"OBJECTID": 2975, "UNIQ_ID": 52486492, "PARENT": 6850164, "FCODE": 201, "FTYPE": 11, "HI_PNT_X": 188251.52412654, "HI_PNT_Y": 655680.7751939, "HI_PNT_Z": 45.87, "HEIGHT": 45.2, "HT_LAND": 37.5, "FNAME": null, "LATIN_NAME": null, "BLDG_HT": 7.7, "USG_ID": null, "CMPLX_ID": null, "CMLX_FCD": null, "ORIG_AREA": 149.04135, "DATA_YEAR": null, "PRDCT_VER": null, "MUN_HEB": "יגל", "mzm_lamas": 798, "logic_num": 7980102, "mzm": 377, "mzm_num_ID": "798B377", "Label": "B377", "Col_Row": "626 - 1476", "BUILD_YEAR": null, "FTYPE_D": "בנין", "Shape_Length": 51.80193632264967, "Shape_Area": 149.04135000617487}, "geometry": {"type": "Polygon", "coordinates": [[[34.874208959572414, 31.993741147977968], [34.87413232353891, 31.993836269205904], [34.874199797887705, 31.99387639470727], [34.8742210560896, 31.993850027170843], [34.874266672413704, 31.993877199967383], [34.87432290060916, 31.99380736626319], [34.874208959572414, 31.993741147977968]]]}}, {"type": "Feature", "properties": {"OBJECTID": 2978, "UNIQ_ID": 52486076, "PARENT": 6067290, "FCODE": 201, "FTYPE": 11, "HI_PNT_X": 188878.79212654, "HI_PNT_Y": 655229.1279939, "HI_PNT_Z": 42.980000000000004, "HEIGHT": 42.980000000000004, "HT_LAND": 38.81, "FNAME": null, "LATIN_NAME": null, "BLDG_HT": 4.17, "USG_ID": null, "CMPLX_ID": null, "CMLX_FCD": null, "ORIG_AREA": 993.003, "DATA_YEAR": null, "PRDCT_VER": null, "MUN_HEB": "יגל", "mzm_lamas": 798, "logic_num": 43, "mzm": 80, "mzm_num_ID": "798B80", "Label": "B80", "Col_Row": "632 - 1480", "BUILD_YEAR": null, "FTYPE_D": "בנין", "Shape_Length": 139.26623175883526, "Shape_Area": 993.0030000432282}, "geometry": {"type": "Polygon", "coordinates": [[[34.88071235788015, 31.989522218501097], [34.88057653990203, 31.989659487399802], [34.88097761872006, 31.98994845640703], [34.88111460585543, 31.989809656995103], [34.88071235788015, 31.989522218501097]]]}}, {"type": "Feature", "properties": {"OBJECTID": 2980, "UNIQ_ID": 52485699, "PARENT": 4088327, "FCODE": 201, "FTYPE": 11, "HI_PNT_X": 188294.06712654, "HI_PNT_Y": 655589.1220939, "HI_PNT_Z": 40.2, "HEIGHT": 40.2, "HT_LAND": 36.79, "FNAME": null, "LATIN_NAME": null, "BLDG_HT": 3.41, "USG_ID": null, "CMPLX_ID": null, "CMLX_FCD": null, "ORIG_AREA": 26.425700000000003, "DATA_YEAR": null, "PRDCT_VER": null, "MUN_HEB": "יגל", "mzm_lamas": 798, "logic_num": 7980102, "mzm": 312, "mzm_num_ID": "798B312", "Label": "B312", "Col_Row": "626 - 1476", "BUILD_YEAR": null, "FTYPE_D": "בנין", "Shape_Length": 20.585171574267846, "Shape_Area": 26.425700001207364}, "geometry": {"type": "Polygon", "coordinates": [[[34.87467736750372, 31.99295671439098], [34.87464855600214, 31.992994425111082], [34.874697141030246, 31.993019892042078], [34.87472489048242, 31.99298326071662], [34.87467736750372, 31.99295671439098]]]}}, {"type": "Feature", "properties": {"OBJECTID": 2995, "UNIQ_ID": 53339307, "PARENT": 6066878, "FCODE": 201, "FTYPE": 11, "HI_PNT_X": 188206.16492654, "HI_PNT_Y": 655674.3421939, "HI_PNT_Z": 43.56, "HEIGHT": 43.56, "HT_LAND": 37.65, "FNAME": null, "LATIN_NAME": null, "BLDG_HT": 5.91, "USG_ID": null, "CMPLX_ID": null, "CMLX_FCD": null, "ORIG_AREA": 204.06235, "DATA_YEAR": null, "PRDCT_VER": null, "MUN_HEB": "יגל", "mzm_lamas": 798, "logic_num": 7980102, "mzm": 371, "mzm_num_ID": "798B371", "Label": "B371", "Col_Row": "625 - 1476", "BUILD_YEAR": null, "FTYPE_D": "בנין", "Shape_Length": 63.9679875643815, "Shape_Area": 204.06234999768307}, "geometry": {"type": "Polygon", "coordinates": [[[34.87377639969136, 31.9936453323068], [34.87365758060793, 31.99372961187038], [34.873695645150875, 31.99376749665369], [34.87367103075166, 31.993785468579652], [34.873730176342875, 31.993846404289783], [34.87380974370484, 31.99378970778435], [34.87379392573583, 31.993774426090788], [34.87383328497605, 31.99374639234958], [34.873803551501, 31.993716465185173], [34.87382816197452, 31.99369957538747], [34.87377639969136, 31.9936453323068]]]}}, {"type": "Feature", "properties": {"OBJECTID": 3006, "UNIQ_ID": 52533429, "PARENT": 4054438, "FCODE": 201, "FTYPE": 11, "HI_PNT_X": 188373.74262654, "HI_PNT_Y": 655471.6312939, "HI_PNT_Z": 42.07, "HEIGHT": 42.07, "HT_LAND": 34.7, "FNAME": null, "LATIN_NAME": null, "BLDG_HT": 7.37, "USG_ID": null, "CMPLX_ID": null, "CMLX_FCD": null, "ORIG_AREA": 233.27305, "DATA_YEAR": null, "PRDCT_VER": null, "MUN_HEB": "יגל", "mzm_lamas": 798, "logic_num": 7980102, "mzm": 303, "mzm_num_ID": "798B303", "Label": "B303", "Col_Row": "627 - 1478", "BUILD_YEAR": null, "FTYPE_D": "בנין", "Shape_Length": 80.86730183456454, "Shape_Area": 233.27305000035258}, "geometry": {"type": "Polygon", "coordinates": [[[34.87557969280222, 31.991824496030453], [34.87555526711099, 31.991849142170544], [34.875536268606005, 31.991835565875654], [34.87550664121236, 31.991864887907447], [34.875527748304805, 31.99188063400112], [34.875496847246716, 31.9919110348945], [34.8754725701951, 31.991894018053493], [34.8754439012169, 31.991921629126605], [34.875471239195676, 31.991940818236884], [34.875448088702264, 31.991963934593997], [34.87552724730093, 31.992021043602346], [34.875556878599674, 31.99199063941184], [34.875569650107806, 31.991999690547495], [34.8755918459882, 31.99197720295767], [34.87557168348083, 31.99196362365223], [34.875603544592366, 31.991931060898445], [34.87562992801621, 31.991950878764303], [34.875661787494636, 31.991918766893566], [34.87563972642305, 31.991903469252716], [34.87566000922266, 31.991883321384996], [34.87557969280222, 31.991824496030453]]]}}, {"type": "Feature", "properties": {"OBJECTID": 3010, "UNIQ_ID": 52487658, "PARENT": 6067306, "FCODE": 201, "FTYPE": 11, "HI_PNT_X": null, "HI_PNT_Y": null, "HI_PNT_Z": null, "HEIGHT": 39.45, "HT_LAND": null, "FNAME": null, "LATIN_NAME": null, "BLDG_HT": null, "USG_ID": null, "CMPLX_ID": null, "CMLX_FCD": null, "ORIG_AREA": 14.4646, "DATA_YEAR": 2014, "PRDCT_VER": "2015-07", "MUN_HEB": "יגל", "mzm_lamas": 798, "logic_num": 44, "mzm": 283, "mzm_num_ID": "798B283", "Label": "B283", "Col_Row": "631 - 1480", "BUILD_YEAR": null, "FTYPE_D": "בנין", "Shape_Length": 15.220242004106495, "Shape_Area": 14.464599997074902}, "geometry": {"type": "Polygon", "coordinates": [[[34.8790577834388, 31.98965481385876], [34.87903313552987, 31.989682886970535], [34.8790648097066, 31.989702717694136], [34.8790894598391, 31.98967401331878], [34.8790577834388, 31.98965481385876]]]}}, {"type": "Feature", "properties": {"OBJECTID": 3014, "UNIQ_ID": 52486848, "PARENT": 4054504, "FCODE": 201, "FTYPE": 11, "HI_PNT_X": 188639.68282654, "HI_PNT_Y": 655216.4841939, "HI_PNT_Z": 43.67, "HEIGHT": 43.67, "HT_LAND": 36.5, "FNAME": null, "LATIN_NAME": null, "BLDG_HT": 7.17, "USG_ID": null, "CMPLX_ID": null, "CMLX_FCD": null, "ORIG_AREA": 107.42555, "DATA_YEAR": null, "PRDCT_VER": null, "MUN_HEB": "יגל", "mzm_lamas": 798, "logic_num": 7980102, "mzm": 260, "mzm_num_ID": "798B260", "Label": "B260", "Col_Row": "630 - 1480", "BUILD_YEAR": null, "FTYPE_D": "בנין", "Shape_Length": 43.91167781286521, "Shape_Area": 107.42555000453423}, "geometry": {"type": "Polygon", "coordinates": [[[34.8783347655044, 31.9895702402162], [34.878277301269215, 31.989632136711286], [34.87830052618436, 31.989647436889207], [34.878285658460776, 31.989662639180878], [34.878323763449934, 31.98968915996772], [34.878335342677076, 31.98967629391427], [34.87836489884604, 31.989696570272315], [34.878425445349905, 31.989630803895814], [34.8783347655044, 31.9895702402162]]]}}, {"type": "Feature", "properties": {"OBJECTID": 3018, "UNIQ_ID": 53330069, "PARENT": 6067013, "FCODE": 201, "FTYPE": 11, "HI_PNT_X": 187480.82862654, "HI_PNT_Y": 655585.2894939, "HI_PNT_Z": 40.5, "HEIGHT": 40.5, "HT_LAND": 36.79, "FNAME": null, "LATIN_NAME": null, "BLDG_HT": 3.71, "USG_ID": null, "CMPLX_ID": null, "CMLX_FCD": null, "ORIG_AREA": 96.4548, "DATA_YEAR": null, "PRDCT_VER": null, "MUN_HEB": "כפר חבד", "mzm_lamas": 696, "logic_num": 130, "mzm": 562, "mzm_num_ID": "696B562", "Label": "B562", "Col_Row": "618 - 1476", "BUILD_YEAR": null, "FTYPE_D": "בנין", "Shape_Length": 39.82904745065162, "Shape_Area": 96.45479998682141}, "geometry": {"type": "Polygon", "coordinates": [[[34.8660197191559, 31.99289054704722], [34.866015952072836, 31.99296547687978], [34.86613857924226, 31.992969681569647], [34.866142346225864, 31.992894751732802], [34.8660197191559, 31.99289054704722]]]}}, {"type": "Feature", "properties": {"OBJECTID": 3025, "UNIQ_ID": 52486183, "PARENT": 6066975, "FCODE": 201, "FTYPE": 11, "HI_PNT_X": 188066.36762654, "HI_PNT_Y": 655606.0838939, "HI_PNT_Z": 43.06, "HEIGHT": 43.06, "HT_LAND": 39.58, "FNAME": null, "LATIN_NAME": null, "BLDG_HT": 3.48, "USG_ID": null, "CMPLX_ID": null, "CMLX_FCD": null, "ORIG_AREA": 204.34480000000002, "DATA_YEAR": null, "PRDCT_VER": null, "MUN_HEB": "עמק לוד", "mzm_lamas": 10040, "logic_num": 9, "mzm": 192, "mzm_num_ID": "10040B192", "Label": "B192", "Col_Row": "624 - 1476", "BUILD_YEAR": null, "FTYPE_D": "בנין", "Shape_Length": 60.86242583362106, "Shape_Area": 204.34479999814627}, "geometry": {"type": "Polygon", "coordinates": [[[34.87227596965127, 31.99303720562346], [34.87223783292152, 31.993078318239377], [34.87221977920824, 31.993066908253677], [34.87219322522986, 31.993094524118117], [34.87221655580867, 31.99310982567733], [34.87218128680419, 31.993147969829806], [34.872283782786894, 31.993218218096782], [34.87238469480637, 31.993111347869426], [34.87227596965127, 31.99303720562346]]]}}, {"type": "Feature", "properties": {"OBJECTID": 3026, "UNIQ_ID": 52533871, "PARENT": 4054499, "FCODE": 201, "FTYPE": 11, "HI_PNT_X": 188668.81212654, "HI_PNT_Y": 655244.1206939, "HI_PNT_Z": 41.18, "HEIGHT": 41.18, "HT_LAND": 37.09, "FNAME": null, "LATIN_NAME": null, "BLDG_HT": 4.09, "USG_ID": null, "CMPLX_ID": null, "CMLX_FCD": null, "ORIG_AREA": 89.174, "DATA_YEAR": null, "PRDCT_VER": null, "MUN_HEB": "יגל", "mzm_lamas": 798, "logic_num": 45, "mzm": 262, "mzm_num_ID": "798B262", "Label": "B262", "Col_Row": "630 - 1480", "BUILD_YEAR": 0, "FTYPE_D": "בנין", "Shape_Length": 43.66419636919922, "Shape_Area": 89.1740000041332}, "geometry": {"type": "Polygon", "coordinates": [[[34.878643774630014, 31.98983039277773], [34.87858953105172, 31.98987922151337], [34.878664554834735, 31.98993866266017], [34.878752662725624, 31.98985880853887], [34.87873683472318, 31.98984632301975], [34.87871879264453, 31.989861517215832], [34.87869452540694, 31.989841705416676], [34.87867648109161, 31.989857530864164], [34.878643774630014, 31.98983039277773]]]}}, {"type": "Feature", "properties": {"OBJECTID": 3030, "UNIQ_ID": 53331085, "PARENT": 6390207, "FCODE": 201, "FTYPE": 11, "HI_PNT_X": 188753.85082654, "HI_PNT_Y": 655043.5929939, "HI_PNT_Z": 41.11, "HEIGHT": 41.09, "HT_LAND": 37.68, "FNAME": null, "LATIN_NAME": null, "BLDG_HT": 3.41, "USG_ID": null, "CMPLX_ID": null, "CMLX_FCD": null, "ORIG_AREA": 25.308500000000002, "DATA_YEAR": null, "PRDCT_VER": null, "MUN_HEB": "יגל", "mzm_lamas": 798, "logic_num": 37, "mzm": 240, "mzm_num_ID": "798B240", "Label": "B240", "Col_Row": "631 - 1482", "BUILD_YEAR": null, "FTYPE_D": "בנין", "Shape_Length": 20.698875258558243, "Shape_Area": 25.308499999932014}, "geometry": {"type": "Polygon", "coordinates": [[[34.87957381515421, 31.988047203405017], [34.8795334442319, 31.988093272475606], [34.87956617004793, 31.988114819198426], [34.87960759748574, 31.98806920372382], [34.87957381515421, 31.988047203405017]]]}}, {"type": "Feature", "properties": {"OBJECTID": 3042, "UNIQ_ID": 53329964, "PARENT": 6066862, "FCODE": 201, "FTYPE": 11, "HI_PNT_X": 188154.51772654, "HI_PNT_Y": 655684.7177939, "HI_PNT_Z": 43.480000000000004, "HEIGHT": 43.480000000000004, "HT_LAND": 37.410000000000004, "FNAME": null, "LATIN_NAME": null, "BLDG_HT": 6.07, "USG_ID": null, "CMPLX_ID": null, "CMLX_FCD": null, "ORIG_AREA": 155.08095, "DATA_YEAR": null, "PRDCT_VER": null, "MUN_HEB": "יגל", "mzm_lamas": 798, "logic_num": 7980102, "mzm": 334, "mzm_num_ID": "798B334", "Label": "B334", "Col_Row": "625 - 1476", "BUILD_YEAR": null, "FTYPE_D": "בנין", "Shape_Length": 52.019273954392524, "Shape_Area": 155.0809499986956}, "geometry": {"type": "Polygon", "coordinates": [[[34.87319928346273, 31.99375826625083], [34.87311866615081, 31.993842013743617], [34.87323361382141, 31.993922393949845], [34.87329319820998, 31.993861136600124], [34.87325815617182, 31.993836155378172], [34.8732784460738, 31.993814294492523], [34.87319928346273, 31.99375826625083]]]}}, {"type": "Feature", "properties": {"OBJECTID": 3046, "UNIQ_ID": 52492124, "PARENT": 6067510, "FCODE": 201, "FTYPE": 11, "HI_PNT_X": 188856.27172654, "HI_PNT_Y": 655023.5943939, "HI_PNT_Z": 45.54, "HEIGHT": 45.54, "HT_LAND": 39.52, "FNAME": null, "LATIN_NAME": null, "BLDG_HT": 6.0200000000000005, "USG_ID": null, "CMPLX_ID": null, "CMLX_FCD": null, "ORIG_AREA": 181.8651, "DATA_YEAR": null, "PRDCT_VER": null, "MUN_HEB": "יגל", "mzm_lamas": 798, "logic_num": 8, "mzm": 35, "mzm_num_ID": "798B35", "Label": "B35", "Col_Row": "632 - 1482", "BUILD_YEAR": null, "FTYPE_D": "בנין", "Shape_Length": 61.235547659563835, "Shape_Area": 181.86509999490585}, "geometry": {"type": "Polygon", "coordinates": [[[34.880620016610266, 31.98782550779854], [34.88055403278511, 31.987903706284644], [34.8806481066597, 31.98796193235917], [34.88066500756329, 31.987940061614328], [34.880715897616106, 31.98797175459058], [34.88076031277477, 31.98791884173668], [34.880717128881926, 31.98789230872061], [34.8807393383477, 31.987865311216925], [34.88067715065425, 31.987826735714954], [34.880658131340645, 31.987849232321416], [34.880620016610266, 31.98782550779854]]]}}, {"type": "Feature", "properties": {"OBJECTID": 3054, "UNIQ_ID": 53330744, "PARENT": 6066754, "FCODE": 201, "FTYPE": 11, "HI_PNT_X": 187270.70612654, "HI_PNT_Y": 655794.4579939, "HI_PNT_Z": 44.46, "HEIGHT": 44.46, "HT_LAND": 36.59, "FNAME": null, "LATIN_NAME": null, "BLDG_HT": 7.87, "USG_ID": null, "CMPLX_ID": null, "CMLX_FCD": null, "ORIG_AREA": 230.16985, "DATA_YEAR": null, "PRDCT_VER": null, "MUN_HEB": "כפר חבד", "mzm_lamas": 696, "logic_num": 59, "mzm": 366, "mzm_num_ID": "696B366", "Label": "B366", "Col_Row": "616 - 1474", "BUILD_YEAR": null, "FTYPE_D": "בנין", "Shape_Length": 66.81301752976687, "Shape_Area": 230.16984999593217}, "geometry": {"type": "Polygon", "coordinates": [[[34.86397347906729, 31.994765334205535], [34.863722680964045, 31.9947668254577], [34.86372352194135, 31.99485421244757], [34.863974106979434, 31.994853171524767], [34.86397347906729, 31.994765334205535]]]}}, {"type": "Feature", "properties": {"OBJECTID": 3063, "UNIQ_ID": 52485004, "PARENT": 6066837, "FCODE": 201, "FTYPE": 11, "HI_PNT_X": 188237.10692654, "HI_PNT_Y": 655698.2401939, "HI_PNT_Z": 42.87, "HEIGHT": 42.87, "HT_LAND": 37.81, "FNAME": null, "LATIN_NAME": null, "BLDG_HT": 5.0600000000000005, "USG_ID": null, "CMPLX_ID": null, "CMLX_FCD": null, "ORIG_AREA": 178.01590000000002, "DATA_YEAR": null, "PRDCT_VER": null, "MUN_HEB": "יגל", "mzm_lamas": 798, "logic_num": 7980102, "mzm": 375, "mzm_num_ID": "798B375", "Label": "B375", "Col_Row": "626 - 1475", "BUILD_YEAR": null, "FTYPE_D": "בנין", "Shape_Length": 53.82363656952296, "Shape_Area": 178.0158999892775}, "geometry": {"type": "Polygon", "coordinates": [[[34.87409736021319, 31.99387784153867], [34.87398895468264, 31.993979553327296], [34.87408086956983, 31.994050223493478], [34.874188955368396, 31.99394914205805], [34.87409736021319, 31.99387784153867]]]}}, {"type": "Feature", "properties": {"OBJECTID": 3067, "UNIQ_ID": 52487174, "PARENT": 4054466, "FCODE": 201, "FTYPE": 11, "HI_PNT_X": 188519.51872654, "HI_PNT_Y": 655351.7803939, "HI_PNT_Z": 42, "HEIGHT": 42, "HT_LAND": 35.09, "FNAME": null, "LATIN_NAME": null, "BLDG_HT": 6.91, "USG_ID": null, "CMPLX_ID": null, "CMLX_FCD": null, "ORIG_AREA": 218.45510000000002, "DATA_YEAR": null, "PRDCT_VER": null, "MUN_HEB": "יגל", "mzm_lamas": 798, "logic_num": 14, "mzm": 115, "mzm_num_ID": "798B115", "Label": "B115", "Col_Row": "629 - 1479", "BUILD_YEAR": null, "FTYPE_D": "בנין", "Shape_Length": 74.79162217204929, "Shape_Area": 218.45509997857513}, "geometry": {"type": "Polygon", "coordinates": [[[34.877006739603274, 31.990749898340656], [34.87694076054538, 31.990825299309925], [34.87712668538676, 31.990942382229065], [34.87714581201696, 31.990919886445692], [34.877167879189976, 31.990933470414628], [34.87720730405744, 31.990886317522694], [34.87708894849959, 31.990812154539352], [34.877073008474845, 31.99083123167749], [34.87703721752016, 31.99080859424732], [34.87705953234075, 31.990782228942102], [34.877006739603274, 31.990749898340656]]]}}, {"type": "Feature", "properties": {"OBJECTID": 3083, "UNIQ_ID": 52486706, "PARENT": 4087140, "FCODE": 201, "FTYPE": 11, "HI_PNT_X": 187020.81272654, "HI_PNT_Y": 656764.1993939, "HI_PNT_Z": 39.9, "HEIGHT": 39.9, "HT_LAND": 33.9, "FNAME": null, "LATIN_NAME": null, "BLDG_HT": 6, "USG_ID": null, "CMPLX_ID": null, "CMLX_FCD": null, "ORIG_AREA": 2203.4145000000003, "DATA_YEAR": null, "PRDCT_VER": null, "MUN_HEB": "צפריה", "mzm_lamas": 594, "logic_num": 17, "mzm": 110, "mzm_num_ID": "594B110", "Label": "B110", "Col_Row": "613 - 1465", "BUILD_YEAR": 0, "FTYPE_D": "בנין", "Shape_Length": 258.14802366318105, "Shape_Area": 2203.4145000018293}, "geometry": {"type": "Polygon", "coordinates": [[[34.86056515131786, 32.00326852902246], [34.8604913843278, 32.00343967144863], [34.861573936810856, 32.00377518571892], [34.86164749276153, 32.00360341083344], [34.86056515131786, 32.00326852902246]]]}}, {"type": "Feature", "properties": {"OBJECTID": 3088, "UNIQ_ID": 52489390, "PARENT": 8861902, "FCODE": 201, "FTYPE": 11, "HI_PNT_X": 187352.49762654, "HI_PNT_Y": 655155.1221939, "HI_PNT_Z": 44.43, "HEIGHT": 44.43, "HT_LAND": 37.83, "FNAME": null, "LATIN_NAME": null, "BLDG_HT": 6.6000000000000005, "USG_ID": null, "CMPLX_ID": null, "CMLX_FCD": null, "ORIG_AREA": 192.5367, "DATA_YEAR": null, "PRDCT_VER": null, "MUN_HEB": "אחיעזר", "mzm_lamas": 797, "logic_num": 27, "mzm": 218, "mzm_num_ID": "797B218", "Label": "B218", "Col_Row": "617 - 1481", "BUILD_YEAR": 0, "FTYPE_D": "בנין", "Shape_Length": 59.75148224983326, "Shape_Area": 192.5366999928925}, "geometry": {"type": "Polygon", "coordinates": [[[34.86475586825462, 31.98894737014185], [34.864650646994676, 31.989045204777224], [34.86476671429745, 31.989133982433383], [34.86480918234848, 31.989095228325372], [34.864783756718644, 31.989074779514187], [34.86485274418202, 31.989018060275185], [34.86475586825462, 31.98894737014185]]]}}, {"type": "Feature", "properties": {"OBJECTID": 3110, "UNIQ_ID": 52506817, "PARENT": 6067295, "FCODE": 201, "FTYPE": 11, "HI_PNT_X": 188701.19052654, "HI_PNT_Y": 655231.7135939, "HI_PNT_Z": 42.14, "HEIGHT": 42.14, "HT_LAND": 36.79, "FNAME": null, "LATIN_NAME": null, "BLDG_HT": 5.3500000000000005, "USG_ID": null, "CMPLX_ID": null, "CMLX_FCD": null, "ORIG_AREA": 265.82605, "DATA_YEAR": null, "PRDCT_VER": null, "MUN_HEB": "יגל", "mzm_lamas": 798, "logic_num": 45, "mzm": 285, "mzm_num_ID": "798B285", "Label": "B285", "Col_Row": "630 - 1480", "BUILD_YEAR": null, "FTYPE_D": "בנין", "Shape_Length": 80.71797991449176, "Shape_Area": 265.82605001714995}, "geometry": {"type": "Polygon", "coordinates": [[[34.87888782181664, 31.989639295342503], [34.87886769921504, 31.989644384012824], [34.87884421901558, 31.98967137791758], [34.8788410571189, 31.98969779267989], [34.87885989604018, 31.989726608572422], [34.87894023854844, 31.9897781273213], [34.87893787137911, 31.98984918344882], [34.878968643259604, 31.989854853550728], [34.87896630974916, 31.989886410725642], [34.87901613565589, 31.98988996534543], [34.87901623720506, 31.98986119804089], [34.879046858901255, 31.989849462911103], [34.87904284964538, 31.989816176044506], [34.87906720815726, 31.989780166309558], [34.87898159689344, 31.989722411679022], [34.87899561800898, 31.989707207134725], [34.87888782181664, 31.989639295342503]]]}}, {"type": "Feature", "properties": {"OBJECTID": 3128, "UNIQ_ID": 52497457, "PARENT": 4054439, "FCODE": 201, "FTYPE": 11, "HI_PNT_X": 188350.66412654, "HI_PNT_Y": 655464.5189939, "HI_PNT_Z": 40.08, "HEIGHT": 40.08, "HT_LAND": 34.9, "FNAME": null, "LATIN_NAME": null, "BLDG_HT": 5.18, "USG_ID": null, "CMPLX_ID": null, "CMLX_FCD": null, "ORIG_AREA": 174.05837892, "DATA_YEAR": 2014, "PRDCT_VER": "2015-07", "MUN_HEB": "יגל", "mzm_lamas": 798, "logic_num": 50, "mzm": 307, "mzm_num_ID": "798B307", "Label": "B307", "Col_Row": "627 - 1478", "BUILD_YEAR": null, "FTYPE_D": "בנין", "Shape_Length": 71.59325925834183, "Shape_Area": 174.0583789074512}, "geometry": {"type": "Polygon", "coordinates": [[[34.87536971165432, 31.99173979540352], [34.87524602367682, 31.991879772820624], [34.8752158346432, 31.99186633248189], [34.875167501832095, 31.991915836983488], [34.87523787705214, 31.991965648530375], [34.87541775024099, 31.991772369566863], [34.87536971165432, 31.99173979540352]]]}}, {"type": "Feature", "properties": {"OBJECTID": 3131, "UNIQ_ID": 52498346, "PARENT": 8861909, "FCODE": 201, "FTYPE": 17, "HI_PNT_X": 188290.79152654, "HI_PNT_Y": 654993.1924939, "HI_PNT_Z": 41.36, "HEIGHT": 41.36, "HT_LAND": 37.36, "FNAME": null, "LATIN_NAME": null, "BLDG_HT": 4, "USG_ID": null, "CMPLX_ID": null, "CMLX_FCD": null, "ORIG_AREA": 444.5642, "DATA_YEAR": null, "PRDCT_VER": null, "MUN_HEB": "יגל", "mzm_lamas": 798, "logic_num": 41, "mzm": 246, "mzm_num_ID": "798B246", "Label": "B246", "Col_Row": "626 - 1483", "BUILD_YEAR": null, "FTYPE_D": "חממה", "Shape_Length": 84.49727233518756, "Shape_Area": 444.5641999933256}, "geometry": {"type": "Polygon", "coordinates": [[[34.87468113467255, 31.987466449295248], [34.874528105633345, 31.987621522756957], [34.87468852832468, 31.98773637864803], [34.87484134179859, 31.98758238660118], [34.87468113467255, 31.987466449295248]]]}}, {"type": "Feature", "properties": {"OBJECTID": 3133, "UNIQ_ID": 52498368, "PARENT": 6067364, "FCODE": 201, "FTYPE": 11, "HI_PNT_X": 188752.07422654, "HI_PNT_Y": 655157.1579939, "HI_PNT_Z": 42.18, "HEIGHT": 42.18, "HT_LAND": 38.02, "FNAME": null, "LATIN_NAME": null, "BLDG_HT": 4.16, "USG_ID": null, "CMPLX_ID": null, "CMLX_FCD": null, "ORIG_AREA": 223.7577, "DATA_YEAR": null, "PRDCT_VER": null, "MUN_HEB": "יגל", "mzm_lamas": 798, "logic_num": 40, "mzm": 267, "mzm_num_ID": "798B267", "Label": "B267", "Col_Row": "631 - 1481", "BUILD_YEAR": 0, "FTYPE_D": "בנין", "Shape_Length": 64.96789177190007, "Shape_Area": 223.75770000961163}, "geometry": {"type": "Polygon", "coordinates": [[[34.879581940857584, 31.989014319621347], [34.87954593736881, 31.98905201308202], [34.879528947050424, 31.989039073782653], [34.879500484170876, 31.989068850652018], [34.879486550967144, 31.98905916567042], [34.8794378060775, 31.98910927138264], [34.879526573953974, 31.989171993716194], [34.87954027904767, 31.989156337398395], [34.879579440092535, 31.989183491777474], [34.87967810130409, 31.989081118891907], [34.879581940857584, 31.989014319621347]]]}}, {"type": "Feature", "properties": {"OBJECTID": 3147, "UNIQ_ID": 52499323, "PARENT": 6067451, "FCODE": 201, "FTYPE": 11, "HI_PNT_X": 187191.78542654, "HI_PNT_Y": 655060.9641939, "HI_PNT_Z": 43.410000000000004, "HEIGHT": 43.410000000000004, "HT_LAND": 38.7, "FNAME": null, "LATIN_NAME": null, "BLDG_HT": 4.71, "USG_ID": null, "CMPLX_ID": null, "CMLX_FCD": null, "ORIG_AREA": 193.13215, "DATA_YEAR": null, "PRDCT_VER": null, "MUN_HEB": "כפר חבד", "mzm_lamas": 696, "logic_num": 221, "mzm": 223, "mzm_num_ID": "696B223", "Label": "B223", "Col_Row": "615 - 1482", "BUILD_YEAR": 0, "FTYPE_D": "בנין", "Shape_Length": 61.91431788947432, "Shape_Area": 193.13215001336616}, "geometry": {"type": "Polygon", "coordinates": [[[34.86310391262374, 31.988119500924576], [34.86295137454823, 31.988136495432702], [34.862967983914295, 31.988251610325754], [34.86303467030114, 31.988244936008144], [34.863032597826646, 31.988233116799464], [34.863070812329816, 31.98822871056486], [34.86307598601608, 31.988260287624076], [34.863123621725286, 31.988254824546853], [34.86310391262374, 31.988119500924576]]]}}, {"type": "Feature", "properties": {"OBJECTID": 3157, "UNIQ_ID": 53333307, "PARENT": 6067450, "FCODE": 201, "FTYPE": 11, "HI_PNT_X": 187232.96232654, "HI_PNT_Y": 655061.8398939, "HI_PNT_Z": 43.660000000000004, "HEIGHT": 43.660000000000004, "HT_LAND": 37.18, "FNAME": null, "LATIN_NAME": null, "BLDG_HT": 6.48, "USG_ID": null, "CMPLX_ID": null, "CMLX_FCD": null, "ORIG_AREA": 115.95, "DATA_YEAR": null, "PRDCT_VER": null, "MUN_HEB": "אחיעזר", "mzm_lamas": 797, "logic_num": 27, "mzm": 212, "mzm_num_ID": "797B212", "Label": "B212", "Col_Row": "616 - 1482", "BUILD_YEAR": 0, "FTYPE_D": "בנין", "Shape_Length": 43.07781851560504, "Shape_Area": 115.94999999483116}, "geometry": {"type": "Polygon", "coordinates": [[[34.86352609784436, 31.988149403155887], [34.863410624675204, 31.988158110987385], [34.86341990322618, 31.98825282535255], [34.863535160889484, 31.98824519909941], [34.86352609784436, 31.988149403155887]]]}}, {"type": "Feature", "properties": {"OBJECTID": 3164, "UNIQ_ID": 52511030, "PARENT": 6390214, "FCODE": 201, "FTYPE": 11, "HI_PNT_X": 187146.55562654, "HI_PNT_Y": 654994.0751939, "HI_PNT_Z": 42.81, "HEIGHT": 42.77, "HT_LAND": 37.45, "FNAME": null, "LATIN_NAME": null, "BLDG_HT": 5.32, "USG_ID": null, "CMPLX_ID": null, "CMLX_FCD": null, "ORIG_AREA": 200.81255, "DATA_YEAR": null, "PRDCT_VER": null, "MUN_HEB": "אחיעזר", "mzm_lamas": 797, "logic_num": 96, "mzm": 399, "mzm_num_ID": "797B399", "Label": "B399", "Col_Row": "615 - 1482", "BUILD_YEAR": 0, "FTYPE_D": "בנין", "Shape_Length": 56.68366832259394, "Shape_Area": 200.81254999658447}, "geometry": {"type": "Polygon", "coordinates": [[[34.86255918772815, 31.987492994362135], [34.86246253880949, 31.987590219029578], [34.86257746132488, 31.98767277315843], [34.86267421602092, 31.98757554868938], [34.86255918772815, 31.987492994362135]]]}}, {"type": "Feature", "properties": {"OBJECTID": 3177, "UNIQ_ID": 52511495, "PARENT": 5506297, "FCODE": 201, "FTYPE": 11, "HI_PNT_X": 187311.93842654, "HI_PNT_Y": 655134.1762939, "HI_PNT_Z": 44.300000000000004, "HEIGHT": 43.27, "HT_LAND": 37.38, "FNAME": null, "LATIN_NAME": null, "BLDG_HT": 5.89, "USG_ID": null, "CMPLX_ID": null, "CMLX_FCD": null, "ORIG_AREA": 225.29250000000002, "DATA_YEAR": null, "PRDCT_VER": null, "MUN_HEB": "אחיעזר", "mzm_lamas": 797, "logic_num": 27, "mzm": 271, "mzm_num_ID": "797B271", "Label": "B271", "Col_Row": "617 - 1481", "BUILD_YEAR": 0, "FTYPE_D": "בנין", "Shape_Length": 60.05710137172663, "Shape_Area": 225.29249999905005}, "geometry": {"type": "Polygon", "coordinates": [[[34.86430570628877, 31.98875570354413], [34.86420374430742, 31.988859137730447], [34.86432087937634, 31.988945123063875], [34.864429196351374, 31.988839992381337], [34.86430570628877, 31.98875570354413]]]}}, {"type": "Feature", "properties": {"OBJECTID": 3178, "UNIQ_ID": 52511496, "PARENT": 4054539, "FCODE": 201, "FTYPE": 11, "HI_PNT_X": 188695.49182654, "HI_PNT_Y": 655065.2134939, "HI_PNT_Z": 44, "HEIGHT": 44, "HT_LAND": 37.29, "FNAME": null, "LATIN_NAME": null, "BLDG_HT": 6.71, "USG_ID": null, "CMPLX_ID": null, "CMLX_FCD": null, "ORIG_AREA": 100.10735, "DATA_YEAR": null, "PRDCT_VER": null, "MUN_HEB": "יגל", "mzm_lamas": 798, "logic_num": 5, "mzm": 22, "mzm_num_ID": "798B22", "Label": "B22", "Col_Row": "630 - 1482", "BUILD_YEAR": null, "FTYPE_D": "בנין", "Shape_Length": 40.07455417837951, "Shape_Area": 100.1073500015201}, "geometry": {"type": "Polygon", "coordinates": [[[34.878943668474214, 31.988207282573814], [34.87888201740189, 31.98828657345587], [34.878965335083564, 31.988334222066253], [34.87902719614791, 31.98825538258491], [34.878943668474214, 31.988207282573814]]]}}, {"type": "Feature", "properties": {"OBJECTID": 3184, "UNIQ_ID": 52510648, "PARENT": 6068483, "FCODE": 201, "FTYPE": 32, "HI_PNT_X": 188241.05112654, "HI_PNT_Y": 654998.7498939, "HI_PNT_Z": 40.08, "HEIGHT": 39.63, "HT_LAND": 37.86, "FNAME": null, "LATIN_NAME": null, "BLDG_HT": 1.77, "USG_ID": null, "CMPLX_ID": null, "CMLX_FCD": null, "ORIG_AREA": 110.24845, "DATA_YEAR": null, "PRDCT_VER": null, "MUN_HEB": "יגל", "mzm_lamas": 798, "logic_num": 11, "mzm": 59, "mzm_num_ID": "798B59", "Label": "B59", "Col_Row": "626 - 1482", "BUILD_YEAR": null, "FTYPE_D": "מבנה הרוס", "Shape_Length": 47.60335803624473, "Shape_Area": 110.24844999607392}, "geometry": {"type": "Polygon", "coordinates": [[[34.87418111948436, 31.987600419954532], [34.8741397325598, 31.987634039754266], [34.874126019515515, 31.987622190426837], [34.874057046519795, 31.987676750454323], [34.874093010957004, 31.98770948939183], [34.87411837433142, 31.987688723714555], [34.8741511744913, 31.987718658806195], [34.87423607137228, 31.987649530920056], [34.87418111948436, 31.987600419954532]]]}}, {"type": "Feature", "properties": {"OBJECTID": 3189, "UNIQ_ID": 52511930, "PARENT": 6390206, "FCODE": 201, "FTYPE": 11, "HI_PNT_X": 188656.12272654, "HI_PNT_Y": 655053.6229939, "HI_PNT_Z": 42.72, "HEIGHT": 42.39, "HT_LAND": 37.4, "FNAME": null, "LATIN_NAME": null, "BLDG_HT": 4.99, "USG_ID": null, "CMPLX_ID": null, "CMLX_FCD": null, "ORIG_AREA": 222.0336, "DATA_YEAR": null, "PRDCT_VER": null, "MUN_HEB": "יגל", "mzm_lamas": 798, "logic_num": 9, "mzm": 18, "mzm_num_ID": "798B18", "Label": "B18", "Col_Row": "630 - 1482", "BUILD_YEAR": null, "FTYPE_D": "בנין", "Shape_Length": 66.52045721064445, "Shape_Area": 222.03359998438378}, "geometry": {"type": "Polygon", "coordinates": [[[34.87847016022125, 31.988057269601512], [34.87839902156002, 31.988126435669756], [34.87858275683107, 31.988263260390138], [34.87863468148602, 31.988211630093907], [34.87859457711841, 31.988182128307795], [34.878613690702544, 31.98816305911426], [34.87847016022125, 31.988057269601512]]]}}, {"type": "Feature", "properties": {"OBJECTID": 3195, "UNIQ_ID": 52512325, "PARENT": 4054538, "FCODE": 201, "FTYPE": 11, "HI_PNT_X": 189030.39882654, "HI_PNT_Y": 655066.3641939, "HI_PNT_Z": 43.800000000000004, "HEIGHT": 43.800000000000004, "HT_LAND": 38.5, "FNAME": null, "LATIN_NAME": null, "BLDG_HT": 5.3, "USG_ID": null, "CMPLX_ID": null, "CMLX_FCD": null, "ORIG_AREA": 94.983, "DATA_YEAR": null, "PRDCT_VER": null, "MUN_HEB": "יגל", "mzm_lamas": 798, "logic_num": 39, "mzm": 263, "mzm_num_ID": "798B263", "Label": "B263", "Col_Row": "634 - 1482", "BUILD_YEAR": 0, "FTYPE_D": "בנין", "Shape_Length": 39.267832395777894, "Shape_Area": 94.98300000069477}, "geometry": {"type": "Polygon", "coordinates": [[[34.88248090164021, 31.98822703591749], [34.882411945062415, 31.98827817368219], [34.882487867543766, 31.98835330627352], [34.88255682413639, 31.988302168468273], [34.88248090164021, 31.98822703591749]]]}}, {"type": "Feature", "properties": {"OBJECTID": 3199, "UNIQ_ID": 52511454, "PARENT": 4088951, "FCODE": 201, "FTYPE": 11, "HI_PNT_X": 187404.00812654, "HI_PNT_Y": 655005.5229939, "HI_PNT_Z": 38.92, "HEIGHT": 38.92, "HT_LAND": 36.81, "FNAME": null, "LATIN_NAME": null, "BLDG_HT": 2.11, "USG_ID": null, "CMPLX_ID": null, "CMLX_FCD": null, "ORIG_AREA": 27.900000000000002, "DATA_YEAR": null, "PRDCT_VER": null, "MUN_HEB": "אחיעזר", "mzm_lamas": 797, "logic_num": 72, "mzm": 565, "mzm_num_ID": "797B565", "Label": "B565", "Col_Row": "617 - 1482", "BUILD_YEAR": 0, "FTYPE_D": "בנין", "Shape_Length": 21.772121264709547, "Shape_Area": 27.899999999208376}, "geometry": {"type": "Polygon", "coordinates": [[[34.86526414476675, 31.987666454031213], [34.865237586307686, 31.98769515061452], [34.865292464793995, 31.987734165028332], [34.86532008533311, 31.98770438910621], [34.86526414476675, 31.987666454031213]]]}}, {"type": "Feature", "properties": {"OBJECTID": 3200, "UNIQ_ID": 52511546, "PARENT": 6068476, "FCODE": 201, "FTYPE": 11, "HI_PNT_X": 187096.84902654, "HI_PNT_Y": 654995.0277939, "HI_PNT_Z": 43.88, "HEIGHT": 42.800000000000004, "HT_LAND": 37.38, "FNAME": null, "LATIN_NAME": null, "BLDG_HT": 5.42, "USG_ID": null, "CMPLX_ID": null, "CMLX_FCD": null, "ORIG_AREA": 166.13645, "DATA_YEAR": null, "PRDCT_VER": null, "MUN_HEB": "כפר חבד", "mzm_lamas": 696, "logic_num": 221, "mzm": 211, "mzm_num_ID": "696B211", "Label": "B211", "Col_Row": "614 - 1482", "BUILD_YEAR": 0, "FTYPE_D": "בנין", "Shape_Length": 52.883240831046905, "Shape_Area": 166.1364499967966}, "geometry": {"type": "Polygon", "coordinates": [[[34.86198891168734, 31.98750886182905], [34.8619208192876, 31.98758082242786], [34.86205274094695, 31.987673072207166], [34.862121785606504, 31.987601114106738], [34.86198891168734, 31.98750886182905]]]}}, {"type": "Feature", "properties": {"OBJECTID": 3201, "UNIQ_ID": 52511550, "PARENT": 4054497, "FCODE": 201, "FTYPE": 11, "HI_PNT_X": 188598.91452654, "HI_PNT_Y": 655261.8503939, "HI_PNT_Z": 45.27, "HEIGHT": 45.27, "HT_LAND": 35.9, "FNAME": null, "LATIN_NAME": null, "BLDG_HT": 9.370000000000001, "USG_ID": null, "CMPLX_ID": null, "CMLX_FCD": null, "ORIG_AREA": 237.84235, "DATA_YEAR": null, "PRDCT_VER": null, "MUN_HEB": "יגל", "mzm_lamas": 798, "logic_num": 7980102, "mzm": 276, "mzm_num_ID": "798B276", "Label": "B276", "Col_Row": "629 - 1480", "BUILD_YEAR": null, "FTYPE_D": "בנין", "Shape_Length": 78.71532708511414, "Shape_Area": 237.8423500022698}, "geometry": {"type": "Polygon", "coordinates": [[[34.87796617159689, 31.989941377182333], [34.877921544467284, 31.989993657222534], [34.877898315695795, 31.98997943913141], [34.87786761554459, 31.990013267990918], [34.877894007219695, 31.99003074072135], [34.87787807133068, 31.990048735809456], [34.87784523334723, 31.990028901796528], [34.87782398473611, 31.990053105657772], [34.87795374573657, 31.990133519753044], [34.877971915843304, 31.990112103545645], [34.87800042159998, 31.99013021295486], [34.87804823528621, 31.990074514225753], [34.87801128043477, 31.990051874074744], [34.87803572319281, 31.990022087208665], [34.87800404913072, 31.99000225622993], [34.878024241146875, 31.989977598718536], [34.87796617159689, 31.989941377182333]]]}}, {"type": "Feature", "properties": {"OBJECTID": 3202, "UNIQ_ID": 52511977, "PARENT": 6067376, "FCODE": 201, "FTYPE": 11, "HI_PNT_X": 187369.24042654, "HI_PNT_Y": 655134.2178939, "HI_PNT_Z": 45.51, "HEIGHT": 45.51, "HT_LAND": 38.38, "FNAME": null, "LATIN_NAME": null, "BLDG_HT": 7.13, "USG_ID": null, "CMPLX_ID": null, "CMLX_FCD": null, "ORIG_AREA": 361.1902, "DATA_YEAR": null, "PRDCT_VER": null, "MUN_HEB": "אחיעזר", "mzm_lamas": 797, "logic_num": 27, "mzm": 220, "mzm_num_ID": "797B220", "Label": "B220", "Col_Row": "617 - 1481", "BUILD_YEAR": 0, "FTYPE_D": "בנין", "Shape_Length": 111.02939509120444, "Shape_Area": 361.19020000706445}, "geometry": {"type": "Polygon", "coordinates": [[[34.865019078812004, 31.988702873762442], [34.86494358735909, 31.98877310276117], [34.86492153912744, 31.988755007701435], [34.864870574784895, 31.988802306258425], [34.86489051541748, 31.988818050997804], [34.86479400026139, 31.988907973169862], [34.864899510910206, 31.988990049105826], [34.86494102254628, 31.988952374558643], [34.86490599261854, 31.9889252267307], [34.864935935193806, 31.988897170539367], [34.86497476007017, 31.98892820626678], [34.86501722793876, 31.98888945208662], [34.86496352311127, 31.988847645104855], [34.864993250035624, 31.988820670487616], [34.8650174105492, 31.988839853348523], [34.8650982115089, 31.9887644982187], [34.865019078812004, 31.988702873762442]]]}}, {"type": "Feature", "properties": {"OBJECTID": 3206, "UNIQ_ID": 52510182, "PARENT": 4054443, "FCODE": 201, "FTYPE": 11, "HI_PNT_X": 188445.16512654, "HI_PNT_Y": 655446.6569939, "HI_PNT_Z": 42.800000000000004, "HEIGHT": 42.800000000000004, "HT_LAND": 35, "FNAME": null, "LATIN_NAME": null, "BLDG_HT": 7.8, "USG_ID": null, "CMPLX_ID": null, "CMLX_FCD": null, "ORIG_AREA": 165.83450000000002, "DATA_YEAR": null, "PRDCT_VER": null, "MUN_HEB": "יגל", "mzm_lamas": 798, "logic_num": 7980102, "mzm": 116, "mzm_num_ID": "798B116", "Label": "B116", "Col_Row": "628 - 1478", "BUILD_YEAR": 0, "FTYPE_D": "בנין", "Shape_Length": 55.64727041618012, "Shape_Area": 165.83449998596404}, "geometry": {"type": "Polygon", "coordinates": [[[34.87623015593545, 31.991613624566863], [34.876167522369784, 31.991670366423794], [34.876317362640485, 31.9917879884407], [34.87637894189385, 31.991730161620552], [34.87623015593545, 31.991613624566863]]]}}, {"type": "Feature", "properties": {"OBJECTID": 3209, "UNIQ_ID": 52512336, "PARENT": 4054547, "FCODE": 201, "FTYPE": 11, "HI_PNT_X": 189015.00712654, "HI_PNT_Y": 654995.0167939, "HI_PNT_Z": 45.46, "HEIGHT": 45.46, "HT_LAND": 38.4, "FNAME": null, "LATIN_NAME": null, "BLDG_HT": 7.0600000000000005, "USG_ID": null, "CMPLX_ID": null, "CMLX_FCD": null, "ORIG_AREA": 123.015, "DATA_YEAR": null, "PRDCT_VER": null, "MUN_HEB": "יגל", "mzm_lamas": 798, "logic_num": 10, "mzm": 51, "mzm_num_ID": "798B51", "Label": "B51", "Col_Row": "634 - 1482", "BUILD_YEAR": null, "FTYPE_D": "בנין", "Shape_Length": 44.38347891715904, "Shape_Area": 123.01499999966472}, "geometry": {"type": "Polygon", "coordinates": [[[34.88232340111717, 31.987575623308008], [34.88225656864305, 31.987654902701237], [34.88235349205003, 31.987715479443178], [34.88242063813778, 31.987637282961103], [34.88232340111717, 31.987575623308008]]]}}, {"type": "Feature", "properties": {"OBJECTID": 3211, "UNIQ_ID": 52512056, "PARENT": 6067385, "FCODE": 201, "FTYPE": 11, "HI_PNT_X": 188850.12452654, "HI_PNT_Y": 655128.9177939, "HI_PNT_Z": 46.44, "HEIGHT": 46.44, "HT_LAND": 39.410000000000004, "FNAME": null, "LATIN_NAME": null, "BLDG_HT": 7.03, "USG_ID": null, "CMPLX_ID": null, "CMLX_FCD": null, "ORIG_AREA": 245.60145, "DATA_YEAR": null, "PRDCT_VER": null, "MUN_HEB": "יגל", "mzm_lamas": 798, "logic_num": 7986001, "mzm": 382, "mzm_num_ID": "798B382", "Label": "B382", "Col_Row": "632 - 1481", "BUILD_YEAR": null, "FTYPE_D": "בנין", "Shape_Length": 65.3413988658202, "Shape_Area": 245.6014500035487}, "geometry": {"type": "Polygon", "coordinates": [[[34.88062735492387, 31.98874879430567], [34.88059230268803, 31.988786941396167], [34.88056802708841, 31.9887694746225], [34.880481883118755, 31.98886331301473], [34.88060022310851, 31.988941981841077], [34.88072014412673, 31.98881152606901], [34.88062735492387, 31.98874879430567]]]}}, {"type": "Feature", "properties": {"OBJECTID": 3212, "UNIQ_ID": 53335572, "PARENT": 6068485, "FCODE": 201, "FTYPE": 11, "HI_PNT_X": 188881.83622654, "HI_PNT_Y": 654994.5929939, "HI_PNT_Z": 46.17, "HEIGHT": 46.17, "HT_LAND": 40.04, "FNAME": null, "LATIN_NAME": null, "BLDG_HT": 6.13, "USG_ID": null, "CMPLX_ID": null, "CMLX_FCD": null, "ORIG_AREA": 250.2767, "DATA_YEAR": null, "PRDCT_VER": null, "MUN_HEB": "יגל", "mzm_lamas": 798, "logic_num": 8, "mzm": 39, "mzm_num_ID": "798B39", "Label": "B39", "Col_Row": "632 - 1482", "BUILD_YEAR": null, "FTYPE_D": "בנין", "Shape_Length": 65.23823905334056, "Shape_Area": 250.27670000223833}, "geometry": {"type": "Polygon", "coordinates": [[[34.88091729354384, 31.987539401731635], [34.880817544022044, 31.987651241794577], [34.880939901346615, 31.987730551820405], [34.88095795846218, 31.987710848313956], [34.880980131249785, 31.98772443189513], [34.88103101640367, 31.987667026406687], [34.881015182453, 31.98765625458194], [34.88104513935628, 31.987622603407836], [34.88091729354384, 31.987539401731635]]]}}, {"type": "Feature", "properties": {"OBJECTID": 3215, "UNIQ_ID": 52512068, "PARENT": 6067448, "FCODE": 201, "FTYPE": 11, "HI_PNT_X": 187169.03882654, "HI_PNT_Y": 655060.1258939, "HI_PNT_Z": 43.92, "HEIGHT": 43.92, "HT_LAND": 39.22, "FNAME": null, "LATIN_NAME": null, "BLDG_HT": 4.7, "USG_ID": null, "CMPLX_ID": null, "CMLX_FCD": null, "ORIG_AREA": 172.769, "DATA_YEAR": null, "PRDCT_VER": null, "MUN_HEB": "כפר חבד", "mzm_lamas": 696, "logic_num": 221, "mzm": 221, "mzm_num_ID": "696B221", "Label": "B221", "Col_Row": "615 - 1482", "BUILD_YEAR": 0, "FTYPE_D": "בנין", "Shape_Length": 61.557353042198095, "Shape_Area": 172.7689999841284}, "geometry": {"type": "Polygon", "coordinates": [[[34.86278867313474, 31.988097821085365], [34.86269309228949, 31.988192253199763], [34.86273529972455, 31.988223929981846], [34.86276822047479, 31.988191824200012], [34.862794600050904, 31.988211644719815], [34.86277867191, 31.988226842333994], [34.86282615557817, 31.988262411046367], [34.86290580591047, 31.988183807719402], [34.86278867313474, 31.988097821085365]]]}}, {"type": "Feature", "properties": {"OBJECTID": 3218, "UNIQ_ID": 52512007, "PARENT": 4088860, "FCODE": 201, "FTYPE": 11, "HI_PNT_X": 187443.02532654, "HI_PNT_Y": 655058.1776939, "HI_PNT_Z": 44.2, "HEIGHT": 44.2, "HT_LAND": 37.4, "FNAME": null, "LATIN_NAME": null, "BLDG_HT": 6.8, "USG_ID": null, "CMPLX_ID": null, "CMLX_FCD": null, "ORIG_AREA": 126.92, "DATA_YEAR": null, "PRDCT_VER": null, "MUN_HEB": "אחיעזר", "mzm_lamas": 797, "logic_num": 27, "mzm": 224, "mzm_num_ID": "797B224", "Label": "B224", "Col_Row": "618 - 1482", "BUILD_YEAR": 0, "FTYPE_D": "בנין", "Shape_Length": 45.911941957864, "Shape_Area": 126.91999999713153}, "geometry": {"type": "Polygon", "coordinates": [[[34.86566252175143, 31.988099301860398], [34.865597745047275, 31.988162255243434], [34.865706432224464, 31.988243707734718], [34.865771103101615, 31.988180754014568], [34.86566252175143, 31.988099301860398]]]}}, {"type": "Feature", "properties": {"OBJECTID": 3278, "UNIQ_ID": 52506642, "PARENT": 4087769, "FCODE": 201, "FTYPE": 11, "HI_PNT_X": 187018.26482654, "HI_PNT_Y": 656355.2639939, "HI_PNT_Z": 41.050000000000004, "HEIGHT": 41.050000000000004, "HT_LAND": 35.7, "FNAME": null, "LATIN_NAME": null, "BLDG_HT": 5.3500000000000005, "USG_ID": null, "CMPLX_ID": null, "CMLX_FCD": null, "ORIG_AREA": 1426.1958, "DATA_YEAR": 2014, "PRDCT_VER": "2015-07", "MUN_HEB": "צפריה", "mzm_lamas": 594, "logic_num": 9, "mzm": 81, "mzm_num_ID": "594B81", "Label": "B81", "Col_Row": "613 - 1469", "BUILD_YEAR": 0, "FTYPE_D": "בנין", "Shape_Length": 151.2219826488968, "Shape_Area": 1426.1958000353452}, "geometry": {"type": "Polygon", "coordinates": [[[34.86115252075205, 31.999605188185587], [34.86092930478232, 31.999868902430183], [34.86126907542028, 32.00007723627384], [34.861492290933676, 31.99981352143687], [34.86115252075205, 31.999605188185587]]]}}, {"type": "Feature", "properties": {"OBJECTID": 3279, "UNIQ_ID": 52513366, "PARENT": 4088880, "FCODE": 201, "FTYPE": 11, "HI_PNT_X": 187504.96712654, "HI_PNT_Y": 655049.4015939, "HI_PNT_Z": 40, "HEIGHT": 40, "HT_LAND": 36.59, "FNAME": null, "LATIN_NAME": null, "BLDG_HT": 3.41, "USG_ID": null, "CMPLX_ID": null, "CMLX_FCD": null, "ORIG_AREA": 77, "DATA_YEAR": null, "PRDCT_VER": null, "MUN_HEB": "אחיעזר", "mzm_lamas": 797, "logic_num": 73, "mzm": 526, "mzm_num_ID": "797B526", "Label": "B526", "Col_Row": "618 - 1482", "BUILD_YEAR": null, "FTYPE_D": "בנין", "Shape_Length": 36.85702808859162, "Shape_Area": 77.00000000186265}, "geometry": {"type": "Polygon", "coordinates": [[[34.86631348451616, 31.98803962482503], [34.8662709947594, 31.98808460183934], [34.866370209053585, 31.988152501461776], [34.86641269879386, 31.988107524414616], [34.86631348451616, 31.98803962482503]]]}}, {"type": "Feature", "properties": {"OBJECTID": 3307, "UNIQ_ID": 52559265, "PARENT": 6390155, "FCODE": 201, "FTYPE": 11, "HI_PNT_X": 188371.50892654, "HI_PNT_Y": 655644.8191939, "HI_PNT_Z": 40.38, "HEIGHT": 40.38, "HT_LAND": 36.13, "FNAME": null, "LATIN_NAME": null, "BLDG_HT": 4.25, "USG_ID": null, "CMPLX_ID": null, "CMLX_FCD": null, "ORIG_AREA": 110.79910000000001, "DATA_YEAR": null, "PRDCT_VER": null, "MUN_HEB": "יגל", "mzm_lamas": 798, "logic_num": 56, "mzm": 353, "mzm_num_ID": "798B353", "Label": "B353", "Col_Row": "627 - 1476", "BUILD_YEAR": null, "FTYPE_D": "בנין", "Shape_Length": 42.14599521372595, "Shape_Area": 110.79910000158623}, "geometry": {"type": "Polygon", "coordinates": [[[34.87549357316075, 31.9934215481171], [34.87542454444906, 31.99349071790218], [34.87551309601216, 31.993555155872826], [34.875582124706554, 31.993485986040138], [34.87549357316075, 31.9934215481171]]]}}, {"type": "Feature", "properties": {"OBJECTID": 3353, "UNIQ_ID": 52515831, "PARENT": 6067065, "FCODE": 201, "FTYPE": 11, "HI_PNT_X": 188045.00302654, "HI_PNT_Y": 655523.1305939, "HI_PNT_Z": 44.89, "HEIGHT": 44.89, "HT_LAND": 39.27, "FNAME": null, "LATIN_NAME": null, "BLDG_HT": 5.62, "USG_ID": null, "CMPLX_ID": null, "CMLX_FCD": null, "ORIG_AREA": 198.0367, "DATA_YEAR": null, "PRDCT_VER": null, "MUN_HEB": "עמק לוד", "mzm_lamas": 10040, "logic_num": 9, "mzm": 161, "mzm_num_ID": "10040B161", "Label": "B161", "Col_Row": "624 - 1477", "BUILD_YEAR": null, "FTYPE_D": "בנין", "Shape_Length": 69.57459062525666, "Shape_Area": 198.03669998828244}, "geometry": {"type": "Polygon", "coordinates": [[[34.87203726036621, 31.99232866460736], [34.87195335451471, 31.992414747456525], [34.871966972252046, 31.992423801169867], [34.87193202476185, 31.992460863935417], [34.872023850900966, 31.992525944179185], [34.87206007044863, 31.992488253457363], [34.87202503089248, 31.992462820997556], [34.87205805967548, 31.99242963093807], [34.872091939153506, 31.992453978186333], [34.872141646041314, 31.99240279570001], [34.87203726036621, 31.99232866460736]]]}}, {"type": "Feature", "properties": {"OBJECTID": 3361, "UNIQ_ID": 52514244, "PARENT": 6067459, "FCODE": 201, "FTYPE": 11, "HI_PNT_X": 188878.37362654, "HI_PNT_Y": 655056.3760939, "HI_PNT_Z": 46.07, "HEIGHT": 46.07, "HT_LAND": 39.58, "FNAME": null, "LATIN_NAME": null, "BLDG_HT": 6.49, "USG_ID": null, "CMPLX_ID": null, "CMLX_FCD": null, "ORIG_AREA": 192.0338, "DATA_YEAR": null, "PRDCT_VER": null, "MUN_HEB": "יגל", "mzm_lamas": 798, "logic_num": 8, "mzm": 36, "mzm_num_ID": "798B36", "Label": "B36", "Col_Row": "632 - 1482", "BUILD_YEAR": null, "FTYPE_D": "בנין", "Shape_Length": 59.80137345039095, "Shape_Area": 192.03379999623056}, "geometry": {"type": "Polygon", "coordinates": [[[34.88083805396137, 31.98810841898898], [34.88078929669621, 31.98816240296216], [34.88081231004193, 31.98817770214462], [34.880777361696616, 31.988216480819148], [34.880870154268, 31.988278130319085], [34.88090010383274, 31.988246643496474], [34.880924278927374, 31.988262576883365], [34.880980570598496, 31.98820238960665], [34.88083805396137, 31.98810841898898]]]}}, {"type": "Feature", "properties": {"OBJECTID": 3369, "UNIQ_ID": 52512900, "PARENT": 6390215, "FCODE": 201, "FTYPE": 11, "HI_PNT_X": 187519.82752654, "HI_PNT_Y": 654996.3522939, "HI_PNT_Z": 39.77, "HEIGHT": 39.76, "HT_LAND": 36.7, "FNAME": null, "LATIN_NAME": null, "BLDG_HT": 3.06, "USG_ID": null, "CMPLX_ID": null, "CMLX_FCD": null, "ORIG_AREA": 41.1454, "DATA_YEAR": null, "PRDCT_VER": null, "MUN_HEB": "אחיעזר", "mzm_lamas": 797, "logic_num": 20, "mzm": 228, "mzm_num_ID": "797B228", "Label": "B228", "Col_Row": "619 - 1482", "BUILD_YEAR": null, "FTYPE_D": "בנין", "Shape_Length": 25.844527975630143, "Shape_Area": 41.145400007721406}, "geometry": {"type": "Polygon", "coordinates": [[[34.866513995271916, 31.987578525191424], [34.866468410547036, 31.987630798651566], [34.86651591352677, 31.987661406118864], [34.866562660502375, 31.98760958663794], [34.866513995271916, 31.987578525191424]]]}}, {"type": "Feature", "properties": {"OBJECTID": 3377, "UNIQ_ID": 52516743, "PARENT": 6066777, "FCODE": 201, "FTYPE": 11, "HI_PNT_X": 187324.35822654, "HI_PNT_Y": 655759.8550939, "HI_PNT_Z": 48.800000000000004, "HEIGHT": 48.800000000000004, "HT_LAND": 36.59, "FNAME": null, "LATIN_NAME": null, "BLDG_HT": 12.21, "USG_ID": null, "CMPLX_ID": null, "CMLX_FCD": null, "ORIG_AREA": 242.525, "DATA_YEAR": null, "PRDCT_VER": null, "MUN_HEB": "כפר חבד", "mzm_lamas": 696, "logic_num": 142, "mzm": 599, "mzm_num_ID": "696B599", "Label": "B599", "Col_Row": "617 - 1475", "BUILD_YEAR": null, "FTYPE_D": "בנין", "Shape_Length": 63.69960521272456, "Shape_Area": 242.52499999525025}, "geometry": {"type": "Polygon", "coordinates": [[[34.86431764384569, 31.99443926317827], [34.86431383935774, 31.994552609655614], [34.86451827014125, 31.994555952966767], [34.86452059458542, 31.994442151616465], [34.86431764384569, 31.99443926317827]]]}}, {"type": "Feature", "properties": {"OBJECTID": 3384, "UNIQ_ID": 52514292, "PARENT": 4054541, "FCODE": 201, "FTYPE": 11, "HI_PNT_X": null, "HI_PNT_Y": null, "HI_PNT_Z": null, "HEIGHT": 44.33333333, "HT_LAND": null, "FNAME": null, "LATIN_NAME": null, "BLDG_HT": null, "USG_ID": 54013278, "CMPLX_ID": null, "CMLX_FCD": null, "ORIG_AREA": 171.53189968, "DATA_YEAR": 2014, "PRDCT_VER": "2015-07", "MUN_HEB": "יגל", "mzm_lamas": 798, "logic_num": 38, "mzm": 259, "mzm_num_ID": "798B259", "Label": "B259", "Col_Row": "631 - 1482", "BUILD_YEAR": null, "FTYPE_D": "בנין", "Shape_Length": 59.39437366358524, "Shape_Area": 171.53189968468183}, "geometry": {"type": "Polygon", "coordinates": [[[34.88004230025881, 31.988303640352132], [34.880075242250626, 31.988280641044206], [34.88012217466903, 31.988309393277113], [34.880144097626356, 31.988285112286295], [34.88010054486819, 31.988250642237137], [34.88013485848524, 31.98819115127906], [34.88005250023652, 31.98814134155405], [34.87996614939833, 31.988254593130975], [34.88004230025881, 31.988303640352132]]]}}, {"type": "Feature", "properties": {"OBJECTID": 3389, "UNIQ_ID": 52515198, "PARENT": 6067314, "FCODE": 201, "FTYPE": 11, "HI_PNT_X": 188704.73692654, "HI_PNT_Y": 655208.9647939, "HI_PNT_Z": 45.730000000000004, "HEIGHT": 45.730000000000004, "HT_LAND": 37.81, "FNAME": null, "LATIN_NAME": null, "BLDG_HT": 7.92, "USG_ID": null, "CMPLX_ID": null, "CMLX_FCD": null, "ORIG_AREA": 344.2887, "DATA_YEAR": null, "PRDCT_VER": null, "MUN_HEB": "יגל", "mzm_lamas": 798, "logic_num": 44, "mzm": 281, "mzm_num_ID": "798B281", "Label": "B281", "Col_Row": "630 - 1480", "BUILD_YEAR": null, "FTYPE_D": "בנין", "Shape_Length": 88.5446578013159, "Shape_Area": 344.28870001170895}, "geometry": {"type": "Polygon", "coordinates": [[[34.87903880645364, 31.98946274846539], [34.879012253961974, 31.989490816691177], [34.87898586445494, 31.98947271293393], [34.87891778377512, 31.989544682710196], [34.878937946254446, 31.9895582614889], [34.87889323156244, 31.98960558172728], [34.878975564690755, 31.989662696748574], [34.87902335780976, 31.989612588780222], [34.87903824336331, 31.989622276253616], [34.87905077320699, 31.989609863473778], [34.8791258288949, 31.98966028638671], [34.87918838750611, 31.989593893537474], [34.879115657490885, 31.98954410788546], [34.87913264736054, 31.989527197506078], [34.87903880645364, 31.98946274846539]]]}}, {"type": "Feature", "properties": {"OBJECTID": 3394, "UNIQ_ID": 52514760, "PARENT": 6066986, "FCODE": 201, "FTYPE": 11, "HI_PNT_X": 188146.07252654, "HI_PNT_Y": 655603.8627939, "HI_PNT_Z": 40.85, "HEIGHT": 40.85, "HT_LAND": 38.2, "FNAME": null, "LATIN_NAME": null, "BLDG_HT": 2.65, "USG_ID": null, "CMPLX_ID": null, "CMLX_FCD": null, "ORIG_AREA": 14.538300000000001, "DATA_YEAR": null, "PRDCT_VER": null, "MUN_HEB": "יגל", "mzm_lamas": 798, "logic_num": 7980102, "mzm": 361, "mzm_num_ID": "798B361", "Label": "B361", "Col_Row": "625 - 1476", "BUILD_YEAR": null, "FTYPE_D": "בנין", "Shape_Length": 15.478921781542756, "Shape_Area": 14.538299996034056}, "geometry": {"type": "Polygon", "coordinates": [[[34.87310738650909, 31.993094118408706], [34.87308518975499, 31.99311660555412], [34.87312213455655, 31.993142042694572], [34.87314432741841, 31.993120637697228], [34.87310738650909, 31.993094118408706]]]}}, {"type": "Feature", "properties": {"OBJECTID": 3395, "UNIQ_ID": 52516805, "PARENT": 4054441, "FCODE": 201, "FTYPE": 11, "HI_PNT_X": 188527.16822654, "HI_PNT_Y": 655459.7215939, "HI_PNT_Z": 39.6, "HEIGHT": 39.6, "HT_LAND": 34.79, "FNAME": null, "LATIN_NAME": null, "BLDG_HT": 4.8100000000000005, "USG_ID": null, "CMPLX_ID": null, "CMLX_FCD": null, "ORIG_AREA": 181.72652338, "DATA_YEAR": 2014, "PRDCT_VER": "2015-07", "MUN_HEB": "יגל", "mzm_lamas": 798, "logic_num": 15, "mzm": 133, "mzm_num_ID": "798B133", "Label": "B133", "Col_Row": "629 - 1478", "BUILD_YEAR": null, "FTYPE_D": "בנין", "Shape_Length": 56.39308242056643, "Shape_Area": 181.72652335426108}, "geometry": {"type": "Polygon", "coordinates": [[[34.87712910199761, 31.991751847962885], [34.877065364934595, 31.991821483217684], [34.87722141064941, 31.9919128650495], [34.87729221715789, 31.991841466876558], [34.87712910199761, 31.991751847962885]]]}}, {"type": "Feature", "properties": {"OBJECTID": 3396, "UNIQ_ID": 52516774, "PARENT": 6066885, "FCODE": 201, "FTYPE": 11, "HI_PNT_X": 188142.03192654, "HI_PNT_Y": 655671.0110939, "HI_PNT_Z": 45.17, "HEIGHT": 45.17, "HT_LAND": 37.72, "FNAME": null, "LATIN_NAME": null, "BLDG_HT": 7.45, "USG_ID": null, "CMPLX_ID": null, "CMLX_FCD": null, "ORIG_AREA": 148.00465, "DATA_YEAR": null, "PRDCT_VER": null, "MUN_HEB": "יגל", "mzm_lamas": 798, "logic_num": 7980102, "mzm": 332, "mzm_num_ID": "798B332", "Label": "B332", "Col_Row": "625 - 1476", "BUILD_YEAR": null, "FTYPE_D": "בנין", "Shape_Length": 52.10002989665668, "Shape_Area": 148.00464999527057}, "geometry": {"type": "Polygon", "coordinates": [[[34.873063084421915, 31.99364347180201], [34.87298778196114, 31.993720559742584], [34.873087103048775, 31.99379124996958], [34.873164531882786, 31.99371137192957], [34.873129805119795, 31.993687022757523], [34.873145742566074, 31.993669028286476], [34.87311597692491, 31.993648118915402], [34.873098132493226, 31.993666739666672], [34.873063084421915, 31.99364347180201]]]}}, {"type": "Feature", "properties": {"OBJECTID": 3402, "UNIQ_ID": 52515221, "PARENT": 6066840, "FCODE": 201, "FTYPE": 11, "HI_PNT_X": 187195.39282654, "HI_PNT_Y": 655699.3698939, "HI_PNT_Z": 39.45, "HEIGHT": 39.45, "HT_LAND": 35.9, "FNAME": null, "LATIN_NAME": null, "BLDG_HT": 3.5500000000000003, "USG_ID": null, "CMPLX_ID": null, "CMLX_FCD": null, "ORIG_AREA": 96.02295, "DATA_YEAR": null, "PRDCT_VER": null, "MUN_HEB": "כפר חבד", "mzm_lamas": 696, "logic_num": 59, "mzm": 383, "mzm_num_ID": "696B383", "Label": "B383", "Col_Row": "615 - 1475", "BUILD_YEAR": null, "FTYPE_D": "בנין", "Shape_Length": 40.59513526368178, "Shape_Area": 96.02294999576566}, "geometry": {"type": "Polygon", "coordinates": [[[34.86309101290984, 31.993889296702797], [34.863011637020385, 31.99389251003636], [34.86301766632548, 31.99400741599884], [34.863097039976, 31.99400483391832], [34.86309101290984, 31.993889296702797]]]}}, {"type": "Feature", "properties": {"OBJECTID": 3405, "UNIQ_ID": 53335900, "PARENT": 6067472, "FCODE": 201, "FTYPE": 11, "HI_PNT_X": 187159.61372654, "HI_PNT_Y": 655048.1569939, "HI_PNT_Z": 43.14, "HEIGHT": 43.14, "HT_LAND": 37.27, "FNAME": null, "LATIN_NAME": null, "BLDG_HT": 5.87, "USG_ID": null, "CMPLX_ID": null, "CMLX_FCD": null, "ORIG_AREA": 189.05120000000002, "DATA_YEAR": null, "PRDCT_VER": null, "MUN_HEB": "כפר חבד", "mzm_lamas": 696, "logic_num": 221, "mzm": 219, "mzm_num_ID": "696B219", "Label": "B219", "Col_Row": "615 - 1482", "BUILD_YEAR": 0, "FTYPE_D": "בנין", "Shape_Length": 70.039598708277, "Shape_Area": 189.05119998640959}, "geometry": {"type": "Polygon", "coordinates": [[[34.86263979415469, 31.98798406346893], [34.86255391530831, 31.988058772096263], [34.862595161642176, 31.988092791027047], [34.8626173493517, 31.988073101272903], [34.86264804638143, 31.988098524636264], [34.862622466368684, 31.98811991868777], [34.86266782333762, 31.988158277324846], [34.862704978197876, 31.988125732058293], [34.86271141194282, 31.98813134056616], [34.8627580133621, 31.988090884840915], [34.86278986090912, 31.98806283428211], [34.86276032777134, 31.988037414086], [34.86273283284383, 31.988061598598005], [34.86263979415469, 31.98798406346893]]]}}, {"type": "Feature", "properties": {"OBJECTID": 3408, "UNIQ_ID": 52516003, "PARENT": 6067461, "FCODE": 201, "FTYPE": 11, "HI_PNT_X": 187514.33392654, "HI_PNT_Y": 655059.4272939, "HI_PNT_Z": 38.68, "HEIGHT": 38.68, "HT_LAND": 36.45, "FNAME": null, "LATIN_NAME": null, "BLDG_HT": 2.23, "USG_ID": null, "CMPLX_ID": null, "CMLX_FCD": null, "ORIG_AREA": 35.8171, "DATA_YEAR": null, "PRDCT_VER": null, "MUN_HEB": "אחיעזר", "mzm_lamas": 797, "logic_num": 73, "mzm": 528, "mzm_num_ID": "797B528", "Label": "B528", "Col_Row": "619 - 1482", "BUILD_YEAR": null, "FTYPE_D": "בנין", "Shape_Length": 30.90187160560728, "Shape_Area": 35.817100003547594}, "geometry": {"type": "Polygon", "coordinates": [[[34.866399871526504, 31.9881429311603], [34.86638075312235, 31.98816262975396], [34.86648514207947, 31.98823333866215], [34.8665044720985, 31.988213640616348], [34.866399871526504, 31.9881429311603]]]}}, {"type": "Feature", "properties": {"OBJECTID": 3413, "UNIQ_ID": 52516049, "PARENT": 6066988, "FCODE": 201, "FTYPE": 11, "HI_PNT_X": 187537.01322654, "HI_PNT_Y": 655603.8153939, "HI_PNT_Z": 38.09, "HEIGHT": 38.09, "HT_LAND": 36.5, "FNAME": null, "LATIN_NAME": null, "BLDG_HT": 1.59, "USG_ID": null, "CMPLX_ID": null, "CMLX_FCD": null, "ORIG_AREA": 14.677349999999999, "DATA_YEAR": null, "PRDCT_VER": null, "MUN_HEB": "כפר חבד", "mzm_lamas": 696, "logic_num": 59, "mzm": 362, "mzm_num_ID": "696B362", "Label": "B362", "Col_Row": "619 - 1476", "BUILD_YEAR": 0, "FTYPE_D": "בנין", "Shape_Length": 15.500680528391918, "Shape_Area": 14.677350000188314}, "geometry": {"type": "Polygon", "coordinates": [[[34.86665062954817, 31.99308548433487], [34.86664829800914, 31.9931153278279], [34.8666947429692, 31.993117796126256], [34.866698236825, 31.993088406627248], [34.86665062954817, 31.99308548433487]]]}}, {"type": "Feature", "properties": {"OBJECTID": 3421, "UNIQ_ID": 52518326, "PARENT": 6067011, "FCODE": 201, "FTYPE": 11, "HI_PNT_X": 188100.82312654, "HI_PNT_Y": 655578.0876939, "HI_PNT_Z": 45.2, "HEIGHT": 45.2, "HT_LAND": 38.59, "FNAME": null, "LATIN_NAME": null, "BLDG_HT": 6.61, "USG_ID": null, "CMPLX_ID": null, "CMLX_FCD": null, "ORIG_AREA": 181.52805, "DATA_YEAR": null, "PRDCT_VER": null, "MUN_HEB": "עמק לוד", "mzm_lamas": 10040, "logic_num": 9, "mzm": 451, "mzm_num_ID": "10040B451", "Label": "B451", "Col_Row": "624 - 1477", "BUILD_YEAR": null, "FTYPE_D": "בנין", "Shape_Length": 66.95212935340216, "Shape_Area": 181.52804999770765}, "geometry": {"type": "Polygon", "coordinates": [[[34.872689382856336, 31.992836012346093], [34.872662849858656, 31.99285785682077], [34.872647026072165, 31.9928442883956], [34.87262261328815, 31.99286505624], [34.87260257080602, 31.992847599022873], [34.872527213783975, 31.992910528237775], [34.87255886134861, 31.99293766511568], [34.872578921725506, 31.992920763659672], [34.87263071925402, 31.992964907119465], [34.87261914888158, 31.992974977072], [34.872648578240415, 31.993001025963267], [34.87273040856579, 31.992932973314307], [34.87270182346591, 31.99290755791124], [34.872725277728556, 31.99288850097373], [34.872701963347666, 31.99286869053046], [34.87271480576764, 31.992857992632256], [34.872689382856336, 31.992836012346093]]]}}, {"type": "Feature", "properties": {"OBJECTID": 3436, "UNIQ_ID": 53336560, "PARENT": 6067147, "FCODE": 201, "FTYPE": 11, "HI_PNT_X": 187772.04512654, "HI_PNT_Y": 655412.1755939, "HI_PNT_Z": 41.71, "HEIGHT": 41.71, "HT_LAND": 37.43, "FNAME": null, "LATIN_NAME": null, "BLDG_HT": 4.28, "USG_ID": null, "CMPLX_ID": null, "CMLX_FCD": null, "ORIG_AREA": 34.191, "DATA_YEAR": null, "PRDCT_VER": null, "MUN_HEB": "אחיעזר", "mzm_lamas": 797, "logic_num": 79, "mzm": 581, "mzm_num_ID": "797B581", "Label": "B581", "Col_Row": "621 - 1478", "BUILD_YEAR": null, "FTYPE_D": "בנין", "Shape_Length": 24.83958432927593, "Shape_Area": 34.19099999818113}, "geometry": {"type": "Polygon", "coordinates": [[[34.86918381282224, 31.991336479453743], [34.86912646752076, 31.99139278088762], [34.86916023838361, 31.99141757953282], [34.869216531107604, 31.991359742237055], [34.86918381282224, 31.991336479453743]]]}}, {"type": "Feature", "properties": {"OBJECTID": 3437, "UNIQ_ID": 52518686, "PARENT": 6067431, "FCODE": 201, "FTYPE": 11, "HI_PNT_X": 187234.34702654, "HI_PNT_Y": 655077.4617939, "HI_PNT_Z": 44.04, "HEIGHT": 44.04, "HT_LAND": 38.88, "FNAME": null, "LATIN_NAME": null, "BLDG_HT": 5.16, "USG_ID": null, "CMPLX_ID": null, "CMLX_FCD": null, "ORIG_AREA": 132.9606, "DATA_YEAR": null, "PRDCT_VER": null, "MUN_HEB": "כפר חבד", "mzm_lamas": 696, "logic_num": 222, "mzm": 614, "mzm_num_ID": "696B614", "Label": "B614", "Col_Row": "616 - 1482", "BUILD_YEAR": 0, "FTYPE_D": "בנין", "Shape_Length": 47.82903247231588, "Shape_Area": 132.96059999242016}, "geometry": {"type": "Polygon", "coordinates": [[[34.86354338258527, 31.988282375512426], [34.86348105113928, 31.98828455277561], [34.86348205121956, 31.988300246854067], [34.86342501265453, 31.988301807045033], [34.86343089259652, 31.988399939131682], [34.863550476034895, 31.988395751343376], [34.86354338258527, 31.988282375512426]]]}}, {"type": "Feature", "properties": {"OBJECTID": 3439, "UNIQ_ID": 52517955, "PARENT": 4054456, "FCODE": 201, "FTYPE": 11, "HI_PNT_X": 188587.32702654, "HI_PNT_Y": 655385.1525939, "HI_PNT_Z": 40.300000000000004, "HEIGHT": 40.300000000000004, "HT_LAND": 35.59, "FNAME": null, "LATIN_NAME": null, "BLDG_HT": 4.71, "USG_ID": null, "CMPLX_ID": null, "CMLX_FCD": null, "ORIG_AREA": 110.4406, "DATA_YEAR": null, "PRDCT_VER": null, "MUN_HEB": "יגל", "mzm_lamas": 798, "logic_num": 14, "mzm": 121, "mzm_num_ID": "798B121", "Label": "B121", "Col_Row": "629 - 1478", "BUILD_YEAR": null, "FTYPE_D": "בנין", "Shape_Length": 65.15133152201807, "Shape_Area": 110.44059999532587}, "geometry": {"type": "Polygon", "coordinates": [[[34.87778317714566, 31.991117761082897], [34.87771095379022, 31.99119359728048], [34.87780067640528, 31.99125587235983], [34.87781873105106, 31.99123725147534], [34.87776595536187, 31.991199961310155], [34.87779250872781, 31.991171893358473], [34.87788106965198, 31.991233534128483], [34.87790878919033, 31.99120483789005], [34.87778317714566, 31.991117761082897]]]}}, {"type": "Feature", "properties": {"OBJECTID": 3447, "UNIQ_ID": 53344075, "PARENT": 6390203, "FCODE": 201, "FTYPE": 11, "HI_PNT_X": 187412.38372654, "HI_PNT_Y": 655082.9943939, "HI_PNT_Z": 43.83, "HEIGHT": 43.83, "HT_LAND": 36.15, "FNAME": null, "LATIN_NAME": null, "BLDG_HT": 7.68, "USG_ID": null, "CMPLX_ID": null, "CMLX_FCD": null, "ORIG_AREA": 107.36485, "DATA_YEAR": null, "PRDCT_VER": null, "MUN_HEB": "אחיעזר", "mzm_lamas": 797, "logic_num": 27, "mzm": 318, "mzm_num_ID": "797B318", "Label": "B318", "Col_Row": "618 - 1482", "BUILD_YEAR": 0, "FTYPE_D": "בנין", "Shape_Length": 41.45016839432807, "Shape_Area": 107.36485000205096}, "geometry": {"type": "Polygon", "coordinates": [[[34.86537069184877, 31.9883295648344], [34.86529004706808, 31.98839139349981], [34.86536491803987, 31.988460942281556], [34.86544566864342, 31.98839911385188], [34.86537069184877, 31.9883295648344]]]}}, {"type": "Feature", "properties": {"OBJECTID": 3454, "UNIQ_ID": 52512882, "PARENT": 6067470, "FCODE": 201, "FTYPE": 11, "HI_PNT_X": 187542.33922654, "HI_PNT_Y": 655044.3426939, "HI_PNT_Z": 42.24, "HEIGHT": 42.24, "HT_LAND": 36.43, "FNAME": null, "LATIN_NAME": null, "BLDG_HT": 5.8100000000000005, "USG_ID": null, "CMPLX_ID": null, "CMLX_FCD": null, "ORIG_AREA": 417.7832, "DATA_YEAR": null, "PRDCT_VER": null, "MUN_HEB": "אחיעזר", "mzm_lamas": 797, "logic_num": 73, "mzm": 530, "mzm_num_ID": "797B530", "Label": "B530", "Col_Row": "619 - 1482", "BUILD_YEAR": null, "FTYPE_D": "בנין", "Shape_Length": 81.76224443915042, "Shape_Area": 417.7832000074193}, "geometry": {"type": "Polygon", "coordinates": [[[34.8667436536873, 31.98791217277142], [34.86659809539316, 31.98804597389594], [34.866757407462224, 31.988172650447527], [34.866903812215995, 31.98803885139384], [34.8667436536873, 31.98791217277142]]]}}, {"type": "Feature", "properties": {"OBJECTID": 3458, "UNIQ_ID": 52526409, "PARENT": 4054509, "FCODE": 201, "FTYPE": 11, "HI_PNT_X": 188665.89522654, "HI_PNT_Y": 655192.1172939, "HI_PNT_Z": 43.44, "HEIGHT": 43.44, "HT_LAND": 36.5, "FNAME": null, "LATIN_NAME": null, "BLDG_HT": 6.94, "USG_ID": null, "CMPLX_ID": null, "CMLX_FCD": null, "ORIG_AREA": 261.72195, "DATA_YEAR": null, "PRDCT_VER": null, "MUN_HEB": "יגל", "mzm_lamas": 798, "logic_num": 7980102, "mzm": 254, "mzm_num_ID": "798B254", "Label": "B254", "Col_Row": "630 - 1481", "BUILD_YEAR": 0, "FTYPE_D": "בנין", "Shape_Length": 75.87885957222265, "Shape_Area": 261.7219500014402}, "geometry": {"type": "Polygon", "coordinates": [[[34.87862670079305, 31.989302162012965], [34.87850867092925, 31.989435416232663], [34.878547733623385, 31.98946040634466], [34.878530837995264, 31.98948056338397], [34.878584572983435, 31.989515691370304], [34.87866212508323, 31.98942850558705], [34.87871079924493, 31.989458480244128], [34.87874458499118, 31.98941969916841], [34.8787140749195, 31.989399871352163], [34.878737555086985, 31.989372877470107], [34.87862670079305, 31.989302162012965]]]}}, {"type": "Feature", "properties": {"OBJECTID": 3476, "UNIQ_ID": 52522660, "PARENT": 4054432, "FCODE": 201, "FTYPE": 11, "HI_PNT_X": 188362.74612654, "HI_PNT_Y": 655509.0085939, "HI_PNT_Z": 38.95, "HEIGHT": 38.95, "HT_LAND": 33.9, "FNAME": null, "LATIN_NAME": null, "BLDG_HT": 5.05, "USG_ID": null, "CMPLX_ID": null, "CMLX_FCD": null, "ORIG_AREA": 37.4168, "DATA_YEAR": null, "PRDCT_VER": null, "MUN_HEB": "יגל", "mzm_lamas": 798, "logic_num": 7980102, "mzm": 286, "mzm_num_ID": "798B286", "Label": "B286", "Col_Row": "627 - 1477", "BUILD_YEAR": 0, "FTYPE_D": "בנין", "Shape_Length": 26.21571226390833, "Shape_Area": 37.416799995011466}, "geometry": {"type": "Polygon", "coordinates": [[[34.875403648926195, 31.99222985159407], [34.87536946281028, 31.992291175816458], [34.87540232552118, 31.99230415681744], [34.875412971490356, 31.992286148336287], [34.87543410634334, 31.992294139001945], [34.87545764260321, 31.99225190540281], [34.875403648926195, 31.99222985159407]]]}}, {"type": "Feature", "properties": {"OBJECTID": 3485, "UNIQ_ID": 52523648, "PARENT": 6066993, "FCODE": 201, "FTYPE": 11, "HI_PNT_X": 188050.41922654, "HI_PNT_Y": 655593.8953939, "HI_PNT_Z": 42.13, "HEIGHT": 42.01, "HT_LAND": 38.7, "FNAME": null, "LATIN_NAME": null, "BLDG_HT": 3.31, "USG_ID": null, "CMPLX_ID": null, "CMLX_FCD": null, "ORIG_AREA": 226.03735, "DATA_YEAR": null, "PRDCT_VER": null, "MUN_HEB": "עמק לוד", "mzm_lamas": 10040, "logic_num": 363, "mzm": 194, "mzm_num_ID": "10040B194", "Label": "B194", "Col_Row": "624 - 1476", "BUILD_YEAR": null, "FTYPE_D": "בנין", "Shape_Length": 73.71901661015625, "Shape_Area": 226.0373500035178}, "geometry": {"type": "Polygon", "coordinates": [[[34.8721017762201, 31.99292465538307], [34.87207203604338, 31.99295550937313], [34.87211214654452, 31.992983299787262], [34.87209408878222, 31.99300237074226], [34.87205830440374, 31.992978018507], [34.87200827580382, 31.99303028227647], [34.87212438937695, 31.99310958437898], [34.872243461112, 31.992984725734487], [34.872167356172326, 31.992932131705164], [34.8721461076782, 31.992955703333326], [34.8721017762201, 31.99292465538307]]]}}, {"type": "Feature", "properties": {"OBJECTID": 3508, "UNIQ_ID": 64907901, "PARENT": 53337508, "FCODE": 201, "FTYPE": 11, "HI_PNT_X": null, "HI_PNT_Y": null, "HI_PNT_Z": null, "HEIGHT": 41.36322222, "HT_LAND": null, "FNAME": null, "LATIN_NAME": null, "BLDG_HT": null, "USG_ID": null, "CMPLX_ID": null, "CMLX_FCD": null, "ORIG_AREA": 202.33644198, "DATA_YEAR": 2014, "PRDCT_VER": "2015-07", "MUN_HEB": "אחיעזר", "mzm_lamas": 797, "logic_num": 20, "mzm": 613, "mzm_num_ID": "797B613", "Label": "B613", "Col_Row": "618 - 1482", "BUILD_YEAR": null, "FTYPE_D": "בנין", "Shape_Length": 72.26849326688257, "Shape_Area": 202.33644196722352}, "geometry": {"type": "Polygon", "coordinates": [[[34.8654409224865, 31.98773681072511], [34.86551682922091, 31.987652582010906], [34.865586777562484, 31.987691574313178], [34.86563897906819, 31.98762407834181], [34.86550698522877, 31.987550499431805], [34.865454783669094, 31.987617995349275], [34.86546996612377, 31.987626458749126], [34.8653855517881, 31.987699843959764], [34.8654409224865, 31.98773681072511]]]}}, {"type": "Feature", "properties": {"OBJECTID": 3510, "UNIQ_ID": 53335118, "PARENT": 4054434, "FCODE": 201, "FTYPE": 11, "HI_PNT_X": 188377.08162654, "HI_PNT_Y": 655493.5766939, "HI_PNT_Z": 40.81, "HEIGHT": 40.81, "HT_LAND": 37, "FNAME": null, "LATIN_NAME": null, "BLDG_HT": 3.81, "USG_ID": null, "CMPLX_ID": null, "CMLX_FCD": null, "ORIG_AREA": 336.6693, "DATA_YEAR": null, "PRDCT_VER": null, "MUN_HEB": "יגל", "mzm_lamas": 798, "logic_num": 7980102, "mzm": 301, "mzm_num_ID": "798B301", "Label": "B301", "Col_Row": "627 - 1478", "BUILD_YEAR": null, "FTYPE_D": "בנין", "Shape_Length": 77.73970883011896, "Shape_Area": 336.6692999906156}, "geometry": {"type": "Polygon", "coordinates": [[[34.875601436919226, 31.991987959276813], [34.875443938514735, 31.99217801212622], [34.875557025886884, 31.99224594053006], [34.87571421058909, 31.99205480456442], [34.875601436919226, 31.991987959276813]]]}}, {"type": "Feature", "properties": {"OBJECTID": 3525, "UNIQ_ID": 52522943, "PARENT": 4054425, "FCODE": 201, "FTYPE": 11, "HI_PNT_X": 188377.20582654, "HI_PNT_Y": 655532.9315939, "HI_PNT_Z": 39.79, "HEIGHT": 39.79, "HT_LAND": 34.29, "FNAME": null, "LATIN_NAME": null, "BLDG_HT": 5.5, "USG_ID": null, "CMPLX_ID": null, "CMLX_FCD": null, "ORIG_AREA": 90.3116, "DATA_YEAR": null, "PRDCT_VER": null, "MUN_HEB": "יגל", "mzm_lamas": 798, "logic_num": 7980102, "mzm": 315, "mzm_num_ID": "798B315", "Label": "B315", "Col_Row": "627 - 1477", "BUILD_YEAR": null, "FTYPE_D": "בנין", "Shape_Length": 39.98038064053501, "Shape_Area": 90.31159999603555}, "geometry": {"type": "Polygon", "coordinates": [[[34.87554170999108, 31.99241616144586], [34.87548744876517, 31.992469046895103], [34.875537998245505, 31.992507414395337], [34.87552854617819, 31.992517039203], [34.87556241889156, 31.992543549840363], [34.87562708612789, 31.99248059111483], [34.87554170999108, 31.99241616144586]]]}}, {"type": "Feature", "properties": {"OBJECTID": 3530, "UNIQ_ID": 52515248, "PARENT": 6067088, "FCODE": 201, "FTYPE": 11, "HI_PNT_X": 188392.65972654, "HI_PNT_Y": 655497.1876939, "HI_PNT_Z": 44.34, "HEIGHT": 44.34, "HT_LAND": 34.4, "FNAME": null, "LATIN_NAME": null, "BLDG_HT": 9.94, "USG_ID": null, "CMPLX_ID": null, "CMLX_FCD": null, "ORIG_AREA": 173.494, "DATA_YEAR": null, "PRDCT_VER": null, "MUN_HEB": "יגל", "mzm_lamas": 798, "logic_num": 7980102, "mzm": 299, "mzm_num_ID": "798B299", "Label": "B299", "Col_Row": "627 - 1477", "BUILD_YEAR": null, "FTYPE_D": "בנין", "Shape_Length": 53.783361863441215, "Shape_Area": 173.49399998749047}, "geometry": {"type": "Polygon", "coordinates": [[[34.875754583924994, 31.992068436190426], [34.875641919811926, 31.992178525185466], [34.8757275112915, 31.992241873181676], [34.87583995989207, 31.992132865718546], [34.875754583924994, 31.992068436190426]]]}}, {"type": "Feature", "properties": {"OBJECTID": 3531, "UNIQ_ID": 52515252, "PARENT": 4054435, "FCODE": 201, "FTYPE": 11, "HI_PNT_X": 188521.77242654, "HI_PNT_Y": 655495.0695939, "HI_PNT_Z": 42.46, "HEIGHT": 41.09888889, "HT_LAND": 34.9, "FNAME": null, "LATIN_NAME": null, "BLDG_HT": 6.19888889, "USG_ID": null, "CMPLX_ID": null, "CMLX_FCD": null, "ORIG_AREA": 440.05970297, "DATA_YEAR": 2014, "PRDCT_VER": "2015-07", "MUN_HEB": "יגל", "mzm_lamas": 798, "logic_num": 15, "mzm": 124, "mzm_num_ID": "798B124", "Label": "B124", "Col_Row": "629 - 1477", "BUILD_YEAR": null, "FTYPE_D": "בנין", "Shape_Length": 91.52502911469429, "Shape_Area": 440.05970295817565}, "geometry": {"type": "Polygon", "coordinates": [[[34.87703743539118, 31.9922964815998], [34.87711327620361, 31.992226528584567], [34.87717569969139, 31.992150813567633], [34.87721785846962, 31.99210511061977], [34.877093840202214, 31.99202318835471], [34.8769421068465, 31.992177411230042], [34.87691024664379, 31.992161581709357], [34.87687820225321, 31.992197289811383], [34.87703743539118, 31.9922964815998]]]}}, {"type": "Feature", "properties": {"OBJECTID": 3563, "UNIQ_ID": 52523361, "PARENT": 4054421, "FCODE": 201, "FTYPE": 11, "HI_PNT_X": 188335.77842654, "HI_PNT_Y": 655540.4563939, "HI_PNT_Z": 38.2, "HEIGHT": 38.2, "HT_LAND": 34.09, "FNAME": null, "LATIN_NAME": null, "BLDG_HT": 4.11, "USG_ID": null, "CMPLX_ID": null, "CMLX_FCD": null, "ORIG_AREA": 38.223, "DATA_YEAR": null, "PRDCT_VER": null, "MUN_HEB": "יגל", "mzm_lamas": 798, "logic_num": 50, "mzm": 294, "mzm_num_ID": "798B294", "Label": "B294", "Col_Row": "627 - 1477", "BUILD_YEAR": null, "FTYPE_D": "בנין", "Shape_Length": 26.49175701688258, "Shape_Area": 38.222999998357146}, "geometry": {"type": "Polygon", "coordinates": [[[34.875147642502654, 31.99250640218547], [34.87508393725738, 31.99256656756905], [34.87511664974744, 31.992591993149055], [34.87518151671225, 31.992532462025984], [34.875147642502654, 31.99250640218547]]]}}, {"type": "Feature", "properties": {"OBJECTID": 3567, "UNIQ_ID": 52534710, "PARENT": 6066884, "FCODE": 201, "FTYPE": 11, "HI_PNT_X": 187435.07242654, "HI_PNT_Y": 655641.4153939, "HI_PNT_Z": 48.480000000000004, "HEIGHT": 48.480000000000004, "HT_LAND": 37.5, "FNAME": null, "LATIN_NAME": null, "BLDG_HT": 10.98, "USG_ID": null, "CMPLX_ID": null, "CMLX_FCD": null, "ORIG_AREA": 3298.9775, "DATA_YEAR": null, "PRDCT_VER": null, "MUN_HEB": "כפר חבד", "mzm_lamas": 696, "logic_num": 132, "mzm": 564, "mzm_num_ID": "696B564", "Label": "B564", "Col_Row": "617 - 1476", "BUILD_YEAR": null, "FTYPE_D": "בנין", "Shape_Length": 328.11550256226724, "Shape_Area": 3298.9775000042796}, "geometry": {"type": "Polygon", "coordinates": [[[34.8653395354408, 31.99300253909881], [34.86533877181908, 31.99303752703588], [34.86521973672698, 31.99303486424002], [34.86521056619786, 31.993370220453723], [34.86519458782754, 31.9933701777436], [34.86519202347435, 31.993463146827576], [34.86521202058849, 31.9934638315424], [34.86520367367144, 31.993776644848463], [34.86539508722793, 31.99377995194437], [34.86540009944215, 31.993596809053905], [34.86537480911121, 31.993596741489522], [34.86537799790795, 31.993477802131178], [34.86599170030261, 31.993489540425283], [34.86599438622335, 31.993392062628725], [34.86579779072605, 31.99338811135061], [34.865799871230465, 31.99331146360336], [34.86569258078657, 31.993309012947904], [34.86569992004861, 31.99303957364107], [34.86559908308241, 31.99303759103415], [34.86559982770967, 31.993007743324636], [34.8653395354408, 31.99300253909881]]]}}, {"type": "Feature", "properties": {"OBJECTID": 3581, "UNIQ_ID": 52524815, "PARENT": 4054486, "FCODE": 201, "FTYPE": 11, "HI_PNT_X": 188575.14502654, "HI_PNT_Y": 655289.9819939, "HI_PNT_Z": 44.660000000000004, "HEIGHT": 44.660000000000004, "HT_LAND": 36.5, "FNAME": null, "LATIN_NAME": null, "BLDG_HT": 8.16, "USG_ID": null, "CMPLX_ID": null, "CMLX_FCD": null, "ORIG_AREA": 637.8625000000001, "DATA_YEAR": null, "PRDCT_VER": null, "MUN_HEB": "יגל", "mzm_lamas": 798, "logic_num": 7980102, "mzm": 77, "mzm_num_ID": "798B77", "Label": "B77", "Col_Row": "629 - 1480", "BUILD_YEAR": null, "FTYPE_D": "בנין", "Shape_Length": 174.87932241674793, "Shape_Area": 637.8625000010012}, "geometry": {"type": "Polygon", "coordinates": [[[34.87771466139396, 31.990147513747832], [34.87767434423788, 31.990177890945297], [34.8776564138046, 31.99016152212044], [34.87762022782599, 31.99019064741088], [34.8776499690939, 31.990218409387357], [34.877693105232744, 31.990258470381903], [34.87766753798932, 31.990277071910135], [34.877587487329016, 31.99020300800129], [34.87759491409868, 31.99019743593938], [34.877559057736086, 31.990163435750205], [34.877479473740884, 31.990226357068995], [34.877537479318555, 31.990280614750002], [34.877510953638684, 31.99030092720631], [34.87756579702164, 31.990351749871778], [34.87760081145737, 31.990324785911643], [34.87761135701512, 31.990334913277167], [34.87758260157421, 31.99035738433702], [34.877624790859336, 31.990395909848132], [34.87764600987181, 31.990380092726962], [34.8776671026105, 31.99039989655151], [34.877747854415034, 31.990335895957447], [34.87778171099886, 31.990366914991426], [34.87775178556598, 31.99039109650677], [34.87778775397309, 31.990423383500914], [34.87785990733071, 31.990367116223627], [34.877806121911874, 31.990316296407396], [34.87782840284543, 31.990299399822877], [34.877849495605275, 31.990319203617496], [34.877889710786064, 31.990287743937333], [34.87785501375584, 31.99025500934073], [34.87787623429378, 31.99023874128215], [34.87782655809412, 31.990192891971123], [34.87779281353682, 31.990219859262783], [34.87771466139396, 31.990147513747832]]]}}, {"type": "Feature", "properties": {"OBJECTID": 3600, "UNIQ_ID": 52536486, "PARENT": 4088948, "FCODE": 201, "FTYPE": 11, "HI_PNT_X": 187369.40552654, "HI_PNT_Y": 655002.4183939, "HI_PNT_Z": 40.95, "HEIGHT": 40.800000000000004, "HT_LAND": 35.7, "FNAME": null, "LATIN_NAME": null, "BLDG_HT": 5.1000000000000005, "USG_ID": null, "CMPLX_ID": null, "CMLX_FCD": null, "ORIG_AREA": 310.49179596, "DATA_YEAR": 2014, "PRDCT_VER": "2015-07", "MUN_HEB": "אחיעזר", "mzm_lamas": 797, "logic_num": 72, "mzm": 561, "mzm_num_ID": "797B561", "Label": "B561", "Col_Row": "617 - 1483", "BUILD_YEAR": null, "FTYPE_D": "בנין", "Shape_Length": 104.7150807969511, "Shape_Area": 310.4917959470149}, "geometry": {"type": "Polygon", "coordinates": [[[34.86469163178876, 31.987467671188863], [34.86465227047982, 31.987512900426], [34.86500763918811, 31.987786429736815], [34.86505967129065, 31.987736338376354], [34.86469163178876, 31.987467671188863]]]}}, {"type": "Feature", "properties": {"OBJECTID": 3633, "UNIQ_ID": 52541400, "PARENT": 4054529, "FCODE": 201, "FTYPE": 11, "HI_PNT_X": null, "HI_PNT_Y": null, "HI_PNT_Z": null, "HEIGHT": 45.552, "HT_LAND": null, "FNAME": null, "LATIN_NAME": null, "BLDG_HT": null, "USG_ID": null, "CMPLX_ID": null, "CMLX_FCD": null, "ORIG_AREA": 2626.42218139, "DATA_YEAR": 2014, "PRDCT_VER": "2015-07", "MUN_HEB": "יגל", "mzm_lamas": 798, "logic_num": 9, "mzm": 48, "mzm_num_ID": "798B48", "Label": "B48", "Col_Row": "629 - 1482", "BUILD_YEAR": null, "FTYPE_D": "בנין", "Shape_Length": 319.91759303708403, "Shape_Area": 2626.422181385823}, "geometry": {"type": "Polygon", "coordinates": [[[34.878580533265854, 31.988892353645923], [34.87811612162802, 31.98856308394064], [34.878030394808064, 31.98865082553532], [34.87790043536483, 31.98855829434961], [34.878025578092036, 31.98844823534974], [34.87770682633484, 31.988221964030572], [34.87762282818192, 31.988306787957054], [34.87756171720909, 31.988263253781632], [34.87750603751592, 31.988320606736135], [34.87755501681104, 31.98836243504298], [34.87751890918274, 31.988399496398596], [34.877964205024206, 31.988718569305842], [34.87795247123822, 31.988730579117444], [34.87841688312443, 31.989059849414673], [34.878580533265854, 31.988892353645923]]]}}, {"type": "Feature", "properties": {"OBJECTID": 3647, "UNIQ_ID": 52585393, "PARENT": 6067523, "FCODE": 201, "FTYPE": 11, "HI_PNT_X": 188870.12582654, "HI_PNT_Y": 655011.8843939, "HI_PNT_Z": 46.07, "HEIGHT": 46.07, "HT_LAND": 39.52, "FNAME": null, "LATIN_NAME": null, "BLDG_HT": 6.55, "USG_ID": null, "CMPLX_ID": null, "CMLX_FCD": null, "ORIG_AREA": 199.20864999999998, "DATA_YEAR": null, "PRDCT_VER": null, "MUN_HEB": "יגל", "mzm_lamas": 798, "logic_num": 8, "mzm": 37, "mzm_num_ID": "798B37", "Label": "B37", "Col_Row": "632 - 1482", "BUILD_YEAR": null, "FTYPE_D": "בנין", "Shape_Length": 62.60219499631552, "Shape_Area": 199.20864999235366}, "geometry": {"type": "Polygon", "coordinates": [[[34.88083849217538, 31.987712257217066], [34.88081385134494, 31.98773861727627], [34.88079274270064, 31.987723322950263], [34.880757802119696, 31.98775993731086], [34.880725079947226, 31.987737308736936], [34.88068365764326, 31.98778166206777], [34.88081676626379, 31.98787281327852], [34.88091649640879, 31.987766564362147], [34.88083849217538, 31.987712257217066]]]}}, {"type": "Feature", "properties": {"OBJECTID": 3651, "UNIQ_ID": 52586321, "PARENT": 6068480, "FCODE": 201, "FTYPE": 11, "HI_PNT_X": 188955.02382654, "HI_PNT_Y": 655001.7617939, "HI_PNT_Z": 45.06, "HEIGHT": 42.62, "HT_LAND": 39.68, "FNAME": null, "LATIN_NAME": null, "BLDG_HT": 2.94, "USG_ID": null, "CMPLX_ID": null, "CMLX_FCD": null, "ORIG_AREA": 187.61624999999998, "DATA_YEAR": null, "PRDCT_VER": null, "MUN_HEB": "יגל", "mzm_lamas": 798, "logic_num": 35, "mzm": 255, "mzm_num_ID": "798B255", "Label": "B255", "Col_Row": "633 - 1482", "BUILD_YEAR": null, "FTYPE_D": "בנין", "Shape_Length": 63.92638551450207, "Shape_Area": 187.6162500000326}, "geometry": {"type": "Polygon", "coordinates": [[[34.88166720586014, 31.98762247341358], [34.88164383501702, 31.987648836864974], [34.881612164770615, 31.987627924623354], [34.88158348316767, 31.987660046107614], [34.88161198509809, 31.987679236868548], [34.88159700642698, 31.987696152703595], [34.881732348279776, 31.98778433268232], [34.881777922266394, 31.9877326849412], [34.881762084428914, 31.987722995365427], [34.881796185688046, 31.987684214261], [34.88175279597886, 31.987655967643047], [34.88174110946212, 31.98766946500609], [34.88166720586014, 31.98762247341358]]]}}, {"type": "Feature", "properties": {"OBJECTID": 3657, "UNIQ_ID": 52589918, "PARENT": 4054533, "FCODE": 201, "FTYPE": 11, "HI_PNT_X": 188912.41722654, "HI_PNT_Y": 655115.8474939, "HI_PNT_Z": 42.1, "HEIGHT": 42.1, "HT_LAND": 36.9, "FNAME": null, "LATIN_NAME": null, "BLDG_HT": 5.2, "USG_ID": null, "CMPLX_ID": null, "CMLX_FCD": null, "ORIG_AREA": 71.7163, "DATA_YEAR": null, "PRDCT_VER": null, "MUN_HEB": "יגל", "mzm_lamas": 798, "logic_num": 7986001, "mzm": 419, "mzm_num_ID": "798B419", "Label": "B419", "Col_Row": "633 - 1481", "BUILD_YEAR": 0, "FTYPE_D": "בנין", "Shape_Length": 34.96165329165767, "Shape_Area": 71.71629999765084}, "geometry": {"type": "Polygon", "coordinates": [[[34.88127083448092, 31.98867937212426], [34.88118500158584, 31.98874507548112], [34.88123151034313, 31.98878920199657], [34.881317343246735, 31.988723498608778], [34.88127083448092, 31.98867937212426]]]}}, {"type": "Feature", "properties": {"OBJECTID": 3663, "UNIQ_ID": 52589962, "PARENT": 4088884, "FCODE": 201, "FTYPE": 11, "HI_PNT_X": 187480.99222654, "HI_PNT_Y": 655046.8876939, "HI_PNT_Z": 40.79, "HEIGHT": 40.79, "HT_LAND": 37.4, "FNAME": null, "LATIN_NAME": null, "BLDG_HT": 3.39, "USG_ID": null, "CMPLX_ID": null, "CMLX_FCD": null, "ORIG_AREA": 108.83420000000001, "DATA_YEAR": null, "PRDCT_VER": null, "MUN_HEB": "אחיעזר", "mzm_lamas": 797, "logic_num": 74, "mzm": 573, "mzm_num_ID": "797B573", "Label": "B573", "Col_Row": "618 - 1482", "BUILD_YEAR": null, "FTYPE_D": "בנין", "Shape_Length": 41.73262010428817, "Shape_Area": 108.83419999331161}, "geometry": {"type": "Polygon", "coordinates": [[[34.86608727312647, 31.988006827583412], [34.86602762556982, 31.988085035353524], [34.86612044510824, 31.98813659546309], [34.86618114675922, 31.9880594726241], [34.86608727312647, 31.988006827583412]]]}}, {"type": "Feature", "properties": {"OBJECTID": 3664, "UNIQ_ID": 52585351, "PARENT": 6067136, "FCODE": 201, "FTYPE": 11, "HI_PNT_X": 187750.92772654, "HI_PNT_Y": 655437.5622939, "HI_PNT_Z": 41.5, "HEIGHT": 41.5, "HT_LAND": 36.7, "FNAME": null, "LATIN_NAME": null, "BLDG_HT": 4.8, "USG_ID": null, "CMPLX_ID": null, "CMLX_FCD": null, "ORIG_AREA": 27.951349999999998, "DATA_YEAR": null, "PRDCT_VER": null, "MUN_HEB": "אחיעזר", "mzm_lamas": 797, "logic_num": 79, "mzm": 577, "mzm_num_ID": "797B577", "Label": "B577", "Col_Row": "621 - 1478", "BUILD_YEAR": null, "FTYPE_D": "בנין", "Shape_Length": 21.344370860371036, "Shape_Area": 27.951350000968763}, "geometry": {"type": "Polygon", "coordinates": [[[34.86895016085229, 31.991572044484574], [34.868906523176086, 31.991612510301128], [34.86894345768032, 31.99164029331984], [34.868985931388366, 31.991599824414283], [34.86895016085229, 31.991572044484574]]]}}, {"type": "Feature", "properties": {"OBJECTID": 3668, "UNIQ_ID": 52543670, "PARENT": 4054501, "FCODE": 201, "FTYPE": 11, "HI_PNT_X": 188580.00422654, "HI_PNT_Y": 655248.7913939, "HI_PNT_Z": 40.92, "HEIGHT": 40.92, "HT_LAND": 36.93, "FNAME": null, "LATIN_NAME": null, "BLDG_HT": 3.99, "USG_ID": null, "CMPLX_ID": null, "CMLX_FCD": null, "ORIG_AREA": 45.678000000000004, "DATA_YEAR": null, "PRDCT_VER": null, "MUN_HEB": "יגל", "mzm_lamas": 798, "logic_num": 46, "mzm": 272, "mzm_num_ID": "798B272", "Label": "B272", "Col_Row": "629 - 1480", "BUILD_YEAR": 0, "FTYPE_D": "בנין", "Shape_Length": 29.43452864543451, "Shape_Area": 45.67800000374484}, "geometry": {"type": "Polygon", "coordinates": [[[34.87769127712894, 31.989878625636468], [34.877658267266874, 31.98990730821392], [34.87773644728707, 31.989971717957715], [34.87776924552177, 31.989943034815507], [34.87769127712894, 31.989878625636468]]]}}, {"type": "Feature", "properties": {"OBJECTID": 3679, "UNIQ_ID": 52543722, "PARENT": 4054422, "FCODE": 201, "FTYPE": 11, "HI_PNT_X": 188428.75162654, "HI_PNT_Y": 655535.2814939, "HI_PNT_Z": 40.4, "HEIGHT": 40.4, "HT_LAND": 35.29, "FNAME": null, "LATIN_NAME": null, "BLDG_HT": 5.11, "USG_ID": null, "CMPLX_ID": null, "CMLX_FCD": null, "ORIG_AREA": 195.12914999999998, "DATA_YEAR": null, "PRDCT_VER": null, "MUN_HEB": "יגל", "mzm_lamas": 798, "logic_num": 49, "mzm": 305, "mzm_num_ID": "798B305", "Label": "B305", "Col_Row": "628 - 1477", "BUILD_YEAR": null, "FTYPE_D": "בנין", "Shape_Length": 76.7082354334554, "Shape_Area": 195.1291499970671}, "geometry": {"type": "Polygon", "coordinates": [[[34.87618289371256, 31.99240537654024], [34.87611385022253, 31.99247905569867], [34.8760874604401, 31.992460951345272], [34.87602808433838, 31.992523923998654], [34.8761293189, 31.992592452483642], [34.8761674514534, 31.99255196993908], [34.87617705471479, 31.992559299390777], [34.87620679564484, 31.99252781316961], [34.876162353340064, 31.99249784850934], [34.87618476693176, 31.992473647952856], [34.87622920537913, 31.992504694760274], [34.87625990247146, 31.992472128834066], [34.87621134555126, 31.992438726695575], [34.87621984069965, 31.99243036188758], [34.87618289371256, 31.99240537654024]]]}}, {"type": "Feature", "properties": {"OBJECTID": 3691, "UNIQ_ID": 53341799, "PARENT": 6066818, "FCODE": 201, "FTYPE": 31, "HI_PNT_X": 187451.35532654, "HI_PNT_Y": 655716.3728939, "HI_PNT_Z": 37.24, "HEIGHT": 37.24, "HT_LAND": 34.29, "FNAME": null, "LATIN_NAME": null, "BLDG_HT": 2.95, "USG_ID": null, "CMPLX_ID": null, "CMLX_FCD": null, "ORIG_AREA": 852.8692000000001, "DATA_YEAR": null, "PRDCT_VER": null, "MUN_HEB": "כפר חבד", "mzm_lamas": 696, "logic_num": 59, "mzm": 364, "mzm_num_ID": "696B364", "Label": "B364", "Col_Row": "618 - 1475", "BUILD_YEAR": null, "FTYPE_D": "מבנה בבניה", "Shape_Length": 176.88391986403357, "Shape_Area": 852.8692000006737}, "geometry": {"type": "Polygon", "coordinates": [[[34.865762768817, 31.99393424025712], [34.865761567825665, 31.99397310477981], [34.86566421154605, 31.9939739270998], [34.86566048149373, 31.994125059394104], [34.865603358727554, 31.994119766617125], [34.86560519727833, 31.994195342649963], [34.86566020837223, 31.994199367264567], [34.86566318403797, 31.994253483410887], [34.865718192849506, 31.99425813925675], [34.86571523382136, 31.994228281667155], [34.86582729277883, 31.99422921196488], [34.865825321526785, 31.994189707716753], [34.865856085260745, 31.994168958136022], [34.86590685104658, 31.994176398170573], [34.86590885545493, 31.99420688447216], [34.86598158192122, 31.994256677633654], [34.866058110800914, 31.994193124204866], [34.86606137816174, 31.994139024712045], [34.866010912896584, 31.994078559499858], [34.865972828738435, 31.994075662346123], [34.86591139460323, 31.99412058865958], [34.865911282653514, 31.994151069316114], [34.865865585872285, 31.994146438397138], [34.86586284443684, 31.99405733290663], [34.865882956115875, 31.99405567313294], [34.86587792392624, 31.99398522886143], [34.865849535336444, 31.99393555393735], [34.865762768817, 31.99393424025712]]]}}, {"type": "Feature", "properties": {"OBJECTID": 3737, "UNIQ_ID": 65058407, "PARENT": 53343225, "FCODE": 201, "FTYPE": 11, "HI_PNT_X": null, "HI_PNT_Y": null, "HI_PNT_Z": null, "HEIGHT": 42.86819, "HT_LAND": null, "FNAME": null, "LATIN_NAME": null, "BLDG_HT": null, "USG_ID": null, "CMPLX_ID": null, "CMLX_FCD": null, "ORIG_AREA": 308.29298528, "DATA_YEAR": 2014, "PRDCT_VER": "2015-07", "MUN_HEB": "יגל", "mzm_lamas": 798, "logic_num": 43, "mzm": 388, "mzm_num_ID": "798B388", "Label": "B388", "Col_Row": "632 - 1481", "BUILD_YEAR": null, "FTYPE_D": "בנין", "Shape_Length": 79.36492879710751, "Shape_Area": 308.2929852963259}, "geometry": {"type": "Polygon", "coordinates": [[[34.88022143671704, 31.989218789604397], [34.8802949342126, 31.989177092108594], [34.88033262761508, 31.98920582066612], [34.88035788343715, 31.98918918283164], [34.880408201106555, 31.98921078597684], [34.88044888827594, 31.989184643720126], [34.880353989897614, 31.989102082904807], [34.880249478593875, 31.989037869030472], [34.88013173631048, 31.989150293822515], [34.88022143671704, 31.989218789604397]]]}}, {"type": "Feature", "properties": {"OBJECTID": 3739, "UNIQ_ID": 52555033, "PARENT": 4088937, "FCODE": 201, "FTYPE": 11, "HI_PNT_X": 187478.55862654, "HI_PNT_Y": 655012.9632939, "HI_PNT_Z": 45.2, "HEIGHT": 45.2, "HT_LAND": 36.9, "FNAME": null, "LATIN_NAME": null, "BLDG_HT": 8.3, "USG_ID": null, "CMPLX_ID": null, "CMLX_FCD": null, "ORIG_AREA": 90.165, "DATA_YEAR": null, "PRDCT_VER": null, "MUN_HEB": "אחיעזר", "mzm_lamas": 797, "logic_num": 73, "mzm": 567, "mzm_num_ID": "797B567", "Label": "B567", "Col_Row": "618 - 1482", "BUILD_YEAR": null, "FTYPE_D": "בנין", "Shape_Length": 39.89458716359404, "Shape_Area": 90.16499999910593}, "geometry": {"type": "Polygon", "coordinates": [[[34.86603113602577, 31.987705204743502], [34.865985457735, 31.987754050921875], [34.8660941755586, 31.98782711638737], [34.86613879803894, 31.987777636093224], [34.86603113602577, 31.987705204743502]]]}}, {"type": "Feature", "properties": {"OBJECTID": 3742, "UNIQ_ID": 53343159, "PARENT": 6067421, "FCODE": 201, "FTYPE": 11, "HI_PNT_X": 187270.91632654, "HI_PNT_Y": 655087.5417939, "HI_PNT_Z": 43.4, "HEIGHT": 43.4, "HT_LAND": 37.06, "FNAME": null, "LATIN_NAME": null, "BLDG_HT": 6.34, "USG_ID": null, "CMPLX_ID": null, "CMLX_FCD": null, "ORIG_AREA": 201.66195, "DATA_YEAR": null, "PRDCT_VER": null, "MUN_HEB": "אחיעזר", "mzm_lamas": 797, "logic_num": 27, "mzm": 263, "mzm_num_ID": "797B263", "Label": "B263", "Col_Row": "616 - 1482", "BUILD_YEAR": 0, "FTYPE_D": "בנין", "Shape_Length": 70.16469778572288, "Shape_Area": 201.6619499980921}, "geometry": {"type": "Polygon", "coordinates": [[[34.86383408809063, 31.988357644990387], [34.86374104667425, 31.988366413316093], [34.863745145821774, 31.98840249648461], [34.86378854511684, 31.988398103951337], [34.86380180126204, 31.988504642596205], [34.86396057467999, 31.98848982812544], [34.863949390948235, 31.98839510868995], [34.863840367999046, 31.988404916379448], [34.86383408809063, 31.988357644990387]]]}}, {"type": "Feature", "properties": {"OBJECTID": 3746, "UNIQ_ID": 52548485, "PARENT": 4054519, "FCODE": 201, "FTYPE": 11, "HI_PNT_X": 188739.05772654, "HI_PNT_Y": 655170.9603939, "HI_PNT_Z": 42.36, "HEIGHT": 42.36, "HT_LAND": 36.4, "FNAME": null, "LATIN_NAME": null, "BLDG_HT": 5.96, "USG_ID": null, "CMPLX_ID": null, "CMLX_FCD": null, "ORIG_AREA": 252.40984476, "DATA_YEAR": 2014, "PRDCT_VER": "2015-07", "MUN_HEB": "יגל", "mzm_lamas": 798, "logic_num": 9, "mzm": 45, "mzm_num_ID": "798B45", "Label": "B45", "Col_Row": "631 - 1481", "BUILD_YEAR": null, "FTYPE_D": "בנין", "Shape_Length": 68.38224765327539, "Shape_Area": 252.40984475268624}, "geometry": {"type": "Polygon", "coordinates": [[[34.87936679673786, 31.989141734863242], [34.879307316982995, 31.989205340099502], [34.879335924722206, 31.989224531638047], [34.8793219059628, 31.989239104964398], [34.8794877463935, 31.989342925173162], [34.87956362432979, 31.989261516917665], [34.87936679673786, 31.989141734863242]]]}}, {"type": "Feature", "properties": {"OBJECTID": 3758, "UNIQ_ID": 52551179, "PARENT": 6067507, "FCODE": 201, "FTYPE": 11, "HI_PNT_X": 188933.43562654, "HI_PNT_Y": 655024.6886939, "HI_PNT_Z": 44.38, "HEIGHT": 44.38, "HT_LAND": 39.2, "FNAME": null, "LATIN_NAME": null, "BLDG_HT": 5.18, "USG_ID": null, "CMPLX_ID": null, "CMLX_FCD": null, "ORIG_AREA": 205.07520000000002, "DATA_YEAR": null, "PRDCT_VER": null, "MUN_HEB": "יגל", "mzm_lamas": 798, "logic_num": 35, "mzm": 236, "mzm_num_ID": "798B236", "Label": "B236", "Col_Row": "633 - 1482", "BUILD_YEAR": null, "FTYPE_D": "בנין", "Shape_Length": 61.89935874659668, "Shape_Area": 205.07520000801907}, "geometry": {"type": "Polygon", "coordinates": [[[34.8814484193748, 31.98782482296472], [34.881356261765255, 31.987914137643838], [34.88146179595216, 31.98799340434273], [34.88150733923816, 31.987950594311513], [34.88154216210769, 31.987977737052777], [34.881588982659395, 31.98793276590953], [34.8814484193748, 31.98782482296472]]]}}, {"type": "Feature", "properties": {"OBJECTID": 3770, "UNIQ_ID": 52555524, "PARENT": 6390198, "FCODE": 201, "FTYPE": 11, "HI_PNT_X": 188896.36182654, "HI_PNT_Y": 655171.0067939, "HI_PNT_Z": 41.59, "HEIGHT": 41.49, "HT_LAND": 38.5, "FNAME": null, "LATIN_NAME": null, "BLDG_HT": 2.99, "USG_ID": null, "CMPLX_ID": null, "CMLX_FCD": null, "ORIG_AREA": 51.496700000000004, "DATA_YEAR": null, "PRDCT_VER": null, "MUN_HEB": "יגל", "mzm_lamas": 798, "logic_num": 12, "mzm": 95, "mzm_num_ID": "798B95", "Label": "B95", "Col_Row": "632 - 1481", "BUILD_YEAR": null, "FTYPE_D": "בנין", "Shape_Length": 33.180886053681704, "Shape_Area": 51.49670000830591}, "geometry": {"type": "Polygon", "coordinates": [[[34.88110201428561, 31.989176016951255], [34.88101822175862, 31.98926318833776], [34.88105178882769, 31.98928645024915], [34.88113578917425, 31.98920036153581], [34.88110201428561, 31.989176016951255]]]}}, {"type": "Feature", "properties": {"OBJECTID": 3774, "UNIQ_ID": 52555564, "PARENT": 6067423, "FCODE": 201, "FTYPE": 11, "HI_PNT_X": 188854.76882654, "HI_PNT_Y": 655085.7326939, "HI_PNT_Z": 45.86, "HEIGHT": 45.86, "HT_LAND": 39.47, "FNAME": null, "LATIN_NAME": null, "BLDG_HT": 6.390000000000001, "USG_ID": null, "CMPLX_ID": null, "CMLX_FCD": null, "ORIG_AREA": 169.5479, "DATA_YEAR": null, "PRDCT_VER": null, "MUN_HEB": "יגל", "mzm_lamas": 798, "logic_num": 8, "mzm": 32, "mzm_num_ID": "798B32", "Label": "B32", "Col_Row": "632 - 1482", "BUILD_YEAR": null, "FTYPE_D": "בנין", "Shape_Length": 58.31459487219188, "Shape_Area": 169.5478999987714}, "geometry": {"type": "Polygon", "coordinates": [[[34.88059586785631, 31.988374464982847], [34.880530987670284, 31.988439590094796], [34.88055642488585, 31.988457691103637], [34.88054899019748, 31.988465608013993], [34.88060387346367, 31.988505247105795], [34.88059007043849, 31.988518738959833], [34.880618668416304, 31.988540725781444], [34.88064712475454, 31.988512662069052], [34.88067044799741, 31.988530126398768], [34.88070878247835, 31.98849135639291], [34.880699179274366, 31.988484027279863], [34.88071946243264, 31.988463247322578], [34.88059586785631, 31.988374464982847]]]}}, {"type": "Feature", "properties": {"OBJECTID": 3776, "UNIQ_ID": 52551710, "PARENT": 6067506, "FCODE": 201, "FTYPE": 11, "HI_PNT_X": 187211.23512654, "HI_PNT_Y": 655024.6569939, "HI_PNT_Z": 43.61, "HEIGHT": 43.61, "HT_LAND": 37.18, "FNAME": null, "LATIN_NAME": null, "BLDG_HT": 6.43, "USG_ID": null, "CMPLX_ID": null, "CMLX_FCD": null, "ORIG_AREA": 237.33225, "DATA_YEAR": null, "PRDCT_VER": null, "MUN_HEB": "אחיעזר", "mzm_lamas": 797, "logic_num": 27, "mzm": 401, "mzm_num_ID": "797B401", "Label": "B401", "Col_Row": "616 - 1482", "BUILD_YEAR": 0, "FTYPE_D": "בנין", "Shape_Length": 73.93409046494689, "Shape_Area": 237.3322500027772}, "geometry": {"type": "Polygon", "coordinates": [[[34.86325428114885, 31.987773792778842], [34.863158080308125, 31.987778674429304], [34.863167294138435, 31.987890793463972], [34.863129090129306, 31.98789240416375], [34.86313417634927, 31.987947608256338], [34.86317428898082, 31.98794492052192], [34.86317249487864, 31.987915065979912], [34.86332691011557, 31.98790538086248], [34.86331676915315, 31.98778640563512], [34.86325538466031, 31.987790118401144], [34.86325428114885, 31.987773792778842]]]}}, {"type": "Feature", "properties": {"OBJECTID": 3777, "UNIQ_ID": 52551203, "PARENT": 6067045, "FCODE": 201, "FTYPE": 11, "HI_PNT_X": 187404.67642654, "HI_PNT_Y": 655535.0859939, "HI_PNT_Z": 42.1, "HEIGHT": 42.1, "HT_LAND": 37.7, "FNAME": null, "LATIN_NAME": null, "BLDG_HT": 4.4, "USG_ID": null, "CMPLX_ID": null, "CMLX_FCD": null, "ORIG_AREA": 520.2948, "DATA_YEAR": null, "PRDCT_VER": null, "MUN_HEB": "כפר חבד", "mzm_lamas": 696, "logic_num": 60, "mzm": 385, "mzm_num_ID": "696B385", "Label": "B385", "Col_Row": "617 - 1477", "BUILD_YEAR": null, "FTYPE_D": "בנין", "Shape_Length": 125.24246223493819, "Shape_Area": 520.2947999854058}, "geometry": {"type": "Polygon", "coordinates": [[[34.86538528566909, 31.992388352725584], [34.86536528248395, 31.99238938144961], [34.86528374418664, 31.992405486225664], [34.86524458201098, 31.992408177157262], [34.86519475067916, 31.992405879638497], [34.8651356659728, 31.992387685618038], [34.86508871896831, 31.992464213404798], [34.86511513578289, 31.992474384237156], [34.86518192453148, 31.992498190043563], [34.8652208356229, 31.99250622992339], [34.865222914725706, 31.99254510321587], [34.86519534247376, 31.992561352162966], [34.86517292997607, 31.992584468604473], [34.865167568803045, 31.99260357250913], [34.865167456613925, 31.992634053170583], [34.865183231792116, 31.99266051818556], [34.86520242794708, 31.99267752340509], [34.86524134774399, 31.992683218612633], [34.86528802298911, 31.992680547759992], [34.86532082371719, 31.99265249913684], [34.86531902486106, 31.99262372679557], [34.865323247240724, 31.99259776613422], [34.8653139039226, 31.992577540767773], [34.86527264197659, 31.99254694954391], [34.86527711946505, 31.992509175938302], [34.86532040220444, 31.992508209434074], [34.86538603733565, 31.992500448924243], [34.865425381977815, 31.992476926772916], [34.86538528566909, 31.992388352725584]]]}}, {"type": "Feature", "properties": {"OBJECTID": 3778, "UNIQ_ID": 52551206, "PARENT": 6067352, "FCODE": 201, "FTYPE": 11, "HI_PNT_X": 187342.50262654, "HI_PNT_Y": 655168.4647939, "HI_PNT_Z": 44.09, "HEIGHT": 44.09, "HT_LAND": 38.13, "FNAME": null, "LATIN_NAME": null, "BLDG_HT": 5.96, "USG_ID": null, "CMPLX_ID": null, "CMLX_FCD": null, "ORIG_AREA": 208.32350000000002, "DATA_YEAR": null, "PRDCT_VER": null, "MUN_HEB": "כפר חבד", "mzm_lamas": 696, "logic_num": 222, "mzm": 616, "mzm_num_ID": "696B616", "Label": "B616", "Col_Row": "617 - 1481", "BUILD_YEAR": 0, "FTYPE_D": "בנין", "Shape_Length": 77.44623177572267, "Shape_Area": 208.32349999052565}, "geometry": {"type": "Polygon", "coordinates": [[[34.86461144268425, 31.989059709041342], [34.86459444626652, 31.98907769961442], [34.86462189491643, 31.9890947270243], [34.864586829648765, 31.989134583056497], [34.86457099738853, 31.989123809193835], [34.864516914231224, 31.989184626313637], [34.86463303143833, 31.98925987716331], [34.864669047382776, 31.989220474566267], [34.86463632635699, 31.989198473128976], [34.864658642648315, 31.98917256091688], [34.86470297775769, 31.989201447147785], [34.86473272381399, 31.989169332361925], [34.8647105570896, 31.98915466380478], [34.86472755748681, 31.98913559106211], [34.86461144268425, 31.989059709041342]]]}}, {"type": "Feature", "properties": {"OBJECTID": 3779, "UNIQ_ID": 52550344, "PARENT": 6067355, "FCODE": 201, "FTYPE": 11, "HI_PNT_X": 188768.33142654, "HI_PNT_Y": 655170.1894939, "HI_PNT_Z": 41.13, "HEIGHT": 41.13, "HT_LAND": 36.29, "FNAME": null, "LATIN_NAME": null, "BLDG_HT": 4.84, "USG_ID": null, "CMPLX_ID": null, "CMLX_FCD": null, "ORIG_AREA": 25.347, "DATA_YEAR": null, "PRDCT_VER": null, "MUN_HEB": "יגל", "mzm_lamas": 798, "logic_num": 9, "mzm": 47, "mzm_num_ID": "798B47", "Label": "B47", "Col_Row": "631 - 1481", "BUILD_YEAR": null, "FTYPE_D": "בנין", "Shape_Length": 20.150069412818496, "Shape_Area": 25.347000005200506}, "geometry": {"type": "Polygon", "coordinates": [[[34.87971263213831, 31.989191137232044], [34.87967865717671, 31.9892236956326], [34.8797186489087, 31.989255361117525], [34.879753893617064, 31.98922280595459], [34.87971263213831, 31.989191137232044]]]}}, {"type": "Feature", "properties": {"OBJECTID": 3786, "UNIQ_ID": 52549890, "PARENT": 4054512, "FCODE": 201, "FTYPE": 11, "HI_PNT_X": 188882.33222654, "HI_PNT_Y": 655181.2048939, "HI_PNT_Z": 41.11, "HEIGHT": 40.95, "HT_LAND": 37.76, "FNAME": null, "LATIN_NAME": null, "BLDG_HT": 3.19, "USG_ID": null, "CMPLX_ID": null, "CMLX_FCD": null, "ORIG_AREA": 104.1885, "DATA_YEAR": null, "PRDCT_VER": null, "MUN_HEB": "יגל", "mzm_lamas": 798, "logic_num": 12, "mzm": 93, "mzm_num_ID": "798B93", "Label": "B93", "Col_Row": "632 - 1481", "BUILD_YEAR": 0, "FTYPE_D": "בנין", "Shape_Length": 48.305617505735384, "Shape_Area": 104.18850000107288}, "geometry": {"type": "Polygon", "coordinates": [[[34.88095040956808, 31.9892591377619], [34.88090793456922, 31.989301775041042], [34.880871945238376, 31.989275260419763], [34.88084125685482, 31.98930611408227], [34.880949016457855, 31.989384755605464], [34.880990319944644, 31.98934427965897], [34.88097037262866, 31.98932961958758], [34.88100318165691, 31.98929750877124], [34.88095040956808, 31.9892591377619]]]}}, {"type": "Feature", "properties": {"OBJECTID": 3796, "UNIQ_ID": 52555583, "PARENT": 6390210, "FCODE": 201, "FTYPE": 11, "HI_PNT_X": 187110.07432654, "HI_PNT_Y": 655008.6803939, "HI_PNT_Z": 42.18, "HEIGHT": 42.050000000000004, "HT_LAND": 37.38, "FNAME": null, "LATIN_NAME": null, "BLDG_HT": 4.67, "USG_ID": null, "CMPLX_ID": null, "CMLX_FCD": null, "ORIG_AREA": 195.21, "DATA_YEAR": null, "PRDCT_VER": null, "MUN_HEB": "כפר חבד", "mzm_lamas": 696, "logic_num": 221, "mzm": 213, "mzm_num_ID": "696B213", "Label": "B213", "Col_Row": "615 - 1482", "BUILD_YEAR": 0, "FTYPE_D": "בנין", "Shape_Length": 55.92697242240163, "Shape_Area": 195.2100000102073}, "geometry": {"type": "Polygon", "coordinates": [[[34.86216613824444, 31.98762486098796], [34.86207057400535, 31.98771478366386], [34.86218452494297, 31.987802475808994], [34.862280089163434, 31.98771255304839], [34.86216613824444, 31.98762486098796]]]}}, {"type": "Feature", "properties": {"OBJECTID": 3799, "UNIQ_ID": 52551666, "PARENT": 6067422, "FCODE": 201, "FTYPE": 11, "HI_PNT_X": 188884.50872654, "HI_PNT_Y": 655086.0962939, "HI_PNT_Z": 45.96, "HEIGHT": 45.96, "HT_LAND": 39.410000000000004, "FNAME": null, "LATIN_NAME": null, "BLDG_HT": 6.55, "USG_ID": null, "CMPLX_ID": null, "CMLX_FCD": null, "ORIG_AREA": 180.7242, "DATA_YEAR": null, "PRDCT_VER": null, "MUN_HEB": "יגל", "mzm_lamas": 798, "logic_num": 7986001, "mzm": 378, "mzm_num_ID": "798B378", "Label": "B378", "Col_Row": "632 - 1482", "BUILD_YEAR": null, "FTYPE_D": "בנין", "Shape_Length": 57.425703513283764, "Shape_Area": 180.7242000155097}, "geometry": {"type": "Polygon", "coordinates": [[[34.88091116257159, 31.988381942411085], [34.88083584153322, 31.9884674218545], [34.880952925189284, 31.988542209392218], [34.880992235906994, 31.988496588071847], [34.881018631545025, 31.98851297800156], [34.88105369172472, 31.988472486118198], [34.88091116257159, 31.988381942411085]]]}}, {"type": "Feature", "properties": {"OBJECTID": 3824, "UNIQ_ID": 52549465, "PARENT": 5506295, "FCODE": 201, "FTYPE": 11, "HI_PNT_X": 187309.17922654, "HI_PNT_Y": 655082.7474939, "HI_PNT_Z": 46.57, "HEIGHT": 46.57, "HT_LAND": 36.9, "FNAME": null, "LATIN_NAME": null, "BLDG_HT": 9.67, "USG_ID": null, "CMPLX_ID": null, "CMLX_FCD": null, "ORIG_AREA": 398.6496, "DATA_YEAR": null, "PRDCT_VER": null, "MUN_HEB": "אחיעזר", "mzm_lamas": 797, "logic_num": 27, "mzm": 267, "mzm_num_ID": "797B267", "Label": "B267", "Col_Row": "616 - 1482", "BUILD_YEAR": 0, "FTYPE_D": "בנין", "Shape_Length": 79.97248692768017, "Shape_Area": 398.6496000254523}, "geometry": {"type": "Polygon", "coordinates": [[[34.8641984928039, 31.988275115301132], [34.864155543902896, 31.988444178620867], [34.864366031356155, 31.988494341996144], [34.86441088848928, 31.988324201552153], [34.8641984928039, 31.988275115301132]]]}}, {"type": "Feature", "properties": {"OBJECTID": 3830, "UNIQ_ID": 52551787, "PARENT": 6067522, "FCODE": 201, "FTYPE": 11, "HI_PNT_X": 188918.85182654, "HI_PNT_Y": 655011.6876939, "HI_PNT_Z": 45.64, "HEIGHT": 45.64, "HT_LAND": 39.52, "FNAME": null, "LATIN_NAME": null, "BLDG_HT": 6.12, "USG_ID": null, "CMPLX_ID": null, "CMLX_FCD": null, "ORIG_AREA": 184.09415, "DATA_YEAR": null, "PRDCT_VER": null, "MUN_HEB": "יגל", "mzm_lamas": 798, "logic_num": 35, "mzm": 234, "mzm_num_ID": "798B234", "Label": "B234", "Col_Row": "633 - 1482", "BUILD_YEAR": null, "FTYPE_D": "בנין", "Shape_Length": 57.464286688028736, "Shape_Area": 184.0941499860216}, "geometry": {"type": "Polygon", "coordinates": [[[34.881273299941235, 31.98770434697683], [34.881245792547105, 31.987733495417185], [34.8812383033798, 31.987726802990657], [34.881203365186565, 31.987762786217246], [34.88123386767309, 31.98778477775259], [34.88122006263526, 31.987798900935804], [34.88132993545156, 31.987877998432122], [34.88140618383108, 31.987799374761355], [34.881273299941235, 31.98770434697683]]]}}, {"type": "Feature", "properties": {"OBJECTID": 3832, "UNIQ_ID": 52550363, "PARENT": 6067336, "FCODE": 201, "FTYPE": 11, "HI_PNT_X": 187329.87282654, "HI_PNT_Y": 655180.7217939, "HI_PNT_Z": 44.25, "HEIGHT": 44.25, "HT_LAND": 38.06, "FNAME": null, "LATIN_NAME": null, "BLDG_HT": 6.19, "USG_ID": null, "CMPLX_ID": null, "CMLX_FCD": null, "ORIG_AREA": 195.2168, "DATA_YEAR": null, "PRDCT_VER": null, "MUN_HEB": "כפר חבד", "mzm_lamas": 696, "logic_num": 222, "mzm": 233, "mzm_num_ID": "696B233", "Label": "B233", "Col_Row": "617 - 1481", "BUILD_YEAR": 0, "FTYPE_D": "בנין", "Shape_Length": 71.28180956253776, "Shape_Area": 195.2167999838356}, "geometry": {"type": "Polygon", "coordinates": [[[34.864475375380756, 31.989229605259403], [34.86438508568514, 31.989324052806253], [34.864490624040286, 31.989398644178138], [34.86452567515307, 31.989362665894195], [34.86449707680444, 31.989341757627333], [34.86452171871411, 31.98931648293188], [34.86456804998841, 31.98934925231277], [34.86460522760464, 31.989310484108216], [34.86456195458696, 31.98928051852285], [34.86457895104878, 31.989262527954992], [34.86453673618473, 31.989232565194385], [34.86451326222725, 31.989256760856417], [34.864475375380756, 31.989229605259403]]]}}, {"type": "Feature", "properties": {"OBJECTID": 3838, "UNIQ_ID": 52549234, "PARENT": 6066810, "FCODE": 201, "FTYPE": 11, "HI_PNT_X": 187236.30762654, "HI_PNT_Y": 655735.9598939, "HI_PNT_Z": 46.36, "HEIGHT": 46.36, "HT_LAND": 36.4, "FNAME": null, "LATIN_NAME": null, "BLDG_HT": 9.96, "USG_ID": null, "CMPLX_ID": null, "CMLX_FCD": null, "ORIG_AREA": 254.19680000000002, "DATA_YEAR": null, "PRDCT_VER": null, "MUN_HEB": "כפר חבד", "mzm_lamas": 696, "logic_num": 59, "mzm": 374, "mzm_num_ID": "696B374", "Label": "B374", "Col_Row": "616 - 1475", "BUILD_YEAR": null, "FTYPE_D": "בנין", "Shape_Length": 68.48208384875952, "Shape_Area": 254.19680001980328}, "geometry": {"type": "Polygon", "coordinates": [[[34.863364887277534, 31.994228209278578], [34.86336134966245, 31.99432631596811], [34.8636090491627, 31.994332572611665], [34.86361131669849, 31.994234462503304], [34.863364887277534, 31.994228209278578]]]}}, {"type": "Feature", "properties": {"OBJECTID": 3852, "UNIQ_ID": 52550611, "PARENT": 6067066, "FCODE": 201, "FTYPE": 11, "HI_PNT_X": 187350.46532654, "HI_PNT_Y": 655522.4960939, "HI_PNT_Z": 46.78, "HEIGHT": 46.78, "HT_LAND": 36.79, "FNAME": null, "LATIN_NAME": null, "BLDG_HT": 9.99, "USG_ID": null, "CMPLX_ID": null, "CMLX_FCD": null, "ORIG_AREA": 464.32640000000004, "DATA_YEAR": null, "PRDCT_VER": null, "MUN_HEB": "כפר חבד", "mzm_lamas": 696, "logic_num": 126, "mzm": 579, "mzm_num_ID": "696B579", "Label": "B579", "Col_Row": "617 - 1477", "BUILD_YEAR": null, "FTYPE_D": "בנין", "Shape_Length": 120.00776544956744, "Shape_Area": 464.3263999655111}, "geometry": {"type": "Polygon", "coordinates": [[[34.864915851256924, 31.992310444449956], [34.86448611666753, 31.99231380311092], [34.864486989964, 31.992392623084815], [34.86473185591781, 31.99239111441578], [34.86473266694387, 31.992486888128767], [34.86484070907027, 31.99248609511047], [34.86483990025759, 31.992389690141035], [34.864916619105045, 31.99238926414037], [34.864915851256924, 31.992310444449956]]]}}, {"type": "Feature", "properties": {"OBJECTID": 3875, "UNIQ_ID": 52564402, "PARENT": 4054442, "FCODE": 201, "FTYPE": 11, "HI_PNT_X": null, "HI_PNT_Y": null, "HI_PNT_Z": null, "HEIGHT": 42.12, "HT_LAND": null, "FNAME": null, "LATIN_NAME": null, "BLDG_HT": null, "USG_ID": null, "CMPLX_ID": null, "CMLX_FCD": null, "ORIG_AREA": 617.71750498, "DATA_YEAR": 2014, "PRDCT_VER": "2015-07", "MUN_HEB": "יגל", "mzm_lamas": 798, "logic_num": 14, "mzm": 98, "mzm_num_ID": "798B98", "Label": "B98", "Col_Row": "629 - 1478", "BUILD_YEAR": null, "FTYPE_D": "בנין", "Shape_Length": 122.26414680095392, "Shape_Area": 617.7175049756661}, "geometry": {"type": "Polygon", "coordinates": [[[34.87799431686117, 31.991861886138956], [34.87812241394502, 31.99174052789592], [34.87789122795619, 31.99156241311608], [34.87776643972272, 31.99169809488605], [34.87789948255897, 31.991800518790075], [34.877796001728676, 31.99188857611213], [34.8778446145471, 31.991917333500464], [34.87793898876118, 31.99183167946733], [34.87799431686117, 31.991861886138956]]]}}, {"type": "Feature", "properties": {"OBJECTID": 3880, "UNIQ_ID": 52569711, "PARENT": 6067201, "FCODE": 201, "FTYPE": 11, "HI_PNT_X": 187742.00922654, "HI_PNT_Y": 655352.8511939, "HI_PNT_Z": 40.4, "HEIGHT": 40.4, "HT_LAND": 36.79, "FNAME": null, "LATIN_NAME": null, "BLDG_HT": 3.61, "USG_ID": null, "CMPLX_ID": 54447111, "CMLX_FCD": 253, "ORIG_AREA": 48.7396, "DATA_YEAR": null, "PRDCT_VER": null, "MUN_HEB": "אחיעזר", "mzm_lamas": 797, "logic_num": 27, "mzm": 320, "mzm_num_ID": "797B320", "Label": "B320", "Col_Row": "621 - 1479", "BUILD_YEAR": null, "FTYPE_D": "בנין", "Shape_Length": 28.63683685236066, "Shape_Area": 48.739599994802475}, "geometry": {"type": "Polygon", "coordinates": [[[34.868824840186456, 31.99079679302239], [34.868789879586444, 31.990837281749872], [34.86886377747467, 31.99088473168875], [34.868898738060615, 31.990844242941122], [34.868824840186456, 31.99079679302239]]]}}, {"type": "Feature", "properties": {"OBJECTID": 3908, "UNIQ_ID": 52564724, "PARENT": 8731191, "FCODE": 201, "FTYPE": 11, "HI_PNT_X": 188729.87732654, "HI_PNT_Y": 655083.6407939, "HI_PNT_Z": 46.13, "HEIGHT": 45.19, "HT_LAND": 38.63, "FNAME": null, "LATIN_NAME": null, "BLDG_HT": 6.5600000000000005, "USG_ID": null, "CMPLX_ID": null, "CMLX_FCD": null, "ORIG_AREA": 261.51775, "DATA_YEAR": null, "PRDCT_VER": null, "MUN_HEB": "יגל", "mzm_lamas": 798, "logic_num": 7986001, "mzm": 238, "mzm_num_ID": "798B238", "Label": "B238", "Col_Row": "631 - 1482", "BUILD_YEAR": 0, "FTYPE_D": "בנין", "Shape_Length": 66.81397248667896, "Shape_Area": 261.51775000522287}, "geometry": {"type": "Polygon", "coordinates": [[[34.87934322762954, 31.988323827798805], [34.8792029335097, 31.988470101834594], [34.87930659206463, 31.988540798362695], [34.879445614166805, 31.988395152220008], [34.87934322762954, 31.988323827798805]]]}}, {"type": "Feature", "properties": {"OBJECTID": 3911, "UNIQ_ID": 52565473, "PARENT": 6066951, "FCODE": 201, "FTYPE": 11, "HI_PNT_X": 188108.46632654, "HI_PNT_Y": 655628.6296939, "HI_PNT_Z": 40.63, "HEIGHT": 40.63, "HT_LAND": 38.410000000000004, "FNAME": null, "LATIN_NAME": null, "BLDG_HT": 2.22, "USG_ID": null, "CMPLX_ID": null, "CMLX_FCD": null, "ORIG_AREA": 28.18685, "DATA_YEAR": null, "PRDCT_VER": null, "MUN_HEB": "יגל", "mzm_lamas": 798, "logic_num": 7980102, "mzm": 326, "mzm_num_ID": "798B326", "Label": "B326", "Col_Row": "625 - 1476", "BUILD_YEAR": null, "FTYPE_D": "בנין", "Shape_Length": 21.495732768007557, "Shape_Area": 28.18684999807328}, "geometry": {"type": "Polygon", "coordinates": [[[34.87272907183774, 31.99330442281794], [34.87268437681052, 31.99334488716258], [34.87271919291666, 31.993373745709288], [34.87276378601971, 31.99333219892163], [34.87272907183774, 31.99330442281794]]]}}, {"type": "Feature", "properties": {"OBJECTID": 3914, "UNIQ_ID": 53344932, "PARENT": 6067348, "FCODE": 201, "FTYPE": 31, "HI_PNT_X": 187310.62262654, "HI_PNT_Y": 655170.0194939, "HI_PNT_Z": 39.67, "HEIGHT": 39.550000000000004, "HT_LAND": 36.24, "FNAME": null, "LATIN_NAME": null, "BLDG_HT": 3.31, "USG_ID": null, "CMPLX_ID": null, "CMLX_FCD": null, "ORIG_AREA": 179.60755, "DATA_YEAR": 2014, "PRDCT_VER": "2015-07", "MUN_HEB": "כפר חבד", "mzm_lamas": 696, "logic_num": 222, "mzm": 231, "mzm_num_ID": "696B231", "Label": "B231", "Col_Row": "617 - 1481", "BUILD_YEAR": 0, "FTYPE_D": "מבנה בבניה", "Shape_Length": 66.93030834117765, "Shape_Area": 179.6075500010641}, "geometry": {"type": "Polygon", "coordinates": [[[34.86427035582252, 31.98913093966118], [34.86418119267233, 31.989235490288404], [34.86422753809421, 31.98926438207395], [34.864261657578446, 31.98922281018011], [34.864296388955694, 31.98924481710125], [34.864267906149095, 31.989278648597097], [34.86431013358909, 31.989305184625056], [34.864393983099056, 31.98920684211987], [34.86427035582252, 31.98913093966118]]]}}, {"type": "Feature", "properties": {"OBJECTID": 3927, "UNIQ_ID": 52565501, "PARENT": 4054407, "FCODE": 201, "FTYPE": 11, "HI_PNT_X": 188385.52762654, "HI_PNT_Y": 655629.4105939, "HI_PNT_Z": 38.38, "HEIGHT": 38.38, "HT_LAND": 35.79, "FNAME": null, "LATIN_NAME": null, "BLDG_HT": 2.59, "USG_ID": null, "CMPLX_ID": null, "CMLX_FCD": null, "ORIG_AREA": 33.7625, "DATA_YEAR": null, "PRDCT_VER": null, "MUN_HEB": "יגל", "mzm_lamas": 798, "logic_num": 54, "mzm": 306, "mzm_num_ID": "798B306", "Label": "B306", "Col_Row": "627 - 1476", "BUILD_YEAR": null, "FTYPE_D": "בנין", "Shape_Length": 23.654138396042985, "Shape_Area": 33.76249999785796}, "geometry": {"type": "Polygon", "coordinates": [[[34.875633733727724, 31.993316490444244], [34.875599651592616, 31.993348596539864], [34.875655586050634, 31.99339040479767], [34.87568956397304, 31.993357847515338], [34.875633733727724, 31.993316490444244]]]}}, {"type": "Feature", "properties": {"OBJECTID": 3928, "UNIQ_ID": 52565502, "PARENT": 6067071, "FCODE": 201, "FTYPE": 11, "HI_PNT_X": 188512.14192654, "HI_PNT_Y": 655526.2679939, "HI_PNT_Z": 40.19, "HEIGHT": 40.19, "HT_LAND": 37.81, "FNAME": null, "LATIN_NAME": null, "BLDG_HT": 2.38, "USG_ID": null, "CMPLX_ID": null, "CMLX_FCD": null, "ORIG_AREA": 40.51585, "DATA_YEAR": null, "PRDCT_VER": null, "MUN_HEB": "יגל", "mzm_lamas": 798, "logic_num": 52, "mzm": 331, "mzm_num_ID": "798B331", "Label": "B331", "Col_Row": "629 - 1477", "BUILD_YEAR": null, "FTYPE_D": "בנין", "Shape_Length": 26.868463874271143, "Shape_Area": 40.51584999832288}, "geometry": {"type": "Polygon", "coordinates": [[[34.87700623635083, 31.992381080518527], [34.87695203982574, 31.992445780398445], [34.87699120981864, 31.992470590897266], [34.87704530435865, 31.99240480857283], [34.87700623635083, 31.992381080518527]]]}}, {"type": "Feature", "properties": {"OBJECTID": 3942, "UNIQ_ID": 52565207, "PARENT": 4054516, "FCODE": 201, "FTYPE": 11, "HI_PNT_X": 188632.43372654, "HI_PNT_Y": 655174.6957939, "HI_PNT_Z": 46.03, "HEIGHT": 46.03, "HT_LAND": 36.79, "FNAME": null, "LATIN_NAME": null, "BLDG_HT": 9.24, "USG_ID": null, "CMPLX_ID": null, "CMLX_FCD": null, "ORIG_AREA": 337.77115, "DATA_YEAR": null, "PRDCT_VER": null, "MUN_HEB": "יגל", "mzm_lamas": 798, "logic_num": 42, "mzm": 252, "mzm_num_ID": "798B252", "Label": "B252", "Col_Row": "630 - 1481", "BUILD_YEAR": 0, "FTYPE_D": "בנין", "Shape_Length": 77.33558758567912, "Shape_Area": 337.7711499964608}, "geometry": {"type": "Polygon", "coordinates": [[[34.87830119283864, 31.989129983133086], [34.87814527597312, 31.98929470281841], [34.878252731757954, 31.989368836818034], [34.87828459325639, 31.98933564210803], [34.87830158887635, 31.989347048518766], [34.87839940134822, 31.989245756621077], [34.878380191328674, 31.989232180203587], [34.87840791169966, 31.989203032943834], [34.87830119283864, 31.989129983133086]]]}}, {"type": "Feature", "properties": {"OBJECTID": 3947, "UNIQ_ID": 52567730, "PARENT": 4054469, "FCODE": 201, "FTYPE": 11, "HI_PNT_X": 188594.49042654, "HI_PNT_Y": 655337.9795939, "HI_PNT_Z": 44.7, "HEIGHT": 44.7, "HT_LAND": 36.59, "FNAME": null, "LATIN_NAME": null, "BLDG_HT": 8.11, "USG_ID": null, "CMPLX_ID": null, "CMLX_FCD": null, "ORIG_AREA": 237.5145, "DATA_YEAR": null, "PRDCT_VER": null, "MUN_HEB": "יגל", "mzm_lamas": 798, "logic_num": 11, "mzm": 70, "mzm_num_ID": "798B70", "Label": "B70", "Col_Row": "629 - 1479", "BUILD_YEAR": null, "FTYPE_D": "בנין", "Shape_Length": 64.68226233293008, "Shape_Area": 237.51450000103284}, "geometry": {"type": "Polygon", "coordinates": [[[34.87783466727267, 31.990621901200903], [34.87774971470239, 31.990706722714883], [34.8779080205929, 31.990824364663382], [34.87798021986243, 31.990755201637782], [34.87794444244592, 31.99072868673845], [34.877959200752315, 31.99071456637404], [34.87783466727267, 31.990621901200903]]]}}, {"type": "Feature", "properties": {"OBJECTID": 3953, "UNIQ_ID": 52566040, "PARENT": 6067142, "FCODE": 201, "FTYPE": 11, "HI_PNT_X": 187762.95822654, "HI_PNT_Y": 655423.5985939, "HI_PNT_Z": 41.45, "HEIGHT": 41.45, "HT_LAND": 37.11, "FNAME": null, "LATIN_NAME": null, "BLDG_HT": 4.34, "USG_ID": null, "CMPLX_ID": null, "CMLX_FCD": null, "ORIG_AREA": 22.3689, "DATA_YEAR": null, "PRDCT_VER": null, "MUN_HEB": "אחיעזר", "mzm_lamas": 797, "logic_num": 79, "mzm": 579, "mzm_num_ID": "797B579", "Label": "B579", "Col_Row": "621 - 1478", "BUILD_YEAR": 0, "FTYPE_D": "בנין", "Shape_Length": 19.298660506114427, "Shape_Area": 22.36889999515973}, "geometry": {"type": "Polygon", "coordinates": [[[34.86905430019446, 31.991451207457015], [34.869029860401035, 31.991479279153253], [34.869078420424124, 31.99151097061283], [34.86910275439646, 31.99148289862777], [34.86905430019446, 31.991451207457015]]]}}, {"type": "Feature", "properties": {"OBJECTID": 3959, "UNIQ_ID": 53344944, "PARENT": 6850183, "FCODE": 201, "FTYPE": 15, "HI_PNT_X": 188192.11492654, "HI_PNT_Y": 655010.3010939, "HI_PNT_Z": 43.28, "HEIGHT": 42.04, "HT_LAND": 37.47, "FNAME": null, "LATIN_NAME": null, "BLDG_HT": 4.57, "USG_ID": null, "CMPLX_ID": null, "CMLX_FCD": null, "ORIG_AREA": 119.5275, "DATA_YEAR": null, "PRDCT_VER": null, "MUN_HEB": "יגל", "mzm_lamas": 798, "logic_num": 11, "mzm": 58, "mzm_num_ID": "798B58", "Label": "B58", "Col_Row": "625 - 1482", "BUILD_YEAR": null, "FTYPE_D": "מבנה ארעי", "Shape_Length": 48.91349969568261, "Shape_Area": 119.52750000264494}, "geometry": {"type": "Polygon", "coordinates": [[[34.873664585051564, 31.9876785238789], [34.873546582523645, 31.987802755521546], [34.8736014685072, 31.987840684210404], [34.87372041942438, 31.987717537154065], [34.873664585051564, 31.9876785238789]]]}}, {"type": "Feature", "properties": {"OBJECTID": 3970, "UNIQ_ID": 52565558, "PARENT": 6066936, "FCODE": 201, "FTYPE": 11, "HI_PNT_X": 188097.41372654, "HI_PNT_Y": 655629.6886939, "HI_PNT_Z": 45.17, "HEIGHT": 45.17, "HT_LAND": 39.58, "FNAME": null, "LATIN_NAME": null, "BLDG_HT": 5.59, "USG_ID": null, "CMPLX_ID": null, "CMLX_FCD": null, "ORIG_AREA": 174.53575, "DATA_YEAR": null, "PRDCT_VER": null, "MUN_HEB": "יגל", "mzm_lamas": 798, "logic_num": 7980102, "mzm": 324, "mzm_num_ID": "798B324", "Label": "B324", "Col_Row": "624 - 1476", "BUILD_YEAR": null, "FTYPE_D": "בנין", "Shape_Length": 62.38116891440567, "Shape_Area": 174.53575001180823}, "geometry": {"type": "Polygon", "coordinates": [[[34.87260225762772, 31.993257918948387], [34.87251828264936, 31.993333721413258], [34.872539388911235, 31.99334964835829], [34.87250754636349, 31.993376619194034], [34.87256029873905, 31.993420133915023], [34.872593103705384, 31.993390369990994], [34.872638686855765, 31.993426561322906], [34.872695906986266, 31.99337539827054], [34.87262848463125, 31.993321113786877], [34.872652793990916, 31.993299714410256], [34.87260225762772, 31.993257918948387]]]}}, {"type": "Feature", "properties": {"OBJECTID": 3977, "UNIQ_ID": 52566137, "PARENT": 6067494, "FCODE": 201, "FTYPE": 11, "HI_PNT_X": 187128.66462654, "HI_PNT_Y": 655020.2467939, "HI_PNT_Z": 43.28, "HEIGHT": 43.28, "HT_LAND": 37.27, "FNAME": null, "LATIN_NAME": null, "BLDG_HT": 6.01, "USG_ID": null, "CMPLX_ID": null, "CMLX_FCD": null, "ORIG_AREA": 304.2482, "DATA_YEAR": null, "PRDCT_VER": null, "MUN_HEB": "כפר חבד", "mzm_lamas": 696, "logic_num": 221, "mzm": 215, "mzm_num_ID": "696B215", "Label": "B215", "Col_Row": "615 - 1482", "BUILD_YEAR": 0, "FTYPE_D": "בנין", "Shape_Length": 90.73091908426235, "Shape_Area": 304.24819999738895}, "geometry": {"type": "Polygon", "coordinates": [[[34.86233717168606, 31.987756083697228], [34.8622575292783, 31.987832522363476], [34.86234194354823, 31.98789587620261], [34.862372631250615, 31.98786674045681], [34.862420112234645, 31.98790294057733], [34.862392507433405, 31.98792820688477], [34.86247575796496, 31.987991557498543], [34.86255231509963, 31.987919619407233], [34.86249111445368, 31.987873733069986], [34.86251235384961, 31.987852958613583], [34.862435327173166, 31.987794765077243], [34.862414090115394, 31.98781490826433], [34.86233717168606, 31.987756083697228]]]}}, {"type": "Feature", "properties": {"OBJECTID": 3984, "UNIQ_ID": 52566961, "PARENT": 4054517, "FCODE": 201, "FTYPE": 11, "HI_PNT_X": 188725.19192654, "HI_PNT_Y": 655180.0153939, "HI_PNT_Z": 40, "HEIGHT": 40, "HT_LAND": 38.06, "FNAME": null, "LATIN_NAME": null, "BLDG_HT": 1.94, "USG_ID": null, "CMPLX_ID": null, "CMLX_FCD": null, "ORIG_AREA": 22.73105, "DATA_YEAR": null, "PRDCT_VER": null, "MUN_HEB": "יגל", "mzm_lamas": 798, "logic_num": 7980102, "mzm": 275, "mzm_num_ID": "798B275", "Label": "B275", "Col_Row": "631 - 1481", "BUILD_YEAR": null, "FTYPE_D": "בנין", "Shape_Length": 19.085992164518128, "Shape_Area": 22.731050000660865}, "geometry": {"type": "Polygon", "coordinates": [[[34.879261659135814, 31.989280163097163], [34.87922451342498, 31.98931163108578], [34.879257104202786, 31.989341564322633], [34.87929519841069, 31.98931118092002], [34.879261659135814, 31.989280163097163]]]}}, {"type": "Feature", "properties": {"OBJECTID": 3985, "UNIQ_ID": 52566966, "PARENT": 6067508, "FCODE": 201, "FTYPE": 11, "HI_PNT_X": 187277.78692654, "HI_PNT_Y": 655024.9951939, "HI_PNT_Z": 44.25, "HEIGHT": 44.25, "HT_LAND": 37.18, "FNAME": null, "LATIN_NAME": null, "BLDG_HT": 7.07, "USG_ID": null, "CMPLX_ID": null, "CMLX_FCD": null, "ORIG_AREA": 189.55955, "DATA_YEAR": null, "PRDCT_VER": null, "MUN_HEB": "אחיעזר", "mzm_lamas": 797, "logic_num": 27, "mzm": 336, "mzm_num_ID": "797B336", "Label": "B336", "Col_Row": "616 - 1482", "BUILD_YEAR": 0, "FTYPE_D": "בנין", "Shape_Length": 61.799760112272196, "Shape_Area": 189.55955001480953}, "geometry": {"type": "Polygon", "coordinates": [[[34.86396748999544, 31.98779203060434], [34.863885776322505, 31.987856651106377], [34.863864687143206, 31.98783684500748], [34.86382871105046, 31.98786551602253], [34.86391085445084, 31.987942389791378], [34.86394587192375, 31.987915429609753], [34.86397539902484, 31.987942562943445], [34.864059236916965, 31.987875783751193], [34.86396748999544, 31.98779203060434]]]}}, {"type": "Feature", "properties": {"OBJECTID": 4049, "UNIQ_ID": 52596605, "PARENT": 6067509, "FCODE": 201, "FTYPE": 11, "HI_PNT_X": 188889.36552654, "HI_PNT_Y": 655028.9611939, "HI_PNT_Z": 42.42, "HEIGHT": 42.42, "HT_LAND": 39.15, "FNAME": null, "LATIN_NAME": null, "BLDG_HT": 3.27, "USG_ID": null, "CMPLX_ID": null, "CMLX_FCD": null, "ORIG_AREA": 22.00815, "DATA_YEAR": null, "PRDCT_VER": null, "MUN_HEB": "יגל", "mzm_lamas": 798, "logic_num": 8, "mzm": 40, "mzm_num_ID": "798B40", "Label": "B40", "Col_Row": "632 - 1482", "BUILD_YEAR": null, "FTYPE_D": "בנין", "Shape_Length": 19.110125228095697, "Shape_Area": 22.008150000827758}, "geometry": {"type": "Polygon", "coordinates": [[[34.88098683816174, 31.987923928233098], [34.88096124058787, 31.987951548408727], [34.881008747012245, 31.987982601381027], [34.881034342366306, 31.98795561245372], [34.88098683816174, 31.987923928233098]]]}}, {"type": "Feature", "properties": {"OBJECTID": 4052, "UNIQ_ID": 52591028, "PARENT": 4088893, "FCODE": 201, "FTYPE": 11, "HI_PNT_X": 187458.89662654, "HI_PNT_Y": 655037.9517939, "HI_PNT_Z": 42.7, "HEIGHT": 42.7, "HT_LAND": 37.4, "FNAME": null, "LATIN_NAME": null, "BLDG_HT": 5.3, "USG_ID": null, "CMPLX_ID": null, "CMLX_FCD": null, "ORIG_AREA": 161.33675, "DATA_YEAR": null, "PRDCT_VER": null, "MUN_HEB": "אחיעזר", "mzm_lamas": 797, "logic_num": 74, "mzm": 532, "mzm_num_ID": "797B532", "Label": "B532", "Col_Row": "618 - 1482", "BUILD_YEAR": null, "FTYPE_D": "בנין", "Shape_Length": 51.02577073001278, "Shape_Area": 161.33674999709055}, "geometry": {"type": "Polygon", "coordinates": [[[34.86584617471267, 31.98790761743091], [34.86576462649116, 31.987985135389213], [34.865874255642, 31.988069385845503], [34.86595601778652, 31.987991237125176], [34.86584617471267, 31.98790761743091]]]}}, {"type": "Feature", "properties": {"OBJECTID": 4091, "UNIQ_ID": 52602249, "PARENT": 4054433, "FCODE": 201, "FTYPE": 11, "HI_PNT_X": 188453.55972654, "HI_PNT_Y": 655504.9751939, "HI_PNT_Z": 41.61, "HEIGHT": 41.61, "HT_LAND": 35.29, "FNAME": null, "LATIN_NAME": null, "BLDG_HT": 6.32, "USG_ID": null, "CMPLX_ID": null, "CMLX_FCD": null, "ORIG_AREA": 168.5115, "DATA_YEAR": null, "PRDCT_VER": null, "MUN_HEB": "יגל", "mzm_lamas": 798, "logic_num": 52, "mzm": 325, "mzm_num_ID": "798B325", "Label": "B325", "Col_Row": "628 - 1477", "BUILD_YEAR": null, "FTYPE_D": "בנין", "Shape_Length": 51.925612770097736, "Shape_Area": 168.51150000292714}, "geometry": {"type": "Polygon", "coordinates": [[[34.87637429108584, 31.99214497950493], [34.87628402892023, 31.99223429530171], [34.876387459496144, 31.99231013387454], [34.87647772003291, 31.992221268902977], [34.87637429108584, 31.99214497950493]]]}}, {"type": "Feature", "properties": {"OBJECTID": 4110, "UNIQ_ID": 52601408, "PARENT": 6066812, "FCODE": 201, "FTYPE": 11, "HI_PNT_X": 187264.91962654, "HI_PNT_Y": 655735.4522939, "HI_PNT_Z": 45.800000000000004, "HEIGHT": 45.800000000000004, "HT_LAND": 36.7, "FNAME": null, "LATIN_NAME": null, "BLDG_HT": 9.1, "USG_ID": null, "CMPLX_ID": null, "CMLX_FCD": null, "ORIG_AREA": 250.03945, "DATA_YEAR": null, "PRDCT_VER": null, "MUN_HEB": "כפר חבד", "mzm_lamas": 696, "logic_num": 70, "mzm": 456, "mzm_num_ID": "696B456", "Label": "B456", "Col_Row": "616 - 1475", "BUILD_YEAR": null, "FTYPE_D": "בנין", "Shape_Length": 68.77817530066841, "Shape_Area": 250.0394499856496}, "geometry": {"type": "Polygon", "coordinates": [[[34.86366329800771, 31.994227928748032], [34.86366199556019, 31.994322614596598], [34.86391478467392, 31.994326088719564], [34.86391724686182, 31.99423248814311], [34.86366329800771, 31.994227928748032]]]}}, {"type": "Feature", "properties": {"OBJECTID": 4118, "UNIQ_ID": 52604508, "PARENT": 6066973, "FCODE": 201, "FTYPE": 11, "HI_PNT_X": 188130.95692654, "HI_PNT_Y": 655606.8019939, "HI_PNT_Z": 43.78, "HEIGHT": 43.78, "HT_LAND": 38.97, "FNAME": null, "LATIN_NAME": null, "BLDG_HT": 4.8100000000000005, "USG_ID": null, "CMPLX_ID": null, "CMLX_FCD": null, "ORIG_AREA": 181.97385, "DATA_YEAR": null, "PRDCT_VER": null, "MUN_HEB": "יגל", "mzm_lamas": 798, "logic_num": 7980102, "mzm": 359, "mzm_num_ID": "798B359", "Label": "B359", "Col_Row": "625 - 1476", "BUILD_YEAR": null, "FTYPE_D": "בנין", "Shape_Length": 58.191921963869525, "Shape_Area": 181.9738499892434}, "geometry": {"type": "Polygon", "coordinates": [[[34.872995500983805, 31.99304530921423], [34.872868184186196, 31.993138583892506], [34.872886108173994, 31.993156666795617], [34.872878680882074, 31.993162238575827], [34.87291347687149, 31.993196688201195], [34.872905945382826, 31.99320180880887], [34.87293040603955, 31.993226582129363], [34.87305337208689, 31.993136722884575], [34.873030171171024, 31.993114748468855], [34.873051385435176, 31.993100645543475], [34.872995500983805, 31.99304530921423]]]}}, {"type": "Feature", "properties": {"OBJECTID": 4156, "UNIQ_ID": 53416251, "PARENT": 4088939, "FCODE": 201, "FTYPE": 11, "HI_PNT_X": 187554.21322654, "HI_PNT_Y": 655007.9038939, "HI_PNT_Z": 40.97, "HEIGHT": 40.97, "HT_LAND": 36.9, "FNAME": null, "LATIN_NAME": null, "BLDG_HT": 4.07, "USG_ID": null, "CMPLX_ID": null, "CMLX_FCD": null, "ORIG_AREA": 215.22385, "DATA_YEAR": null, "PRDCT_VER": null, "MUN_HEB": "אחיעזר", "mzm_lamas": 797, "logic_num": 73, "mzm": 498, "mzm_num_ID": "797B498", "Label": "B498", "Col_Row": "619 - 1482", "BUILD_YEAR": null, "FTYPE_D": "בנין", "Shape_Length": 70.71398306821928, "Shape_Area": 215.22384998333882}, "geometry": {"type": "Polygon", "coordinates": [[[34.86676782064119, 31.987611846040217], [34.866715878824586, 31.98766644736828], [34.866942802255, 31.98782252203694], [34.866994745677246, 31.987767469719245], [34.86676782064119, 31.987611846040217]]]}}, {"type": "Feature", "properties": {"OBJECTID": 4159, "UNIQ_ID": 52988666, "PARENT": 6067433, "FCODE": 201, "FTYPE": 11, "HI_PNT_X": 188895.90422654, "HI_PNT_Y": 655072.6876939, "HI_PNT_Z": 44.800000000000004, "HEIGHT": 44.800000000000004, "HT_LAND": 39.52, "FNAME": null, "LATIN_NAME": null, "BLDG_HT": 5.28, "USG_ID": null, "CMPLX_ID": null, "CMLX_FCD": null, "ORIG_AREA": 221.21415, "DATA_YEAR": null, "PRDCT_VER": null, "MUN_HEB": "יגל", "mzm_lamas": 798, "logic_num": 7986001, "mzm": 376, "mzm_num_ID": "798B376", "Label": "B376", "Col_Row": "632 - 1482", "BUILD_YEAR": null, "FTYPE_D": "בנין", "Shape_Length": 66.55639899946226, "Shape_Area": 221.21414999262}, "geometry": {"type": "Polygon", "coordinates": [[[34.881103025888336, 31.988254014312528], [34.88104369578623, 31.988305626755515], [34.88101732203153, 31.98828301443303], [34.88094929127901, 31.988341458377334], [34.88102430175063, 31.988404775871302], [34.88104340507563, 31.988388501879463], [34.88108993161479, 31.988427488206057], [34.88117791813624, 31.98835105891674], [34.88114732168241, 31.988325640271484], [34.881167486877715, 31.988308286799473], [34.881103025888336, 31.988254014312528]]]}}, {"type": "Feature", "properties": {"OBJECTID": 4173, "UNIQ_ID": 53421004, "PARENT": 6067072, "FCODE": 201, "FTYPE": 11, "HI_PNT_X": 188474.09272654, "HI_PNT_Y": 655524.1608939, "HI_PNT_Z": 40.71, "HEIGHT": 40.46, "HT_LAND": 37.15, "FNAME": null, "LATIN_NAME": null, "BLDG_HT": 3.31, "USG_ID": null, "CMPLX_ID": null, "CMLX_FCD": null, "ORIG_AREA": 105.6444, "DATA_YEAR": null, "PRDCT_VER": null, "MUN_HEB": "יגל", "mzm_lamas": 798, "logic_num": 52, "mzm": 327, "mzm_num_ID": "798B327", "Label": "B327", "Col_Row": "628 - 1477", "BUILD_YEAR": null, "FTYPE_D": "בנין", "Shape_Length": 41.135554220885794, "Shape_Area": 105.64440001317243}, "geometry": {"type": "Polygon", "coordinates": [[[34.876580894507974, 31.99233940126927], [34.87652148064417, 31.99241310552749], [34.876613348173095, 31.992467451102023], [34.87667403179155, 31.9923937500805], [34.876580894507974, 31.99233940126927]]]}}, {"type": "Feature", "properties": {"OBJECTID": 4183, "UNIQ_ID": 53420940, "PARENT": 4054424, "FCODE": 201, "FTYPE": 11, "HI_PNT_X": 188327.34462654, "HI_PNT_Y": 655532.6526939, "HI_PNT_Z": 40.18, "HEIGHT": 40.18, "HT_LAND": 34.09, "FNAME": null, "LATIN_NAME": null, "BLDG_HT": 6.09, "USG_ID": null, "CMPLX_ID": null, "CMLX_FCD": null, "ORIG_AREA": 106.95295, "DATA_YEAR": null, "PRDCT_VER": null, "MUN_HEB": "יגל", "mzm_lamas": 798, "logic_num": 50, "mzm": 290, "mzm_num_ID": "798B290", "Label": "B290", "Col_Row": "627 - 1477", "BUILD_YEAR": null, "FTYPE_D": "בנין", "Shape_Length": 43.259313061536055, "Shape_Area": 106.95295001163538}, "geometry": {"type": "Polygon", "coordinates": [[[34.875033821381756, 31.992406908374328], [34.87496662332577, 31.992496914347072], [34.87505544744286, 31.9925439485322], [34.875105422694105, 31.99247644292281], [34.87507690680191, 31.99246112843544], [34.87509285976638, 31.99243862473408], [34.875033821381756, 31.992406908374328]]]}}, {"type": "Feature", "properties": {"OBJECTID": 4193, "UNIQ_ID": 52984078, "PARENT": 6067411, "FCODE": 201, "FTYPE": 11, "HI_PNT_X": 187237.49322654, "HI_PNT_Y": 655098.4765939, "HI_PNT_Z": 43.89, "HEIGHT": 43.89, "HT_LAND": 36.75, "FNAME": null, "LATIN_NAME": null, "BLDG_HT": 7.140000000000001, "USG_ID": null, "CMPLX_ID": null, "CMLX_FCD": null, "ORIG_AREA": 161.5851, "DATA_YEAR": null, "PRDCT_VER": null, "MUN_HEB": "כפר חבד", "mzm_lamas": 696, "logic_num": 222, "mzm": 225, "mzm_num_ID": "696B225", "Label": "B225", "Col_Row": "616 - 1481", "BUILD_YEAR": 0, "FTYPE_D": "בנין", "Shape_Length": 55.01434782776123, "Shape_Area": 161.58509999907352}, "geometry": {"type": "Polygon", "coordinates": [[[34.8635808842391, 31.988470772932043], [34.863454956023986, 31.988473861538257], [34.86345879456948, 31.98858037491489], [34.86349276239686, 31.988579834902716], [34.863492722709545, 31.988590566264854], [34.86361219424714, 31.988588091546728], [34.86361115967617, 31.988553098769465], [34.86358375450437, 31.988553025174884], [34.8635808842391, 31.988470772932043]]]}}, {"type": "Feature", "properties": {"OBJECTID": 4198, "UNIQ_ID": 52981606, "PARENT": 4054429, "FCODE": 201, "FTYPE": 11, "HI_PNT_X": 188337.60992654, "HI_PNT_Y": 655514.6000939, "HI_PNT_Z": 40.93, "HEIGHT": 40.93, "HT_LAND": 34.09, "FNAME": null, "LATIN_NAME": null, "BLDG_HT": 6.84, "USG_ID": null, "CMPLX_ID": null, "CMLX_FCD": null, "ORIG_AREA": 146.5030094, "DATA_YEAR": 2014, "PRDCT_VER": "2015-07", "MUN_HEB": "יגל", "mzm_lamas": 798, "logic_num": 50, "mzm": 309, "mzm_num_ID": "798B309", "Label": "B309", "Col_Row": "627 - 1477", "BUILD_YEAR": null, "FTYPE_D": "בנין", "Shape_Length": 50.654357712093656, "Shape_Area": 146.5030093918741}, "geometry": {"type": "Polygon", "coordinates": [[[34.87511689872528, 31.992224935207638], [34.875083179440914, 31.992259206442167], [34.87509992655883, 31.992273566040403], [34.875061703133454, 31.992314506145096], [34.87515664860174, 31.99238346998454], [34.87523619229217, 31.99230435726003], [34.87511689872528, 31.992224935207638]]]}}, {"type": "Feature", "properties": {"OBJECTID": 4210, "UNIQ_ID": 52970890, "PARENT": 4054449, "FCODE": 201, "FTYPE": 11, "HI_PNT_X": 188399.46872654, "HI_PNT_Y": 655436.4406939, "HI_PNT_Z": 40.31, "HEIGHT": 40.31, "HT_LAND": 34.4, "FNAME": null, "LATIN_NAME": null, "BLDG_HT": 5.91, "USG_ID": null, "CMPLX_ID": null, "CMLX_FCD": null, "ORIG_AREA": 115.21220000000001, "DATA_YEAR": null, "PRDCT_VER": null, "MUN_HEB": "יגל", "mzm_lamas": 798, "logic_num": 15, "mzm": 108, "mzm_num_ID": "798B108", "Label": "B108", "Col_Row": "627 - 1478", "BUILD_YEAR": null, "FTYPE_D": "בנין", "Shape_Length": 43.0657064372278, "Shape_Area": 115.21219998751505}, "geometry": {"type": "Polygon", "coordinates": [[[34.87581773189969, 31.99154104429206], [34.875728590010425, 31.991612957782785], [34.87580020570699, 31.991678433866042], [34.875889453419745, 31.99160652059973], [34.87581773189969, 31.99154104429206]]]}}, {"type": "Feature", "properties": {"OBJECTID": 4215, "UNIQ_ID": 52972415, "PARENT": 4054410, "FCODE": 201, "FTYPE": 11, "HI_PNT_X": 188316.08632654, "HI_PNT_Y": 655600.5158939, "HI_PNT_Z": 39.5, "HEIGHT": 39.5, "HT_LAND": 34.09, "FNAME": null, "LATIN_NAME": null, "BLDG_HT": 5.41, "USG_ID": null, "CMPLX_ID": null, "CMLX_FCD": null, "ORIG_AREA": 92.316, "DATA_YEAR": null, "PRDCT_VER": null, "MUN_HEB": "יגל", "mzm_lamas": 798, "logic_num": 55, "mzm": 347, "mzm_num_ID": "798B347", "Label": "B347", "Col_Row": "627 - 1476", "BUILD_YEAR": null, "FTYPE_D": "בנין", "Shape_Length": 38.44143888184173, "Shape_Area": 92.31600000348502}, "geometry": {"type": "Polygon", "coordinates": [[[34.87491086469939, 31.99302775176132], [34.87485146743808, 31.993096314983042], [34.87493477121836, 31.993148475196527], [34.87499437621789, 31.99308099464022], [34.87491086469939, 31.99302775176132]]]}}, {"type": "Feature", "properties": {"OBJECTID": 4254, "UNIQ_ID": 53430201, "PARENT": 6066903, "FCODE": 201, "FTYPE": 11, "HI_PNT_X": 188128.20522654, "HI_PNT_Y": 655654.9334939, "HI_PNT_Z": 45.17, "HEIGHT": 45.17, "HT_LAND": 38.63, "FNAME": null, "LATIN_NAME": null, "BLDG_HT": 6.54, "USG_ID": null, "CMPLX_ID": null, "CMLX_FCD": null, "ORIG_AREA": 159.84375, "DATA_YEAR": null, "PRDCT_VER": null, "MUN_HEB": "יגל", "mzm_lamas": 798, "logic_num": 7980102, "mzm": 330, "mzm_num_ID": "798B330", "Label": "B330", "Col_Row": "625 - 1476", "BUILD_YEAR": null, "FTYPE_D": "בנין", "Shape_Length": 58.649091295072516, "Shape_Area": 159.84375002283136}, "geometry": {"type": "Polygon", "coordinates": [[[34.872910158078426, 31.993501579397925], [34.872811488513975, 31.99360286471366], [34.87286204527362, 31.99363906896109], [34.87290569841165, 31.99359409281543], [34.87297430360603, 31.99364323995881], [34.873029635186754, 31.99358756280616], [34.872910158078426, 31.993501579397925]]]}}, {"type": "Feature", "properties": {"OBJECTID": 4268, "UNIQ_ID": 53047585, "PARENT": 4054515, "FCODE": 201, "FTYPE": 11, "HI_PNT_X": 188783.83102654, "HI_PNT_Y": 655180.2808939, "HI_PNT_Z": 42.57, "HEIGHT": 42.57, "HT_LAND": 37.09, "FNAME": null, "LATIN_NAME": null, "BLDG_HT": 5.48, "USG_ID": null, "CMPLX_ID": null, "CMLX_FCD": null, "ORIG_AREA": 130.96025, "DATA_YEAR": null, "PRDCT_VER": null, "MUN_HEB": "יגל", "mzm_lamas": 798, "logic_num": 43, "mzm": 269, "mzm_num_ID": "798B269", "Label": "B269", "Col_Row": "631 - 1481", "BUILD_YEAR": null, "FTYPE_D": "בנין", "Shape_Length": 48.383699970862885, "Shape_Area": 130.96024999323208}, "geometry": {"type": "Polygon", "coordinates": [[[34.8798702040937, 31.989246730721952], [34.87978408850223, 31.9893321819181], [34.87984213648357, 31.989374625024126], [34.87985275330407, 31.989364551963636], [34.87986541906389, 31.989373602400462], [34.87988569879677, 31.989353904737715], [34.87990775235445, 31.989371365958807], [34.879964027277055, 31.98931631939273], [34.8798702040937, 31.989246730721952]]]}}, {"type": "Feature", "properties": {"OBJECTID": 4269, "UNIQ_ID": 53047601, "PARENT": 6067067, "FCODE": 201, "FTYPE": 11, "HI_PNT_X": 188355.29932654, "HI_PNT_Y": 655523.9029939, "HI_PNT_Z": 41.29, "HEIGHT": 41.29, "HT_LAND": 36.49, "FNAME": null, "LATIN_NAME": null, "BLDG_HT": 4.8, "USG_ID": null, "CMPLX_ID": null, "CMLX_FCD": null, "ORIG_AREA": 263.82325, "DATA_YEAR": null, "PRDCT_VER": null, "MUN_HEB": "יגל", "mzm_lamas": 798, "logic_num": 50, "mzm": 313, "mzm_num_ID": "798B313", "Label": "B313", "Col_Row": "627 - 1477", "BUILD_YEAR": null, "FTYPE_D": "בנין", "Shape_Length": 73.39309124188492, "Shape_Area": 263.823249992474}, "geometry": {"type": "Polygon", "coordinates": [[[34.87531875091692, 31.992298348932074], [34.87520310254018, 31.99241420133713], [34.8752863743509, 31.99247519892015], [34.875302302794815, 31.99245954883935], [34.875345686637615, 31.992489511055204], [34.87538593194853, 31.992450116389307], [34.87536798925269, 31.992437174070346], [34.87537860916806, 31.992426470137648], [34.875412383714284, 31.99245081623093], [34.87546123612515, 31.992401343649032], [34.87531875091692, 31.992298348932074]]]}}, {"type": "Feature", "properties": {"OBJECTID": 4277, "UNIQ_ID": 53048501, "PARENT": 4054544, "FCODE": 201, "FTYPE": 11, "HI_PNT_X": 189019.50802654, "HI_PNT_Y": 655033.7177939, "HI_PNT_Z": 42.5, "HEIGHT": 42.5, "HT_LAND": 38.79, "FNAME": null, "LATIN_NAME": null, "BLDG_HT": 3.71, "USG_ID": null, "CMPLX_ID": null, "CMLX_FCD": null, "ORIG_AREA": 157.49605, "DATA_YEAR": null, "PRDCT_VER": null, "MUN_HEB": "יגל", "mzm_lamas": 798, "logic_num": 10, "mzm": 56, "mzm_num_ID": "798B56", "Label": "B56", "Col_Row": "634 - 1482", "BUILD_YEAR": 0, "FTYPE_D": "בנין", "Shape_Length": 52.076506392691726, "Shape_Area": 157.49604999372252}, "geometry": {"type": "Polygon", "coordinates": [[[34.88233503247781, 31.98791103409593], [34.882266983292865, 31.987975069898354], [34.88239572401511, 31.988075226419824], [34.88246355998899, 31.988011640910877], [34.88233503247781, 31.98791103409593]]]}}, {"type": "Feature", "properties": {"OBJECTID": 4281, "UNIQ_ID": 53049875, "PARENT": 4054546, "FCODE": 201, "FTYPE": 11, "HI_PNT_X": 188674.97112654, "HI_PNT_Y": 655003.0924939, "HI_PNT_Z": 44.95, "HEIGHT": 44.95, "HT_LAND": 36.9, "FNAME": null, "LATIN_NAME": null, "BLDG_HT": 8.05, "USG_ID": null, "CMPLX_ID": null, "CMLX_FCD": null, "ORIG_AREA": 109.00590000000001, "DATA_YEAR": null, "PRDCT_VER": null, "MUN_HEB": "יגל", "mzm_lamas": 798, "logic_num": 5, "mzm": 15, "mzm_num_ID": "798B15", "Label": "B15", "Col_Row": "630 - 1482", "BUILD_YEAR": null, "FTYPE_D": "בנין", "Shape_Length": 42.104760968404044, "Shape_Area": 109.00589999252782}, "geometry": {"type": "Polygon", "coordinates": [[[34.87871192052737, 31.987643691308936], [34.878650111871515, 31.98770774118], [34.87874732456645, 31.987775626028007], [34.87880881576914, 31.987711575295776], [34.87871192052737, 31.987643691308936]]]}}, {"type": "Feature", "properties": {"OBJECTID": 4291, "UNIQ_ID": 53046298, "PARENT": 4054474, "FCODE": 201, "FTYPE": 11, "HI_PNT_X": null, "HI_PNT_Y": null, "HI_PNT_Z": null, "HEIGHT": 40.25, "HT_LAND": null, "FNAME": null, "LATIN_NAME": null, "BLDG_HT": null, "USG_ID": null, "CMPLX_ID": null, "CMLX_FCD": null, "ORIG_AREA": 27.20589608, "DATA_YEAR": 2014, "PRDCT_VER": "2015-07", "MUN_HEB": "יגל", "mzm_lamas": 798, "logic_num": 7980102, "mzm": 85, "mzm_num_ID": "798B85", "Label": "B85", "Col_Row": "630 - 1479", "BUILD_YEAR": null, "FTYPE_D": "בנין", "Shape_Length": 20.902120223820837, "Shape_Area": 27.205896076643477}, "geometry": {"type": "Polygon", "coordinates": [[[34.87836031306047, 31.990559863133544], [34.87833065287525, 31.99059732904552], [34.87837974517552, 31.990626201993745], [34.8784057196037, 31.99058640265243], [34.87836031306047, 31.990559863133544]]]}}, {"type": "Feature", "properties": {"OBJECTID": 4343, "UNIQ_ID": 53110129, "PARENT": 6067391, "FCODE": 201, "FTYPE": 11, "HI_PNT_X": 187298.11602654, "HI_PNT_Y": 655124.1145939, "HI_PNT_Z": 42.82, "HEIGHT": 42.82, "HT_LAND": 37.7, "FNAME": null, "LATIN_NAME": null, "BLDG_HT": 5.12, "USG_ID": null, "CMPLX_ID": null, "CMLX_FCD": null, "ORIG_AREA": 162.2245, "DATA_YEAR": null, "PRDCT_VER": null, "MUN_HEB": "אחיעזר", "mzm_lamas": 797, "logic_num": 27, "mzm": 269, "mzm_num_ID": "797B269", "Label": "B269", "Col_Row": "616 - 1481", "BUILD_YEAR": 0, "FTYPE_D": "בנין", "Shape_Length": 56.95540146869757, "Shape_Area": 162.22449999676738}, "geometry": {"type": "Polygon", "coordinates": [[[34.86414942117588, 31.988669613236763], [34.86407296247105, 31.988743716879537], [34.864164762685995, 31.988813311760726], [34.8641541418974, 31.988824014754936], [34.86418896393386, 31.988850080067554], [34.86424514038149, 31.988795491143392], [34.86420937003763, 31.988768341139032], [34.864240063769934, 31.98873749153271], [34.86414942117588, 31.988669613236763]]]}}, {"type": "Feature", "properties": {"OBJECTID": 4351, "UNIQ_ID": 53110194, "PARENT": 8861897, "FCODE": 201, "FTYPE": 11, "HI_PNT_X": 188710.41262654, "HI_PNT_Y": 655301.0789939, "HI_PNT_Z": 41.99, "HEIGHT": 41.96, "HT_LAND": 38, "FNAME": null, "LATIN_NAME": null, "BLDG_HT": 3.96, "USG_ID": null, "CMPLX_ID": null, "CMLX_FCD": null, "ORIG_AREA": 43.2434, "DATA_YEAR": 2014, "PRDCT_VER": "2015-07", "MUN_HEB": "יגל", "mzm_lamas": 798, "logic_num": 47, "mzm": 295, "mzm_num_ID": "798B295", "Label": "B295", "Col_Row": "631 - 1479", "BUILD_YEAR": null, "FTYPE_D": "בנין", "Shape_Length": 26.462364822887466, "Shape_Area": 43.24339999151267}, "geometry": {"type": "Polygon", "coordinates": [[[34.879126216538275, 31.99037143960773], [34.879077255306555, 31.990422626778326], [34.879126870358185, 31.990456030542767], [34.87917467144725, 31.990403758214736], [34.879126216538275, 31.99037143960773]]]}}, {"type": "Feature", "properties": {"OBJECTID": 4372, "UNIQ_ID": 53143211, "PARENT": 4054471, "FCODE": 201, "FTYPE": 11, "HI_PNT_X": 188664.40982654, "HI_PNT_Y": 655336.7226939, "HI_PNT_Z": 39.410000000000004, "HEIGHT": 39.410000000000004, "HT_LAND": 35.09, "FNAME": null, "LATIN_NAME": null, "BLDG_HT": 4.32, "USG_ID": null, "CMPLX_ID": null, "CMLX_FCD": null, "ORIG_AREA": 103.4051, "DATA_YEAR": null, "PRDCT_VER": null, "MUN_HEB": "יגל", "mzm_lamas": 798, "logic_num": 11, "mzm": 87, "mzm_num_ID": "798B87", "Label": "B87", "Col_Row": "630 - 1479", "BUILD_YEAR": null, "FTYPE_D": "בנין", "Shape_Length": 43.11066496127627, "Shape_Area": 103.40510001399332}, "geometry": {"type": "Polygon", "coordinates": [[[34.8785731594715, 31.99064914013621], [34.8785200869773, 31.990695807509965], [34.87862865095622, 31.990786266688154], [34.87868172344837, 31.990739599269634], [34.8785731594715, 31.99064914013621]]]}}, {"type": "Feature", "properties": {"OBJECTID": 4386, "UNIQ_ID": 53140804, "PARENT": 6066858, "FCODE": 201, "FTYPE": 11, "HI_PNT_X": 188223.19912654, "HI_PNT_Y": 655686.2000939, "HI_PNT_Z": 44.42, "HEIGHT": 44.42, "HT_LAND": 37.65, "FNAME": null, "LATIN_NAME": null, "BLDG_HT": 6.7700000000000005, "USG_ID": null, "CMPLX_ID": null, "CMLX_FCD": null, "ORIG_AREA": 140.26, "DATA_YEAR": null, "PRDCT_VER": null, "MUN_HEB": "יגל", "mzm_lamas": 798, "logic_num": 16, "mzm": 373, "mzm_num_ID": "798B373", "Label": "B373", "Col_Row": "626 - 1476", "BUILD_YEAR": null, "FTYPE_D": "בנין", "Shape_Length": 49.199729170499154, "Shape_Area": 140.2599999960512}, "geometry": {"type": "Polygon", "coordinates": [[[34.87388491042056, 31.99377980338279], [34.87382426441768, 31.993842140411957], [34.8739509222658, 31.993932650678413], [34.874011568243716, 31.99387031358942], [34.87388491042056, 31.99377980338279]]]}}, {"type": "Feature", "properties": {"OBJECTID": 4393, "UNIQ_ID": 53144590, "PARENT": 6390204, "FCODE": 201, "FTYPE": 11, "HI_PNT_X": 187312.90562654, "HI_PNT_Y": 655062.7393939, "HI_PNT_Z": 40.410000000000004, "HEIGHT": 40.37, "HT_LAND": 37.04, "FNAME": null, "LATIN_NAME": null, "BLDG_HT": 3.33, "USG_ID": null, "CMPLX_ID": null, "CMLX_FCD": null, "ORIG_AREA": 152.745, "DATA_YEAR": null, "PRDCT_VER": null, "MUN_HEB": "אחיעזר", "mzm_lamas": 797, "logic_num": 27, "mzm": 314, "mzm_num_ID": "797B314", "Label": "B314", "Col_Row": "617 - 1482", "BUILD_YEAR": null, "FTYPE_D": "בנין", "Shape_Length": 49.43802727859214, "Shape_Area": 152.74499999545515}, "geometry": {"type": "Polygon", "coordinates": [[[34.86430483396977, 31.988131742916813], [34.86423570973727, 31.988225615832775], [34.86434659283628, 31.988285161527738], [34.864416665310095, 31.988192373257284], [34.86430483396977, 31.988131742916813]]]}}, {"type": "Feature", "properties": {"OBJECTID": 4398, "UNIQ_ID": 53130973, "PARENT": 4088953, "FCODE": 201, "FTYPE": 11, "HI_PNT_X": 187483.18162654, "HI_PNT_Y": 654998.4245939, "HI_PNT_Z": 40.4, "HEIGHT": 40.300000000000004, "HT_LAND": 36.99, "FNAME": null, "LATIN_NAME": null, "BLDG_HT": 3.31, "USG_ID": null, "CMPLX_ID": null, "CMLX_FCD": null, "ORIG_AREA": 160.04340000000002, "DATA_YEAR": null, "PRDCT_VER": null, "MUN_HEB": "אחיעזר", "mzm_lamas": 797, "logic_num": 20, "mzm": 226, "mzm_num_ID": "797B226", "Label": "B226", "Col_Row": "618 - 1482", "BUILD_YEAR": null, "FTYPE_D": "בנין", "Shape_Length": 56.23319563030495, "Shape_Area": 160.04340000287016}, "geometry": {"type": "Polygon", "coordinates": [[[34.86614812950876, 31.987541478409337], [34.866042880551596, 31.987647700940222], [34.86614651541951, 31.98772183497507], [34.86621332069575, 31.98765374642564], [34.8661605557558, 31.987615369304184], [34.86619772803026, 31.987577682767668], [34.86614812950876, 31.987541478409337]]]}}, {"type": "Feature", "properties": {"OBJECTID": 4412, "UNIQ_ID": 53134364, "PARENT": 6067141, "FCODE": 201, "FTYPE": 11, "HI_PNT_X": 188533.39062654, "HI_PNT_Y": 655416.5757939, "HI_PNT_Z": 43.08, "HEIGHT": 43.08, "HT_LAND": 39.54, "FNAME": null, "LATIN_NAME": null, "BLDG_HT": 3.54, "USG_ID": null, "CMPLX_ID": null, "CMLX_FCD": null, "ORIG_AREA": 273.96745, "DATA_YEAR": null, "PRDCT_VER": null, "MUN_HEB": "יגל", "mzm_lamas": 798, "logic_num": 48, "mzm": 297, "mzm_num_ID": "798B297", "Label": "B297", "Col_Row": "629 - 1478", "BUILD_YEAR": null, "FTYPE_D": "בנין", "Shape_Length": 76.45596754604898, "Shape_Area": 273.9674500015389}, "geometry": {"type": "Polygon", "coordinates": [[[34.87725765481264, 31.991308581922976], [34.87713131511893, 31.991426572887015], [34.87728643482751, 31.991547634238632], [34.877302357331764, 31.991533516954323], [34.8773076359229, 31.991536957416212], [34.87735541268525, 31.991491990340517], [34.87728365659923, 31.99143598371192], [34.87732187573979, 31.991400641316503], [34.87730382939789, 31.991387067738717], [34.877328458450584, 31.991364586112184], [34.87725765481264, 31.991308581922976]]]}}, {"type": "Feature", "properties": {"OBJECTID": 4415, "UNIQ_ID": 53138037, "PARENT": 6067412, "FCODE": 201, "FTYPE": 11, "HI_PNT_X": 187399.56122654, "HI_PNT_Y": 655097.0924939, "HI_PNT_Z": 45.46, "HEIGHT": 45.46, "HT_LAND": 37.54, "FNAME": null, "LATIN_NAME": null, "BLDG_HT": 7.92, "USG_ID": null, "CMPLX_ID": null, "CMLX_FCD": null, "ORIG_AREA": 144.8383, "DATA_YEAR": null, "PRDCT_VER": null, "MUN_HEB": "אחיעזר", "mzm_lamas": 797, "logic_num": 27, "mzm": 222, "mzm_num_ID": "797B222", "Label": "B222", "Col_Row": "617 - 1481", "BUILD_YEAR": 0, "FTYPE_D": "בנין", "Shape_Length": 54.69534487943939, "Shape_Area": 144.83829999449736}, "geometry": {"type": "Polygon", "coordinates": [[[34.86524632006456, 31.98845611637141], [34.865184808710545, 31.988522956022173], [34.865162642067915, 31.988508287543056], [34.86513491542341, 31.98853806314225], [34.86520785262838, 31.9885867751693], [34.865228137619596, 31.988566448609973], [34.8652607544125, 31.988587998715868], [34.86528104337349, 31.988566589993624], [34.86528937959196, 31.98857283471784], [34.86533825190982, 31.988518857049336], [34.86524632006456, 31.98845611637141]]]}}, {"type": "Feature", "properties": {"OBJECTID": 4433, "UNIQ_ID": 53137061, "PARENT": 6067445, "FCODE": 201, "FTYPE": 11, "HI_PNT_X": 187269.70852654, "HI_PNT_Y": 655060.8226939, "HI_PNT_Z": 44.27, "HEIGHT": 44.27, "HT_LAND": 37.27, "FNAME": null, "LATIN_NAME": null, "BLDG_HT": 7, "USG_ID": null, "CMPLX_ID": null, "CMLX_FCD": null, "ORIG_AREA": 215.90565, "DATA_YEAR": null, "PRDCT_VER": null, "MUN_HEB": "אחיעזר", "mzm_lamas": 797, "logic_num": 27, "mzm": 261, "mzm_num_ID": "797B261", "Label": "B261", "Col_Row": "616 - 1482", "BUILD_YEAR": 0, "FTYPE_D": "בנין", "Shape_Length": 67.49401878955324, "Shape_Area": 215.90564998756108}, "geometry": {"type": "Polygon", "coordinates": [[[34.86378642040784, 31.988114029940746], [34.86378283188929, 31.988226114567055], [34.863758601147225, 31.98822604953062], [34.86375730159497, 31.988262749471463], [34.8638642663336, 31.988265832129034], [34.86386540818942, 31.988214522536374], [34.86394042192328, 31.98821643722643], [34.86394417024753, 31.988118330988158], [34.86378642040784, 31.988114029940746]]]}}, {"type": "Feature", "properties": {"OBJECTID": 4439, "UNIQ_ID": 53133075, "PARENT": 6066898, "FCODE": 201, "FTYPE": 11, "HI_PNT_X": 187315.99432654, "HI_PNT_Y": 655639.0003939, "HI_PNT_Z": 40.7, "HEIGHT": 40.7, "HT_LAND": 36.7, "FNAME": null, "LATIN_NAME": null, "BLDG_HT": 4, "USG_ID": null, "CMPLX_ID": null, "CMLX_FCD": null, "ORIG_AREA": 765.59858975, "DATA_YEAR": 2014, "PRDCT_VER": "2015-07", "MUN_HEB": "כפר חבד", "mzm_lamas": 696, "logic_num": 66, "mzm": 431, "mzm_num_ID": "696B431", "Label": "B431", "Col_Row": "617 - 1476", "BUILD_YEAR": null, "FTYPE_D": "בנין", "Shape_Length": 241.28430593903508, "Shape_Area": 765.5985897286046}, "geometry": {"type": "Polygon", "coordinates": [[[34.864204669976345, 31.993109431621733], [34.86420389952596, 31.993203487658707], [34.864267181957935, 31.99320286731439], [34.86426765749234, 31.993160032923978], [34.86441008056571, 31.99316183583072], [34.86440299095485, 31.993411626315396], [34.8642655697015, 31.993408913359293], [34.864271107602754, 31.993350301059024], [34.86419478943003, 31.993349465215275], [34.86419219282525, 31.993651562401535], [34.86428975407828, 31.993652455185433], [34.86429143657587, 31.993454604023995], [34.86447121585475, 31.99345616790177], [34.864472339030215, 31.993323786163568], [34.86450852843087, 31.993323883100743], [34.86450954180063, 31.99322126057998], [34.86447673857923, 31.9932211727139], [34.864477778922904, 31.99311124565587], [34.864204669976345, 31.993109431621733]]]}}, {"type": "Feature", "properties": {"OBJECTID": 4445, "UNIQ_ID": 53180171, "PARENT": 4054445, "FCODE": 201, "FTYPE": 11, "HI_PNT_X": 188502.52042654, "HI_PNT_Y": 655444.5641939, "HI_PNT_Z": 40.800000000000004, "HEIGHT": 40.800000000000004, "HT_LAND": 35.59, "FNAME": null, "LATIN_NAME": null, "BLDG_HT": 5.21, "USG_ID": null, "CMPLX_ID": null, "CMLX_FCD": null, "ORIG_AREA": 153.6694, "DATA_YEAR": null, "PRDCT_VER": null, "MUN_HEB": "יגל", "mzm_lamas": 798, "logic_num": 15, "mzm": 127, "mzm_num_ID": "798B127", "Label": "B127", "Col_Row": "628 - 1478", "BUILD_YEAR": null, "FTYPE_D": "בנין", "Shape_Length": 49.60495338215662, "Shape_Area": 153.66939998434336}, "geometry": {"type": "Polygon", "coordinates": [[[34.87688623953613, 31.991606932732008], [34.876810692801186, 31.991694573464596], [34.876919653805146, 31.991762490008853], [34.87699498886294, 31.991674848666012], [34.87688623953613, 31.991606932732008]]]}}, {"type": "Feature", "properties": {"OBJECTID": 4456, "UNIQ_ID": 53176274, "PARENT": 4054542, "FCODE": 201, "FTYPE": 11, "HI_PNT_X": 188760.35672654, "HI_PNT_Y": 655050.8205939, "HI_PNT_Z": 41.800000000000004, "HEIGHT": 41.800000000000004, "HT_LAND": 37.5, "FNAME": null, "LATIN_NAME": null, "BLDG_HT": 4.3, "USG_ID": null, "CMPLX_ID": null, "CMLX_FCD": null, "ORIG_AREA": 48.05885, "DATA_YEAR": null, "PRDCT_VER": null, "MUN_HEB": "יגל", "mzm_lamas": 798, "logic_num": 7986001, "mzm": 242, "mzm_num_ID": "798B242", "Label": "B242", "Col_Row": "631 - 1482", "BUILD_YEAR": null, "FTYPE_D": "בנין", "Shape_Length": 27.735277072106655, "Shape_Area": 48.05884999247044}, "geometry": {"type": "Polygon", "coordinates": [[[34.8796380656943, 31.98810084486438], [34.87958405276415, 31.988144714708476], [34.87963468549877, 31.988189303266374], [34.87968774994263, 31.988144348808483], [34.8796380656943, 31.98810084486438]]]}}, {"type": "Feature", "properties": {"OBJECTID": 4481, "UNIQ_ID": 53451313, "PARENT": 6068486, "FCODE": 201, "FTYPE": 11, "HI_PNT_X": 188941.81452654, "HI_PNT_Y": 655000.5311939, "HI_PNT_Z": 41.04, "HEIGHT": 41.04, "HT_LAND": 39.410000000000004, "FNAME": null, "LATIN_NAME": null, "BLDG_HT": 1.6300000000000001, "USG_ID": null, "CMPLX_ID": null, "CMLX_FCD": null, "ORIG_AREA": 19.943, "DATA_YEAR": null, "PRDCT_VER": null, "MUN_HEB": "יגל", "mzm_lamas": 798, "logic_num": 35, "mzm": 253, "mzm_num_ID": "798B253", "Label": "B253", "Col_Row": "633 - 1482", "BUILD_YEAR": null, "FTYPE_D": "בנין", "Shape_Length": 18.154383178875047, "Shape_Area": 19.943000000382774}, "geometry": {"type": "Polygon", "coordinates": [[[34.88156123135092, 31.987669007554302], [34.88152723580987, 31.98770778886425], [34.88155890985396, 31.9877276189706], [34.881592903810215, 31.987689288550676], [34.88156123135092, 31.987669007554302]]]}}, {"type": "Feature", "properties": {"OBJECTID": 4486, "UNIQ_ID": 53167202, "PARENT": 6067374, "FCODE": 201, "FTYPE": 11, "HI_PNT_X": 188929.05992654, "HI_PNT_Y": 655142.2379939, "HI_PNT_Z": 42.29, "HEIGHT": 42.29, "HT_LAND": 38.22, "FNAME": null, "LATIN_NAME": null, "BLDG_HT": 4.07, "USG_ID": null, "CMPLX_ID": null, "CMLX_FCD": null, "ORIG_AREA": 243.99005, "DATA_YEAR": null, "PRDCT_VER": null, "MUN_HEB": "יגל", "mzm_lamas": 798, "logic_num": 12, "mzm": 99, "mzm_num_ID": "798B99", "Label": "B99", "Col_Row": "633 - 1481", "BUILD_YEAR": null, "FTYPE_D": "בנין", "Shape_Length": 67.3939465562099, "Shape_Area": 243.99004999223519}, "geometry": {"type": "Polygon", "coordinates": [[[34.88137291790621, 31.988867928844474], [34.881281627480455, 31.988951023204685], [34.881359601415866, 31.98901434804251], [34.88136607555338, 31.989008773332632], [34.88143687395134, 31.989066488668374], [34.88146118394129, 31.989044005412953], [34.88145474740384, 31.98903884874674], [34.88148245316575, 31.98901357853362], [34.88152714603125, 31.988972028866957], [34.88146478702458, 31.988921639675], [34.881452051976886, 31.988932338744977], [34.88137291790621, 31.988867928844474]]]}}, {"type": "Feature", "properties": {"OBJECTID": 4507, "UNIQ_ID": 53169578, "PARENT": 6067005, "FCODE": 201, "FTYPE": 11, "HI_PNT_X": 187515.49432654, "HI_PNT_Y": 655582.5498939, "HI_PNT_Z": 47, "HEIGHT": 47, "HT_LAND": 35.29, "FNAME": null, "LATIN_NAME": null, "BLDG_HT": 11.71, "USG_ID": null, "CMPLX_ID": null, "CMLX_FCD": null, "ORIG_AREA": 831.26985, "DATA_YEAR": null, "PRDCT_VER": null, "MUN_HEB": "כפר חבד", "mzm_lamas": 696, "logic_num": 130, "mzm": 583, "mzm_num_ID": "696B583", "Label": "B583", "Col_Row": "618 - 1477", "BUILD_YEAR": null, "FTYPE_D": "בנין", "Shape_Length": 119.44528378477625, "Shape_Area": 831.2698500111593}, "geometry": {"type": "Polygon", "coordinates": [[[34.866252564230756, 31.99279133806411], [34.86624252215635, 31.99299033935851], [34.86664034300016, 31.993004925895352], [34.86665049003412, 31.99280592484569], [34.866252564230756, 31.99279133806411]]]}}, {"type": "Feature", "properties": {"OBJECTID": 4519, "UNIQ_ID": 53179135, "PARENT": 6066917, "FCODE": 201, "FTYPE": 11, "HI_PNT_X": 188111.56332654, "HI_PNT_Y": 655644.1569939, "HI_PNT_Z": 41.69, "HEIGHT": 41.69, "HT_LAND": 38.25, "FNAME": null, "LATIN_NAME": null, "BLDG_HT": 3.44, "USG_ID": null, "CMPLX_ID": null, "CMLX_FCD": null, "ORIG_AREA": 205.31535, "DATA_YEAR": null, "PRDCT_VER": null, "MUN_HEB": "יגל", "mzm_lamas": 798, "logic_num": 7980102, "mzm": 328, "mzm_num_ID": "798B328", "Label": "B328", "Col_Row": "625 - 1476", "BUILD_YEAR": null, "FTYPE_D": "בנין", "Shape_Length": 61.652307483456475, "Shape_Area": 205.31534998475257}, "geometry": {"type": "Polygon", "coordinates": [[[34.8727456046822, 31.993385628370238], [34.87264470511066, 31.99348907205868], [34.872720702693286, 31.99354229678215], [34.87274300545649, 31.993519809979848], [34.87275778125903, 31.993530580061627], [34.87274938924192, 31.993539576166842], [34.87277767559316, 31.99355985049533], [34.87286487374458, 31.993470529225622], [34.8727456046822, 31.993385628370238]]]}}, {"type": "Feature", "properties": {"OBJECTID": 4522, "UNIQ_ID": 52227963, "PARENT": 8861865, "FCODE": 201, "FTYPE": 11, "HI_PNT_X": 187150.95852654, "HI_PNT_Y": 656454.9388939, "HI_PNT_Z": 38.24, "HEIGHT": 37.230000000000004, "HT_LAND": 33.31, "FNAME": null, "LATIN_NAME": null, "BLDG_HT": 3.92, "USG_ID": null, "CMPLX_ID": null, "CMLX_FCD": null, "ORIG_AREA": 219.35636253, "DATA_YEAR": 2014, "PRDCT_VER": "2015-07", "MUN_HEB": null, "mzm_lamas": null, "logic_num": null, "mzm": null, "mzm_num_ID": null, "Label": null, "Col_Row": "615 - 1468", "BUILD_YEAR": 0, "FTYPE_D": "בנין", "Shape_Length": 61.243682871277, "Shape_Area": 219.35636252224302}, "geometry": {"type": "Polygon", "coordinates": [[[34.86252943324622, 32.00069625650475], [34.86251179725658, 32.000739894093726], [34.86248784222734, 32.00073707994839], [34.86246061883993, 32.00079683215196], [34.86263279921331, 32.00085374887723], [34.862685194369654, 32.00073665569481], [34.86252943324622, 32.00069625650475]]]}}, {"type": "Feature", "properties": {"OBJECTID": 4523, "UNIQ_ID": 52473611, "PARENT": 4087539, "FCODE": 201, "FTYPE": 11, "HI_PNT_X": 186997.27442654, "HI_PNT_Y": 656515.2177939, "HI_PNT_Z": 37.32, "HEIGHT": 37.2, "HT_LAND": 33.9, "FNAME": null, "LATIN_NAME": null, "BLDG_HT": 3.3000000000000003, "USG_ID": null, "CMPLX_ID": null, "CMLX_FCD": null, "ORIG_AREA": 143.72830000000002, "DATA_YEAR": 2014, "PRDCT_VER": "2015-07", "MUN_HEB": "צפריה", "mzm_lamas": 594, "logic_num": 57, "mzm": 233, "mzm_num_ID": "594B233", "Label": "B233", "Col_Row": "613 - 1467", "BUILD_YEAR": null, "FTYPE_D": "בנין", "Shape_Length": 53.47372836331892, "Shape_Area": 143.728299991736}, "geometry": {"type": "Polygon", "coordinates": [[[34.86089653984452, 32.00121503140496], [34.860881504736255, 32.001245471613736], [34.86089851784564, 32.001252191010266], [34.860853734660196, 32.001342249979906], [34.86095508510309, 32.0013792277081], [34.86100530936762, 32.00127736982027], [34.86094401429674, 32.00125465885942], [34.86095371808365, 32.001234935658374], [34.86089653984452, 32.00121503140496]]]}}, {"type": "Feature", "properties": {"OBJECTID": 4524, "UNIQ_ID": 53329073, "PARENT": 8861864, "FCODE": 201, "FTYPE": 11, "HI_PNT_X": 187146.09602654, "HI_PNT_Y": 656471.0867939, "HI_PNT_Z": 34.71, "HEIGHT": 34.22, "HT_LAND": 33.02, "FNAME": null, "LATIN_NAME": null, "BLDG_HT": 1.2, "USG_ID": null, "CMPLX_ID": null, "CMLX_FCD": null, "ORIG_AREA": 165.40380197, "DATA_YEAR": 2014, "PRDCT_VER": "2015-07", "MUN_HEB": null, "mzm_lamas": null, "logic_num": null, "mzm": null, "mzm_num_ID": null, "Label": null, "Col_Row": "615 - 1468", "BUILD_YEAR": 0, "FTYPE_D": "בנין", "Shape_Length": 61.963399601761324, "Shape_Area": 165.40380197464344}, "geometry": {"type": "Polygon", "coordinates": [[[34.86246486334037, 32.00085448859817], [34.86244554492411, 32.000897195491625], [34.86247724117604, 32.00090401286546], [34.86246916819964, 32.00092696452363], [34.8624202913067, 32.00091406958869], [34.86240519484883, 32.000946361216585], [34.86257112277672, 32.00099455427117], [34.86261284152924, 32.00090277300336], [34.86246486334037, 32.00085448859817]]]}}, {"type": "Feature", "properties": {"OBJECTID": 4525, "UNIQ_ID": 53329260, "PARENT": 4087472, "FCODE": 201, "FTYPE": 11, "HI_PNT_X": 187023.42392654, "HI_PNT_Y": 656534.1235939, "HI_PNT_Z": 40.6, "HEIGHT": 40.300000000000004, "HT_LAND": 34.59, "FNAME": null, "LATIN_NAME": null, "BLDG_HT": 5.71, "USG_ID": null, "CMPLX_ID": null, "CMLX_FCD": null, "ORIG_AREA": 462.4051, "DATA_YEAR": 2014, "PRDCT_VER": "2015-07", "MUN_HEB": "צפריה", "mzm_lamas": 594, "logic_num": 57, "mzm": 234, "mzm_num_ID": "594B234", "Label": "B234", "Col_Row": "614 - 1467", "BUILD_YEAR": null, "FTYPE_D": "בנין", "Shape_Length": 86.33748756304655, "Shape_Area": 462.40510000598397}, "geometry": {"type": "Polygon", "coordinates": [[[34.86116808866248, 32.00132957371384], [34.861070958576086, 32.00152319839141], [34.86126118133234, 32.00159477498896], [34.86136053747662, 32.00140007402243], [34.86116808866248, 32.00132957371384]]]}}, {"type": "Feature", "properties": {"OBJECTID": 4526, "UNIQ_ID": 53330048, "PARENT": 8861863, "FCODE": 201, "FTYPE": 11, "HI_PNT_X": 187097.41782654, "HI_PNT_Y": 656473.1269939, "HI_PNT_Z": 38.81, "HEIGHT": 38.21, "HT_LAND": 33.160000000000004, "FNAME": null, "LATIN_NAME": null, "BLDG_HT": 5.05, "USG_ID": null, "CMPLX_ID": null, "CMLX_FCD": null, "ORIG_AREA": 158.71955974, "DATA_YEAR": 2014, "PRDCT_VER": "2015-07", "MUN_HEB": null, "mzm_lamas": null, "logic_num": null, "mzm": null, "mzm_num_ID": null, "Label": null, "Col_Row": "614 - 1468", "BUILD_YEAR": 0, "FTYPE_D": "בנין", "Shape_Length": 55.9205035857261, "Shape_Area": 158.71955973783955}, "geometry": {"type": "Polygon", "coordinates": [[[34.86204828409024, 32.00085536276078], [34.86204237322599, 32.00087541912739], [34.861993493254616, 32.000863376223144], [34.86198640967436, 32.00088888171893], [34.86196146123432, 32.00088541098662], [34.861939289450895, 32.000940655974084], [34.86201806228514, 32.00096894617627], [34.86201160440573, 32.00098868453233], [34.86206375583641, 32.00099979657838], [34.86211931444608, 32.00087856838944], [34.86204828409024, 32.00085536276078]]]}}, {"type": "Feature", "properties": {"OBJECTID": 4527, "UNIQ_ID": 53333055, "PARENT": 8861860, "FCODE": 201, "FTYPE": 11, "HI_PNT_X": 187119.81782654, "HI_PNT_Y": 656519.5819939, "HI_PNT_Z": 38.99, "HEIGHT": 38.1, "HT_LAND": 33.31, "FNAME": null, "LATIN_NAME": null, "BLDG_HT": 4.79, "USG_ID": null, "CMPLX_ID": null, "CMLX_FCD": null, "ORIG_AREA": 196.2271, "DATA_YEAR": 2014, "PRDCT_VER": "2015-07", "MUN_HEB": null, "mzm_lamas": null, "logic_num": null, "mzm": null, "mzm_num_ID": null, "Label": null, "Col_Row": "615 - 1467", "BUILD_YEAR": 0, "FTYPE_D": "בנין", "Shape_Length": 58.744837826925554, "Shape_Area": 196.22709999429955}, "geometry": {"type": "Polygon", "coordinates": [[[34.862182185309216, 32.00125629102376], [34.862134094586814, 32.001382413618614], [34.86228210056747, 32.00142339388539], [34.86230977977173, 32.00135069307617], [34.86227806541143, 32.00134158954289], [34.862298472747604, 32.00128924985772], [34.862182185309216, 32.00125629102376]]]}}, {"type": "Feature", "properties": {"OBJECTID": 4528, "UNIQ_ID": 52533892, "PARENT": 8861861, "FCODE": 201, "FTYPE": 11, "HI_PNT_X": 187061.73482654, "HI_PNT_Y": 656498.6201939, "HI_PNT_Z": 40.12, "HEIGHT": 36.67, "HT_LAND": 33.09, "FNAME": null, "LATIN_NAME": null, "BLDG_HT": 3.58, "USG_ID": null, "CMPLX_ID": null, "CMLX_FCD": null, "ORIG_AREA": 214.33762611, "DATA_YEAR": 2014, "PRDCT_VER": "2015-07", "MUN_HEB": null, "mzm_lamas": null, "logic_num": null, "mzm": null, "mzm_num_ID": null, "Label": null, "Col_Row": "614 - 1467", "BUILD_YEAR": 0, "FTYPE_D": "בנין", "Shape_Length": 62.209816400916935, "Shape_Area": 214.3376261015022}, "geometry": {"type": "Polygon", "coordinates": [[[34.86159624884357, 32.00107094004702], [34.86153749033922, 32.001208930168886], [34.86162663825103, 32.00123929573994], [34.861640396826914, 32.00121056541758], [34.861694406820085, 32.00122874735481], [34.86173931809792, 32.00113246599356], [34.86167896665001, 32.00111210262112], [34.861684300209085, 32.00110075431934], [34.86159624884357, 32.00107094004702]]]}}, {"type": "Feature", "properties": {"OBJECTID": 4776, "UNIQ_ID": 64943663, "PARENT": null, "FCODE": 201, "FTYPE": 11, "HI_PNT_X": null, "HI_PNT_Y": null, "HI_PNT_Z": null, "HEIGHT": 35.833400000000005, "HT_LAND": null, "FNAME": null, "LATIN_NAME": null, "BLDG_HT": null, "USG_ID": null, "CMPLX_ID": null, "CMLX_FCD": null, "ORIG_AREA": 232.71218283, "DATA_YEAR": 2014, "PRDCT_VER": "2015-07", "MUN_HEB": null, "mzm_lamas": null, "logic_num": null, "mzm": null, "mzm_num_ID": null, "Label": null, "Col_Row": "615 - 1468", "BUILD_YEAR": 0, "FTYPE_D": "בנין", "Shape_Length": 63.52252669880548, "Shape_Area": 232.7121828445068}, "geometry": {"type": "Polygon", "coordinates": [[[34.86249696081352, 32.00063482931362], [34.862702411538734, 32.000697493500326], [34.86273971380205, 32.000600598795614], [34.86254225411277, 32.00053710489814], [34.86249696081352, 32.00063482931362]]]}}, {"type": "Feature", "properties": {"OBJECTID": 4777, "UNIQ_ID": 65077789, "PARENT": null, "FCODE": 201, "FTYPE": 11, "HI_PNT_X": null, "HI_PNT_Y": null, "HI_PNT_Z": null, "HEIGHT": 35.964, "HT_LAND": null, "FNAME": null, "LATIN_NAME": null, "BLDG_HT": null, "USG_ID": null, "CMPLX_ID": null, "CMLX_FCD": null, "ORIG_AREA": 118.19191716, "DATA_YEAR": 2014, "PRDCT_VER": "2015-07", "MUN_HEB": null, "mzm_lamas": null, "logic_num": null, "mzm": null, "mzm_num_ID": null, "Label": null, "Col_Row": "615 - 1468", "BUILD_YEAR": 0, "FTYPE_D": "בנין", "Shape_Length": 48.91378626402531, "Shape_Area": 118.1919171568492}, "geometry": {"type": "Polygon", "coordinates": [[[34.86293963573669, 32.00080789049511], [34.86291540455875, 32.00088014712414], [34.86289643741323, 32.00087924477379], [34.86288332123222, 32.00091579559096], [34.86295114012682, 32.00093639852724], [34.862960215129924, 32.000912599134786], [34.86300210862254, 32.000923772469335], [34.86302424823828, 32.0008770366135], [34.86301128133648, 32.000873598323295], [34.86302842178379, 32.00082854981462], [34.86293963573669, 32.00080789049511]]]}}, {"type": "Feature", "properties": {"OBJECTID": 4778, "UNIQ_ID": 64943664, "PARENT": null, "FCODE": 201, "FTYPE": 11, "HI_PNT_X": null, "HI_PNT_Y": null, "HI_PNT_Z": null, "HEIGHT": 36.1089, "HT_LAND": null, "FNAME": null, "LATIN_NAME": null, "BLDG_HT": null, "USG_ID": null, "CMPLX_ID": null, "CMLX_FCD": null, "ORIG_AREA": 149.14243457, "DATA_YEAR": 2014, "PRDCT_VER": "2015-07", "MUN_HEB": null, "mzm_lamas": null, "logic_num": null, "mzm": null, "mzm_num_ID": null, "Label": null, "Col_Row": "615 - 1468", "BUILD_YEAR": 0, "FTYPE_D": "בנין", "Shape_Length": 51.726740086576186, "Shape_Area": 149.1424345554705}, "geometry": {"type": "Polygon", "coordinates": [[[34.862937862684824, 32.000747476690066], [34.863079513133705, 32.00078274133656], [34.8631066854362, 32.000724957495464], [34.86306878166391, 32.00071464532809], [34.8630819040426, 32.00067639370758], [34.862982188111324, 32.000641241007514], [34.862937862684824, 32.000747476690066]]]}}, {"type": "Feature", "properties": {"OBJECTID": 4779, "UNIQ_ID": 64943665, "PARENT": null, "FCODE": 201, "FTYPE": 11, "HI_PNT_X": null, "HI_PNT_Y": null, "HI_PNT_Z": null, "HEIGHT": 35.8106, "HT_LAND": null, "FNAME": null, "LATIN_NAME": null, "BLDG_HT": null, "USG_ID": null, "CMPLX_ID": null, "CMLX_FCD": null, "ORIG_AREA": 185.66663103, "DATA_YEAR": 2014, "PRDCT_VER": "2015-07", "MUN_HEB": null, "mzm_lamas": null, "logic_num": null, "mzm": null, "mzm_num_ID": null, "Label": null, "Col_Row": "616 - 1468", "BUILD_YEAR": 0, "FTYPE_D": "בנין", "Shape_Length": 55.76940869479424, "Shape_Area": 185.6666310242945}, "geometry": {"type": "Polygon", "coordinates": [[[34.86333674765494, 32.00061241525251], [34.86339512028455, 32.00048749846728], [34.863302362686795, 32.00046087322463], [34.86329231508899, 32.0004778623228], [34.86324943222243, 32.00046413432309], [34.86320712617, 32.00056441912913], [34.86333674765494, 32.00061241525251]]]}}, {"type": "Feature", "properties": {"OBJECTID": 4780, "UNIQ_ID": 64943666, "PARENT": null, "FCODE": 201, "FTYPE": 11, "HI_PNT_X": null, "HI_PNT_Y": null, "HI_PNT_Z": null, "HEIGHT": 35.7187, "HT_LAND": null, "FNAME": null, "LATIN_NAME": null, "BLDG_HT": null, "USG_ID": null, "CMPLX_ID": null, "CMLX_FCD": null, "ORIG_AREA": 136.55551242, "DATA_YEAR": 2014, "PRDCT_VER": "2015-07", "MUN_HEB": null, "mzm_lamas": null, "logic_num": null, "mzm": null, "mzm_num_ID": null, "Label": null, "Col_Row": "615 - 1468", "BUILD_YEAR": 0, "FTYPE_D": "בנין", "Shape_Length": 48.323981958175466, "Shape_Area": 136.55551241617312}, "geometry": {"type": "Polygon", "coordinates": [[[34.86306807704921, 32.0003658001194], [34.8630168136036, 32.0004584035618], [34.863040740916404, 32.00046782684228], [34.86302967642087, 32.000489919188716], [34.863105457512326, 32.000517349366945], [34.86316578949545, 32.00040264906541], [34.86306807704921, 32.0003658001194]]]}}, {"type": "Feature", "properties": {"OBJECTID": 4781, "UNIQ_ID": 64943667, "PARENT": null, "FCODE": 201, "FTYPE": 11, "HI_PNT_X": null, "HI_PNT_Y": null, "HI_PNT_Z": null, "HEIGHT": 35.6655, "HT_LAND": null, "FNAME": null, "LATIN_NAME": null, "BLDG_HT": null, "USG_ID": null, "CMPLX_ID": null, "CMLX_FCD": null, "ORIG_AREA": 186.97943816, "DATA_YEAR": 2014, "PRDCT_VER": "2015-07", "MUN_HEB": null, "mzm_lamas": null, "logic_num": null, "mzm": null, "mzm_num_ID": null, "Label": null, "Col_Row": "615 - 1468", "BUILD_YEAR": 0, "FTYPE_D": "בנין", "Shape_Length": 55.877714433778884, "Shape_Area": 186.97943816224924}, "geometry": {"type": "Polygon", "coordinates": [[[34.8627724048759, 32.00040073919748], [34.862828771750706, 32.0002783702735], [34.86273603661758, 32.000245788273084], [34.862729989078574, 32.00026108729872], [34.86269209921995, 32.00024737165419], [34.862642771360164, 32.00035614677003], [34.8627724048759, 32.00040073919748]]]}}, {"type": "Feature", "properties": {"OBJECTID": 4782, "UNIQ_ID": 64943668, "PARENT": null, "FCODE": 201, "FTYPE": 11, "HI_PNT_X": null, "HI_PNT_Y": null, "HI_PNT_Z": null, "HEIGHT": 35.7012, "HT_LAND": null, "FNAME": null, "LATIN_NAME": null, "BLDG_HT": null, "USG_ID": null, "CMPLX_ID": null, "CMLX_FCD": null, "ORIG_AREA": 146.65903878, "DATA_YEAR": 2014, "PRDCT_VER": "2015-07", "MUN_HEB": null, "mzm_lamas": null, "logic_num": null, "mzm": null, "mzm_num_ID": null, "Label": null, "Col_Row": "615 - 1468", "BUILD_YEAR": 0, "FTYPE_D": "בנין", "Shape_Length": 52.672775971739625, "Shape_Area": 146.65903877768636}, "geometry": {"type": "Polygon", "coordinates": [[[34.862452339890936, 32.00028246145625], [34.862501210143144, 32.00029705716014], [34.862498179510766, 32.00030640789897], [34.86256099979224, 32.0003286992751], [34.86260526547874, 32.00023862926723], [34.862555413094, 32.00021977715537], [34.86256851561844, 32.000186629733754], [34.862506694417704, 32.00016434105332], [34.862452339890936, 32.00028246145625]]]}}, {"type": "Feature", "properties": {"OBJECTID": 4783, "UNIQ_ID": 64943669, "PARENT": null, "FCODE": 201, "FTYPE": 11, "HI_PNT_X": null, "HI_PNT_Y": null, "HI_PNT_Z": null, "HEIGHT": 35.5599, "HT_LAND": null, "FNAME": null, "LATIN_NAME": null, "BLDG_HT": null, "USG_ID": null, "CMPLX_ID": null, "CMLX_FCD": null, "ORIG_AREA": 167.25398557, "DATA_YEAR": 2014, "PRDCT_VER": "2015-07", "MUN_HEB": null, "mzm_lamas": null, "logic_num": null, "mzm": null, "mzm_num_ID": null, "Label": null, "Col_Row": "615 - 1468", "BUILD_YEAR": 0, "FTYPE_D": "בנין", "Shape_Length": 55.868218235153655, "Shape_Area": 167.2539855612247}, "geometry": {"type": "Polygon", "coordinates": [[[34.86228113794457, 32.0001390588633], [34.862251879921295, 32.000220660722825], [34.86238152884397, 32.00026099978865], [34.86244287633375, 32.00014204696113], [34.862385030066555, 32.00012487493938], [34.862376963457436, 32.00014612400892], [34.86232209625145, 32.00013321288891], [34.862315046505, 32.00014936049427], [34.86228113794457, 32.0001390588633]]]}}, {"type": "Feature", "properties": {"OBJECTID": 4784, "UNIQ_ID": 64943670, "PARENT": null, "FCODE": 201, "FTYPE": 11, "HI_PNT_X": null, "HI_PNT_Y": null, "HI_PNT_Z": null, "HEIGHT": 35.5, "HT_LAND": null, "FNAME": null, "LATIN_NAME": null, "BLDG_HT": null, "USG_ID": null, "CMPLX_ID": null, "CMLX_FCD": null, "ORIG_AREA": 242.73095695, "DATA_YEAR": 2014, "PRDCT_VER": "2015-07", "MUN_HEB": null, "mzm_lamas": null, "logic_num": null, "mzm": null, "mzm_num_ID": null, "Label": null, "Col_Row": "615 - 1469", "BUILD_YEAR": 0, "FTYPE_D": "בנין", "Shape_Length": 62.348199374006, "Shape_Area": 242.7309569403137}, "geometry": {"type": "Polygon", "coordinates": [[[34.86204846542338, 32.000147790193274], [34.86220103179849, 32.0002009535837], [34.86226240790935, 32.00007434461785], [34.86210386361846, 32.00001776177198], [34.86204846542338, 32.000147790193274]]]}}, {"type": "Feature", "properties": {"OBJECTID": 4785, "UNIQ_ID": 65077790, "PARENT": null, "FCODE": 201, "FTYPE": 11, "HI_PNT_X": null, "HI_PNT_Y": null, "HI_PNT_Z": null, "HEIGHT": 35.4288, "HT_LAND": null, "FNAME": null, "LATIN_NAME": null, "BLDG_HT": null, "USG_ID": null, "CMPLX_ID": null, "CMLX_FCD": null, "ORIG_AREA": 170.141815, "DATA_YEAR": 2014, "PRDCT_VER": "2015-07", "MUN_HEB": null, "mzm_lamas": null, "logic_num": null, "mzm": null, "mzm_num_ID": null, "Label": null, "Col_Row": "614 - 1469", "BUILD_YEAR": 0, "FTYPE_D": "בנין", "Shape_Length": 61.98654933106805, "Shape_Area": 170.141814985782}, "geometry": {"type": "Polygon", "coordinates": [[[34.86185300832002, 32.00008345022839], [34.86191882313377, 32.00010574910447], [34.86194194205246, 32.00006412027791], [34.861966868133024, 32.00007354735808], [34.8619588014323, 32.00009479640057], [34.86199569318999, 32.000108509570225], [34.862036948673506, 32.000022686339875], [34.861990081879235, 32.000006393261124], [34.86199912541443, 31.999991103257283], [34.861908393045056, 31.999956824356282], [34.86185300832002, 32.00008345022839]]]}}, {"type": "Feature", "properties": {"OBJECTID": 4786, "UNIQ_ID": 64943671, "PARENT": null, "FCODE": 201, "FTYPE": 11, "HI_PNT_X": null, "HI_PNT_Y": null, "HI_PNT_Z": null, "HEIGHT": 36.1421, "HT_LAND": null, "FNAME": null, "LATIN_NAME": null, "BLDG_HT": null, "USG_ID": null, "CMPLX_ID": null, "CMLX_FCD": null, "ORIG_AREA": 182.02234575, "DATA_YEAR": 2014, "PRDCT_VER": "2015-07", "MUN_HEB": null, "mzm_lamas": null, "logic_num": null, "mzm": null, "mzm_num_ID": null, "Label": null, "Col_Row": "614 - 1469", "BUILD_YEAR": 0, "FTYPE_D": "בנין", "Shape_Length": 55.534677655005176, "Shape_Area": 182.02234574195532}, "geometry": {"type": "Polygon", "coordinates": [[[34.8617259031631, 31.999895921697508], [34.86166753498994, 32.00001913602926], [34.86171937133143, 32.00004139815158], [34.861723409454804, 32.00002949714963], [34.861794210674674, 32.00005351215998], [34.861852547069475, 31.999938806189974], [34.8617259031631, 31.999895921697508]]]}}, {"type": "Feature", "properties": {"OBJECTID": 4787, "UNIQ_ID": 64943672, "PARENT": null, "FCODE": 201, "FTYPE": 11, "HI_PNT_X": null, "HI_PNT_Y": null, "HI_PNT_Z": null, "HEIGHT": 35.700700000000005, "HT_LAND": null, "FNAME": null, "LATIN_NAME": null, "BLDG_HT": null, "USG_ID": null, "CMPLX_ID": null, "CMLX_FCD": null, "ORIG_AREA": 162.16264256, "DATA_YEAR": 2014, "PRDCT_VER": "2015-07", "MUN_HEB": null, "mzm_lamas": null, "logic_num": null, "mzm": null, "mzm_num_ID": null, "Label": null, "Col_Row": "614 - 1468", "BUILD_YEAR": 0, "FTYPE_D": "בנין", "Shape_Length": 58.71434969059119, "Shape_Area": 162.16264254847715}, "geometry": {"type": "Polygon", "coordinates": [[[34.861484161678014, 32.00019561568503], [34.86166865207082, 32.0002556727928], [34.861684760316145, 32.000219980580404], [34.86170670316834, 32.000225996251565], [34.861721810299585, 32.0001911526318], [34.861561250241856, 32.00013966786683], [34.861559237497495, 32.000143917131986], [34.86152034571437, 32.000131048830625], [34.86150724915138, 32.00016249535956], [34.86149527400266, 32.00016076129592], [34.861484161678014, 32.00019561568503]]]}}, {"type": "Feature", "properties": {"OBJECTID": 4788, "UNIQ_ID": 64943673, "PARENT": null, "FCODE": 201, "FTYPE": 11, "HI_PNT_X": null, "HI_PNT_Y": null, "HI_PNT_Z": null, "HEIGHT": 35.308800000000005, "HT_LAND": null, "FNAME": null, "LATIN_NAME": null, "BLDG_HT": null, "USG_ID": null, "CMPLX_ID": null, "CMLX_FCD": null, "ORIG_AREA": 170.73944203, "DATA_YEAR": 2014, "PRDCT_VER": "2015-07", "MUN_HEB": null, "mzm_lamas": null, "logic_num": null, "mzm": null, "mzm_num_ID": null, "Label": null, "Col_Row": "614 - 1468", "BUILD_YEAR": 0, "FTYPE_D": "בנין", "Shape_Length": 56.138179409370885, "Shape_Area": 170.7394420323091}, "geometry": {"type": "Polygon", "coordinates": [[[34.86137583522207, 32.000328053751176], [34.86154436418147, 32.00038466448487], [34.86156644002986, 32.00035494481823], [34.8615824122083, 32.00035583837323], [34.86160253332876, 32.00031505281285], [34.86141007103719, 32.000250719356295], [34.86137583522207, 32.000328053751176]]]}}, {"type": "Feature", "properties": {"OBJECTID": 4789, "UNIQ_ID": 64943674, "PARENT": null, "FCODE": 201, "FTYPE": 11, "HI_PNT_X": null, "HI_PNT_Y": null, "HI_PNT_Z": null, "HEIGHT": 35.6325, "HT_LAND": null, "FNAME": null, "LATIN_NAME": null, "BLDG_HT": null, "USG_ID": null, "CMPLX_ID": null, "CMLX_FCD": null, "ORIG_AREA": 121.02261306, "DATA_YEAR": 2014, "PRDCT_VER": "2015-07", "MUN_HEB": null, "mzm_lamas": null, "logic_num": null, "mzm": null, "mzm_num_ID": null, "Label": null, "Col_Row": "614 - 1468", "BUILD_YEAR": 0, "FTYPE_D": "בנין", "Shape_Length": 45.026258015834244, "Shape_Area": 121.0226130628843}, "geometry": {"type": "Polygon", "coordinates": [[[34.8613483578432, 32.00046751714185], [34.861393227838285, 32.000483804157184], [34.86138775915012, 32.00049534867542], [34.86145130131283, 32.000515572013164], [34.86150128214157, 32.00042453758621], [34.86138960459084, 32.00038424620709], [34.8613483578432, 32.00046751714185]]]}}, {"type": "Feature", "properties": {"OBJECTID": 4790, "UNIQ_ID": 64943675, "PARENT": null, "FCODE": 201, "FTYPE": 11, "HI_PNT_X": null, "HI_PNT_Y": null, "HI_PNT_Z": null, "HEIGHT": 35.5073, "HT_LAND": null, "FNAME": null, "LATIN_NAME": null, "BLDG_HT": null, "USG_ID": null, "CMPLX_ID": null, "CMLX_FCD": null, "ORIG_AREA": 145.45240147, "DATA_YEAR": 2014, "PRDCT_VER": "2015-07", "MUN_HEB": null, "mzm_lamas": null, "logic_num": null, "mzm": null, "mzm_num_ID": null, "Label": null, "Col_Row": "614 - 1468", "BUILD_YEAR": 0, "FTYPE_D": "בנין", "Shape_Length": 51.35907931473561, "Shape_Area": 145.45240146464448}, "geometry": {"type": "Polygon", "coordinates": [[[34.86120760108739, 32.000608858339305], [34.86132129159158, 32.00064490151951], [34.8613326379426, 32.00061430158184], [34.86134610028048, 32.00061880460773], [34.86135891315844, 32.00059650521379], [34.8613731342394, 32.00059845818768], [34.86139275126404, 32.00055894644842], [34.86127234802679, 32.00051586645166], [34.86125802001642, 32.00054262926822], [34.86123632263768, 32.000537465484804], [34.86120760108739, 32.000608858339305]]]}}, {"type": "Feature", "properties": {"OBJECTID": 4791, "UNIQ_ID": 64943676, "PARENT": null, "FCODE": 201, "FTYPE": 11, "HI_PNT_X": null, "HI_PNT_Y": null, "HI_PNT_Z": null, "HEIGHT": 35.7749, "HT_LAND": null, "FNAME": null, "LATIN_NAME": null, "BLDG_HT": null, "USG_ID": null, "CMPLX_ID": null, "CMLX_FCD": null, "ORIG_AREA": 219.61993772, "DATA_YEAR": 2014, "PRDCT_VER": "2015-07", "MUN_HEB": null, "mzm_lamas": null, "logic_num": null, "mzm": null, "mzm_num_ID": null, "Label": null, "Col_Row": "614 - 1468", "BUILD_YEAR": 0, "FTYPE_D": "בנין", "Shape_Length": 63.37506665252609, "Shape_Area": 219.61993770603237}, "geometry": {"type": "Polygon", "coordinates": [[[34.861152836130174, 32.00063551176257], [34.86114008976197, 32.00063994390657], [34.861079517080306, 32.00061744598663], [34.861059923690966, 32.00065057568572], [34.86105019595265, 32.00064863483603], [34.86102605688348, 32.00069579058467], [34.86120928919277, 32.00075882360692], [34.861270826442684, 32.00072325431953], [34.861294192388435, 32.00068247758636], [34.861152836130174, 32.00063551176257]]]}}, {"type": "Feature", "properties": {"OBJECTID": 4792, "UNIQ_ID": 64943677, "PARENT": null, "FCODE": 201, "FTYPE": 11, "HI_PNT_X": null, "HI_PNT_Y": null, "HI_PNT_Z": null, "HEIGHT": 35.6011, "HT_LAND": null, "FNAME": null, "LATIN_NAME": null, "BLDG_HT": null, "USG_ID": null, "CMPLX_ID": null, "CMLX_FCD": null, "ORIG_AREA": 156.14833261, "DATA_YEAR": 2014, "PRDCT_VER": "2015-07", "MUN_HEB": null, "mzm_lamas": null, "logic_num": null, "mzm": null, "mzm_num_ID": null, "Label": null, "Col_Row": "614 - 1468", "BUILD_YEAR": 0, "FTYPE_D": "בנין", "Shape_Length": 51.08695093075788, "Shape_Area": 156.1483325952084}, "geometry": {"type": "Polygon", "coordinates": [[[34.86202822914761, 32.000457434364776], [34.862070096416595, 32.00037474924833], [34.86192370393809, 32.000322666492266], [34.861873408275336, 32.00040628471846], [34.86202822914761, 32.000457434364776]]]}}, {"type": "Feature", "properties": {"OBJECTID": 4793, "UNIQ_ID": 64943678, "PARENT": null, "FCODE": 201, "FTYPE": 11, "HI_PNT_X": null, "HI_PNT_Y": null, "HI_PNT_Z": null, "HEIGHT": 35.5449, "HT_LAND": null, "FNAME": null, "LATIN_NAME": null, "BLDG_HT": null, "USG_ID": null, "CMPLX_ID": null, "CMLX_FCD": null, "ORIG_AREA": 126.78778388, "DATA_YEAR": 2014, "PRDCT_VER": "2015-07", "MUN_HEB": null, "mzm_lamas": null, "logic_num": null, "mzm": null, "mzm_num_ID": null, "Label": null, "Col_Row": "614 - 1468", "BUILD_YEAR": 0, "FTYPE_D": "בנין", "Shape_Length": 47.72169214259973, "Shape_Area": 126.78778388204425}, "geometry": {"type": "Polygon", "coordinates": [[[34.86180977770898, 32.000451101141756], [34.86177809512392, 32.000513233641456], [34.86175565263492, 32.00050695060164], [34.86174148821627, 32.00054041430649], [34.8618654668818, 32.00057855802736], [34.861912423416406, 32.00048679473319], [34.86180977770898, 32.000451101141756]]]}}, {"type": "Feature", "properties": {"OBJECTID": 4794, "UNIQ_ID": 65077791, "PARENT": null, "FCODE": 201, "FTYPE": 11, "HI_PNT_X": null, "HI_PNT_Y": null, "HI_PNT_Z": null, "HEIGHT": 35.482800000000005, "HT_LAND": null, "FNAME": null, "LATIN_NAME": null, "BLDG_HT": null, "USG_ID": null, "CMPLX_ID": null, "CMLX_FCD": null, "ORIG_AREA": 120.29955686, "DATA_YEAR": 2014, "PRDCT_VER": "2015-07", "MUN_HEB": null, "mzm_lamas": null, "logic_num": null, "mzm": null, "mzm_num_ID": null, "Label": null, "Col_Row": "614 - 1468", "BUILD_YEAR": null, "FTYPE_D": "בנין", "Shape_Length": 67.90627608442557, "Shape_Area": 120.29955686386418}, "geometry": {"type": "Polygon", "coordinates": [[[34.86160446263754, 32.00068793074166], [34.861741315777934, 32.000737595621636], [34.86175885610579, 32.0007027053653], [34.86173305582505, 32.00069354281712], [34.86175000929691, 32.000665351367985], [34.86178422009104, 32.00067836567631], [34.86180062334671, 32.000647301395986], [34.861678345379005, 32.00060485429601], [34.86166305171155, 32.00063975061045], [34.86171073967707, 32.000653280199714], [34.86169941836802, 32.00067717984804], [34.86162031470492, 32.00065399365728], [34.86160446263754, 32.00068793074166]]]}}, {"type": "Feature", "properties": {"OBJECTID": 4795, "UNIQ_ID": 64943679, "PARENT": null, "FCODE": 201, "FTYPE": 11, "HI_PNT_X": null, "HI_PNT_Y": null, "HI_PNT_Z": null, "HEIGHT": 35.4073, "HT_LAND": null, "FNAME": null, "LATIN_NAME": null, "BLDG_HT": null, "USG_ID": null, "CMPLX_ID": null, "CMLX_FCD": null, "ORIG_AREA": 215.9687186, "DATA_YEAR": 2014, "PRDCT_VER": "2015-07", "MUN_HEB": null, "mzm_lamas": null, "logic_num": null, "mzm": null, "mzm_num_ID": null, "Label": null, "Col_Row": "614 - 1468", "BUILD_YEAR": 0, "FTYPE_D": "בנין", "Shape_Length": 61.33886444528115, "Shape_Area": 215.9687186150599}, "geometry": {"type": "Polygon", "coordinates": [[[34.86154902014872, 32.000728886893356], [34.861542959716154, 32.000747589227245], [34.86152201151695, 32.000742427517054], [34.8615069263816, 32.00077131566648], [34.86148996569928, 32.00076786642795], [34.86146778416405, 32.00082566340703], [34.86164529974093, 32.00088229829481], [34.861696597505095, 32.00078118700774], [34.86154902014872, 32.000728886893356]]]}}, {"type": "Feature", "properties": {"OBJECTID": 4814, "UNIQ_ID": 64947532, "PARENT": null, "FCODE": 201, "FTYPE": 16, "HI_PNT_X": null, "HI_PNT_Y": null, "HI_PNT_Z": null, "HEIGHT": 38.8918, "HT_LAND": null, "FNAME": null, "LATIN_NAME": null, "BLDG_HT": null, "USG_ID": null, "CMPLX_ID": null, "CMLX_FCD": null, "ORIG_AREA": 85.02566706, "DATA_YEAR": 2014, "PRDCT_VER": "2015-07", "MUN_HEB": "כפר חבד", "mzm_lamas": 696, "logic_num": 70, "mzm": 628, "mzm_num_ID": "696B628", "Label": "B628", "Col_Row": "617 - 1476", "BUILD_YEAR": null, "FTYPE_D": "סככה", "Shape_Length": 36.90332489359217, "Shape_Area": 85.02566705443877}, "geometry": {"type": "Polygon", "coordinates": [[[34.86429359489202, 31.993390473547908], [34.864388032023605, 31.99338938473595], [34.864386669598346, 31.993303484306296], [34.86429223255481, 31.993304573117854], [34.86429359489202, 31.993390473547908]]]}}, {"type": "Feature", "properties": {"OBJECTID": 4815, "UNIQ_ID": 64947533, "PARENT": null, "FCODE": 201, "FTYPE": 16, "HI_PNT_X": null, "HI_PNT_Y": null, "HI_PNT_Z": null, "HEIGHT": 39.0463, "HT_LAND": null, "FNAME": null, "LATIN_NAME": null, "BLDG_HT": null, "USG_ID": null, "CMPLX_ID": null, "CMLX_FCD": null, "ORIG_AREA": 66.75035142, "DATA_YEAR": 2014, "PRDCT_VER": "2015-07", "MUN_HEB": "כפר חבד", "mzm_lamas": 696, "logic_num": 70, "mzm": 630, "mzm_num_ID": "696B630", "Label": "B630", "Col_Row": "617 - 1476", "BUILD_YEAR": null, "FTYPE_D": "סככה", "Shape_Length": 32.718405143409434, "Shape_Area": 66.75035141547706}, "geometry": {"type": "Polygon", "coordinates": [[[34.86439154879205, 31.9932490059052], [34.864390154675796, 31.993171695066934], [34.86430778315362, 31.993172773833564], [34.86430917720076, 31.99325008467226], [34.86439154879205, 31.9932490059052]]]}}, {"type": "Feature", "properties": {"OBJECTID": 4816, "UNIQ_ID": 64943680, "PARENT": null, "FCODE": 201, "FTYPE": 11, "HI_PNT_X": null, "HI_PNT_Y": null, "HI_PNT_Z": null, "HEIGHT": 35.391600000000004, "HT_LAND": null, "FNAME": null, "LATIN_NAME": null, "BLDG_HT": null, "USG_ID": null, "CMPLX_ID": null, "CMLX_FCD": null, "ORIG_AREA": 209.58545521, "DATA_YEAR": 2014, "PRDCT_VER": "2015-07", "MUN_HEB": null, "mzm_lamas": null, "logic_num": null, "mzm": null, "mzm_num_ID": null, "Label": null, "Col_Row": "614 - 1468", "BUILD_YEAR": 0, "FTYPE_D": "בנין", "Shape_Length": 60.1864529590942, "Shape_Area": 209.58545520245787}, "geometry": {"type": "Polygon", "coordinates": [[[34.86170415166113, 32.00089777257032], [34.86186673429873, 32.000942454909165], [34.86190397218111, 32.00086342769301], [34.861895990791304, 32.0008617044474], [34.86191412338961, 32.00081836047061], [34.86186624878831, 32.00080461762846], [34.86187028060092, 32.00079441830723], [34.8618084401805, 32.000777235240385], [34.86170415166113, 32.00089777257032]]]}}, {"type": "Feature", "properties": {"OBJECTID": 4817, "UNIQ_ID": 64943681, "PARENT": null, "FCODE": 201, "FTYPE": 11, "HI_PNT_X": null, "HI_PNT_Y": null, "HI_PNT_Z": null, "HEIGHT": 35.6024, "HT_LAND": null, "FNAME": null, "LATIN_NAME": null, "BLDG_HT": null, "USG_ID": null, "CMPLX_ID": null, "CMLX_FCD": null, "ORIG_AREA": 192.09791935, "DATA_YEAR": 2014, "PRDCT_VER": "2015-07", "MUN_HEB": null, "mzm_lamas": null, "logic_num": null, "mzm": null, "mzm_num_ID": null, "Label": null, "Col_Row": "615 - 1468", "BUILD_YEAR": 0, "FTYPE_D": "בנין", "Shape_Length": 55.506672019926526, "Shape_Area": 192.0979193423199}, "geometry": {"type": "Polygon", "coordinates": [[[34.86295636708809, 32.00046887586879], [34.863012733761884, 32.00034650686301], [34.86288312811981, 32.00030237738023], [34.86282673338596, 32.000424283628504], [34.86295636708809, 32.00046887586879]]]}}, {"type": "Feature", "properties": {"OBJECTID": 4866, "UNIQ_ID": 64943283, "PARENT": null, "FCODE": 201, "FTYPE": 11, "HI_PNT_X": null, "HI_PNT_Y": null, "HI_PNT_Z": null, "HEIGHT": 35.4226, "HT_LAND": null, "FNAME": null, "LATIN_NAME": null, "BLDG_HT": null, "USG_ID": null, "CMPLX_ID": null, "CMLX_FCD": null, "ORIG_AREA": 193.23359537, "DATA_YEAR": 2014, "PRDCT_VER": "2015-07", "MUN_HEB": null, "mzm_lamas": null, "logic_num": null, "mzm": null, "mzm_num_ID": null, "Label": null, "Col_Row": "614 - 1468", "BUILD_YEAR": 0, "FTYPE_D": "בנין", "Shape_Length": 54.731019994975085, "Shape_Area": 193.23359536324352}, "geometry": {"type": "Polygon", "coordinates": [[[34.8611394432649, 32.00096146712936], [34.86113350319134, 32.000947837452514], [34.86105172204518, 32.00092294196329], [34.86101271584884, 32.000940703812105], [34.860968340436756, 32.00105970186281], [34.86108304202272, 32.00109234368925], [34.8611394432649, 32.00096146712936]]]}}, {"type": "Feature", "properties": {"OBJECTID": 4867, "UNIQ_ID": 64943284, "PARENT": null, "FCODE": 201, "FTYPE": 11, "HI_PNT_X": null, "HI_PNT_Y": null, "HI_PNT_Z": null, "HEIGHT": 35.0908, "HT_LAND": null, "FNAME": null, "LATIN_NAME": null, "BLDG_HT": null, "USG_ID": null, "CMPLX_ID": null, "CMLX_FCD": null, "ORIG_AREA": 198.48538999, "DATA_YEAR": 2014, "PRDCT_VER": "2015-07", "MUN_HEB": null, "mzm_lamas": null, "logic_num": null, "mzm": null, "mzm_num_ID": null, "Label": null, "Col_Row": "614 - 1468", "BUILD_YEAR": 0, "FTYPE_D": "בנין", "Shape_Length": 63.902305035708565, "Shape_Area": 198.48538997275847}, "geometry": {"type": "Polygon", "coordinates": [[[34.86117219875217, 32.001013457164944], [34.86121609005854, 32.001024636492616], [34.861208010422715, 32.00104928884973], [34.861189055935945, 32.00104498377851], [34.86116591952317, 32.001090866212735], [34.86128858994264, 32.0011286354146], [34.86134697623449, 32.00100116753167], [34.861197376443926, 32.000955668344595], [34.86117219875217, 32.001013457164944]]]}}, {"type": "Feature", "properties": {"OBJECTID": 4868, "UNIQ_ID": 64943285, "PARENT": null, "FCODE": 201, "FTYPE": 11, "HI_PNT_X": null, "HI_PNT_Y": null, "HI_PNT_Z": null, "HEIGHT": 35.0047, "HT_LAND": null, "FNAME": null, "LATIN_NAME": null, "BLDG_HT": null, "USG_ID": null, "CMPLX_ID": null, "CMLX_FCD": null, "ORIG_AREA": 167.69899206, "DATA_YEAR": 2014, "PRDCT_VER": "2015-07", "MUN_HEB": null, "mzm_lamas": null, "logic_num": null, "mzm": null, "mzm_num_ID": null, "Label": null, "Col_Row": "614 - 1467", "BUILD_YEAR": 0, "FTYPE_D": "בנין", "Shape_Length": 56.96105752465129, "Shape_Area": 167.69899204750743}, "geometry": {"type": "Polygon", "coordinates": [[[34.86149211681726, 32.001171728148584], [34.86153945904095, 32.0010603960358], [34.86140881037844, 32.00102005340879], [34.86135348028017, 32.00113136387649], [34.86139936226499, 32.00114425022382], [34.861408414457, 32.001126407287], [34.86145926608809, 32.001145262548775], [34.8614562131509, 32.0011605696043], [34.86149211681726, 32.001171728148584]]]}}, {"type": "Feature", "properties": {"OBJECTID": 4869, "UNIQ_ID": 64943286, "PARENT": null, "FCODE": 201, "FTYPE": 11, "HI_PNT_X": null, "HI_PNT_Y": null, "HI_PNT_Z": null, "HEIGHT": 35.3447, "HT_LAND": null, "FNAME": null, "LATIN_NAME": null, "BLDG_HT": null, "USG_ID": null, "CMPLX_ID": null, "CMLX_FCD": null, "ORIG_AREA": 193.51786958, "DATA_YEAR": 2014, "PRDCT_VER": "2015-07", "MUN_HEB": null, "mzm_lamas": null, "logic_num": null, "mzm": null, "mzm_num_ID": null, "Label": null, "Col_Row": "614 - 1467", "BUILD_YEAR": 0, "FTYPE_D": "בנין", "Shape_Length": 63.18339868499321, "Shape_Area": 193.51786957481187}, "geometry": {"type": "Polygon", "coordinates": [[[34.86175166768167, 32.00126347710109], [34.861798211211365, 32.00127721639227], [34.861810281422784, 32.00125342517234], [34.86185948438043, 32.001268306088974], [34.861851399620456, 32.00129437700783], [34.86188864100715, 32.00130355238132], [34.86195167450159, 32.001178932933506], [34.86180937617321, 32.00113884334328], [34.86175166768167, 32.00126347710109]]]}}, {"type": "Feature", "properties": {"OBJECTID": 4870, "UNIQ_ID": 64943287, "PARENT": null, "FCODE": 201, "FTYPE": 11, "HI_PNT_X": null, "HI_PNT_Y": null, "HI_PNT_Z": null, "HEIGHT": 35.3292, "HT_LAND": null, "FNAME": null, "LATIN_NAME": null, "BLDG_HT": null, "USG_ID": null, "CMPLX_ID": null, "CMLX_FCD": null, "ORIG_AREA": 185.94694251, "DATA_YEAR": 2014, "PRDCT_VER": "2015-07", "MUN_HEB": null, "mzm_lamas": null, "logic_num": null, "mzm": null, "mzm_num_ID": null, "Label": null, "Col_Row": "614 - 1467", "BUILD_YEAR": 0, "FTYPE_D": "בנין", "Shape_Length": 54.75578280769861, "Shape_Area": 185.94694250096336}, "geometry": {"type": "Polygon", "coordinates": [[[34.861968420510394, 32.001329860464764], [34.862093442950055, 32.00136196290151], [34.86214184043588, 32.00123503403635], [34.86201416505549, 32.001200656455794], [34.861968420510394, 32.001329860464764]]]}}, {"type": "Feature", "properties": {"OBJECTID": 4871, "UNIQ_ID": 65077788, "PARENT": null, "FCODE": 201, "FTYPE": 11, "HI_PNT_X": null, "HI_PNT_Y": null, "HI_PNT_Z": null, "HEIGHT": 35.5095, "HT_LAND": null, "FNAME": null, "LATIN_NAME": null, "BLDG_HT": null, "USG_ID": null, "CMPLX_ID": null, "CMLX_FCD": null, "ORIG_AREA": 159.95338542, "DATA_YEAR": 2014, "PRDCT_VER": "2015-07", "MUN_HEB": null, "mzm_lamas": null, "logic_num": null, "mzm": null, "mzm_num_ID": null, "Label": null, "Col_Row": "615 - 1467", "BUILD_YEAR": 0, "FTYPE_D": "בנין", "Shape_Length": 55.69087769728719, "Shape_Area": 159.95338543378924}, "geometry": {"type": "Polygon", "coordinates": [[[34.862350096126285, 32.001438662556744], [34.862447165869824, 32.0014695548191], [34.862472637294466, 32.00142197674344], [34.86250854328897, 32.00143228370556], [34.86253943245128, 32.00135976193569], [34.862492888766845, 32.001346022915534], [34.86248351498561, 32.00136074572937], [34.86239575597089, 32.00133214752639], [34.862350096126285, 32.001438662556744]]]}}, {"type": "Feature", "properties": {"OBJECTID": 4872, "UNIQ_ID": 64943657, "PARENT": null, "FCODE": 201, "FTYPE": 11, "HI_PNT_X": null, "HI_PNT_Y": null, "HI_PNT_Z": null, "HEIGHT": 35.539100000000005, "HT_LAND": null, "FNAME": null, "LATIN_NAME": null, "BLDG_HT": null, "USG_ID": null, "CMPLX_ID": null, "CMLX_FCD": null, "ORIG_AREA": 157.00958365, "DATA_YEAR": 2014, "PRDCT_VER": "2015-07", "MUN_HEB": null, "mzm_lamas": null, "logic_num": null, "mzm": null, "mzm_num_ID": null, "Label": null, "Col_Row": "615 - 1467", "BUILD_YEAR": 0, "FTYPE_D": "בנין", "Shape_Length": 53.89942696036749, "Shape_Area": 157.00958366597968}, "geometry": {"type": "Polygon", "coordinates": [[[34.862609952059664, 32.00137016122381], [34.86256162669878, 32.001477804519254], [34.86266667485757, 32.00151098614158], [34.86268950462906, 32.00145772857129], [34.86272806589605, 32.001470311556865], [34.86274823618227, 32.00141591234655], [34.862609952059664, 32.00137016122381]]]}}, {"type": "Feature", "properties": {"OBJECTID": 4873, "UNIQ_ID": 64943658, "PARENT": null, "FCODE": 201, "FTYPE": 11, "HI_PNT_X": null, "HI_PNT_Y": null, "HI_PNT_Z": null, "HEIGHT": 35.6176, "HT_LAND": null, "FNAME": null, "LATIN_NAME": null, "BLDG_HT": null, "USG_ID": null, "CMPLX_ID": null, "CMLX_FCD": null, "ORIG_AREA": 181.37557153, "DATA_YEAR": 2014, "PRDCT_VER": "2015-07", "MUN_HEB": null, "mzm_lamas": null, "logic_num": null, "mzm": null, "mzm_num_ID": null, "Label": null, "Col_Row": "615 - 1467", "BUILD_YEAR": 0, "FTYPE_D": "בנין", "Shape_Length": 57.1518667203147, "Shape_Area": 181.37557152088968}, "geometry": {"type": "Polygon", "coordinates": [[[34.86277699044101, 32.00156006530226], [34.8628927676215, 32.00159380227747], [34.862944760657044, 32.00147216103266], [34.86282137324026, 32.00143879770481], [34.862805271525374, 32.00147278837241], [34.86277733115902, 32.001468175277736], [34.86276921719439, 32.001502187447116], [34.86279448657084, 32.00150906138499], [34.86277699044101, 32.00156006530226]]]}}, {"type": "Feature", "properties": {"OBJECTID": 4874, "UNIQ_ID": 64943659, "PARENT": null, "FCODE": 201, "FTYPE": 11, "HI_PNT_X": null, "HI_PNT_Y": null, "HI_PNT_Z": null, "HEIGHT": 35.634100000000004, "HT_LAND": null, "FNAME": null, "LATIN_NAME": null, "BLDG_HT": null, "USG_ID": null, "CMPLX_ID": null, "CMLX_FCD": null, "ORIG_AREA": 74.48121721, "DATA_YEAR": 2014, "PRDCT_VER": "2015-07", "MUN_HEB": null, "mzm_lamas": null, "logic_num": null, "mzm": null, "mzm_num_ID": null, "Label": null, "Col_Row": "615 - 1467", "BUILD_YEAR": null, "FTYPE_D": "בנין", "Shape_Length": 42.63736718434294, "Shape_Area": 74.48121719947385}, "geometry": {"type": "Polygon", "coordinates": [[[34.862757056854086, 32.00119131428913], [34.86291795171875, 32.001242797542176], [34.862934099596814, 32.00119632874478], [34.86285164472991, 32.00117341746746], [34.86285028820647, 32.00118022061946], [34.86276383108798, 32.00115956834778], [34.862757056854086, 32.00119131428913]]]}}, {"type": "Feature", "properties": {"OBJECTID": 4875, "UNIQ_ID": 64943660, "PARENT": null, "FCODE": 201, "FTYPE": 11, "HI_PNT_X": null, "HI_PNT_Y": null, "HI_PNT_Z": null, "HEIGHT": 35.7663, "HT_LAND": null, "FNAME": null, "LATIN_NAME": null, "BLDG_HT": null, "USG_ID": null, "CMPLX_ID": null, "CMLX_FCD": null, "ORIG_AREA": 195.10156576, "DATA_YEAR": 2014, "PRDCT_VER": "2015-07", "MUN_HEB": null, "mzm_lamas": null, "logic_num": null, "mzm": null, "mzm_num_ID": null, "Label": null, "Col_Row": "615 - 1468", "BUILD_YEAR": 0, "FTYPE_D": "בנין", "Shape_Length": 55.94187772377587, "Shape_Area": 195.10156574449266}, "geometry": {"type": "Polygon", "coordinates": [[[34.862796000775454, 32.00110066266462], [34.862927657569976, 32.00113845447837], [34.86297604643628, 32.00101379509835], [34.86284040328889, 32.00097372366908], [34.862796000775454, 32.00110066266462]]]}}, {"type": "Feature", "properties": {"OBJECTID": 4876, "UNIQ_ID": 64943661, "PARENT": null, "FCODE": 201, "FTYPE": 11, "HI_PNT_X": null, "HI_PNT_Y": null, "HI_PNT_Z": null, "HEIGHT": 35.5424, "HT_LAND": null, "FNAME": null, "LATIN_NAME": null, "BLDG_HT": null, "USG_ID": null, "CMPLX_ID": null, "CMLX_FCD": null, "ORIG_AREA": 251.52702345, "DATA_YEAR": 2014, "PRDCT_VER": "2015-07", "MUN_HEB": null, "mzm_lamas": null, "logic_num": null, "mzm": null, "mzm_num_ID": null, "Label": null, "Col_Row": "615 - 1468", "BUILD_YEAR": 0, "FTYPE_D": "בנין", "Shape_Length": 67.18782328765349, "Shape_Area": 251.52702345780014}, "geometry": {"type": "Polygon", "coordinates": [[[34.862316814527134, 32.00108008659729], [34.862513627457844, 32.00113847399909], [34.86252574798024, 32.0011010692381], [34.862543042115405, 32.001104519236804], [34.8625725619699, 32.00104220397076], [34.862355812524044, 32.00097468717909], [34.862316814527134, 32.00108008659729]]]}}, {"type": "Feature", "properties": {"OBJECTID": 4877, "UNIQ_ID": 64943662, "PARENT": null, "FCODE": 201, "FTYPE": 11, "HI_PNT_X": null, "HI_PNT_Y": null, "HI_PNT_Z": null, "HEIGHT": 35.5172, "HT_LAND": null, "FNAME": null, "LATIN_NAME": null, "BLDG_HT": null, "USG_ID": null, "CMPLX_ID": null, "CMLX_FCD": null, "ORIG_AREA": 185.9601794, "DATA_YEAR": 2014, "PRDCT_VER": "2015-07", "MUN_HEB": null, "mzm_lamas": null, "logic_num": null, "mzm": null, "mzm_num_ID": null, "Label": null, "Col_Row": "615 - 1468", "BUILD_YEAR": 0, "FTYPE_D": "בנין", "Shape_Length": 60.897064696359664, "Shape_Area": 185.9601793842071}, "geometry": {"type": "Polygon", "coordinates": [[[34.862125321728826, 32.001022847709635], [34.86217527310137, 32.001034231530134], [34.86218860262028, 32.001010698879426], [34.86222688844707, 32.00102300622455], [34.86222148814384, 32.0010392376289], [34.86225929656122, 32.001048164623654], [34.862279820665, 32.00100397844814], [34.86228913125638, 32.00100627248724], [34.862318684945855, 32.00093488163283], [34.862172384546255, 32.00089704969201], [34.862125321728826, 32.001022847709635]]]}}, {"type": "Feature", "properties": {"OBJECTID": 5176, "UNIQ_ID": 64964638, "PARENT": null, "FCODE": 201, "FTYPE": 11, "HI_PNT_X": null, "HI_PNT_Y": null, "HI_PNT_Z": null, "HEIGHT": 38.0289, "HT_LAND": null, "FNAME": null, "LATIN_NAME": null, "BLDG_HT": null, "USG_ID": null, "CMPLX_ID": null, "CMLX_FCD": null, "ORIG_AREA": 110.1487454, "DATA_YEAR": 2014, "PRDCT_VER": "2015-07", "MUN_HEB": "יגל", "mzm_lamas": 798, "logic_num": 16, "mzm": 467, "mzm_num_ID": "798B467", "Label": "B467", "Col_Row": "627 - 1476", "BUILD_YEAR": null, "FTYPE_D": "בנין", "Shape_Length": 46.60189017073168, "Shape_Area": 110.14874538199493}, "geometry": {"type": "Polygon", "coordinates": [[[34.87495424243319, 31.99373677692347], [34.87490724795922, 31.99378071253549], [34.8750379150611, 31.993882218807805], [34.87508490952223, 31.993838284049847], [34.87495424243319, 31.99373677692347]]]}}, {"type": "Feature", "properties": {"OBJECTID": 5177, "UNIQ_ID": 64964639, "PARENT": null, "FCODE": 201, "FTYPE": 11, "HI_PNT_X": null, "HI_PNT_Y": null, "HI_PNT_Z": null, "HEIGHT": 38.4906, "HT_LAND": null, "FNAME": null, "LATIN_NAME": null, "BLDG_HT": null, "USG_ID": null, "CMPLX_ID": null, "CMLX_FCD": null, "ORIG_AREA": 52.50714606, "DATA_YEAR": 2014, "PRDCT_VER": "2015-07", "MUN_HEB": "יגל", "mzm_lamas": 798, "logic_num": 50, "mzm": 406, "mzm_num_ID": "798B406", "Label": "B406", "Col_Row": "627 - 1477", "BUILD_YEAR": null, "FTYPE_D": "בנין", "Shape_Length": 35.96960866449743, "Shape_Area": 52.507146062935284}, "geometry": {"type": "Polygon", "coordinates": [[[34.87508311225369, 31.992591340689394], [34.875061764622494, 31.992609423272267], [34.8751505252512, 31.99268552958293], [34.87518254404213, 31.992658407932804], [34.87516467965874, 31.99264309043687], [34.8751775949512, 31.992624641471444], [34.87514840613455, 31.99260336613362], [34.87512779150928, 31.992623907143535], [34.87508311225369, 31.992591340689394]]]}}, {"type": "Feature", "properties": {"OBJECTID": 5178, "UNIQ_ID": 64964640, "PARENT": null, "FCODE": 201, "FTYPE": 11, "HI_PNT_X": null, "HI_PNT_Y": null, "HI_PNT_Z": null, "HEIGHT": 38.32, "HT_LAND": null, "FNAME": null, "LATIN_NAME": null, "BLDG_HT": null, "USG_ID": null, "CMPLX_ID": null, "CMLX_FCD": null, "ORIG_AREA": 31.38718404, "DATA_YEAR": 2014, "PRDCT_VER": "2015-07", "MUN_HEB": "יגל", "mzm_lamas": 798, "logic_num": 50, "mzm": 469, "mzm_num_ID": "798B469", "Label": "B469", "Col_Row": "627 - 1477", "BUILD_YEAR": null, "FTYPE_D": "בנין", "Shape_Length": 22.987624639326057, "Shape_Area": 31.38718404125265}, "geometry": {"type": "Polygon", "coordinates": [[[34.87500369117127, 31.99225231867272], [34.87497510545322, 31.992284393783418], [34.87503432327115, 31.992322724467225], [34.87506290898073, 31.992290649343293], [34.87500369117127, 31.99225231867272]]]}}, {"type": "Feature", "properties": {"OBJECTID": 5179, "UNIQ_ID": 64964641, "PARENT": null, "FCODE": 201, "FTYPE": 11, "HI_PNT_X": null, "HI_PNT_Y": null, "HI_PNT_Z": null, "HEIGHT": 38.485, "HT_LAND": null, "FNAME": null, "LATIN_NAME": null, "BLDG_HT": null, "USG_ID": null, "CMPLX_ID": null, "CMLX_FCD": null, "ORIG_AREA": 53.64328416, "DATA_YEAR": 2014, "PRDCT_VER": "2015-07", "MUN_HEB": "יגל", "mzm_lamas": 798, "logic_num": 7980102, "mzm": 471, "mzm_num_ID": "798B471", "Label": "B471", "Col_Row": "628 - 1477", "BUILD_YEAR": 0, "FTYPE_D": "בנין", "Shape_Length": 32.63010376456335, "Shape_Area": 53.643284157057515}, "geometry": {"type": "Polygon", "coordinates": [[[34.87593400260181, 31.99209152608175], [34.8760222077402, 31.99216619828704], [34.876056255689754, 31.992136988575897], [34.875968049496365, 31.99206231548938], [34.87593400260181, 31.99209152608175]]]}}, {"type": "Feature", "properties": {"OBJECTID": 5180, "UNIQ_ID": 64964642, "PARENT": null, "FCODE": 201, "FTYPE": 11, "HI_PNT_X": null, "HI_PNT_Y": null, "HI_PNT_Z": null, "HEIGHT": 38.249500000000005, "HT_LAND": null, "FNAME": null, "LATIN_NAME": null, "BLDG_HT": null, "USG_ID": null, "CMPLX_ID": null, "CMLX_FCD": null, "ORIG_AREA": 13.0745774, "DATA_YEAR": 2014, "PRDCT_VER": "2015-07", "MUN_HEB": "יגל", "mzm_lamas": 798, "logic_num": 50, "mzm": 473, "mzm_num_ID": "798B473", "Label": "B473", "Col_Row": "627 - 1478", "BUILD_YEAR": null, "FTYPE_D": "בנין", "Shape_Length": 15.504601395696554, "Shape_Area": 13.074577394531687}, "geometry": {"type": "Polygon", "coordinates": [[[34.87505919436755, 31.99182584086522], [34.87507968552715, 31.99183980888064], [34.87511453441325, 31.99180267734716], [34.87509404325654, 31.991788709337346], [34.87505919436755, 31.99182584086522]]]}}, {"type": "Feature", "properties": {"OBJECTID": 5181, "UNIQ_ID": 65076836, "PARENT": null, "FCODE": 201, "FTYPE": 11, "HI_PNT_X": null, "HI_PNT_Y": null, "HI_PNT_Z": null, "HEIGHT": 38.788000000000004, "HT_LAND": null, "FNAME": null, "LATIN_NAME": null, "BLDG_HT": null, "USG_ID": null, "CMPLX_ID": null, "CMLX_FCD": null, "ORIG_AREA": 167.06865653, "DATA_YEAR": 2014, "PRDCT_VER": "2015-07", "MUN_HEB": "יגל", "mzm_lamas": 798, "logic_num": 15, "mzm": 475, "mzm_num_ID": "798B475", "Label": "B475", "Col_Row": "628 - 1478", "BUILD_YEAR": null, "FTYPE_D": "בנין", "Shape_Length": 55.70035527818023, "Shape_Area": 167.06865653174413}, "geometry": {"type": "Polygon", "coordinates": [[[34.87651531955464, 31.991436394229936], [34.876577876075515, 31.991483917701185], [34.876593170867025, 31.991469295677824], [34.87660901948753, 31.991481335121247], [34.87671992863475, 31.991375297031148], [34.87666992076753, 31.991337307446546], [34.87665721246804, 31.991349458903358], [34.87662881415737, 31.99132788474103], [34.87651531955464, 31.991436394229936]]]}}, {"type": "Feature", "properties": {"OBJECTID": 5182, "UNIQ_ID": 64964643, "PARENT": null, "FCODE": 201, "FTYPE": 11, "HI_PNT_X": null, "HI_PNT_Y": null, "HI_PNT_Z": null, "HEIGHT": 40.021100000000004, "HT_LAND": null, "FNAME": null, "LATIN_NAME": null, "BLDG_HT": null, "USG_ID": null, "CMPLX_ID": null, "CMLX_FCD": null, "ORIG_AREA": 17.32939508, "DATA_YEAR": 2014, "PRDCT_VER": "2015-07", "MUN_HEB": "יגל", "mzm_lamas": 798, "logic_num": 14, "mzm": 408, "mzm_num_ID": "798B408", "Label": "B408", "Col_Row": "628 - 1479", "BUILD_YEAR": null, "FTYPE_D": "בנין", "Shape_Length": 17.02697586879376, "Shape_Area": 17.329395079191844}, "geometry": {"type": "Polygon", "coordinates": [[[34.87684064283447, 31.990413091291334], [34.876866219296936, 31.99043423788452], [34.87690413360609, 31.990400931095863], [34.876878557144025, 31.990379784510182], [34.87684064283447, 31.990413091291334]]]}}, {"type": "Feature", "properties": {"OBJECTID": 5183, "UNIQ_ID": 64964644, "PARENT": null, "FCODE": 201, "FTYPE": 11, "HI_PNT_X": null, "HI_PNT_Y": null, "HI_PNT_Z": null, "HEIGHT": 39.2473, "HT_LAND": null, "FNAME": null, "LATIN_NAME": null, "BLDG_HT": null, "USG_ID": null, "CMPLX_ID": null, "CMLX_FCD": null, "ORIG_AREA": 36.85813158, "DATA_YEAR": 2014, "PRDCT_VER": "2015-07", "MUN_HEB": "יגל", "mzm_lamas": 798, "logic_num": 7980102, "mzm": 477, "mzm_num_ID": "798B477", "Label": "B477", "Col_Row": "628 - 1478", "BUILD_YEAR": null, "FTYPE_D": "בנין", "Shape_Length": 31.699435583055966, "Shape_Area": 36.85813156746077}, "geometry": {"type": "Polygon", "coordinates": [[[34.87687243875216, 31.991169265944087], [34.87685410111616, 31.991189456004197], [34.87696303484511, 31.99126131783754], [34.876981372471825, 31.991241127761874], [34.87687243875216, 31.991169265944087]]]}}, {"type": "Feature", "properties": {"OBJECTID": 5184, "UNIQ_ID": 64964645, "PARENT": null, "FCODE": 201, "FTYPE": 11, "HI_PNT_X": null, "HI_PNT_Y": null, "HI_PNT_Z": null, "HEIGHT": 39.2078, "HT_LAND": null, "FNAME": null, "LATIN_NAME": null, "BLDG_HT": null, "USG_ID": null, "CMPLX_ID": null, "CMLX_FCD": null, "ORIG_AREA": 84.43020033, "DATA_YEAR": 2014, "PRDCT_VER": "2015-07", "MUN_HEB": "יגל", "mzm_lamas": 798, "logic_num": 14, "mzm": 410, "mzm_num_ID": "798B410", "Label": "B410", "Col_Row": "628 - 1479", "BUILD_YEAR": null, "FTYPE_D": "בנין", "Shape_Length": 36.888016615371285, "Shape_Area": 84.43020033048195}, "geometry": {"type": "Polygon", "coordinates": [[[34.876086099502736, 31.99093110649492], [34.87616526487503, 31.990871183479843], [34.87610597500072, 31.990814292194646], [34.87602680963941, 31.99087421517335], [34.876086099502736, 31.99093110649492]]]}}, {"type": "Feature", "properties": {"OBJECTID": 5185, "UNIQ_ID": 64964646, "PARENT": null, "FCODE": 201, "FTYPE": 11, "HI_PNT_X": null, "HI_PNT_Y": null, "HI_PNT_Z": null, "HEIGHT": 38.315000000000005, "HT_LAND": null, "FNAME": null, "LATIN_NAME": null, "BLDG_HT": null, "USG_ID": null, "CMPLX_ID": null, "CMLX_FCD": null, "ORIG_AREA": 22.47330918, "DATA_YEAR": 2014, "PRDCT_VER": "2015-07", "MUN_HEB": "יגל", "mzm_lamas": 798, "logic_num": 15, "mzm": 479, "mzm_num_ID": "798B479", "Label": "B479", "Col_Row": "628 - 1478", "BUILD_YEAR": null, "FTYPE_D": "בנין", "Shape_Length": 20.984379993211693, "Shape_Area": 22.47330917098342}, "geometry": {"type": "Polygon", "coordinates": [[[34.87624857121646, 31.99114221345151], [34.87630786294567, 31.991187073702694], [34.876328932990695, 31.991166846597487], [34.87626964020589, 31.991121986353267], [34.87624857121646, 31.99114221345151]]]}}, {"type": "Feature", "properties": {"OBJECTID": 5186, "UNIQ_ID": 64964647, "PARENT": null, "FCODE": 201, "FTYPE": 11, "HI_PNT_X": null, "HI_PNT_Y": null, "HI_PNT_Z": null, "HEIGHT": 39.6359, "HT_LAND": null, "FNAME": null, "LATIN_NAME": null, "BLDG_HT": null, "USG_ID": null, "CMPLX_ID": null, "CMLX_FCD": null, "ORIG_AREA": 49.98503064, "DATA_YEAR": 2014, "PRDCT_VER": "2015-07", "MUN_HEB": "יגל", "mzm_lamas": 798, "logic_num": 15, "mzm": 481, "mzm_num_ID": "798B481", "Label": "B481", "Col_Row": "628 - 1479", "BUILD_YEAR": null, "FTYPE_D": "בנין", "Shape_Length": 31.244616840505635, "Shape_Area": 49.98503064070299}, "geometry": {"type": "Polygon", "coordinates": [[[34.876055567185745, 31.99109280036354], [34.87613790261233, 31.991164594080914], [34.87617188131693, 31.991136291368452], [34.87608954588876, 31.99106449767279], [34.876055567185745, 31.99109280036354]]]}}, {"type": "Feature", "properties": {"OBJECTID": 5187, "UNIQ_ID": 64964648, "PARENT": null, "FCODE": 201, "FTYPE": 11, "HI_PNT_X": null, "HI_PNT_Y": null, "HI_PNT_Z": null, "HEIGHT": 39.0504, "HT_LAND": null, "FNAME": null, "LATIN_NAME": null, "BLDG_HT": null, "USG_ID": null, "CMPLX_ID": null, "CMLX_FCD": null, "ORIG_AREA": 120.83923602, "DATA_YEAR": 2014, "PRDCT_VER": "2015-07", "MUN_HEB": "יגל", "mzm_lamas": 798, "logic_num": 15, "mzm": 412, "mzm_num_ID": "798B412", "Label": "B412", "Col_Row": "628 - 1478", "BUILD_YEAR": null, "FTYPE_D": "בנין", "Shape_Length": 48.98396720233301, "Shape_Area": 120.83923602647572}, "geometry": {"type": "Polygon", "coordinates": [[[34.87622668977286, 31.99154754311579], [34.876299118889406, 31.991607840157894], [34.87640598950095, 31.991514602033572], [34.87635359863036, 31.991470987024123], [34.876308835435985, 31.991517326843653], [34.8762772710619, 31.991495180790192], [34.87622668977286, 31.99154754311579]]]}}, {"type": "Feature", "properties": {"OBJECTID": 5188, "UNIQ_ID": 64964649, "PARENT": null, "FCODE": 201, "FTYPE": 11, "HI_PNT_X": null, "HI_PNT_Y": null, "HI_PNT_Z": null, "HEIGHT": 39.5154, "HT_LAND": null, "FNAME": null, "LATIN_NAME": null, "BLDG_HT": null, "USG_ID": null, "CMPLX_ID": null, "CMLX_FCD": null, "ORIG_AREA": 40.40006021, "DATA_YEAR": 2014, "PRDCT_VER": "2015-07", "MUN_HEB": "יגל", "mzm_lamas": 798, "logic_num": 15, "mzm": 414, "mzm_num_ID": "798B414", "Label": "B414", "Col_Row": "627 - 1478", "BUILD_YEAR": null, "FTYPE_D": "בנין", "Shape_Length": 28.3770621081542, "Shape_Area": 40.40006020422222}, "geometry": {"type": "Polygon", "coordinates": [[[34.875581895188944, 31.991278042680655], [34.875664606765504, 31.99133776973306], [34.87569158073147, 31.99131063848492], [34.87560886916144, 31.991250911449875], [34.875581895188944, 31.991278042680655]]]}}, {"type": "Feature", "properties": {"OBJECTID": 5189, "UNIQ_ID": 65076837, "PARENT": null, "FCODE": 201, "FTYPE": 11, "HI_PNT_X": null, "HI_PNT_Y": null, "HI_PNT_Z": null, "HEIGHT": 39.3389, "HT_LAND": null, "FNAME": null, "LATIN_NAME": null, "BLDG_HT": null, "USG_ID": null, "CMPLX_ID": null, "CMLX_FCD": null, "ORIG_AREA": 150.42363, "DATA_YEAR": 2014, "PRDCT_VER": "2015-07", "MUN_HEB": "יגל", "mzm_lamas": 798, "logic_num": 15, "mzm": 416, "mzm_num_ID": "798B416", "Label": "B416", "Col_Row": "627 - 1479", "BUILD_YEAR": null, "FTYPE_D": "בנין", "Shape_Length": 53.856935302521364, "Shape_Area": 150.42363000573152}, "geometry": {"type": "Polygon", "coordinates": [[[34.875515198333886, 31.991139002817373], [34.875581402796705, 31.99118263142098], [34.87570451319173, 31.991046946551478], [34.87563830982504, 31.991003318014194], [34.875515198333886, 31.991139002817373]]]}}, {"type": "Feature", "properties": {"OBJECTID": 5190, "UNIQ_ID": 64965050, "PARENT": null, "FCODE": 201, "FTYPE": 11, "HI_PNT_X": null, "HI_PNT_Y": null, "HI_PNT_Z": null, "HEIGHT": 39.194500000000005, "HT_LAND": null, "FNAME": null, "LATIN_NAME": null, "BLDG_HT": null, "USG_ID": null, "CMPLX_ID": null, "CMLX_FCD": null, "ORIG_AREA": 68.828158, "DATA_YEAR": 2014, "PRDCT_VER": "2015-07", "MUN_HEB": "יגל", "mzm_lamas": 798, "logic_num": 7980102, "mzm": 483, "mzm_num_ID": "798B483", "Label": "B483", "Col_Row": "627 - 1479", "BUILD_YEAR": null, "FTYPE_D": "בנין", "Shape_Length": 33.458594088737996, "Shape_Area": 68.82815799825715}, "geometry": {"type": "Polygon", "coordinates": [[[34.87542642460714, 31.991067192007748], [34.875480009780546, 31.991114573724577], [34.875551870179486, 31.991055547493495], [34.87549828500611, 31.991008164904773], [34.87542642460714, 31.991067192007748]]]}}, {"type": "Feature", "properties": {"OBJECTID": 5191, "UNIQ_ID": 64965051, "PARENT": null, "FCODE": 201, "FTYPE": 11, "HI_PNT_X": null, "HI_PNT_Y": null, "HI_PNT_Z": null, "HEIGHT": 39.1188, "HT_LAND": null, "FNAME": null, "LATIN_NAME": null, "BLDG_HT": null, "USG_ID": null, "CMPLX_ID": null, "CMLX_FCD": null, "ORIG_AREA": 56.32589739, "DATA_YEAR": 2014, "PRDCT_VER": "2015-07", "MUN_HEB": "יגל", "mzm_lamas": 798, "logic_num": 7980102, "mzm": 485, "mzm_num_ID": "798B485", "Label": "B485", "Col_Row": "627 - 1479", "BUILD_YEAR": null, "FTYPE_D": "בנין", "Shape_Length": 31.051864584718892, "Shape_Area": 56.325897394454536}, "geometry": {"type": "Polygon", "coordinates": [[[34.87534116800694, 31.990951009763695], [34.87542328982358, 31.991004191953856], [34.87546028493107, 31.990962701149865], [34.87537816313285, 31.990909518081622], [34.87534116800694, 31.990951009763695]]]}}, {"type": "Feature", "properties": {"OBJECTID": 5192, "UNIQ_ID": 65071786, "PARENT": null, "FCODE": 201, "FTYPE": 11, "HI_PNT_X": null, "HI_PNT_Y": null, "HI_PNT_Z": null, "HEIGHT": 38.9931, "HT_LAND": null, "FNAME": null, "LATIN_NAME": null, "BLDG_HT": null, "USG_ID": null, "CMPLX_ID": null, "CMLX_FCD": null, "ORIG_AREA": 109.33621886, "DATA_YEAR": 2014, "PRDCT_VER": "2015-07", "MUN_HEB": "יגל", "mzm_lamas": 798, "logic_num": 7980102, "mzm": 487, "mzm_num_ID": "798B487", "Label": "B487", "Col_Row": "627 - 1479", "BUILD_YEAR": null, "FTYPE_D": "בנין", "Shape_Length": 47.94642716073408, "Shape_Area": 109.33621885586092}, "geometry": {"type": "Polygon", "coordinates": [[[34.87525227595847, 31.990912125201255], [34.87533153384976, 31.99082643389161], [34.875295889788994, 31.99080248873674], [34.87527109169993, 31.99081768746155], [34.87525147615474, 31.99079444218089], [34.87515830931271, 31.990883249161612], [34.87519908008017, 31.99091431567514], [34.87522399020246, 31.990890571758367], [34.87525227595847, 31.990912125201255]]]}}, {"type": "Feature", "properties": {"OBJECTID": 5193, "UNIQ_ID": 64965052, "PARENT": null, "FCODE": 201, "FTYPE": 11, "HI_PNT_X": null, "HI_PNT_Y": null, "HI_PNT_Z": null, "HEIGHT": 38.9879, "HT_LAND": null, "FNAME": null, "LATIN_NAME": null, "BLDG_HT": null, "USG_ID": null, "CMPLX_ID": null, "CMLX_FCD": null, "ORIG_AREA": 52.04923951, "DATA_YEAR": 2014, "PRDCT_VER": "2015-07", "MUN_HEB": "יגל", "mzm_lamas": 798, "logic_num": 7980102, "mzm": 489, "mzm_num_ID": "798B489", "Label": "B489", "Col_Row": "627 - 1479", "BUILD_YEAR": null, "FTYPE_D": "בנין", "Shape_Length": 28.963376600960775, "Shape_Area": 52.049239505426485}, "geometry": {"type": "Polygon", "coordinates": [[[34.87513335829378, 31.99081446694184], [34.87519232973933, 31.990764512986626], [34.87514291939547, 31.99072214609087], [34.87508394689253, 31.99077210002071], [34.87513335829378, 31.99081446694184]]]}}, {"type": "Feature", "properties": {"OBJECTID": 5194, "UNIQ_ID": 64965053, "PARENT": null, "FCODE": 201, "FTYPE": 11, "HI_PNT_X": null, "HI_PNT_Y": null, "HI_PNT_Z": null, "HEIGHT": 38.941500000000005, "HT_LAND": null, "FNAME": null, "LATIN_NAME": null, "BLDG_HT": null, "USG_ID": null, "CMPLX_ID": null, "CMLX_FCD": null, "ORIG_AREA": 41.76037813, "DATA_YEAR": 2014, "PRDCT_VER": "2015-07", "MUN_HEB": "יגל", "mzm_lamas": 798, "logic_num": 7980102, "mzm": 491, "mzm_num_ID": "798B491", "Label": "B491", "Col_Row": "627 - 1479", "BUILD_YEAR": null, "FTYPE_D": "בנין", "Shape_Length": 25.897413641486853, "Shape_Area": 41.76037811915609}, "geometry": {"type": "Polygon", "coordinates": [[[34.875027422911494, 31.990844256385472], [34.87508234092737, 31.990884852947495], [34.87512448480811, 31.99084344594292], [34.8750695657431, 31.990802848494344], [34.875027422911494, 31.990844256385472]]]}}, {"type": "Feature", "properties": {"OBJECTID": 5216, "UNIQ_ID": 64964213, "PARENT": null, "FCODE": 201, "FTYPE": 11, "HI_PNT_X": null, "HI_PNT_Y": null, "HI_PNT_Z": null, "HEIGHT": 39.4457, "HT_LAND": null, "FNAME": null, "LATIN_NAME": null, "BLDG_HT": null, "USG_ID": null, "CMPLX_ID": null, "CMLX_FCD": null, "ORIG_AREA": 179.2291989, "DATA_YEAR": 2014, "PRDCT_VER": "2015-07", "MUN_HEB": "יגל", "mzm_lamas": 798, "logic_num": 7986001, "mzm": 493, "mzm_num_ID": "798B493", "Label": "B493", "Col_Row": "631 - 1481", "BUILD_YEAR": null, "FTYPE_D": "בנין", "Shape_Length": 53.57146486456842, "Shape_Area": 179.2291988904764}, "geometry": {"type": "Polygon", "coordinates": [[[34.87994398839218, 31.989060473069355], [34.8800517477113, 31.98914400764295], [34.8801444419828, 31.989057154531174], [34.88003668162165, 31.98897362003257], [34.87994398839218, 31.989060473069355]]]}}, {"type": "Feature", "properties": {"OBJECTID": 5217, "UNIQ_ID": 64964214, "PARENT": null, "FCODE": 201, "FTYPE": 11, "HI_PNT_X": null, "HI_PNT_Y": null, "HI_PNT_Z": null, "HEIGHT": 39.3799, "HT_LAND": null, "FNAME": null, "LATIN_NAME": null, "BLDG_HT": null, "USG_ID": null, "CMPLX_ID": null, "CMLX_FCD": null, "ORIG_AREA": 34.173541, "DATA_YEAR": 2014, "PRDCT_VER": "2015-07", "MUN_HEB": "יגל", "mzm_lamas": 798, "logic_num": 44, "mzm": 495, "mzm_num_ID": "798B495", "Label": "B495", "Col_Row": "631 - 1480", "BUILD_YEAR": null, "FTYPE_D": "בנין", "Shape_Length": 23.6255649197012, "Shape_Area": 34.173541000698805}, "geometry": {"type": "Polygon", "coordinates": [[[34.87957958967589, 31.989497774684455], [34.879614744463055, 31.989532223414997], [34.879668638565434, 31.989492276116707], [34.879633483773105, 31.989457827400816], [34.87957958967589, 31.989497774684455]]]}}, {"type": "Feature", "properties": {"OBJECTID": 5218, "UNIQ_ID": 64964215, "PARENT": null, "FCODE": 201, "FTYPE": 11, "HI_PNT_X": null, "HI_PNT_Y": null, "HI_PNT_Z": null, "HEIGHT": 39.3864, "HT_LAND": null, "FNAME": null, "LATIN_NAME": null, "BLDG_HT": null, "USG_ID": null, "CMPLX_ID": null, "CMLX_FCD": null, "ORIG_AREA": 31.326328, "DATA_YEAR": 2014, "PRDCT_VER": "2015-07", "MUN_HEB": "יגל", "mzm_lamas": 798, "logic_num": 44, "mzm": 497, "mzm_num_ID": "798B497", "Label": "B497", "Col_Row": "631 - 1480", "BUILD_YEAR": null, "FTYPE_D": "בנין", "Shape_Length": 22.4799417730798, "Shape_Area": 31.326327997005382}, "geometry": {"type": "Polygon", "coordinates": [[[34.87966213632504, 31.989430700491106], [34.879705480952495, 31.989458280366023], [34.87974427264525, 31.989414000000274], [34.87970092697182, 31.989386419233927], [34.87966213632504, 31.989430700491106]]]}}, {"type": "Feature", "properties": {"OBJECTID": 5219, "UNIQ_ID": 64964216, "PARENT": null, "FCODE": 201, "FTYPE": 11, "HI_PNT_X": null, "HI_PNT_Y": null, "HI_PNT_Z": null, "HEIGHT": 40.3574, "HT_LAND": null, "FNAME": null, "LATIN_NAME": null, "BLDG_HT": null, "USG_ID": null, "CMPLX_ID": null, "CMLX_FCD": null, "ORIG_AREA": 42.45972107, "DATA_YEAR": 2014, "PRDCT_VER": "2015-07", "MUN_HEB": "יגל", "mzm_lamas": 798, "logic_num": 9, "mzm": 418, "mzm_num_ID": "798B418", "Label": "B418", "Col_Row": "630 - 1481", "BUILD_YEAR": null, "FTYPE_D": "בנין", "Shape_Length": 26.786101813631653, "Shape_Area": 42.459721064520735}, "geometry": {"type": "Polygon", "coordinates": [[[34.878607731336075, 31.988911243232057], [34.878647883157775, 31.98894267770111], [34.878706869426466, 31.988887949772973], [34.87866671760497, 31.988856516224132], [34.878607731336075, 31.988911243232057]]]}}, {"type": "Feature", "properties": {"OBJECTID": 5220, "UNIQ_ID": 65076036, "PARENT": null, "FCODE": 201, "FTYPE": 11, "HI_PNT_X": null, "HI_PNT_Y": null, "HI_PNT_Z": null, "HEIGHT": 40.8293, "HT_LAND": null, "FNAME": null, "LATIN_NAME": null, "BLDG_HT": null, "USG_ID": null, "CMPLX_ID": null, "CMLX_FCD": null, "ORIG_AREA": 18.76241542, "DATA_YEAR": 2014, "PRDCT_VER": "2015-07", "MUN_HEB": "יגל", "mzm_lamas": 798, "logic_num": 9, "mzm": 420, "mzm_num_ID": "798B420", "Label": "B420", "Col_Row": "630 - 1481", "BUILD_YEAR": null, "FTYPE_D": "בנין", "Shape_Length": 17.72932836908389, "Shape_Area": 18.762415424327855}, "geometry": {"type": "Polygon", "coordinates": [[[34.87816249565232, 31.988937538670626], [34.87819680851999, 31.988976162788795], [34.87822627172777, 31.988957150018766], [34.87819195885153, 31.988918526810206], [34.87816249565232, 31.988937538670626]]]}}, {"type": "Feature", "properties": {"OBJECTID": 5221, "UNIQ_ID": 64964217, "PARENT": null, "FCODE": 201, "FTYPE": 11, "HI_PNT_X": null, "HI_PNT_Y": null, "HI_PNT_Z": null, "HEIGHT": 40.761700000000005, "HT_LAND": null, "FNAME": null, "LATIN_NAME": null, "BLDG_HT": null, "USG_ID": null, "CMPLX_ID": null, "CMLX_FCD": null, "ORIG_AREA": 13.12693439, "DATA_YEAR": 2014, "PRDCT_VER": "2015-07", "MUN_HEB": "יגל", "mzm_lamas": 798, "logic_num": 9, "mzm": 499, "mzm_num_ID": "798B499", "Label": "B499", "Col_Row": "630 - 1481", "BUILD_YEAR": null, "FTYPE_D": "בנין", "Shape_Length": 14.612408585166397, "Shape_Area": 13.126934382250656}, "geometry": {"type": "Polygon", "coordinates": [[[34.87810767915515, 31.9890006277757], [34.87812999934449, 31.989022159834853], [34.87816267156912, 31.98899755782861], [34.878140351374846, 31.988976026676905], [34.87810767915515, 31.9890006277757]]]}}, {"type": "Feature", "properties": {"OBJECTID": 5222, "UNIQ_ID": 64964218, "PARENT": null, "FCODE": 201, "FTYPE": 11, "HI_PNT_X": null, "HI_PNT_Y": null, "HI_PNT_Z": null, "HEIGHT": 40.4956, "HT_LAND": null, "FNAME": null, "LATIN_NAME": null, "BLDG_HT": null, "USG_ID": null, "CMPLX_ID": null, "CMLX_FCD": null, "ORIG_AREA": 161.44356585, "DATA_YEAR": 2014, "PRDCT_VER": "2015-07", "MUN_HEB": "יגל", "mzm_lamas": 798, "logic_num": 9, "mzm": 501, "mzm_num_ID": "798B501", "Label": "B501", "Col_Row": "629 - 1481", "BUILD_YEAR": null, "FTYPE_D": "בנין", "Shape_Length": 54.19686232164564, "Shape_Area": 161.44356584829097}, "geometry": {"type": "Polygon", "coordinates": [[[34.87797183024174, 31.989019366920004], [34.8778904465335, 31.989107096135815], [34.87801243959737, 31.989189295604906], [34.87806792292781, 31.989129485416246], [34.878024133944606, 31.989099979389298], [34.87805003322699, 31.989072060290916], [34.87797183024174, 31.989019366920004]]]}}, {"type": "Feature", "properties": {"OBJECTID": 5223, "UNIQ_ID": 64964219, "PARENT": null, "FCODE": 201, "FTYPE": 16, "HI_PNT_X": null, "HI_PNT_Y": null, "HI_PNT_Z": null, "HEIGHT": 40.0831, "HT_LAND": null, "FNAME": null, "LATIN_NAME": null, "BLDG_HT": null, "USG_ID": null, "CMPLX_ID": null, "CMLX_FCD": null, "ORIG_AREA": 52.41798072, "DATA_YEAR": 2014, "PRDCT_VER": "2015-07", "MUN_HEB": "יגל", "mzm_lamas": 798, "logic_num": 11, "mzm": 503, "mzm_num_ID": "798B503", "Label": "B503", "Col_Row": "628 - 1480", "BUILD_YEAR": null, "FTYPE_D": "סככה", "Shape_Length": 29.134587298575134, "Shape_Area": 52.41798071237288}, "geometry": {"type": "Polygon", "coordinates": [[[34.87684236569076, 31.989674284341923], [34.876798368444874, 31.989719195165073], [34.876863995497, 31.98976589226122], [34.87690799167549, 31.989720981412848], [34.87684236569076, 31.989674284341923]]]}}, {"type": "Feature", "properties": {"OBJECTID": 5224, "UNIQ_ID": 64964220, "PARENT": null, "FCODE": 201, "FTYPE": 11, "HI_PNT_X": null, "HI_PNT_Y": null, "HI_PNT_Z": null, "HEIGHT": 39.1512, "HT_LAND": null, "FNAME": null, "LATIN_NAME": null, "BLDG_HT": null, "USG_ID": null, "CMPLX_ID": null, "CMLX_FCD": null, "ORIG_AREA": 120.08621525, "DATA_YEAR": 2014, "PRDCT_VER": "2015-07", "MUN_HEB": "יגל", "mzm_lamas": 798, "logic_num": 44, "mzm": 505, "mzm_num_ID": "798B505", "Label": "B505", "Col_Row": "631 - 1480", "BUILD_YEAR": null, "FTYPE_D": "בנין", "Shape_Length": 43.83354245504447, "Shape_Area": 120.08621525737074}, "geometry": {"type": "Polygon", "coordinates": [[[34.87925409162104, 31.989931638005313], [34.8793445839803, 31.989993429707763], [34.879417086811934, 31.98991630820099], [34.879326595536995, 31.98985451655238], [34.87925409162104, 31.989931638005313]]]}}, {"type": "Feature", "properties": {"OBJECTID": 5225, "UNIQ_ID": 64964221, "PARENT": null, "FCODE": 201, "FTYPE": 11, "HI_PNT_X": null, "HI_PNT_Y": null, "HI_PNT_Z": null, "HEIGHT": 39.588300000000004, "HT_LAND": null, "FNAME": null, "LATIN_NAME": null, "BLDG_HT": null, "USG_ID": null, "CMPLX_ID": null, "CMLX_FCD": null, "ORIG_AREA": 45.53734279, "DATA_YEAR": 2014, "PRDCT_VER": "2015-07", "MUN_HEB": "יגל", "mzm_lamas": 798, "logic_num": 7986001, "mzm": 507, "mzm_num_ID": "798B507", "Label": "B507", "Col_Row": "630 - 1482", "BUILD_YEAR": null, "FTYPE_D": "בנין", "Shape_Length": 31.39874641245334, "Shape_Area": 45.53734278542786}, "geometry": {"type": "Polygon", "coordinates": [[[34.87883680827061, 31.988423427200445], [34.878872644356775, 31.988439741692286], [34.878931770012834, 31.988345405844427], [34.87889593395258, 31.988329091369224], [34.87883680827061, 31.988423427200445]]]}}, {"type": "Feature", "properties": {"OBJECTID": 5226, "UNIQ_ID": 64964624, "PARENT": null, "FCODE": 201, "FTYPE": 18, "HI_PNT_X": null, "HI_PNT_Y": null, "HI_PNT_Z": null, "HEIGHT": 39.6452, "HT_LAND": null, "FNAME": null, "LATIN_NAME": null, "BLDG_HT": null, "USG_ID": null, "CMPLX_ID": null, "CMLX_FCD": null, "ORIG_AREA": 18.33443835, "DATA_YEAR": 2014, "PRDCT_VER": "2015-07", "MUN_HEB": "יגל", "mzm_lamas": 798, "logic_num": 46, "mzm": 509, "mzm_num_ID": "798B509", "Label": "B509", "Col_Row": "630 - 1480", "BUILD_YEAR": null, "FTYPE_D": "מיכל", "Shape_Length": 16.131301217057327, "Shape_Area": 18.334438346143493}, "geometry": {"type": "Polygon", "coordinates": [[[34.87816008157731, 31.989610962258833], [34.87814990662939, 31.98963813723193], [34.87816833807204, 31.989651069597375], [34.87819524093782, 31.989643980228003], [34.87820371023263, 31.989623959391544], [34.87819370248587, 31.989603891061478], [34.87816008157731, 31.989610962258833]]]}}, {"type": "Feature", "properties": {"OBJECTID": 5227, "UNIQ_ID": 64964625, "PARENT": null, "FCODE": 201, "FTYPE": 11, "HI_PNT_X": null, "HI_PNT_Y": null, "HI_PNT_Z": null, "HEIGHT": 39.284400000000005, "HT_LAND": null, "FNAME": null, "LATIN_NAME": null, "BLDG_HT": null, "USG_ID": null, "CMPLX_ID": null, "CMLX_FCD": null, "ORIG_AREA": 100.81295426, "DATA_YEAR": 2014, "PRDCT_VER": "2015-07", "MUN_HEB": "יגל", "mzm_lamas": 798, "logic_num": 7980102, "mzm": 511, "mzm_num_ID": "798B511", "Label": "B511", "Col_Row": "629 - 1480", "BUILD_YEAR": null, "FTYPE_D": "בנין", "Shape_Length": 40.45512506716054, "Shape_Area": 100.81295425945402}, "geometry": {"type": "Polygon", "coordinates": [[[34.877619417572966, 31.99008550484564], [34.877688500937914, 31.990140038078028], [34.8777699568716, 31.990065087765647], [34.87770087351384, 31.990010554577026], [34.877619417572966, 31.99008550484564]]]}}, {"type": "Feature", "properties": {"OBJECTID": 5228, "UNIQ_ID": 64964626, "PARENT": null, "FCODE": 201, "FTYPE": 11, "HI_PNT_X": null, "HI_PNT_Y": null, "HI_PNT_Z": null, "HEIGHT": 38.0173, "HT_LAND": null, "FNAME": null, "LATIN_NAME": null, "BLDG_HT": null, "USG_ID": null, "CMPLX_ID": null, "CMLX_FCD": null, "ORIG_AREA": 108.67503474, "DATA_YEAR": 2014, "PRDCT_VER": "2015-07", "MUN_HEB": "יגל", "mzm_lamas": 798, "logic_num": 11, "mzm": 513, "mzm_num_ID": "798B513", "Label": "B513", "Col_Row": "630 - 1479", "BUILD_YEAR": null, "FTYPE_D": "בנין", "Shape_Length": 42.278949265649324, "Shape_Area": 108.6750347407231}, "geometry": {"type": "Polygon", "coordinates": [[[34.8786389715927, 31.990554093875723], [34.878579566978686, 31.99061549763932], [34.878680107144206, 31.990686143370183], [34.87873951067947, 31.990624739557365], [34.8786389715927, 31.990554093875723]]]}}, {"type": "Feature", "properties": {"OBJECTID": 5229, "UNIQ_ID": 64964627, "PARENT": null, "FCODE": 201, "FTYPE": 11, "HI_PNT_X": null, "HI_PNT_Y": null, "HI_PNT_Z": null, "HEIGHT": 38.885200000000005, "HT_LAND": null, "FNAME": null, "LATIN_NAME": null, "BLDG_HT": null, "USG_ID": null, "CMPLX_ID": null, "CMLX_FCD": null, "ORIG_AREA": 54.34179466, "DATA_YEAR": 2014, "PRDCT_VER": "2015-07", "MUN_HEB": "יגל", "mzm_lamas": 798, "logic_num": 11, "mzm": 422, "mzm_num_ID": "798B422", "Label": "B422", "Col_Row": "630 - 1479", "BUILD_YEAR": null, "FTYPE_D": "בנין", "Shape_Length": 30.79770000108455, "Shape_Area": 54.34179465662134}, "geometry": {"type": "Polygon", "coordinates": [[[34.87809309059645, 31.990948628647505], [34.87813934932779, 31.990978382678893], [34.8782025950293, 31.99090696454308], [34.8781563373711, 31.990877210537253], [34.87809309059645, 31.990948628647505]]]}}, {"type": "Feature", "properties": {"OBJECTID": 5230, "UNIQ_ID": 64964628, "PARENT": null, "FCODE": 201, "FTYPE": 11, "HI_PNT_X": null, "HI_PNT_Y": null, "HI_PNT_Z": null, "HEIGHT": 38.6317, "HT_LAND": null, "FNAME": null, "LATIN_NAME": null, "BLDG_HT": null, "USG_ID": null, "CMPLX_ID": null, "CMLX_FCD": null, "ORIG_AREA": 109.13839736, "DATA_YEAR": 2014, "PRDCT_VER": "2015-07", "MUN_HEB": "יגל", "mzm_lamas": 798, "logic_num": 11, "mzm": 424, "mzm_num_ID": "798B424", "Label": "B424", "Col_Row": "630 - 1479", "BUILD_YEAR": null, "FTYPE_D": "בנין", "Shape_Length": 41.9230999840608, "Shape_Area": 109.13839737230782}, "geometry": {"type": "Polygon", "coordinates": [[[34.87814741843457, 31.991023928310856], [34.878221094503914, 31.9910840416984], [34.878303946553174, 31.991010287731587], [34.87823027048787, 31.990950174391514], [34.87814741843457, 31.991023928310856]]]}}, {"type": "Feature", "properties": {"OBJECTID": 5231, "UNIQ_ID": 64964629, "PARENT": null, "FCODE": 201, "FTYPE": 11, "HI_PNT_X": null, "HI_PNT_Y": null, "HI_PNT_Z": null, "HEIGHT": 38.082, "HT_LAND": null, "FNAME": null, "LATIN_NAME": null, "BLDG_HT": null, "USG_ID": null, "CMPLX_ID": null, "CMLX_FCD": null, "ORIG_AREA": 90.27092973, "DATA_YEAR": 2014, "PRDCT_VER": "2015-07", "MUN_HEB": "יגל", "mzm_lamas": 798, "logic_num": 11, "mzm": 515, "mzm_num_ID": "798B515", "Label": "B515", "Col_Row": "630 - 1478", "BUILD_YEAR": null, "FTYPE_D": "בנין", "Shape_Length": 44.0084633013671, "Shape_Area": 90.27092973093927}, "geometry": {"type": "Polygon", "coordinates": [[[34.878724659086394, 31.991278330158824], [34.878688076410135, 31.991316377182166], [34.87882352824007, 31.99141097233432], [34.87886011089547, 31.99137292617415], [34.878724659086394, 31.991278330158824]]]}}, {"type": "Feature", "properties": {"OBJECTID": 5232, "UNIQ_ID": 65076834, "PARENT": null, "FCODE": 201, "FTYPE": 11, "HI_PNT_X": null, "HI_PNT_Y": null, "HI_PNT_Z": null, "HEIGHT": 38.5251, "HT_LAND": null, "FNAME": null, "LATIN_NAME": null, "BLDG_HT": null, "USG_ID": null, "CMPLX_ID": null, "CMLX_FCD": null, "ORIG_AREA": 90.40643816, "DATA_YEAR": 2014, "PRDCT_VER": "2015-07", "MUN_HEB": "יגל", "mzm_lamas": 798, "logic_num": 11, "mzm": 426, "mzm_num_ID": "798B426", "Label": "B426", "Col_Row": "630 - 1479", "BUILD_YEAR": null, "FTYPE_D": "בנין", "Shape_Length": 39.27422712463415, "Shape_Area": 90.40643815967502}, "geometry": {"type": "Polygon", "coordinates": [[[34.877998799281684, 31.991090355414446], [34.878092343040706, 31.991159790523575], [34.87812185448398, 31.99112765485471], [34.87811286896713, 31.991109325124004], [34.87813195374204, 31.991088133093196], [34.87804799628556, 31.991033217366876], [34.877998799281684, 31.991090355414446]]]}}, {"type": "Feature", "properties": {"OBJECTID": 5234, "UNIQ_ID": 64965054, "PARENT": null, "FCODE": 201, "FTYPE": 11, "HI_PNT_X": null, "HI_PNT_Y": null, "HI_PNT_Z": null, "HEIGHT": 39.5754, "HT_LAND": null, "FNAME": null, "LATIN_NAME": null, "BLDG_HT": null, "USG_ID": null, "CMPLX_ID": null, "CMLX_FCD": null, "ORIG_AREA": 96.17265499999999, "DATA_YEAR": 2014, "PRDCT_VER": "2015-07", "MUN_HEB": "יגל", "mzm_lamas": 798, "logic_num": 15, "mzm": 430, "mzm_num_ID": "798B430", "Label": "B430", "Col_Row": "627 - 1478", "BUILD_YEAR": null, "FTYPE_D": "בנין", "Shape_Length": 39.84502723655149, "Shape_Area": 96.17265500415365}, "geometry": {"type": "Polygon", "coordinates": [[[34.875624005530184, 31.991206868672094], [34.8756898228094, 31.991255244215132], [34.875770739455255, 31.991175283388735], [34.87570492218989, 31.99112690788714], [34.875624005530184, 31.991206868672094]]]}}, {"type": "Feature", "properties": {"OBJECTID": 5235, "UNIQ_ID": 64965055, "PARENT": null, "FCODE": 201, "FTYPE": 11, "HI_PNT_X": null, "HI_PNT_Y": null, "HI_PNT_Z": null, "HEIGHT": 38.124, "HT_LAND": null, "FNAME": null, "LATIN_NAME": null, "BLDG_HT": null, "USG_ID": null, "CMPLX_ID": null, "CMLX_FCD": null, "ORIG_AREA": 29.64064493, "DATA_YEAR": 2014, "PRDCT_VER": "2015-07", "MUN_HEB": "יגל", "mzm_lamas": 798, "logic_num": 7980102, "mzm": 517, "mzm_num_ID": "798B517", "Label": "B517", "Col_Row": "628 - 1478", "BUILD_YEAR": null, "FTYPE_D": "בנין", "Shape_Length": 23.15202737105252, "Shape_Area": 29.640644928148433}, "geometry": {"type": "Polygon", "coordinates": [[[34.875885250919865, 31.99190474266566], [34.875914989857094, 31.991928117758324], [34.87597060706361, 31.991876722703847], [34.8759408681254, 31.991853348525854], [34.875885250919865, 31.99190474266566]]]}}, {"type": "Feature", "properties": {"OBJECTID": 5236, "UNIQ_ID": 64965056, "PARENT": null, "FCODE": 201, "FTYPE": 16, "HI_PNT_X": null, "HI_PNT_Y": null, "HI_PNT_Z": null, "HEIGHT": 38.9202, "HT_LAND": null, "FNAME": null, "LATIN_NAME": null, "BLDG_HT": null, "USG_ID": null, "CMPLX_ID": 54439455, "CMLX_FCD": 254, "ORIG_AREA": 81.63498088, "DATA_YEAR": 2014, "PRDCT_VER": "2015-07", "MUN_HEB": "יגל", "mzm_lamas": 798, "logic_num": 7980102, "mzm": 519, "mzm_num_ID": "798B519", "Label": "B519", "Col_Row": "625 - 1475", "BUILD_YEAR": null, "FTYPE_D": "סככה", "Shape_Length": 36.14708267840972, "Shape_Area": 81.6349808725578}, "geometry": {"type": "Polygon", "coordinates": [[[34.873492901375016, 31.994110744730193], [34.87355989535509, 31.994166751884148], [34.873628106273735, 31.99410749542715], [34.87356111229787, 31.994051487406896], [34.873492901375016, 31.994110744730193]]]}}, {"type": "Feature", "properties": {"OBJECTID": 5237, "UNIQ_ID": 64965057, "PARENT": null, "FCODE": 201, "FTYPE": 11, "HI_PNT_X": null, "HI_PNT_Y": null, "HI_PNT_Z": null, "HEIGHT": 39.1608, "HT_LAND": null, "FNAME": null, "LATIN_NAME": null, "BLDG_HT": null, "USG_ID": null, "CMPLX_ID": null, "CMLX_FCD": null, "ORIG_AREA": 9.577498630000001, "DATA_YEAR": 2014, "PRDCT_VER": "2015-07", "MUN_HEB": "יגל", "mzm_lamas": 798, "logic_num": 7980102, "mzm": 521, "mzm_num_ID": "798B521", "Label": "B521", "Col_Row": "625 - 1475", "BUILD_YEAR": null, "FTYPE_D": "בנין", "Shape_Length": 12.580696421313625, "Shape_Area": 9.577498626016133}, "geometry": {"type": "Polygon", "coordinates": [[[34.873554984612795, 31.9939273083867], [34.873581396116556, 31.99395201452229], [34.87360161092893, 31.993936319021643], [34.87357519942092, 31.993911613791955], [34.873554984612795, 31.9939273083867]]]}}, {"type": "Feature", "properties": {"OBJECTID": 5238, "UNIQ_ID": 64965058, "PARENT": null, "FCODE": 201, "FTYPE": 11, "HI_PNT_X": null, "HI_PNT_Y": null, "HI_PNT_Z": null, "HEIGHT": 39.6925, "HT_LAND": null, "FNAME": null, "LATIN_NAME": null, "BLDG_HT": null, "USG_ID": null, "CMPLX_ID": null, "CMLX_FCD": null, "ORIG_AREA": 37.92656064, "DATA_YEAR": 2014, "PRDCT_VER": "2015-07", "MUN_HEB": "יגל", "mzm_lamas": 798, "logic_num": 7980102, "mzm": 523, "mzm_num_ID": "798B523", "Label": "B523", "Col_Row": "624 - 1476", "BUILD_YEAR": null, "FTYPE_D": "בנין", "Shape_Length": 24.88943922954737, "Shape_Area": 37.92656064218124}, "geometry": {"type": "Polygon", "coordinates": [[[34.87252374349684, 31.993468133316256], [34.87256456288523, 31.9935013398704], [34.87261652581041, 31.99345494807802], [34.87257570642353, 31.993421741540374], [34.87252374349684, 31.993468133316256]]]}}, {"type": "Feature", "properties": {"OBJECTID": 5239, "UNIQ_ID": 65071787, "PARENT": null, "FCODE": 201, "FTYPE": 11, "HI_PNT_X": null, "HI_PNT_Y": null, "HI_PNT_Z": null, "HEIGHT": 40.0874, "HT_LAND": null, "FNAME": null, "LATIN_NAME": null, "BLDG_HT": null, "USG_ID": null, "CMPLX_ID": null, "CMLX_FCD": null, "ORIG_AREA": 132.66280948, "DATA_YEAR": 2014, "PRDCT_VER": "2015-07", "MUN_HEB": "עמק לוד", "mzm_lamas": 10040, "logic_num": 9, "mzm": 533, "mzm_num_ID": "10040B533", "Label": "B533", "Col_Row": "624 - 1477", "BUILD_YEAR": null, "FTYPE_D": "בנין", "Shape_Length": 54.72422484339202, "Shape_Area": 132.66280948022268}, "geometry": {"type": "Polygon", "coordinates": [[[34.87244928864192, 31.992756583996346], [34.87239730884249, 31.992807747126676], [34.872510607062985, 31.992891347626397], [34.872602032531724, 31.992801357622245], [34.87256497846685, 31.99277401633646], [34.87252553278222, 31.992812842251265], [34.87244928864192, 31.992756583996346]]]}}, {"type": "Feature", "properties": {"OBJECTID": 5240, "UNIQ_ID": 64965059, "PARENT": null, "FCODE": 201, "FTYPE": 11, "HI_PNT_X": null, "HI_PNT_Y": null, "HI_PNT_Z": null, "HEIGHT": 38.4273, "HT_LAND": null, "FNAME": null, "LATIN_NAME": null, "BLDG_HT": null, "USG_ID": null, "CMPLX_ID": null, "CMLX_FCD": null, "ORIG_AREA": 5.02986562, "DATA_YEAR": 2014, "PRDCT_VER": "2015-07", "MUN_HEB": "יגל", "mzm_lamas": 798, "logic_num": 11, "mzm": 432, "mzm_num_ID": "798B432", "Label": "B432", "Col_Row": "624 - 1481", "BUILD_YEAR": null, "FTYPE_D": "בנין", "Shape_Length": 9.284732828839005, "Shape_Area": 5.029865618758658}, "geometry": {"type": "Polygon", "coordinates": [[[34.87207171765517, 31.989210661537804], [34.87209442644736, 31.98922851179909], [34.87210678534826, 31.989217091244925], [34.87208407761457, 31.989199240988576], [34.87207171765517, 31.989210661537804]]]}}, {"type": "Feature", "properties": {"OBJECTID": 5241, "UNIQ_ID": 64964631, "PARENT": null, "FCODE": 201, "FTYPE": 11, "HI_PNT_X": null, "HI_PNT_Y": null, "HI_PNT_Z": null, "HEIGHT": 39.4495, "HT_LAND": null, "FNAME": null, "LATIN_NAME": null, "BLDG_HT": null, "USG_ID": null, "CMPLX_ID": null, "CMLX_FCD": null, "ORIG_AREA": 83.18694425, "DATA_YEAR": 2014, "PRDCT_VER": "2015-07", "MUN_HEB": "יגל", "mzm_lamas": 798, "logic_num": 14, "mzm": 434, "mzm_num_ID": "798B434", "Label": "B434", "Col_Row": "628 - 1479", "BUILD_YEAR": null, "FTYPE_D": "בנין", "Shape_Length": 40.6194024723377, "Shape_Area": 83.18694425310348}, "geometry": {"type": "Polygon", "coordinates": [[[34.87668782256728, 31.990454311411884], [34.8767826821457, 31.99035016706997], [34.87673512132394, 31.990318702066492], [34.87664026172803, 31.99042284547143], [34.87668782256728, 31.990454311411884]]]}}, {"type": "Feature", "properties": {"OBJECTID": 5242, "UNIQ_ID": 64964632, "PARENT": null, "FCODE": 201, "FTYPE": 11, "HI_PNT_X": null, "HI_PNT_Y": null, "HI_PNT_Z": null, "HEIGHT": 38.6026, "HT_LAND": null, "FNAME": null, "LATIN_NAME": null, "BLDG_HT": null, "USG_ID": null, "CMPLX_ID": null, "CMLX_FCD": null, "ORIG_AREA": 117.67819044, "DATA_YEAR": 2014, "PRDCT_VER": "2015-07", "MUN_HEB": "יגל", "mzm_lamas": 798, "logic_num": 53, "mzm": 525, "mzm_num_ID": "798B525", "Label": "B525", "Col_Row": "628 - 1476", "BUILD_YEAR": null, "FTYPE_D": "בנין", "Shape_Length": 43.39204874058893, "Shape_Area": 117.67819042638348}, "geometry": {"type": "Polygon", "coordinates": [[[34.87654424141866, 31.99342195476579], [34.876630817293176, 31.993485720422463], [34.87670611489806, 31.993411470973644], [34.87661954009841, 31.993347705370443], [34.87654424141866, 31.99342195476579]]]}}, {"type": "Feature", "properties": {"OBJECTID": 5243, "UNIQ_ID": 64964633, "PARENT": null, "FCODE": 201, "FTYPE": 11, "HI_PNT_X": null, "HI_PNT_Y": null, "HI_PNT_Z": null, "HEIGHT": 37.551100000000005, "HT_LAND": null, "FNAME": null, "LATIN_NAME": null, "BLDG_HT": null, "USG_ID": null, "CMPLX_ID": null, "CMLX_FCD": null, "ORIG_AREA": 64.83746995, "DATA_YEAR": 2014, "PRDCT_VER": "2015-07", "MUN_HEB": "יגל", "mzm_lamas": 798, "logic_num": 53, "mzm": 436, "mzm_num_ID": "798B436", "Label": "B436", "Col_Row": "628 - 1476", "BUILD_YEAR": null, "FTYPE_D": "בנין", "Shape_Length": 40.208628721199176, "Shape_Area": 64.8374699357866}, "geometry": {"type": "Polygon", "coordinates": [[[34.87598988710269, 31.99342147542434], [34.87596303926613, 31.993451961761735], [34.87607179902779, 31.99352152248887], [34.87609885403118, 31.993490801293888], [34.87608529046105, 31.99348212692096], [34.87610430991505, 31.993460530127976], [34.87607503745268, 31.993441807794657], [34.87605581186856, 31.993463640322574], [34.87598988710269, 31.99342147542434]]]}}, {"type": "Feature", "properties": {"OBJECTID": 5244, "UNIQ_ID": 64964634, "PARENT": null, "FCODE": 201, "FTYPE": 11, "HI_PNT_X": null, "HI_PNT_Y": null, "HI_PNT_Z": null, "HEIGHT": 38.278400000000005, "HT_LAND": null, "FNAME": null, "LATIN_NAME": null, "BLDG_HT": null, "USG_ID": null, "CMPLX_ID": null, "CMLX_FCD": null, "ORIG_AREA": 27.92368132, "DATA_YEAR": 2014, "PRDCT_VER": "2015-07", "MUN_HEB": "יגל", "mzm_lamas": 798, "logic_num": 53, "mzm": 438, "mzm_num_ID": "798B438", "Label": "B438", "Col_Row": "628 - 1476", "BUILD_YEAR": null, "FTYPE_D": "בנין", "Shape_Length": 21.416151488660212, "Shape_Area": 27.923681322232976}, "geometry": {"type": "Polygon", "coordinates": [[[34.87632135653051, 31.99374301520104], [34.87635597464174, 31.99377078286238], [34.876401051530095, 31.993729966504894], [34.87636643342038, 31.993702198855665], [34.87632135653051, 31.99374301520104]]]}}, {"type": "Feature", "properties": {"OBJECTID": 5245, "UNIQ_ID": 64964635, "PARENT": null, "FCODE": 201, "FTYPE": 11, "HI_PNT_X": null, "HI_PNT_Y": null, "HI_PNT_Z": null, "HEIGHT": 37.9176, "HT_LAND": null, "FNAME": null, "LATIN_NAME": null, "BLDG_HT": null, "USG_ID": null, "CMPLX_ID": null, "CMLX_FCD": null, "ORIG_AREA": 167.36465826, "DATA_YEAR": 2014, "PRDCT_VER": "2015-07", "MUN_HEB": "יגל", "mzm_lamas": 798, "logic_num": 53, "mzm": 440, "mzm_num_ID": "798B440", "Label": "B440", "Col_Row": "627 - 1476", "BUILD_YEAR": null, "FTYPE_D": "בנין", "Shape_Length": 51.84483624666364, "Shape_Area": 167.36465826714658}, "geometry": {"type": "Polygon", "coordinates": [[[34.8757936909451, 31.99332376027204], [34.875891990889116, 31.993394641362176], [34.87598599745595, 31.9932999544933], [34.87588769859747, 31.99322907347788], [34.8757936909451, 31.99332376027204]]]}}, {"type": "Feature", "properties": {"OBJECTID": 5246, "UNIQ_ID": 65076835, "PARENT": null, "FCODE": 201, "FTYPE": 11, "HI_PNT_X": null, "HI_PNT_Y": null, "HI_PNT_Z": null, "HEIGHT": 37.521100000000004, "HT_LAND": null, "FNAME": null, "LATIN_NAME": null, "BLDG_HT": null, "USG_ID": null, "CMPLX_ID": null, "CMLX_FCD": null, "ORIG_AREA": 70.69219742, "DATA_YEAR": 2014, "PRDCT_VER": "2015-07", "MUN_HEB": "יגל", "mzm_lamas": 798, "logic_num": 56, "mzm": 527, "mzm_num_ID": "798B527", "Label": "B527", "Col_Row": "627 - 1476", "BUILD_YEAR": null, "FTYPE_D": "בנין", "Shape_Length": 40.418707404145906, "Shape_Area": 70.69219741922898}, "geometry": {"type": "Polygon", "coordinates": [[[34.87565413114423, 31.99351764555879], [34.87561478108426, 31.993560492021096], [34.875650074296615, 31.993584033065407], [34.87562570809164, 31.993610565036438], [34.87565318406973, 31.993628892337664], [34.87573710861038, 31.993537509901053], [34.875704309944695, 31.99351563285782], [34.87568674679926, 31.993534757009137], [34.87565413114423, 31.99351764555879]]]}}, {"type": "Feature", "properties": {"OBJECTID": 5247, "UNIQ_ID": 64964636, "PARENT": null, "FCODE": 201, "FTYPE": 11, "HI_PNT_X": null, "HI_PNT_Y": null, "HI_PNT_Z": null, "HEIGHT": 38.1227, "HT_LAND": null, "FNAME": null, "LATIN_NAME": null, "BLDG_HT": null, "USG_ID": null, "CMPLX_ID": null, "CMLX_FCD": null, "ORIG_AREA": 17.204943999999998, "DATA_YEAR": 2014, "PRDCT_VER": "2015-07", "MUN_HEB": "יגל", "mzm_lamas": 798, "logic_num": 56, "mzm": 442, "mzm_num_ID": "798B442", "Label": "B442", "Col_Row": "627 - 1476", "BUILD_YEAR": null, "FTYPE_D": "בנין", "Shape_Length": 16.945449590960674, "Shape_Area": 17.204944002011835}, "geometry": {"type": "Polygon", "coordinates": [[[34.87522792201816, 31.99361913981808], [34.87525152174374, 31.993596295215475], [34.87521103408446, 31.993565918439515], [34.875187434356754, 31.99358876303472], [34.87522792201816, 31.99361913981808]]]}}, {"type": "Feature", "properties": {"OBJECTID": 5248, "UNIQ_ID": 64964637, "PARENT": null, "FCODE": 201, "FTYPE": 11, "HI_PNT_X": null, "HI_PNT_Y": null, "HI_PNT_Z": null, "HEIGHT": 37.9669, "HT_LAND": null, "FNAME": null, "LATIN_NAME": null, "BLDG_HT": null, "USG_ID": null, "CMPLX_ID": null, "CMLX_FCD": null, "ORIG_AREA": 49.29455402, "DATA_YEAR": 2014, "PRDCT_VER": "2015-07", "MUN_HEB": "יגל", "mzm_lamas": 798, "logic_num": 16, "mzm": 529, "mzm_num_ID": "798B529", "Label": "B529", "Col_Row": "627 - 1475", "BUILD_YEAR": null, "FTYPE_D": "בנין", "Shape_Length": 32.12041283462088, "Shape_Area": 49.29455401454594}, "geometry": {"type": "Polygon", "coordinates": [[[34.875108154696825, 31.993914696494137], [34.875141052774694, 31.993939255010805], [34.87522421478482, 31.99385834539405], [34.875191317768255, 31.99383378780323], [34.875108154696825, 31.993914696494137]]]}}, {"type": "Feature", "properties": {"OBJECTID": 5264, "UNIQ_ID": 64964204, "PARENT": null, "FCODE": 201, "FTYPE": 11, "HI_PNT_X": null, "HI_PNT_Y": null, "HI_PNT_Z": null, "HEIGHT": 40.483000000000004, "HT_LAND": null, "FNAME": null, "LATIN_NAME": null, "BLDG_HT": null, "USG_ID": null, "CMPLX_ID": null, "CMLX_FCD": null, "ORIG_AREA": 114.19449866, "DATA_YEAR": 2014, "PRDCT_VER": "2015-07", "MUN_HEB": "יגל", "mzm_lamas": 798, "logic_num": 39, "mzm": 543, "mzm_num_ID": "798B543", "Label": "B543", "Col_Row": "634 - 1482", "BUILD_YEAR": null, "FTYPE_D": "בנין", "Shape_Length": 43.143286220009045, "Shape_Area": 114.19449865122458}, "geometry": {"type": "Polygon", "coordinates": [[[34.882561832646466, 31.988098082876967], [34.882633862633675, 31.9881555301351], [34.882722417865125, 31.98807487895661], [34.882650387884844, 31.988017431748013], [34.882561832646466, 31.988098082876967]]]}}, {"type": "Feature", "properties": {"OBJECTID": 5265, "UNIQ_ID": 65076034, "PARENT": null, "FCODE": 201, "FTYPE": 11, "HI_PNT_X": null, "HI_PNT_Y": null, "HI_PNT_Z": null, "HEIGHT": 40.5232, "HT_LAND": null, "FNAME": null, "LATIN_NAME": null, "BLDG_HT": null, "USG_ID": null, "CMPLX_ID": null, "CMLX_FCD": null, "ORIG_AREA": 85.31909365, "DATA_YEAR": 2014, "PRDCT_VER": "2015-07", "MUN_HEB": "יגל", "mzm_lamas": 798, "logic_num": 39, "mzm": 545, "mzm_num_ID": "798B545", "Label": "B545", "Col_Row": "634 - 1482", "BUILD_YEAR": null, "FTYPE_D": "בנין", "Shape_Length": 39.85715670458963, "Shape_Area": 85.31909364166985}, "geometry": {"type": "Polygon", "coordinates": [[[34.882545840679185, 31.988348575449777], [34.88258265538456, 31.988388754037857], [34.88261554104691, 31.98836686675276], [34.88263679502859, 31.988390064562413], [34.882695744615404, 31.988350830385034], [34.882637675903126, 31.988287454924954], [34.882545840679185, 31.988348575449777]]]}}, {"type": "Feature", "properties": {"OBJECTID": 5266, "UNIQ_ID": 64964205, "PARENT": null, "FCODE": 201, "FTYPE": 11, "HI_PNT_X": null, "HI_PNT_Y": null, "HI_PNT_Z": null, "HEIGHT": 40.6663, "HT_LAND": null, "FNAME": null, "LATIN_NAME": null, "BLDG_HT": null, "USG_ID": null, "CMPLX_ID": null, "CMLX_FCD": null, "ORIG_AREA": 125.70607638, "DATA_YEAR": 2014, "PRDCT_VER": "2015-07", "MUN_HEB": "יגל", "mzm_lamas": 798, "logic_num": 39, "mzm": 547, "mzm_num_ID": "798B547", "Label": "B547", "Col_Row": "634 - 1482", "BUILD_YEAR": null, "FTYPE_D": "בנין", "Shape_Length": 45.350434832741165, "Shape_Area": 125.70607637494042}, "geometry": {"type": "Polygon", "coordinates": [[[34.88279736465935, 31.988475195234795], [34.882869379050156, 31.988536936712972], [34.88296709573031, 31.98845415056078], [34.88289508028275, 31.988392408232777], [34.88279736465935, 31.988475195234795]]]}}, {"type": "Feature", "properties": {"OBJECTID": 5271, "UNIQ_ID": 64964210, "PARENT": null, "FCODE": 201, "FTYPE": 11, "HI_PNT_X": null, "HI_PNT_Y": null, "HI_PNT_Z": null, "HEIGHT": 40.582100000000004, "HT_LAND": null, "FNAME": null, "LATIN_NAME": null, "BLDG_HT": null, "USG_ID": null, "CMPLX_ID": null, "CMLX_FCD": null, "ORIG_AREA": 81.84916426, "DATA_YEAR": 2014, "PRDCT_VER": "2015-07", "MUN_HEB": "יגל", "mzm_lamas": 798, "logic_num": 12, "mzm": 557, "mzm_num_ID": "798B557", "Label": "B557", "Col_Row": "633 - 1481", "BUILD_YEAR": null, "FTYPE_D": "בנין", "Shape_Length": 40.41129397062738, "Shape_Area": 81.84916426502782}, "geometry": {"type": "Polygon", "coordinates": [[[34.881627574460424, 31.988855034380457], [34.881667755888806, 31.988889483608844], [34.88170734047661, 31.988855947851118], [34.881734149206494, 31.988878933580814], [34.881778804540566, 31.988841102771442], [34.88171181438114, 31.988783667848956], [34.881627574460424, 31.988855034380457]]]}}, {"type": "Feature", "properties": {"OBJECTID": 5272, "UNIQ_ID": 65076035, "PARENT": null, "FCODE": 201, "FTYPE": 11, "HI_PNT_X": null, "HI_PNT_Y": null, "HI_PNT_Z": null, "HEIGHT": 40.5646, "HT_LAND": null, "FNAME": null, "LATIN_NAME": null, "BLDG_HT": null, "USG_ID": null, "CMPLX_ID": null, "CMLX_FCD": null, "ORIG_AREA": 34.12326638, "DATA_YEAR": 2014, "PRDCT_VER": "2015-07", "MUN_HEB": "יגל", "mzm_lamas": 798, "logic_num": 12, "mzm": 462, "mzm_num_ID": "798B462", "Label": "B462", "Col_Row": "632 - 1481", "BUILD_YEAR": null, "FTYPE_D": "בנין", "Shape_Length": 24.031662070681897, "Shape_Area": 34.12326638360808}, "geometry": {"type": "Polygon", "coordinates": [[[34.88064816484017, 31.98936076338212], [34.88068333902985, 31.98938948540862], [34.88073759828054, 31.989341220338197], [34.88070242409211, 31.98931249832658], [34.88064816484017, 31.98936076338212]]]}}, {"type": "Feature", "properties": {"OBJECTID": 5273, "UNIQ_ID": 64964211, "PARENT": null, "FCODE": 201, "FTYPE": 11, "HI_PNT_X": null, "HI_PNT_Y": null, "HI_PNT_Z": null, "HEIGHT": 39.772800000000004, "HT_LAND": null, "FNAME": null, "LATIN_NAME": null, "BLDG_HT": null, "USG_ID": null, "CMPLX_ID": null, "CMLX_FCD": null, "ORIG_AREA": 316.15462952, "DATA_YEAR": 2014, "PRDCT_VER": "2015-07", "MUN_HEB": "יגל", "mzm_lamas": 798, "logic_num": 12, "mzm": 464, "mzm_num_ID": "798B464", "Label": "B464", "Col_Row": "632 - 1480", "BUILD_YEAR": null, "FTYPE_D": "בנין", "Shape_Length": 76.39105029756044, "Shape_Area": 316.1546295286343}, "geometry": {"type": "Polygon", "coordinates": [[[34.88114835967216, 31.989949002352144], [34.88107067763773, 31.990036064875387], [34.88129023241615, 31.99017835438274], [34.88134309227604, 31.99011911143691], [34.881367915423674, 31.99009129172915], [34.88114835967216, 31.989949002352144]]]}}, {"type": "Feature", "properties": {"OBJECTID": 5274, "UNIQ_ID": 64964212, "PARENT": null, "FCODE": 201, "FTYPE": 11, "HI_PNT_X": null, "HI_PNT_Y": null, "HI_PNT_Z": null, "HEIGHT": 39.365, "HT_LAND": null, "FNAME": null, "LATIN_NAME": null, "BLDG_HT": null, "USG_ID": null, "CMPLX_ID": null, "CMLX_FCD": null, "ORIG_AREA": 121.53938112, "DATA_YEAR": 2014, "PRDCT_VER": "2015-07", "MUN_HEB": "יגל", "mzm_lamas": 798, "logic_num": 12, "mzm": 466, "mzm_num_ID": "798B466", "Label": "B466", "Col_Row": "633 - 1480", "BUILD_YEAR": null, "FTYPE_D": "בנין", "Shape_Length": 44.187981903182674, "Shape_Area": 121.53938111171549}, "geometry": {"type": "Polygon", "coordinates": [[[34.88182644819752, 31.989830067194823], [34.88173022306411, 31.989762941129342], [34.881660907686346, 31.989835113050308], [34.881757132843646, 31.989902239167783], [34.88182644819752, 31.989830067194823]]]}}, {"type": "Feature", "properties": {"OBJECTID": 5389, "UNIQ_ID": 64965932, "PARENT": null, "FCODE": 201, "FTYPE": 11, "HI_PNT_X": null, "HI_PNT_Y": null, "HI_PNT_Z": null, "HEIGHT": 39.4125, "HT_LAND": null, "FNAME": null, "LATIN_NAME": null, "BLDG_HT": null, "USG_ID": null, "CMPLX_ID": null, "CMLX_FCD": null, "ORIG_AREA": 195.21420325, "DATA_YEAR": 2014, "PRDCT_VER": "2015-07", "MUN_HEB": "אחיעזר", "mzm_lamas": 797, "logic_num": 27, "mzm": 616, "mzm_num_ID": "797B616", "Label": "B616", "Col_Row": "617 - 1481", "BUILD_YEAR": 0, "FTYPE_D": "בנין", "Shape_Length": 62.63999570092232, "Shape_Area": 195.21420325276952}, "geometry": {"type": "Polygon", "coordinates": [[[34.86506442004638, 31.98865301341426], [34.86513847732801, 31.98870359521006], [34.865145468224455, 31.988696160487283], [34.865206242434134, 31.988737669754723], [34.865223293158145, 31.988719536758055], [34.86524902985522, 31.98873711587101], [34.8652994776838, 31.988683467079216], [34.86515496116327, 31.988584760746033], [34.86512030854209, 31.988609214316917], [34.86511138741701, 31.988600032645376], [34.86507824971481, 31.988623418009624], [34.86508968283519, 31.988635185559602], [34.86506442004638, 31.98865301341426]]]}}, {"type": "Feature", "properties": {"OBJECTID": 5390, "UNIQ_ID": 64965933, "PARENT": null, "FCODE": 201, "FTYPE": 11, "HI_PNT_X": null, "HI_PNT_Y": null, "HI_PNT_Z": null, "HEIGHT": 39.1261, "HT_LAND": null, "FNAME": null, "LATIN_NAME": null, "BLDG_HT": null, "USG_ID": null, "CMPLX_ID": null, "CMLX_FCD": null, "ORIG_AREA": 197.82856301, "DATA_YEAR": 2014, "PRDCT_VER": "2015-07", "MUN_HEB": "אחיעזר", "mzm_lamas": 797, "logic_num": 27, "mzm": 618, "mzm_num_ID": "797B618", "Label": "B618", "Col_Row": "617 - 1481", "BUILD_YEAR": 0, "FTYPE_D": "בנין", "Shape_Length": 63.945673907370725, "Shape_Area": 197.82856300085376}, "geometry": {"type": "Polygon", "coordinates": [[[34.86455528859082, 31.988544279535343], [34.864486963605096, 31.988620534371293], [34.86461994097314, 31.988707078596885], [34.864691875218845, 31.98862679417079], [34.8647239383978, 31.988587210531232], [34.864683945427224, 31.988563680922688], [34.86465306319349, 31.988601805889243], [34.86455528859082, 31.988544279535343]]]}}, {"type": "Feature", "properties": {"OBJECTID": 5391, "UNIQ_ID": 64966332, "PARENT": null, "FCODE": 201, "FTYPE": 11, "HI_PNT_X": null, "HI_PNT_Y": null, "HI_PNT_Z": null, "HEIGHT": 39.1486, "HT_LAND": null, "FNAME": null, "LATIN_NAME": null, "BLDG_HT": null, "USG_ID": null, "CMPLX_ID": null, "CMLX_FCD": null, "ORIG_AREA": 149.50072484, "DATA_YEAR": 2014, "PRDCT_VER": "2015-07", "MUN_HEB": "אחיעזר", "mzm_lamas": 797, "logic_num": 27, "mzm": 620, "mzm_num_ID": "797B620", "Label": "B620", "Col_Row": "617 - 1482", "BUILD_YEAR": 0, "FTYPE_D": "בנין", "Shape_Length": 53.49873958958067, "Shape_Area": 149.5007248359592}, "geometry": {"type": "Polygon", "coordinates": [[[34.864933789620814, 31.988352596838418], [34.86502789711261, 31.988265758593737], [34.86495512619631, 31.988208476159862], [34.864902917766116, 31.98825665247037], [34.86488153163844, 31.988239818092666], [34.864850081056595, 31.988268839679684], [34.86487334068388, 31.988292112546034], [34.86485416417496, 31.9883082423131], [34.86491947224762, 31.98836464001093], [34.864933789620814, 31.988352596838418]]]}}, {"type": "Feature", "properties": {"OBJECTID": 5396, "UNIQ_ID": 64966336, "PARENT": null, "FCODE": 201, "FTYPE": 11, "HI_PNT_X": null, "HI_PNT_Y": null, "HI_PNT_Z": null, "HEIGHT": 38.3295, "HT_LAND": null, "FNAME": null, "LATIN_NAME": null, "BLDG_HT": null, "USG_ID": null, "CMPLX_ID": null, "CMLX_FCD": null, "ORIG_AREA": 28.43039118, "DATA_YEAR": 2014, "PRDCT_VER": "2015-07", "MUN_HEB": "כפר חבד", "mzm_lamas": 696, "logic_num": 21, "mzm": 699, "mzm_num_ID": "696B699", "Label": "B699", "Col_Row": "614 - 1482", "BUILD_YEAR": null, "FTYPE_D": "בנין", "Shape_Length": 21.382105563977124, "Shape_Area": 28.430391174129475}, "geometry": {"type": "Polygon", "coordinates": [[[34.86178531349684, 31.987676625075828], [34.86182526989886, 31.98770570520045], [34.8618646105037, 31.987666442226406], [34.86182465410605, 31.98763736211402], [34.86178531349684, 31.987676625075828]]]}}, {"type": "Feature", "properties": {"OBJECTID": 5398, "UNIQ_ID": 64966338, "PARENT": null, "FCODE": 201, "FTYPE": 11, "HI_PNT_X": null, "HI_PNT_Y": null, "HI_PNT_Z": null, "HEIGHT": 38.179100000000005, "HT_LAND": null, "FNAME": null, "LATIN_NAME": null, "BLDG_HT": null, "USG_ID": null, "CMPLX_ID": null, "CMLX_FCD": null, "ORIG_AREA": 256.19344627, "DATA_YEAR": 2014, "PRDCT_VER": "2015-07", "MUN_HEB": "אחיעזר", "mzm_lamas": 797, "logic_num": 96, "mzm": 626, "mzm_num_ID": "797B626", "Label": "B626", "Col_Row": "615 - 1482", "BUILD_YEAR": 0, "FTYPE_D": "בנין", "Shape_Length": 64.02734807172774, "Shape_Area": 256.19344626090395}, "geometry": {"type": "Polygon", "coordinates": [[[34.86263435063799, 31.98769224662558], [34.86277135995516, 31.987779530499928], [34.86287175487552, 31.987665062362673], [34.86273474457325, 31.987577778592808], [34.86263435063799, 31.98769224662558]]]}}, {"type": "Feature", "properties": {"OBJECTID": 5404, "UNIQ_ID": 64966343, "PARENT": null, "FCODE": 201, "FTYPE": 11, "HI_PNT_X": null, "HI_PNT_Y": null, "HI_PNT_Z": null, "HEIGHT": 39.7978, "HT_LAND": null, "FNAME": null, "LATIN_NAME": null, "BLDG_HT": null, "USG_ID": null, "CMPLX_ID": null, "CMLX_FCD": null, "ORIG_AREA": 65.43268173, "DATA_YEAR": 2014, "PRDCT_VER": "2015-07", "MUN_HEB": "יגל", "mzm_lamas": 798, "logic_num": 7986001, "mzm": 559, "mzm_num_ID": "798B559", "Label": "B559", "Col_Row": "634 - 1480", "BUILD_YEAR": null, "FTYPE_D": "בנין", "Shape_Length": 35.40492812756541, "Shape_Area": 65.43268172338844}, "geometry": {"type": "Polygon", "coordinates": [[[34.88260576303598, 31.990247593670166], [34.88271979505366, 31.99030371529935], [34.88274761838684, 31.990262654514066], [34.882633586405724, 31.990206532007942], [34.88260576303598, 31.990247593670166]]]}}, {"type": "Feature", "properties": {"OBJECTID": 5405, "UNIQ_ID": 64966344, "PARENT": null, "FCODE": 201, "FTYPE": 11, "HI_PNT_X": null, "HI_PNT_Y": null, "HI_PNT_Z": null, "HEIGHT": 37.8741, "HT_LAND": null, "FNAME": null, "LATIN_NAME": null, "BLDG_HT": null, "USG_ID": null, "CMPLX_ID": null, "CMLX_FCD": null, "ORIG_AREA": 8.40636813, "DATA_YEAR": 2014, "PRDCT_VER": "2015-07", "MUN_HEB": "אחיעזר", "mzm_lamas": 797, "logic_num": 27, "mzm": 632, "mzm_num_ID": "797B632", "Label": "B632", "Col_Row": "620 - 1478", "BUILD_YEAR": null, "FTYPE_D": "בנין", "Shape_Length": 11.59847601612808, "Shape_Area": 8.406368120969123}, "geometry": {"type": "Polygon", "coordinates": [[[34.86788647052551, 31.991324888135903], [34.86791227799948, 31.991339649659047], [34.867929154475874, 31.991318220652573], [34.86790334700846, 31.991303458231044], [34.86788647052551, 31.991324888135903]]]}}]}